Country Code,Country Name,Region,IncomeGroup,SpecialNotes,population_total,population_total_year,gdp_pc_ppp,gdp_pc_ppp_year,gdp_growth,gdp_growth_year,trade_gdp,trade_gdp_year,services_share,services_share_year,urban_share,urban_share_year,internet_users,internet_users_year,tertiary_enrollment,tertiary_enrollment_year,gov_effectiveness,gov_effectiveness_year,rule_of_law,rule_of_law_year,reg_quality,reg_quality_year,pol_stability,pol_stability_year,price_level_index,price_level_index_year,cohort_1519,cohort_1519_year,cohort_2024,cohort_2024_year,cohort_2529,cohort_2529_year,student_pool,student_pool_year,student_pool_2026,student_pool_2035,student_pool_2050,population_total_2026,population_total_2035,population_total_2050,student_pool_growth_2026_2035_pct,student_pool_growth_2026_2050_pct,student_share_2026_pct,student_share_2050_pct,is_unfriendly,has_existing_mgimo_branch,is_domestic_russia,is_non_sovereign_or_special,eligible,eligibility_reason,data_coverage_pct,demo_score,education_score,economy_score,operations_score,target_tuition_usd,price_level_multiplier,compact_capex_usd_mn,compact_opex_usd_mn,compact_breakeven_students,compact_capex_rub_mn,compact_opex_rub_mn,standard_capex_usd_mn,standard_opex_usd_mn,standard_breakeven_students,standard_capex_rub_mn,standard_opex_rub_mn,campus_capex_usd_mn,campus_opex_usd_mn,campus_breakeven_students,campus_capex_rub_mn,campus_opex_rub_mn,finance_score
ARE,United Arab Emirates,Middle East & North Africa,High income,,10986400.0,2024,69701.80479835454,2024.0,3.991807054853979,2024.0,199.0449792375464,2023.0,54.9012947560482,2024.0,85.8171088279791,2024,100.0,2024.0,63.7384451086316,2024.0,11.229973316192613,2023.0,6.173300921916961,2023.0,7.29673993587497,2023.0,4.742716610431675,2023.0,63.45362403544152,2024.0,500917.98690302833,2024,916131.2002426016,2024,1450958.9761033885,2024,2069980.7263921543,2024,2149474.4100077306,2546708.1444229707,2927947.392894231,11632009.361755392,15040135.711455952,18594201.30443822,18.480505400099712,36.216899315572704,18.47896045437288,15.746561763829908,False,False,False,False,True,,100.0,75.97868869887083,85.98690883916137,82.56497396952359,88.99322751195908,12546.324863703816,0.6345362403544152,2.592165232637948,0.8259021802658114,66.0,190.11872995650452,60.57463914854356,6.105413081594868,1.5652579845670644,125.0,447.7929748912613,114.80165551689294,17.414434884252984,4.055413081594868,323.0,1277.2373463766971,297.43859489126135,60.1118940699569
SAU,Saudi Arabia,Middle East & North Africa,High income,,35300280.0,2024,62792.77414763707,2024.0,1.996501734361587,2024.0,54.67870526687325,2024.0,47.07456035542807,2024.0,84.4554020211443,2024,100.0,2024.0,83.884129573915,2024.0,5.575087547302245,2023.0,2.901995867490769,2023.0,3.619496226310727,2023.0,-1.492571711540224,2023.0,49.20697643511707,2024.0,2531669.6602893127,2024,2687994.286769106,2024,3563746.9613806587,2024,6823350.079679715,2024,7017385.782960276,7961135.164149521,8830309.07797864,37058758.18065563,46120931.11135688,55234260.72734543,13.448731627109222,25.834738905484333,18.935836297459357,15.98701414972849,False,False,False,False,True,,100.0,86.5369347529382,96.961810962847,53.401912614264845,66.69799456477176,11302.699346574673,0.4920697643511707,2.3357255758321074,0.7190523232633781,64.0,171.31052234359973,52.737885976499896,5.4643139395802685,1.3373116229618731,118.0,400.77245585899936,98.08324874986644,15.704837172214049,3.4143139395802686,302.0,1151.8492956239982,250.41807585899937,75.00431804518047
MYS,Malaysia,East Asia & Pacific,Upper middle income,,35557673.0,2024,34116.23178488853,2024.0,5.105459210240412,2024.0,137.3625711615591,2024.0,53.72030050186682,2024.0,76.9170296648992,2024,98.0206059,2024.0,38.5013945445142,2024.0,6.127587676048279,2023.0,4.003408133983616,2023.0,4.626259922981263,2023.0,1.17960289120674,2023.0,30.620543847812748,2024.0,2808157.9602164226,2024,3112088.956607882,2024,3150632.4573924807,2024,7338031.522650921,2024,7370573.29315381,7518806.388115466,7642222.832983172,36413236.09640237,40525280.63087257,44244006.99341678,2.011147424574733,3.685595801369801,20.24146734346971,17.272899432730597,False,False,False,False,True,,100.0,80.30363826923974,68.49773994983515,75.43889237842421,73.5116261292548,6140.921721279935,0.3062054384781275,2.0011697892606297,0.5796540788585955,94.0,146.77299655561592,42.513916898173285,4.627924473151573,1.039928701565004,169.0,339.4286413890397,76.27211471610303,13.474465261737532,2.5779244731515734,420.0,988.2657903707728,189.0742613890397,93.82288514152084
TUR,Türkiye,Europe & Central Asia,Upper middle income,,85518661.0,2024,36154.49043655701,2024.0,3.327623089379898,2024.0,54.59880611959156,2024.0,57.52127735801306,2024.0,89.3443122873887,2024,89.77024003,2025.0,105.88606262207,2023.0,-1.735381111502647,2023.0,-3.583810329437255,2023.0,-1.606571525335315,2023.0,-7.07756268978122,2023.0,35.22092896754028,2024.0,6141428.975020183,2024,6422570.953289445,2024,6730521.039463475,2024,15592734.396068191,2024,15479225.709568392,14978575.59081826,14582115.941243902,86805775.38836305,92841767.23930928,98098116.3401194,-3.234335671200006,-5.7955726284806826,17.832022858289562,14.864827669764566,False,False,False,False,True,,100.0,84.19870439879409,95.59385725113412,56.33237949978931,32.22201765794586,6507.808278580261,0.3522092896754028,2.083976721415725,0.6141569672565521,94.0,152.84635506482638,45.04448294367765,4.834941803539313,1.1135348634806446,171.0,354.6120376620659,81.670655613179,14.026511476104837,2.7849418035393128,428.0,1028.7548470988424,204.25765766206592,87.72505168706981
THA,Thailand,East Asia & Pacific,Upper middle income,Fiscal year end: September 30; reporting period for national accounts data: CY.,71668011.0,2024,21740.540321926088,2024.0,2.541820677352888,2024.0,136.7471070224512,2024.0,59.1528957274226,2024.0,61.8689338391321,2024,90.86718789,2024.0,49.0776442074561,2025.0,1.2019406855106352,2023.0,1.7141092419624324,2023.0,1.107804477214813,2023.0,-1.962120175361633,2023.0,29.728879259959427,2024.0,4291598.500000002,2024,4644010.5,2024,5071495.499999999,2024,11217781.975,2024,10995029.23694813,10046126.89730656,9334529.14019037,71878630.64588538,72834105.16647708,73624568.84322481,-8.630284824098899,-15.102279957362462,15.296659296579868,12.678551856877007,False,False,False,False,True,,100.0,79.06806548986802,67.57380167536587,62.0750538086685,53.75709426405598,3913.297257946696,0.2972887925995943,1.9851198266792696,0.5729665944496957,146.0,145.5958345200337,42.023432716680695,4.587799566698174,1.025662068159351,262.0,336.48573630008417,75.22574846225217,13.367465511195132,2.5377995666981743,649.0,980.4180434668912,186.1313563000842,79.70318760463894
CHN,China,East Asia & Pacific,Upper middle income,"On 1 July 1997 China resumed its exercise of sovereignty over Hong Kong, and on 20 December 1999, China resumed its exercise of sovereignty over Macao. Unless otherwise noted, data for China do not include data for Hong Kong SAR, China; Macao SAR, China; or Taiwan, China.

The World Bank systematically assesses the appropriateness of official exchange rates as conversion factors. In this country, multiple or dual exchange rate activity exists and must be accounted for appropriately in underlying statistics. An alternative estimate (“alternative conversion factor” - PA.NUS.ATLS) is thus calculated as a weighted average of the different exchange rates in use in the country. Doing so better reflects economic reality and leads to more accurate cross-country comparisons and country classifications by income level. For this country, this applies to the period 1978-1993. Alternative conversion factors are used in the Atlas methodology and elsewhere in World Development Indicators as single-year conversion factors.",1408975000.0,2024,23845.619721725907,2024.0,4.9773565917572,2024.0,37.19842013880647,2024.0,56.74834174178266,2024.0,65.8946980998325,2024,91.6,2025.0,76.8757843123403,2024.0,4.753098189830781,2023.0,-0.2809097953140738,2023.0,-2.495554655790329,2023.0,-3.5916793346405025,2023.0,49.08028713281475,2024.0,82516124.90194999,2024,78840327.23820603,2024,83853836.42073934,2024,199090678.52948877,2024,194194459.52415377,173609474.5546623,158488492.04793045,1413112798.7664812,1431883786.1183715,1447412878.6472657,-10.600191694413985,-18.38670761447869,13.742318355170788,10.949777660956828,False,False,False,False,True,,100.0,80.63728386917245,85.3761067227097,54.33066431129144,50.28081165567356,4292.211549910663,0.4908028713281475,2.3334451683906656,0.7181021534961106,167.0,171.1432690523776,52.66819710515733,5.458612920976664,1.3352845941250362,311.0,400.35432263094407,97.934579157669,15.689634455937773,3.408612920976664,794.0,1150.7342736825174,249.999942630944,50.92422005891512
CHL,Chile,Latin America & Caribbean,High income,,19764771.0,2024,30182.78712247137,2024.0,2.644311548715379,2024.0,63.85985724806601,2024.0,56.077469183556886,2024.0,88.9950908479196,2024,95.590243,2024.0,110.176902770996,2024.0,5.02289032936096,2023.0,4.3756563067436245,2023.0,6.480122029781343,2023.0,0.95311959087849,2023.0,46.18395584786256,2024.0,1214115.4685083523,2024,1328579.465724862,2024,1544435.9602583442,2024,3237691.11634947,2024,3185687.914405413,2961818.1644386263,2791140.4070915743,20033623.74120425,21289442.063495755,22376401.440269083,-7.02735974087314,-12.385001855634648,15.901705829950446,12.473589261178406,False,False,False,False,True,,100.0,65.56568061358033,98.2272090869306,52.25342066505725,74.43969363001621,5432.901682044847,0.4618395584786256,2.281311205261526,0.6963796688589692,128.0,167.31957651421925,51.074991880924685,5.328278013153815,1.2889432935658012,237.0,390.7950912855481,94.5357413459727,15.342074701743508,3.278278013153815,603.0,1125.242990094795,240.44071128554813,63.59449872919801
ARG,Argentina,Latin America & Caribbean,Upper middle income,"The World Bank systematically assesses the appropriateness of official exchange rates as conversion factors. In this country, multiple or dual exchange rate activity exists and must be accounted for appropriately in underlying statistics. An alternative estimate (“alternative conversion factor” - PA.NUS.ATLS) is thus calculated as a weighted average of the different exchange rates in use in the country. Doing so better reflects economic reality and leads to more accurate cross-country comparisons and country classifications by income level. For this country, this applies to the period 1971-2018. Alternative conversion factors are used in the Atlas methodology and elsewhere in World Development Indicators as single-year conversion factors.",45696159.0,2024,26771.96576505708,2024.0,-1.342930721577389,2024.0,27.929760849367003,2024.0,53.651404605042416,2024.0,92.2742315972952,2024,89.66715228,2024.0,107.822574129434,2023.0,-2.642621397972108,2023.0,-2.8757857382297543,2023.0,-3.3777477443218253,2023.0,-0.8926253616809829,2023.0,45.906131922592486,2024.0,3555334.002709577,2024,3465155.5022420487,2024,3490723.002024179,2024,8591314.855862506,2024,8613236.767870747,8712579.653138397,8794630.52619649,46089170.6279269,47899973.81217037,49434514.06734821,1.1533746017318602,2.105988297017225,18.688200830091983,17.79046622004806,False,False,False,False,True,,100.0,81.62009932884526,96.4616608399042,34.078401154944096,36.21390600846972,4818.9538377102745,0.4590613192259248,2.276310374606665,0.6942959894194436,144.0,166.95279759100137,50.9221673295839,5.315775936516662,1.28449811076148,267.0,389.8781439775034,94.20971563644568,15.3087358307111,3.265775936516662,678.0,1122.7977972733424,239.52376397750345,59.75791343701488
VNM,Viet Nam,East Asia & Pacific,Lower middle income,,100987686.0,2024,14415.215953281288,2024.0,7.091187466339747,2024.0,173.86202478296536,2024.0,42.35960253246238,2024.0,38.4900703430176,2024,84.15,2024.0,37.5923642016718,2024.0,0.8852683007717149,2023.0,-0.5983031317591665,2023.0,-2.678254097700118,2023.0,-0.2546651400625702,2023.0,28.789407706409914,2024.0,7311008.962661656,2024,6471030.967152298,2024,6708628.466036053,2024,16800922.73953018,2024,16544428.68978428,15437808.701848531,14591208.409059668,102552588.63909228,109900218.45694973,116310789.0039854,-6.6887772837937565,-11.805909514002554,16.13262903387859,12.545017133844476,False,False,False,False,True,,100.0,82.49867201904091,50.40388394961495,65.40037359759106,46.87465671483727,3000.0,0.2878940770640991,1.9682093387153785,0.5659205577980744,189.0,144.35555845500522,41.506651022918845,4.545523346788446,1.0106305233025588,337.0,333.38504613751303,74.12328084889354,13.25472892476919,2.4955233467884463,832.0,972.1495363667016,183.0306661375131,72.13293069531694
PHL,Philippines,East Asia & Pacific,Lower middle income,,115843670.0,2024,10375.940417993756,2024.0,5.692016128234116,2024.0,65.88547252869684,2024.0,63.22349522199786,2024.0,55.4520983215477,2024,67.26300914,2024.0,47.4134996154186,2024.0,1.0786433666944528,2023.0,-2.92702981829643,2023.0,1.14978474378586,2023.0,-3.962353289127353,2023.0,33.786544563018175,2024.0,11295678.549508087,2024,10745529.046776118,2024,10243621.044587836,2024,26650837.06634873,2024,27036270.04302288,28840874.32137284,30408497.3922274,117968974.66917704,128025812.60263912,136905796.11124694,6.6747531204500055,12.47297553929696,22.918119038366893,22.21125639378924,False,False,False,False,True,,100.0,89.36598936265615,53.47407274504732,53.7925598957116,45.167961887244765,3000.0,0.3378654456301817,2.0581578021343274,0.6033990842226362,201.0,150.95270257661926,44.25546107359134,4.770394505335817,1.0905847130082909,364.0,349.877906441548,79.98740895699487,13.854385347562182,2.7203945053358174,907.0,1016.1304971774616,199.52352644154803,63.18747451081971
BRA,Brazil,Latin America & Caribbean,Upper middle income,,211998573.0,2024,19652.365499170355,2024.0,3.4193151659773946,2024.0,35.58452393853885,2024.0,59.17075271742485,2024.0,87.8958549533146,2024,84.46347227,2024.0,69.7317733764648,2024.0,-3.827350199222564,2023.0,-2.161619901657104,2023.0,-2.07534748315811,2023.0,-2.859974503517152,2023.0,46.15600731879536,2024.0,14876748.466104534,2024,15730568.463973604,2024,16371790.96225415,2024,37974622.8630925,2024,37393225.67482868,34885142.84744466,32966739.76113828,213951130.48660004,222962590.3686717,230618970.02940136,-6.70731872450453,-11.837668010198154,17.47746113319586,14.294895063027724,False,False,False,False,True,,100.0,82.4896890829937,84.73159120636493,46.911670513784536,34.72691829481234,3537.425789850664,0.4615600731879536,2.2808081317383166,0.6961700548909652,197.0,167.2826792909624,51.05961803790099,5.327020329345791,1.288496117100726,364.0,390.7028482274059,94.5029438141888,15.338720878255444,3.277020329345791,926.0,1124.997008606416,240.34846822740596,48.68422195524485
IDN,Indonesia,East Asia & Pacific,Upper middle income,Fiscal year end: March 31; reporting period for national accounts data: CY. Data for Indonesia include Timor-Leste through 1999 unless otherwise noted.,283487931.0,2024,14470.43720205784,2024.0,5.030344694190376,2024.0,42.572647301834,2024.0,43.77191678887955,2024.0,58.7509635387997,2024,72.78075544,2024.0,44.8813034886441,2023.0,4.06228464841843,2023.0,-1.075231239199635,2023.0,2.1096512973308568,2023.0,-2.830627202987668,2023.0,29.94496585457692,2024.0,23336934.04202196,2024,21930224.03946228,2024,22033704.039581034,2024,55182324.8992957,2024,55540004.50577425,57178470.7727367,58554548.041807726,287794756.9347515,307999664.0627884,325605280.4379098,2.9500650594871614,5.427697680002996,19.298476837215706,17.983291905787624,False,False,False,False,True,,100.0,87.37322244903947,55.630492699597525,41.983762630088655,55.264270909308976,3000.0,0.2994496585457691,1.9890093853823845,0.5745872439093269,192.0,145.88110875773145,42.1422969823881,4.597523463455961,1.0291194536732309,343.0,337.19892189432863,75.47932556242796,13.39339590254923,2.547523463455961,849.0,982.3198717182096,186.8445418943286,70.04821011442533
ISR,Israel,Middle East & North Africa,High income,,9974400.0,2024,47338.84246242046,2024.0,0.8719684243774424,2024.0,54.452000296972734,2024.0,72.5367368776929,2024.0,91.536188843818,2024,88.18242225,2024.0,56.2561111450195,2024.0,8.0175883769989,2023.0,5.486925065517426,2023.0,7.85258543491366,2023.0,-10.253938794136031,2023.0,94.6552801717158,2024.0,793674.9502957321,2024,749217.9365530345,2024,683029.7003490243,2024,1850256.252005828,2024,1917135.4096135097,2249297.374281174,2565133.3895271425,10307900.992147366,11952143.506165791,13498166.017502207,17.325952199413376,33.80032399715927,18.59869832931067,19.003569716071787,False,False,False,False,True,,100.0,73.91968480205907,79.77044977790152,57.65395926531793,70.2814119234159,8520.991643235684,0.9465528017171578,3.1537950430908843,1.0599146012878684,124.0,231.31068212244057,77.7379525510169,7.50948760772721,2.064484482747453,242.0,550.7728553061014,151.41672410883606,21.15863362060589,5.45948760772721,641.0,1551.8503608162705,400.41847530610136,24.51408735154071
COL,Colombia,Latin America & Caribbean,Upper middle income,,52886363.0,2024,18477.214666453576,2024.0,1.598331536652296,2024.0,37.025468707788754,2024.0,58.14297191767456,2024.0,78.5210811866115,2024,79.34543299,2024.0,59.2901382446289,2022.0,-0.5311454385519029,2023.0,-3.207910537719727,2023.0,0.707239881157873,2023.0,-5.021192610263824,2023.0,35.433595336822144,2024.0,3973501.461197903,2024,4356728.4577847645,2024,4597764.455818787,2024,10399223.924101122,2024,10395020.269001603,10376124.83916181,10360714.03564149,53980007.19669121,59188114.13177559,63831950.23985038,-0.1817738623958287,-0.3300256514402022,19.25716725291356,16.231235293157752,False,False,False,False,True,,100.0,83.04331952465361,73.3033885906602,38.53641832540239,40.27044167070464,3325.8986399616438,0.3543359533682214,2.0878047160627986,0.615751965026166,185.0,153.12711397302346,45.16146582209311,4.8445117901569965,1.1169375253891545,336.0,355.31393493255865,81.92021908713198,14.052031440418656,2.7945117901569967,840.0,1030.6265731534895,204.9595549325587,63.9662402045914
KWT,Kuwait,Middle East & North Africa,High income,,4897263.0,2024,46137.46742548454,2024.0,-2.5601109996751745,2024.0,96.07978815819996,2023.0,55.8544139729526,2024.0,100.0,2024,100.0,2025.0,51.8967176944636,2021.0,0.0527818948030471,2023.0,2.391679406166077,2023.0,2.246450781822205,2023.0,2.857254356145861,2023.0,62.38648869100397,2024.0,281429.6758922721,2024,238777.0572932683,2024,425066.79949984,2024,711486.7929604684,2024,753448.2681160613,975086.449692053,1206414.0875228366,5124877.954526888,6287369.3828800665,7440618.094019365,29.41650952761239,60.119033857411466,14.701779726296277,16.213896107536154,False,False,False,False,True,,100.0,68.19199465505,81.69907855225836,52.29801174399752,59.75720261258114,8304.744136587216,0.6238648869100397,2.5729567964380715,0.8178986651825297,98.0,188.7099140952353,59.987632539681385,6.057391991095178,1.5481838190560635,186.0,444.2709352380882,113.54937475132031,17.286378642920475,4.0073919910951785,483.0,1267.845240634902,293.91655523808834,54.84680169635948
PER,Peru,Latin America & Caribbean,Upper middle income,"The World Bank systematically assesses the appropriateness of official exchange rates as conversion factors. In this country, multiple or dual exchange rate activity exists and must be accounted for appropriately in underlying statistics. An alternative estimate (“alternative conversion factor” - PA.NUS.ATLS) is thus calculated as a weighted average of the different exchange rates in use in the country. Doing so better reflects economic reality and leads to more accurate cross-country comparisons and country classifications by income level. For this country, this applies to the period 1988-2009. Alternative conversion factors are used in the Atlas methodology and elsewhere in World Development Indicators as single-year conversion factors.",34217848.0,2024,15661.749771195591,2024.0,3.303940981715158,2024.0,51.47588786726472,2024.0,51.29361055076753,2024.0,85.1912729600355,2024,81.95705992,2024.0,71.2404708862305,2017.0,-3.443109512329102,2023.0,-3.766928672790528,2023.0,2.045436292886736,2023.0,-3.6524989008903503,2023.0,47.47878379171889,2024.0,2895466.541480362,2024,2792189.0403803373,2024,2766615.0407002144,2024,6932632.350175795,2024,6999950.757457024,7311065.160617269,7575956.458625974,34875954.19270396,37997622.57433452,40764260.14462391,4.444522739375212,8.228710759934032,20.07099424084405,18.584800586955115,False,False,False,False,True,,100.0,81.10989451324704,83.5836948337032,41.59102320861478,38.01456733676278,3000.0,0.4747878379171888,2.3046181082509403,0.7060908784378916,235.0,169.02898868431365,51.78724695179734,5.38654527062735,1.3096605406675024,437.0,395.068621710784,96.05521883050102,15.497454055006267,3.33654527062735,1112.0,1136.6390712287575,244.71424171078408,40.83901288378578
DOM,Dominican Republic,Latin America & Caribbean,Upper middle income,,11427557.0,2024,24229.889487291515,2024.0,4.953522044928491,2024.0,51.783514395232565,2024.0,59.81219256352568,2024.0,72.4121874752151,2024,91.0022446,2024.0,57.6509476207267,2024.0,0.8962408900260901,2023.0,-0.9001459777355219,2023.0,1.198308363556864,2023.0,1.6730981022119489,2023.0,39.488036835535816,2024.0,973023.000012872,2024,968001.5000113404,2024,921280.0000089057,2024,2355600.50002822,2024,2357488.299452207,2366002.1365041905,2372981.729615453,11626105.497700376,12563138.408321992,13387151.021399356,0.3611401614999288,0.6572007236195443,20.27754091788101,17.72581579024725,False,False,False,False,True,,100.0,66.15171858928215,75.93065228078096,57.95502853465949,54.01642634077066,4361.380107712473,0.3948803683553581,2.160784663039645,0.6461602762665186,148.0,158.4797260121145,47.39172083838103,5.026961657599112,1.1818085893685732,271.0,368.6954650302862,86.67809645521288,14.5385644202643,2.976961657599112,683.0,1066.3106534140966,218.3410850302862,66.61207693329028
MEX,Mexico,Latin America & Caribbean,Upper middle income,,130861007.0,2024,22039.628701901565,2024.0,1.427427690804663,2024.0,74.58890798251433,2024.0,58.10376044985082,2024.0,79.7538805976118,2024,83.12233799,2024.0,48.203441619873,2024.0,-1.388530090451238,2023.0,-5.644757449626924,2023.0,-1.203918159008026,2023.0,-4.415327191352848,2023.0,54.174481987240775,2024.0,11145825.999999994,2024,11082745.499999998,2024,10597218.0,2024,26997319.599999998,2024,27115174.42467111,27651920.42215163,28098674.74115548,132854477.29291733,142207634.34539518,150358954.4170305,1.9795041295849192,3.6271214821672615,20.40968055964544,18.68772954035178,False,False,False,False,True,,100.0,86.8639268975859,69.00860000046859,46.2868166242954,33.6424044655767,3967.1331663422816,0.5417448198724077,2.425140675770334,0.7563086149043058,191.0,177.86854766742908,55.47039652809544,5.687851689425835,1.4167917117958524,357.0,417.1675191685727,103.91260459327027,16.300937838468894,3.637851689425835,917.0,1195.569464449527,266.81313916857266,40.6258137519687
IND,India,South Asia,Lower middle income,"The reporting period for national accounts data is designated as either calendar year basis (CY) or fiscal year basis (FY). For this country, it is fiscal year-based (fiscal year-end: March 31). Also, an estimate (PA.NUS.ATLS) of the exchange rate covers the same period and thus differs from the official exchange rate (CY).",1450935791.0,2024,9818.042706866394,2024.0,6.494765523838211,2024.0,44.64929350696764,2024.0,49.87444022550503,2024.0,35.3788972368389,2024,70.0,2025.0,34.4465039692543,2025.0,3.32577100396156,2023.0,1.318551957607269,2023.0,-0.9587870687246322,2023.0,-4.445538580417634,2023.0,24.14642718807555,2024.0,127376533.0,2024,129990293.49999996,2024,124470049.0,2024,313378348.54999995,2024,315419887.7026989,324772655.4347876,332628737.20734257,1475383012.4145446,1590594258.9431825,1691685977.7825603,2.965180096983677,5.455854299480323,21.378847733003045,19.66255803830377,False,False,False,False,True,,100.0,87.38118658910808,40.92978766668742,44.715537828434606,51.14790610250862,3000.0,0.25,1.9,0.5375,179.0,139.35284,39.422185,4.375,0.95,317.0,320.87825,69.67642,12.8,2.325,775.0,938.79808,170.52387,75.11538786306906
IRN,"Iran, Islamic Rep.",Middle East & North Africa,Upper middle income,"The reporting period for national accounts data is designated as either calendar year basis (CY) or fiscal year basis (FY). For this country, it is fiscal year-based (fiscal year-end: March 20). Also, the World Bank systematically assesses the appropriateness of official exchange rates as conversion factors. In this country, multiple or dual exchange rate activity exists and must be accounted for appropriately in underlying statistics. An alternative estimate (“alternative conversion factor” - PA.NUS.ATLS) is thus calculated as a weighted average of the different exchange rates in use in the country. Doing so better reflects economic reality and leads to more accurate cross-country comparisons and country classifications by income level. For this country, this applies to 1972-2024. Alternative conversion factors are used in the Atlas methodology and elsewhere in World Development Indicators as single-year conversion factors.",91567738.0,2024,17484.13201404669,2024.0,3.6631205683071775,2024.0,52.06213067943476,2024.0,49.78746557069355,2024.0,77.0201263427734,2024,85.3404007,2024.0,58.6838607788086,2022.0,-7.156778454780568,2023.0,-7.426684498786912,2023.0,-11.81231474876404,2023.0,-11.858706831932102,2023.0,26.115524502609315,2024.0,6355553.034364155,2024,5822122.531588173,2024,6166355.533654347,2024,14952535.556096785,2024,14674754.809641024,13487234.170568764,12591716.44320991,93329586.28238824,101686941.9588746,109094057.64327572,-8.092269032611588,-14.19470644281292,15.723582836036018,11.542073615396442,False,False,False,False,True,,100.0,81.78291324849778,75.30569021012462,43.81107885151768,4.743092308476911,3147.143762528404,0.2611552450260931,1.920079441046968,0.5458664337695698,173.0,140.82553849237237,40.03580937182181,4.425198602617419,0.9678483920417492,308.0,324.5599962309309,70.98548532655323,12.93386294031312,2.375198602617419,755.0,948.6160699491492,174.20561623093093,76.11853934908117
JOR,Jordan,Middle East & North Africa,Lower middle income,,11552876.0,2024,9520.250644974538,2024.0,2.488894096036475,2024.0,99.67944773657244,2024.0,60.39207615510124,2024.0,92.9501393764286,2024,95.62244985,2024.0,35.9184001120427,2024.0,2.703494578599927,2023.0,1.8043768703937548,2023.0,1.5239382088184383,2023.0,-1.41913941502571,2023.0,42.67522779440296,2024.0,1136137.497057208,2024,995936.498060072,2024,978626.0002302956,2024,2572455.6952209133,2024,2653134.4949587034,3048669.8586884253,3417399.32384094,12012363.678580891,14316969.274492333,16541276.958310112,14.908228907403288,28.806109540787997,22.08669805501708,20.659827729467317,False,False,False,False,True,,100.0,76.16784117118613,71.86797770890668,44.913960878299264,57.597071590046895,3000.0,0.4267522779440296,2.218154100299253,0.6700642084580222,223.0,162.68740707070833,49.14492127946179,5.170385250748133,1.2328036447104471,411.0,379.2146676767707,90.41825739618515,14.921027335328356,3.120385250748133,1040.0,1094.3618604713888,228.86028767677075,48.40001758006578
EGY,"Egypt, Arab Rep.",Middle East & North Africa,Lower middle income,"The reporting period for national accounts data is designated as either calendar year basis (CY) or fiscal year basis (FY). For this country, it is fiscal year-based (fiscal year-end: June 30) for the years 1980 and after. The data from 1973 to 1979 refer to the calendar year data. Also, an estimate (PA.NUS.ATLS) of the exchange rate covers the same period and thus differs from the official exchange rate (CY). 

In addition, the World Bank systematically assesses the appropriateness of official exchange rates as conversion factors. In this country, multiple or dual exchange rate activity exists and must be accounted for appropriately in underlying statistics. An alternative estimate (“alternative conversion factor” - PA.NUS.ATLS) is thus calculated as a weighted average of the different exchange rates in use in the country. Doing so better reflects economic reality and leads to more accurate cross-country comparisons and country classifications by income level. For this country, this applies to the period 1965-2021. Alternative conversion factors are used in the Atlas methodology and elsewhere in World Development Indicators as single-year conversion factors.

The national accounts data for Egypt has been updated to reflect local constant prices in the year 2022, moving from the previous reference of 2017.",116538258.0,2024,16798.151577864,2024.0,2.3991692678251013,2024.0,39.60075208737333,2024.0,48.932455490468,2024.0,42.8004363938404,2024,74.64839935,2024.0,38.0398346509947,2025.0,-1.676618814468381,2023.0,-1.289248988032341,2023.0,-4.658194065093995,2023.0,-6.067350149154664,2023.0,17.484279729091078,2024.0,10751924.546689492,2024,9752663.042294152,2024,8959700.038933335,2024,24536452.606503643,2024,25158826.93988241,28160745.57479989,30890333.727558155,119999398.65477546,136891516.3680526,152530603.2697329,11.931870440901848,22.78129581069624,20.96579418057042,20.25189245002338,False,False,False,False,True,,100.0,92.28171248700532,47.535296416080925,35.900798298592704,32.31624215467937,3023.66728401552,0.25,1.9,0.5375,178.0,139.35284,39.422185,4.375,0.95,314.0,320.87825,69.67642,12.8,2.325,769.0,938.79808,170.52387,75.44658190750997
MAR,Morocco,Middle East & North Africa,Lower middle income,,38081173.0,2024,9162.7470703125,2024.0,3.79336515978963,2024.0,92.18724460624036,2024.0,52.72686167764383,2024.0,62.7998124018197,2024,91.2,2024.0,48.1839617510572,2024.0,-0.2514057718217373,2023.0,-0.8925414979457831,2023.0,-0.4494559541344642,2023.0,-2.574328571558002,2023.0,39.87657078658821,2024.0,3190411.0,2024,2931000.999999999,2024,2863059.0000000005,2024,7409788.549999999,2024,7427954.526874524,7510254.135214382,7578199.386551594,38777985.850954,42074836.32136701,44985299.29397298,1.1079713539184466,2.022694930797986,19.15508081163474,16.845946354672588,False,False,False,False,True,,100.0,79.87818868787342,67.5010368996715,44.39377801782951,45.00383367458572,3000.0,0.3987657078658821,2.167778274158588,0.6490742808994115,216.0,158.99266262857782,47.60544442857408,5.04444568539647,1.1880251325854114,396.0,369.9778065714445,87.13404011429138,14.585188494390586,2.994445685396469,998.0,1069.7302308571852,219.62342657144447,52.94358167091512
OMN,Oman,Middle East & North Africa,High income,,5281538.0,2024,36721.08046341856,2024.0,1.6316322112744928,2024.0,114.85267152201726,2024.0,46.013700099547,2024.0,79.4440302814714,2024,95.25174678,2024.0,42.226921081543,2024.0,1.922292619943619,2023.0,4.289684712886811,2023.0,3.041762292385102,2023.0,4.106365680694577,2023.0,48.59881812922679,2024.0,297090.49999999994,2024,419419.0,2024,558642.5000000005,2024,967898.625,2024,993745.0223533836,1118865.5101234152,1233271.1712024128,5560453.359292622,7009455.335233733,8484494.00603588,12.590803974416056,24.103380994229703,17.871654668097133,14.535588926399882,False,False,False,False,True,,100.0,63.35181879208663,71.14497308682722,55.16062780924264,67.94367118362236,6609.794483415341,0.4859881812922679,2.324778726326082,0.714491135969201,108.0,170.50764099216966,52.40335208007069,5.436946815815206,1.3275810900676288,201.0,398.7652524804241,97.36957643748411,15.631858175507215,3.3869468158152056,512.0,1146.4967532811309,248.4108724804241,66.64339786869282
GEO,Georgia,Europe & Central Asia,Upper middle income,"Includes self-governed areas only, which mostly exclude Abkhazia and South Ossetia, but small areas in Abkhazia and South Ossetia are included before 2008 or 2009 because of the changes in self-governed areas.",3699557.0,2024,24883.908116163868,2024.0,9.679793875006908,2024.0,103.45647144905574,2024.0,61.98458893460389,2024.0,61.0789605093733,2024,83.79855689,2024.0,89.4861221313477,2025.0,5.539001107215883,2023.0,1.240955367684361,2023.0,6.626047015190126,2023.0,-2.3488788604736355,2023.0,32.67267908962498,2024.0,226003.44914479807,2024,204830.1998704972,2024,218623.1260655751,2024,529214.055744804,2024,519628.1625566595,478595.46298780007,447589.8774160873,3691308.679419188,3654418.2217207714,3624564.958523446,-7.896550365355781,-13.863429723695395,14.077071512708624,12.34878895916998,False,False,False,False,True,,100.0,44.08148582824737,83.93933594343697,73.43960507020323,67.59670588363385,4479.103460909496,0.3267267908962498,2.03810822361325,0.5950450931721873,133.0,149.48219430940074,43.642749295583634,4.720270559033124,1.0727628654339996,240.0,346.20163577350183,78.68029049724508,13.720721490755,2.670270559033124,596.0,1006.3271087293382,195.84725577350184,79.06539053823398
GHA,Ghana,Sub-Saharan Africa,Lower middle income,"The World Bank systematically assesses the appropriateness of official exchange rates as conversion factors. In this country, multiple or dual exchange rate activity exists and must be accounted for appropriately in underlying statistics. An alternative estimate (“alternative conversion factor” - PA.NUS.ATLS) is thus calculated as a weighted average of the different exchange rates in use in the country. Doing so better reflects economic reality and leads to more accurate cross-country comparisons and country classifications by income level. For this country, this applies to the period 1974-1987. Alternative conversion factors are used in the Atlas methodology and elsewhere in World Development Indicators as single-year conversion factors.",34427414.0,2024,7055.624960093233,2024.0,5.590454695932664,2024.0,69.78842273905916,2024.0,40.936949539029584,2024.0,58.3654868038581,2024,72.17569733,2024.0,21.330810546875,2024.0,-0.648631125688553,2023.0,-0.6974652186036109,2023.0,-1.26456540822983,2023.0,-0.1513449270278218,2023.0,29.81014044523565,2024.0,3503494.050411129,2024,3116870.0449285554,2024,2683224.0387740284,2024,7827814.912787996,2024,8095889.876785631,9420474.736899735,10670116.312775306,35641063.31650582,41654198.11708868,47350739.49770568,16.361201551323656,31.7967076524976,22.71506269297057,22.534212614128894,False,False,False,False,True,,100.0,90.00866164154449,41.50203646853944,38.84089202365693,46.22089663387489,3000.0,0.2981014044523564,1.9865825280142415,0.5735760533392673,191.0,145.70311430166532,42.068132625693885,4.591456320035604,1.0269622471237705,342.0,336.7539357541633,75.32110826814697,13.377216853428278,2.541456320035604,847.0,981.1332420111022,186.3995557541633,70.32072743466733
BHR,Bahrain,Middle East & North Africa,High income,,1588670.0,2024,58891.83048607366,2024.0,2.6037967064845446,2024.0,157.81849214758608,2024.0,53.186143865182665,2024.0,100.0,2024,100.0,2024.0,58.3677241853667,2024.0,4.880391240119934,2023.0,3.281393110752106,2023.0,7.54589700698855,2023.0,-2.617773115634915,2023.0,44.2979050401742,2024.0,87064.79712743282,2024,105593.93837597471,2024,143848.8864491323,2024,257390.73440551708,2024,257737.61259744305,259304.35860351013,260591.7651778726,1641199.5569464054,1899923.1102234796,2142818.995183879,0.6078841152743264,1.1073869085950871,15.704221434045856,12.161165537713128,False,False,False,False,True,,100.0,40.63533388150922,85.4697055504712,75.34820349526451,70.16014536385256,10600.52948749326,0.442979050401742,2.247362290723136,0.6822342878013065,64.0,164.82964090588135,50.0375187107839,5.243405726807839,1.2587664806427874,119.0,384.5702522647034,92.32246524967232,15.115748604820904,3.193405726807839,301.0,1108.6434193725424,234.21587226470345,80.48047463486301
DZA,Algeria,Middle East & North Africa,Upper middle income,,46814308.0,2024,15501.919700396596,2024.0,3.699999999079793,2024.0,40.13457411707029,2024.0,46.79498470024742,2024.0,75.2792907190618,2024,77.4178009,2024.0,54.4283410150344,2024.0,-4.690945982933043,2023.0,-4.748550772666932,2023.0,-6.636610090732574,2023.0,-4.045196890830991,2023.0,32.648969250847806,2024.0,3658334.538981952,2024,2901577.03104302,2024,3044918.532233194,2024,7930124.909529909,2024,7954031.928584033,8062508.556933138,8152280.23768432,48168095.56256205,54761253.47192112,60845569.69402213,1.363794228173476,2.492425362134276,16.513071226270753,13.39831359732548,False,False,False,False,True,,100.0,80.8170063571399,68.54815220772532,38.84262770382693,22.2079961450587,3000.0,0.326489692508478,2.0376814465152604,0.5948672693813585,198.0,149.45089294063663,43.6297070585986,4.719203616288151,1.0723835080135649,357.0,346.12338235159166,78.65246705834369,13.717876310101737,2.669203616288151,890.0,1006.1184329375776,195.76900235159164,65.26746989226778
URY,Uruguay,Latin America & Caribbean,High income,General Government final consumption expenditure includes Non-Profit Institutions Serving Households final concumption expenditure,3386588.0,2024,32038.772728822725,2024.0,3.108254780661724,2024.0,52.46491678563794,2024.0,65.26274361978174,2024.0,95.5981951588181,2024,91.99109007,2024.0,79.9536903496537,2023.0,5.951747953891754,2023.0,5.023638010025025,2023.0,4.725777387619022,2023.0,6.754209995269774,2023.0,65.64499947545069,2024.0,234495.03639616957,2024,241902.0374586316,2024,252322.5389225461,2024,589942.2163699468,2024,584607.1782787191,561190.2932800434,542787.0191017508,3388124.365879671,3395046.6421636883,3400713.0647260635,-4.005576029295921,-7.153548695741463,17.254596205677807,15.960976676680415,False,False,False,False,True,,100.0,47.55445056215724,96.19724731335216,57.26801429068978,81.03419612225812,5766.97909118809,0.6564499947545069,2.631609990558113,0.8423374960658802,146.0,193.011750503498,61.78006437645748,6.2040249763952815,1.6003199916072113,277.0,455.02552625874495,117.37322933644263,17.677399937054084,4.154024976395281,720.0,1296.52415002332,304.6711462587449,37.75366268220818
BLR,Belarus,Europe & Central Asia,Upper middle income,"Data before 2015 were adjusted to reflect the new denomination effective from July 1, 2016 (BYN), a decrease of 10,000 times (1 BYN = 10,000 BYR)",9132629.0,2024,29040.97257904249,2024.0,4.009848524654515,2024.0,131.91792910244993,2024.0,49.6802343028905,2024.0,79.1551015210848,2024,94.26182128,2024.0,70.1107509145358,2024.0,-6.9402602314949045,2023.0,-8.75659894943239,2023.0,-9.93673443794248,2023.0,-5.105559527873994,2023.0,25.197063487415257,2024.0,490330.3385088226,2024,434507.7026936755,2024,462887.16295837925,2024,1133137.2645337689,2024,1095651.2789412525,941730.3690043197,832808.4227239259,9059230.541217338,8736169.378571358,8481173.212626427,-14.048348493296992,-23.989645361553013,12.094308384760716,9.819495508994844,False,False,False,False,True,,100.0,50.46205422174211,86.83590518031295,66.12059356088658,9.037810152760652,5227.375064227648,0.2519706348741525,1.9035471427734747,0.5389779761556144,103.0,139.6130002207206,39.53058509196691,4.383867856933686,0.953153015798644,182.0,321.5286505518015,69.90767352952943,12.823647618489831,2.3338678569336864,446.0,940.5324814714708,171.1742705518015,94.42240936280136
PAN,Panama,Latin America & Caribbean,High income,,4515577.0,2024,36394.91752911465,2024.0,2.7478854554691594,2024.0,83.6737787798304,2024.0,69.34266277723722,2024.0,65.9958447685488,2024,72.77149963,2024.0,53.6949637061742,2023.0,-1.468045115470885,2023.0,-2.4218684732914,2023.0,0.831479728221891,2023.0,1.491712942719461,2023.0,46.3173466609024,2024.0,366436.0000001625,2024,357013.0000001386,2024,347163.500000096,2024,879672.5750003443,2024,892979.5474421681,955396.3552947866,1009768.5622512966,4625758.486086953,5155806.537648478,5635833.890590833,6.989724236283346,13.07857667554162,19.30450001071202,17.916932646597886,False,False,False,False,True,,100.0,58.73601455193108,63.02777147521739,65.13338577601229,47.29768132484811,6551.0851552406375,0.4631734666090239,2.2837122398962437,0.6973800999567679,106.0,167.49567703805408,51.1483670991892,5.334280599740607,1.2910775465744384,197.0,391.2353425951352,94.69227514493696,15.358081599308289,3.2842805997406077,501.0,1126.4169935870273,240.8809625951352,69.87440118138912
ZAF,South Africa,Sub-Saharan Africa,Upper middle income,Fiscal year end: March 31; reporting period for national accounts data: CY.,64007187.0,2024,13597.653849599776,2024.0,0.534843531905139,2024.0,61.64677047302495,2024.0,62.99218075460045,2024.0,63.6917984858172,2024,78.35759735,2024.0,23.493768799339,2023.0,-1.7986267805099514,2023.0,0.603645585477352,2023.0,-1.5658856183290462,2023.0,-4.659494161605836,2023.0,40.54804688256833,2024.0,5356175.540445957,2024,5105925.538234213,2024,5578810.542540484,2024,12972565.822823389,2024,12991970.368640916,13079650.643934185,13151743.70735923,65556608.46943851,73006460.1103977,79747829.03289603,0.6748805054613394,1.2297852764809658,19.81794158051598,16.4916636187477,False,False,False,False,True,,100.0,85.9905267517206,47.34139152980485,36.50067414830401,40.48160222765654,3000.0,0.4054804688256833,2.17986484388623,0.6541103516192625,218.0,159.87913516405408,47.97480798502254,5.074662109715575,1.1987687501210933,400.0,372.19398791013526,87.92201570138141,14.6657656259082,3.0246621097155746,1008.0,1075.6400477603606,221.8396079101352,51.80794964956852
SEN,Senegal,Sub-Saharan Africa,Lower middle income,,18501984.0,2024,4460.923721763184,2024.0,6.060551411989763,2024.0,68.14051476562113,2024.0,48.40904299438117,2024.0,55.2368169057304,2024,60.11780167,2024.0,15.3302400879779,2024.0,0.4877263456583022,2023.0,-1.9154299795627567,2023.0,-2.4155563712120047,2023.0,-0.9701396524906172,2023.0,34.97024605453855,2024.0,2049572.9436702607,2024,1791010.9518440245,2024,1555725.958570232,2024,4540660.576870889,2024,4785318.92796592,6060022.089515711,7363290.278640676,19326902.543115318,23518523.717833105,27644761.10404239,26.63778905310341,53.87250859308068,24.75988543580958,26.63539124439737,False,False,False,False,True,,100.0,89.51031841524322,31.3449090373138,37.259291697180814,44.00354007367366,3000.0,0.3497024605453855,2.079464428981694,0.612276845409039,204.0,152.51540729346175,44.9065880389424,4.823661072454235,1.1095239368726169,370.0,353.78466823365443,81.37647981641045,13.996429526544627,2.7736610724542348,925.0,1026.5485286230785,203.4302882336544,61.17063737533095
NGA,Nigeria,Sub-Saharan Africa,Lower middle income,"The World Bank systematically assesses the appropriateness of official exchange rates as conversion factors. In this country, multiple or dual exchange rate activity exists and must be accounted for appropriately in underlying statistics. An alternative estimate (“alternative conversion factor” - PA.NUS.ATLS) is thus calculated as a weighted average of the different exchange rates in use in the country. Doing so better reflects economic reality and leads to more accurate cross-country comparisons and country classifications by income level. For this country, this applies to 1970-2020. Alternative conversion factors are used in the Atlas methodology and elsewhere in World Development Indicators as single-year conversion factors.",232679478.0,2024,7994.215638614593,2024.0,4.062364088883186,2024.0,26.166512865529874,1960.0,53.72956173652699,2024.0,62.9755675573659,2024,41.21139908,2024.0,9.74153350922586,2011.0,-5.935346961021423,2023.0,-6.213825047016146,2023.0,-6.558056056499479,2023.0,-12.3790683746338,2023.0,11.931058341527942,2024.0,26066987.555601098,2024,21861939.546663377,2024,17733608.537897244,2024,55909050.94431824,2024,58885333.009726495,74365192.08719678,90150414.41551502,241660570.694066,286563266.1623069,329692654.3609167,26.288140503363323,53.09485368898952,24.366959343265528,27.343774034112016,False,False,False,False,True,,100.0,100.0,21.599501211715936,34.866371009082066,11.370068541465402,3000.0,0.25,1.9,0.5375,179.0,139.35284,39.422185,4.375,0.95,317.0,320.87825,69.67642,12.8,2.325,775.0,938.79808,170.52387,75.11538786306906
AGO,Angola,Sub-Saharan Africa,Lower middle income,"The World Bank systematically assesses the appropriateness of official exchange rates as conversion factors. In this country, multiple or dual exchange rate activity exists and must be accounted for appropriately in underlying statistics. An alternative estimate (“alternative conversion factor” - PA.NUS.ATLS) is thus calculated as a weighted average of the different exchange rates in use in the country. Doing so better reflects economic reality and leads to more accurate cross-country comparisons and country classifications by income level. For this country, this applies to the period 1994-2024. Alternative conversion factors are used in the Atlas methodology and elsewhere in World Development Indicators as single-year conversion factors.",37885849.0,2024,8901.887366115625,2024.0,4.423906644068751,2024.0,50.84223055620905,2024.0,41.05518599093585,2024.0,70.6551379036435,2024,40.70479965,2024.0,9.9549065722902,2024.0,-7.062367081642181,2023.0,-7.69346213340761,2023.0,-5.329717278480532,2023.0,-2.39053535461426,2023.0,26.346254205551634,2024.0,4016959.946387901,2024,3228954.9570882423,2024,2700706.464280988,2024,8461232.812402587,2024,8994537.652858742,11842195.892231174,14863293.244305411,40064952.5029139,51529848.93542564,63425586.606916495,31.65986234397895,65.24799626116857,22.44988971896216,23.434222747392905,False,False,False,False,True,,100.0,97.02187580288896,23.88702224193496,33.99595116172569,17.973132899771322,3000.0,0.2634625420555163,1.9242325756999292,0.5475969065416373,183.0,141.13014433910533,40.16272847462722,4.435581439249823,0.971540067288826,324.0,325.3215108477633,71.25624607920474,12.961550504666196,2.385581439249824,795.0,950.6467755940356,174.96713084776334,74.35459584566178
CRI,Costa Rica,Latin America & Caribbean,High income,,5129910.0,2024,26973.436158071898,2024.0,4.321224296461452,2024.0,71.33101376876166,2024.0,68.78334621390864,2024.0,79.3107672397967,2024,87.17019653,2024.0,55.0202903747559,2019.0,1.8213753402233128,2023.0,2.7252165377140063,2023.0,3.8048329949378976,2023.0,6.889307796955108,2023.0,59.75276955141903,2024.0,361928.00000000006,2024,377179.50000000006,2024,399850.5000000001,2024,919040.2250000002,2024,907046.6838708688,854983.3916425959,814768.9381531283,5189373.913628126,5465607.588197227,5702678.36473007,-5.739869088776128,-10.173428485945225,17.47892325678863,14.287478374938903,False,False,False,False,True,,100.0,51.6995392029824,74.74964058719672,64.78889811127166,69.9024495350258,4855.218508452941,0.5975276955141903,2.5255498519255424,0.7981457716356427,164.0,185.2329181196862,58.53888421653592,5.938874629813856,1.5060443128227046,310.0,435.5784452992155,110.45871166194333,16.970332346170284,3.888874629813857,801.0,1244.6652674645748,285.2240652992156,39.74028757116227
CIV,Côte d'Ivoire,Sub-Saharan Africa,Lower middle income,,31934230.0,2024,6747.037967773879,2024.0,6.019534619400616,2024.0,51.26403794091189,2024.0,51.85812090743068,2024.0,53.9733113940142,2024,41.43219902,2024.0,12.3354902267456,2024.0,-2.516584217548373,2023.0,-3.228379964828494,2023.0,-0.812569655478,2023.0,-4.422517359256745,2023.0,35.56931824866844,2024.0,3401505.5008775783,2024,2779997.5023611067,2024,2313535.4999021813,2024,7222593.978194667,2024,7574924.875830854,9385586.33343632,11198819.931225648,33338195.602385223,40460148.925341256,47453204.16020614,23.903358611287405,47.84067320532084,22.721460291896832,23.59971287379765,False,False,False,False,True,,100.0,94.09344045449744,20.39942836191264,41.22349398990768,35.483666229164115,3000.0,0.3556931824866843,2.090247728476032,0.6167698868650132,206.0,153.3062932982547,45.23612387427278,4.85061932119008,1.119109091978695,373.0,355.76188324563674,82.0794895984486,14.068318189840213,2.80061932119008,934.0,1031.8211019883645,205.40750324563672,60.161872851411935
SRB,Serbia,Europe & Central Asia,Upper middle income,"Montenegro declared independence from Serbia and Montenegro on June 3, 2006. Where available, data for each country are shown separately. However, for Serbia, some indicators, such as those series for which data appear only for Serbia and not Montenegro--e.g., aid, environment, external debt, balance of payments, various social indicators excluding population--continue to include data for Montenegro through 2005. Moreover, data from 1999 onward for Serbia for most indicators exclude data for Kosovo, 1999 being the year when Kosovo became a territory under international administration pursuant to UN Security Council Resolution 1244 (1999); any exceptions are noted. Kosovo became a World Bank member on June 29, 2009; available data are shown separately for Kosovo. In 2011, the Statistical Office of Serbia improved the methodology of national accounts data for 2003 onward. Specifically, the classification of sectors was revised.",6586476.0,2024,26900.853091322973,2024.0,3.9499262259293175,2024.0,111.72502838891629,2024.0,58.78323171706553,2024.0,62.3830029804177,2024,87.69071294,2024.0,70.582649230957,2024.0,0.0534402322955429,2023.0,-0.5215314105153083,2023.0,0.965409904718399,2023.0,-0.2737679481506347,2023.0,41.664026362905815,2024.0,329672.5708810408,2024,344681.8431249832,2024,365755.2505082972,2024,838944.2767347577,2024,814849.4283641899,714704.4534779184,642461.8371552235,6487219.048180174,6058750.6995921405,5730678.511253829,-12.289997562778254,-21.15576021879705,12.560843441732947,11.21092093883064,False,False,False,False,True,,100.0,47.13231970269735,78.76859784088299,65.68663185504622,50.56928669184366,4842.153556438135,0.4166402636290581,2.1999524745323047,0.6624801977217936,137.0,161.35243431110754,48.58868262962814,5.124881186330762,1.2166244218064932,251.0,375.8772357777688,89.23161494320671,14.799683163548698,3.074881186330762,635.0,1085.4620420740505,225.52285577776885,66.74241122888313
VEN,"Venezuela, RB",Latin America & Caribbean,,"National Accounts data for the period 1960–2014 are sourced from the Central Bank of Venezuela. Estimates for 2015–2024 are derived from the IMF World Economic Outlook (WEO), following methodological consultations with the IMF’s Latin America and the Caribbean (LAC) and Statistics Departments. Final estimates were reviewed by the World Bank Group's Prosperity Vertical.",28405543.0,2024,23134.759094596546,,5.299999999999841,2024.0,26.08116575964987,2024.0,38.636645244606136,2011.0,89.285859883201,2024,76.67890167,2024.0,78.2699203491211,2009.0,-11.194406747818,2023.0,-15.060735225677467,2023.0,-14.183732509613034,2023.0,-8.32319617271422,2023.0,62.50396544241904,2011.0,2733306.4999999995,2024,2307132.9999999995,2024,1836843.9999999988,2024,5867019.299999999,2024,5858386.8685923545,5819697.836494943,5788287.339314492,28261658.435249276,27623144.01431685,27112676.140774067,-0.6604041857465659,-1.1965670900581316,20.729097982747884,21.349007782413747,False,False,False,False,True,,93.33333333333331,76.12687326490922,86.47313384426292,48.1727777912314,2.0463743296500927,4164.256637027377,0.6250396544241904,2.575071377963543,0.8187797408181428,197.0,188.8650051168069,60.05225379866953,6.062678444908856,1.5500634470787047,372.0,444.6586627920172,113.68723343716168,17.300475853090283,4.012678444908857,964.0,1268.8791807787125,294.3042827920172,30.603368895725325
QAT,Qatar,Middle East & North Africa,High income,,2857822.0,2024,110889.79270169129,2024.0,2.359705869265966,2024.0,100.21364084561216,2022.0,46.06970587350455,2024.0,99.3219891728394,2024,98.08540344,2024.0,43.0178909301758,2024.0,8.38188827037814,2023.0,6.530195355415346,2023.0,6.839286208152769,2023.0,6.953667998313904,2023.0,60.84165961178818,2024.0,113330.02759285038,2024,149005.17777279345,2024,329320.6076852326,2024,410529.4788239985,2024,401295.70574988186,362247.3796494706,333299.1588909275,3006355.983685458,3776277.797036617,4557379.6595009,-9.730561663360817,-16.944249809973044,13.348243119829672,7.313394621316862,False,False,False,False,True,,100.0,40.11298305730209,76.52542527947263,62.633413891077495,90.26899718278078,14000.0,0.6084165961178818,2.5451498730121878,0.8063124470884113,58.0,186.67045422625665,59.1378575942736,5.987874682530468,1.523466553788611,109.0,439.1722855656416,111.73652153445036,17.10099915341458,3.937874682530469,281.0,1254.2488415083776,288.81790556564164,62.73892623194469
MNG,Mongolia,East Asia & Pacific,Upper middle income,"The World Bank systematically assesses the appropriateness of official exchange rates as conversion factors. In this country, multiple or dual exchange rate activity exists and must be accounted for appropriately in underlying statistics. An alternative estimate (“alternative conversion factor” - PA.NUS.ATLS) is thus calculated as a weighted average of the different exchange rates in use in the country. Doing so better reflects economic reality and leads to more accurate cross-country comparisons and country classifications by income level. For this country, this applies to the period 1991-2004. Alternative conversion factors are used in the Atlas methodology and elsewhere in World Development Indicators as single-year conversion factors.",3524788.0,2024,16842.650587379678,2024.0,5.122045391226607,2024.0,138.44837914124938,2024.0,44.340718599568326,2024.0,70.9566040039062,2024,85.12349701,2024.0,69.044059753418,2024.0,-3.3007504045963296,2023.0,-1.2913649827241869,2023.0,-1.228742763400075,2023.0,4.148688495159153,2023.0,35.26104300222291,2024.0,275493.1640757983,2024,218349.25485478525,2024,237724.46341115335,2024,600818.4274656025,2024,600004.6480669972,596356.2592682597,593392.7572271497,3623230.8437996255,4101375.3829623046,4540807.357626127,-0.6080600892828469,-1.101973269898604,16.559934321981583,13.068001139281264,False,False,False,False,True,,100.0,49.74342767315416,79.3438510109653,61.80257701895644,45.88995520677048,3031.6771057283418,0.3526104300222291,2.0846987740400125,0.6144578225166718,203.0,152.89931300368104,45.066548751533766,4.836746935100031,1.1141766880355668,368.0,354.7444325092026,81.71772933660539,14.03132516026675,2.786746935100031,919.0,1029.1079000245404,204.39005250920263,61.00601692160188
KEN,Kenya,Sub-Saharan Africa,Lower middle income,Fiscal year end: June 30; reporting period for national accounts data: CY.,56432944.0,2024,5845.201177178245,2024.0,4.724739947101384,2024.0,40.18601399687559,2024.0,55.303535805589554,2024.0,31.8937831721599,2024,34.97622513,2024.0,10.4185962462804,2024.0,-2.125236392021176,2023.0,-2.283551514148709,2023.0,-2.735646098852156,2023.0,-6.564403414726256,2023.0,32.09501050867591,2024.0,6498132.442087834,2024,5572195.45104546,2024,4671292.459493896,2024,14172409.499905547,2024,14818884.70248112,18112931.25634745,21369282.11855317,58455919.00502275,68495103.6059803,78029108.35154018,22.22870762544509,44.20303921370898,25.3505290049547,27.386295409501976,False,False,False,False,True,,100.0,98.3408832305973,9.33444881118635,34.06127067605841,32.321175137175075,3000.0,0.3209501050867591,2.027710189156166,0.5907125788150693,197.0,148.7195650293942,43.32498709558092,4.694275472890416,1.063520168138815,355.0,344.2950625734855,78.00239780390596,13.65140126104111,2.644275472890416,881.0,1001.2429135292948,193.9406825734855,66.15117233608771
KGZ,Kyrgyz Republic,Europe & Central Asia,Lower middle income,,7221868.0,2024,7048.989521112644,2024.0,9.040135561200117,2024.0,127.65057780285888,2024.0,52.1398197179977,2024.0,34.7219977865937,2024,92.0286026,2024.0,53.8761747562613,2025.0,-6.235095143318175,2023.0,-8.218857169151299,2023.0,-4.317042648792266,2023.0,-3.36853837966919,2023.0,30.205293262074,2024.0,613638.4208427792,2024,530263.4360427323,2024,546378.45251154,2024,1389772.1605157044,2024,1402717.7111506085,1462481.254196653,1513280.4695377515,7454936.0739269,8600399.446810441,9672266.083853152,4.2605538214115946,7.882039095125703,18.81595894640213,15.645562853817855,False,False,False,False,True,,100.0,62.37009499480744,62.42651671359919,56.31019772342864,18.953533810940364,3000.0,0.30205293262074,1.993695278717332,0.576539699465555,192.0,146.22478904413248,42.28549710172187,4.60923819679333,1.0332846921931842,344.0,338.0581226103312,75.78481915034001,13.424635191448882,2.5592381967933298,853.0,984.61107362755,187.7037426103313,69.61752462652669
IRQ,Iraq,Middle East & North Africa,Upper middle income,,46042015.0,2024,12725.043126039314,2024.0,-1.5452519831830358,2024.0,70.70874347489435,2024.0,45.76618170303999,2024.0,69.8861494108913,2024,81.47450256,2024.0,15.5580997467041,2005.0,-9.72724449634553,2023.0,-11.852167963981657,2023.0,-10.06829118728636,2023.0,-16.89168667793271,2023.0,41.9902966217353,2024.0,4779561.502048682,2024,4256617.501586615,2024,3843765.500994895,2024,10765873.479083002,2024,11187614.728944708,13299476.26383081,15332743.438936422,47896075.16083708,57207786.94154243,66213408.710903056,18.876781030207223,37.05104984771594,23.358103333887417,23.156553540207103,False,False,False,False,True,,100.0,95.3522515308812,46.12348856791665,25.81494720947341,0.0,3000.0,0.419902966217353,2.2058253391912355,0.6649272246630147,222.0,161.78317134750628,48.76815639479428,5.139563347978088,1.2218447459477648,407.0,376.9540783687657,89.61449230889448,14.838835594608238,3.089563347978088,1030.0,1088.333622316709,226.5996983687657,49.52956919819766
AZE,Azerbaijan,Europe & Central Asia,Upper middle income,,10202830.0,2024,22072.14911571765,2024.0,4.07140205008956,2024.0,82.6898691594703,2024.0,42.3163443805061,2024.0,58.573795837717,2024,90.80000181,2025.0,41.3413783372226,2024.0,-0.2284955345094204,2023.0,-3.966102540493009,2023.0,-0.761666975915433,2023.0,-5.115277290344235,2023.0,29.032046270720592,2024.0,751389.1399640411,2024,633901.2731834339,2024,736221.47338958,2024,1716590.076172786,2024,1683501.6591374257,1542321.2040012588,1436179.1142900027,10304949.985334923,10777287.251346944,11179956.487980412,-8.386119156455308,-14.690959376549896,16.336825132904416,12.846017029082727,False,False,False,False,True,,100.0,57.44615843214251,62.003643053986735,50.34062662087327,37.64367747931372,3972.986840829176,0.2903204627072059,1.9725768328729705,0.5677403470304044,143.0,144.67588619950195,41.64012091645917,4.556442082182427,1.0145127403315295,255.0,334.185865498755,74.40801662177957,13.283845552486472,2.5064420821824265,631.0,974.2850546633468,183.831485498755,81.53206661492396
ECU,Ecuador,Latin America & Caribbean,Upper middle income,,18135478.0,2024,13935.539112540237,2024.0,-2.001254763410259,2024.0,57.2031395531255,2024.0,57.15664402450104,2024.0,63.2376932397602,2024,77.17273115,2024.0,67.8851161961618,2023.0,-3.459714949131014,2023.0,-6.7045355439186105,2023.0,-5.027406871318818,2023.0,-2.366979867219926,2023.0,43.4001889105821,2024.0,1577530.0444846745,2024,1556936.543760959,2024,1544896.5431825598,2024,3829670.0326777855,2024,3856019.879839804,3976855.851466113,4078512.62635076,18479721.905291453,20111494.37571068,21556162.11692456,3.1336968011516086,5.770010358976663,20.866222444265663,18.92040245489045,False,False,False,False,True,,100.0,73.43907548457871,72.50765723196318,30.137826274433223,25.80304686554885,3000.0,0.434001889105821,2.231203400390478,0.6755014168293658,225.0,163.64448971687904,49.54370571536627,5.203008500976194,1.2444030225693137,415.0,381.6073742921976,91.2689975261147,15.008022669269852,3.1530085009761946,1051.0,1100.7424114458602,231.2529942921976,47.23194720281417
TZA,Tanzania,Sub-Saharan Africa,Lower middle income,,68560157.0,2024,3713.26293945313,2024.0,5.526313830594503,2024.0,41.513120720824354,2024.0,29.563074223197432,2024.0,36.1684458862992,2024,31.16209984,2024.0,4.01880979537964,2024.0,-3.185566484928128,2023.0,-2.614488035440442,2023.0,-4.118762910366055,2023.0,-0.3692612051963806,2023.0,28.11594803379892,2024.0,7472678.998607362,2024,6375319.999096338,2024,5390953.499248756,2024,16273928.07236564,2024,17156018.695715252,21755799.356348667,26464786.158671107,72137728.09939168,90692300.34751172,109532143.75715174,26.811469153867385,54.25948542059316,23.78231079315059,24.16166181988301,False,False,False,False,True,,100.0,100.0,6.344121023194735,25.040458832334355,35.21979359128025,3000.0,0.2811594803379892,1.9560870646083808,0.5608696102534919,187.0,143.4664672318112,41.13619634658801,4.515217661520952,0.9998551685407828,333.0,331.16231807952806,73.33297753938776,13.173913764055872,2.465217661520952,822.0,966.2222615454082,180.80793807952804,73.40016202523844
BGD,Bangladesh,South Asia,Lower middle income,"The reporting period for national accounts data is designated as either calendar year basis (CY) or fiscal year basis (FY). For this country, it is fiscal year-based (fiscal year-end: June 30). Also, an estimate (PA.NUS.ATLS) of the exchange rate covers the same period and thus differs from the official exchange rate (CY).",173562364.0,2024,8486.784956605168,2024.0,4.223259112501609,2024.0,26.77807580404776,2024.0,51.41665550465746,2024.0,32.6783196323307,2024,53.42171316,2024.0,23.7295608009814,2024.0,-4.881338775157929,2023.0,-3.5186006426811245,2023.0,-6.399070858955383,2023.0,-6.360597014427186,2023.0,26.883777251779083,2024.0,17076594.49999997,2024,16086765.499999994,2024,15117536.000000004,2024,39966251.199999966,2024,40369237.09038298,42233553.05523561,43823387.8829505,176504496.61101043,190373612.4346589,202548246.4327183,4.6181600129787,8.556393535092077,22.87150631598398,21.63602433235954,False,False,False,False,True,,100.0,88.2581785440736,26.02818678538656,35.155346902889065,21.22164810653211,3000.0,0.2688377725177908,1.933907990532024,0.551628329388343,184.0,141.83977409438452,40.45840753932688,4.459769976330058,0.9801404360284652,327.0,327.0955852359612,71.88702808389735,13.026053270213492,2.4097699763300584,803.0,955.3776406292302,176.74120523596125,74.03354571480067
ARM,Armenia,Europe & Central Asia,Upper middle income,,3033500.0,2024,20078.784898484384,2024.0,5.900000000462285,2024.0,150.06472658874205,2024.0,61.98936974538848,2024.0,65.8113671449901,2024,81.33930206,2024.0,52.7748065090859,2024.0,-1.2889097779989271,2023.0,-0.854125857353209,2023.0,0.333445131778717,2023.0,-5.804947614669799,2023.0,37.48914151063605,2024.0,193106.3024848834,2024,184710.68601689333,2024,198695.2181535583,2024,467229.83667087794,2024,459083.6630131549,424148.125579501,397671.7586531452,3044576.4069798463,3094922.869490197,3136701.0372070693,-7.60984113535158,-13.377061591984797,15.078736797693177,12.678025541357735,False,False,False,False,True,,100.0,42.798845554730434,66.4713316362095,77.8099769999222,40.71803860377561,3614.181281727189,0.3748914151063605,2.124804547191449,0.6311685613297704,175.0,155.84081478739077,46.29217449474614,4.937011367978623,1.1498262641701769,318.0,362.0981869684769,84.33239758879178,14.298696981276327,2.8870113679786225,799.0,1048.7179119159384,211.7438069684769,63.41113708164794
KHM,Cambodia,East Asia & Pacific,Lower middle income,"The World Bank systematically assesses the appropriateness of official exchange rates as conversion factors. In this country, multiple or dual exchange rate activity exists and must be accounted for appropriately in underlying statistics. An alternative estimate (“alternative conversion factor” - PA.NUS.ATLS) is thus calculated as a weighted average of the different exchange rates in use in the country. Doing so better reflects economic reality and leads to more accurate cross-country comparisons and country classifications by income level. For this country, this applies to the period 1963-2004. Alternative conversion factors are used in the Atlas methodology and elsewhere in World Development Indicators as single-year conversion factors.",17638801.0,2024,7008.889345517265,2024.0,5.97510939607335,2024.0,143.44700970301105,2024.0,35.59472224389468,2024.0,40.8727033252729,2024,68.47530365,2024.0,21.4437426836662,2024.0,-2.1411200165748614,2023.0,-5.733892083168032,2023.0,-4.792328894138337,2023.0,0.3114567436277863,2023.0,32.985081155752646,2024.0,1631121.044509287,2024,1400409.53893853,2024,1319250.5374712078,2024,3625193.325309861,2024,3646600.621301555,3744508.634000232,3826536.2852984937,18055807.74944706,20057753.87901613,21865043.610337645,2.6849118635791536,4.934339750447236,20.19627519246946,17.500702735801237,False,False,False,False,True,,100.0,72.53338806477687,34.35292982289488,53.44297387477161,32.67884135105527,3000.0,0.3298508115575264,2.0437314608035475,0.5973881086681447,199.0,149.89462276859106,43.81459448691294,4.734328652008869,1.0777612984920424,359.0,347.23270692147764,79.04689357208096,13.75820973869032,2.684328652008869,895.0,1009.0766317906072,196.87832692147768,64.65685983164863
TUN,Tunisia,Middle East & North Africa,Lower middle income,,12277109.0,2024,12774.915856802114,2024.0,1.6144456497698627,2024.0,106.29854920424688,2024.0,62.60742636169368,2024.0,70.3585355691955,2024,76.5,2024.0,38.1219482421875,2023.0,-2.103605598211285,2023.0,-0.972882330417634,2023.0,-4.3339284658432,2023.0,-4.416657745838163,2023.0,28.79371642804819,2024.0,883494.0000000002,2024,799646.9999999995,2024,841761.4999999995,2024,2061933.675,2024,2035770.364564828,1922083.372601629,1834132.4635286413,12440515.778913938,13203182.391641865,13862485.662332252,-5.584470328386026,-9.904746848954604,16.364035066900993,13.230906117453568,False,False,False,False,True,,100.0,61.15463909112326,57.07494137559315,47.67502880942081,34.33662301408367,3000.0,0.2879371642804819,1.9682868957048676,0.5659528732103614,189.0,144.3612467638195,41.509021151591455,4.545717239262169,1.010699462848771,337.0,333.3992669095488,74.12833712339513,13.255245971365785,2.4957172392621683,832.0,972.1874584254632,183.04488690954875,72.12742428342592
SYR,Syrian Arab Republic,Middle East & North Africa,Low income,"The World Bank systematically assesses the appropriateness of official exchange rates as conversion factors. In this country, multiple or dual exchange rate activity exists and must be accounted for appropriately in underlying statistics. An alternative estimate (“alternative conversion factor” - PA.NUS.ATLS) is thus calculated as a weighted average of the different exchange rates in use in the country. Doing so better reflects economic reality and leads to more accurate cross-country comparisons and country classifications by income level. For this country, this applies to the period 2011-2024. Alternative conversion factors are used in the Atlas methodology and elsewhere in World Development Indicators as single-year conversion factors.",24672760.0,2024,4454.853732714638,2022.0,0.7327813018613654,2022.0,35.60946807999561,2022.0,44.93905348548575,2022.0,72.0761345758254,2024,33.77000046,2018.0,43.7606582641602,2016.0,-12.51713478565214,2023.0,-14.246260643005373,2023.0,-12.670790672302282,2023.0,-19.25424742698667,2023.0,18.22280723380996,2023.0,2923411.0581354657,2024,2874674.057613823,2024,2339527.5467069955,2024,6850872.511767436,2024,7445571.063742047,10828856.182047512,14774531.833933804,25885178.060064346,32121924.587703235,38376655.84236588,45.44023674397744,98.43383009104365,28.76383947008297,38.49874750583002,False,False,False,False,True,,100.0,95.3346961599274,40.762020348388354,9.951265338837969,0.0,3000.0,0.25,1.9,0.5375,179.0,139.35284,39.422185,4.375,0.95,317.0,320.87825,69.67642,12.8,2.325,775.0,938.79808,170.52387,75.11538786306906
PAK,Pakistan,Middle East & North Africa,Lower middle income,"The reporting period for national accounts data is designated as either calendar year basis (CY) or fiscal year basis (FY). For this country, it is fiscal year-based (fiscal year-end: June 30). Also, an estimate (PA.NUS.ATLS) of the exchange rate covers the same period and thus differs from the official exchange rate (CY).",251269164.0,2024,5500.323948242852,2024.0,3.048982873354646,2024.0,27.578468352069503,2024.0,50.73193893423793,2024.0,39.1734368360905,2024,57.253,2024.0,10.8564126844434,2024.0,-4.044532656669617,2023.0,-6.019198596477508,2023.0,-6.307057321071626,2023.0,-13.52911555767058,2023.0,23.65235888339882,2024.0,26514612.500016887,2024,23422309.00001228,2024,20279379.000011805,2024,59062642.05003448,2024,60698989.23416279,68642028.4713762,75935187.15538725,258694270.9037066,294917866.1865391,328433689.0414383,13.085949761981986,25.101238280009408,23.4636001107101,23.120401374478536,False,False,False,False,True,,100.0,92.93791153077233,22.36394637116519,24.536245042575253,15.161389663026082,3000.0,0.25,1.9,0.5375,179.0,139.35284,39.422185,4.375,0.95,317.0,320.87825,69.67642,12.8,2.325,775.0,938.79808,170.52387,75.11538786306906
GTM,Guatemala,Latin America & Caribbean,Upper middle income,"The World Bank systematically assesses the appropriateness of official exchange rates as conversion factors. In this country, multiple or dual exchange rate activity exists and must be accounted for appropriately in underlying statistics. An alternative estimate (“alternative conversion factor” - PA.NUS.ATLS) is thus calculated as a weighted average of the different exchange rates in use in the country. Doing so better reflects economic reality and leads to more accurate cross-country comparisons and country classifications by income level. For this country, this applies to the period 1985-2003. Alternative conversion factors are used in the Atlas methodology and elsewhere in World Development Indicators as single-year conversion factors.",18406359.0,2024,12640.887502314612,2024.0,3.651863828948194,2024.0,47.344196760267046,2024.0,61.83986165460102,2024.0,55.9547027274763,2024,60.22140121,2024.0,27.2948879201171,2023.0,-6.280170857906343,2023.0,-7.52693963050841,2023.0,-2.032484561204909,2023.0,-1.710554525256157,2023.0,42.80166328101531,2024.0,1891680.499999996,2024,1852203.5000000023,2024,1715112.0000000002,2024,4515684.399999999,2024,4604435.349385929,5025901.465023717,5400093.653317491,18907187.4904436,21334998.774326462,23559580.42095226,9.153481016819942,17.28025791561336,24.352830645558377,22.921009444272705,False,False,False,False,True,,100.0,79.03783708806043,38.59000713163368,44.49754302063381,24.823918980260444,3000.0,0.428016632810153,2.220429939058276,0.6710124746076147,224.0,162.85432527831455,49.21447053263105,5.176074847645689,1.234826612496245,412.0,379.6319631957863,90.5666291362796,14.936199593721838,3.1260748476456888,1042.0,1095.474648522097,229.27758319578632,48.17015947795599
PRY,Paraguay,Latin America & Caribbean,Upper middle income,"The World Bank systematically assesses the appropriateness of official exchange rates as conversion factors. In this country, multiple or dual exchange rate activity exists and must be accounted for appropriately in underlying statistics. An alternative estimate (“alternative conversion factor” - PA.NUS.ATLS) is thus calculated as a weighted average of the different exchange rates in use in the country. Doing so better reflects economic reality and leads to more accurate cross-country comparisons and country classifications by income level. For this country, this applies to the period 1982-1988. Alternative conversion factors are used in the Atlas methodology and elsewhere in World Development Indicators as single-year conversion factors. Kindly note that GDP per capita and GNI per capita reported are calculated from the UN WPP data which likely creates discrepancy with the official per capita figures, calculated from the latest population census results.",6929153.0,2024,16296.283618926347,2024.0,4.249960104640721,2024.0,76.83115654306243,2024.0,48.745130179115584,2024.0,69.8622585886961,2024,81.57806793,2024.0,37.6179261040957,2010.0,-3.2344575822353336,2023.0,-4.075222194194795,2023.0,-0.5525754392147065,2023.0,0.5742914006114005,2023.0,34.63726828597917,2024.0,586928.0000000003,2024,579073.0000000002,2024,597785.0000000002,2024,1435004.2500000005,2024,1429689.421772058,1406015.2407915697,1386977.7447129935,7079920.303265098,7800013.425662388,8444994.479741434,-1.6558967717019923,-2.987479406969717,20.193580725940063,16.423666682556075,False,False,False,False,True,,100.0,59.22087709708053,59.01898343152972,49.08730616835443,39.17604231573943,3000.0,0.3463726828597916,2.073470829147625,0.6097795121448437,203.0,152.07581510467176,44.72342462694656,4.808677072869062,1.1041962925756668,368.0,352.68568776167933,80.98573120415267,13.9564721943175,2.7586770728690624,920.0,1023.617914031145,202.3313077616793,61.76524748946159
BRN,Brunei Darussalam,East Asia & Pacific,High income,,462721.0,2024,79071.7333801445,2024.0,4.052517093067266,2024.0,132.5874396422447,2024.0,38.95329126072233,2024.0,74.8983133873697,2024,96.29828801,2024.0,36.4182725443167,2023.0,9.8125092983246,2023.0,6.207976698875427,2023.0,6.83824145793915,2023.0,9.562004566192613,2023.0,36.8866370863808,2024.0,31882.96630066656,2024,36035.46155312636,2024,40091.95456975314,2024,85959.80741018183,2024,84462.39736018456,78040.36120881274,73173.01400803599,470882.9172050389,509430.2148088169,543365.7887536212,-7.603426319981721,-13.366164950310033,17.93702728939871,13.466621477196991,False,False,False,False,True,,100.0,23.179271108188797,66.65252619691115,73.18406044147385,91.53517948271224,14000.0,0.368866370863808,2.1139594675548548,0.6266497781478559,45.0,155.04539760455623,45.96075066856508,4.909898668887136,1.140186193382093,81.0,360.1096440113905,83.62536009293886,14.226396450365698,2.859898668887136,204.0,1043.4151306970416,209.75526401139052,89.1263221668917
LBY,Libya,Middle East & North Africa,Upper middle income,,7381023.0,2024,12583.83387268161,2024.0,1.8999505202544211,2024.0,128.81617584293642,2024.0,28.339991463935128,2024.0,87.8854066107749,2024,81.95449829,2024.0,58.543701171875,2003.0,-11.451223373413107,2023.0,-12.388432741165182,2023.0,-13.6214282512665,2023.0,-15.1761083602905,2023.0,45.92597811336495,2024.0,677171.0012360364,2024,605957.0006786666,2024,548329.5003308896,2024,1529876.2770636033,2024,1563823.4559120503,1726152.1728920368,1871810.890353604,7541929.556940545,8310536.867517548,8999091.524682075,10.38024569629654,19.694514318557133,20.7350578403762,20.7999983689435,False,False,False,False,True,,100.0,67.26002414508476,77.02677185005493,42.75838142012123,0.0,3000.0,0.4592597811336494,2.276667606040569,0.6944448358502371,231.0,166.97899823039708,50.933084262665446,5.316669015101422,1.2848156498138392,428.0,389.9436455759927,94.23300509368627,15.311117373603794,3.2666690151014226,1089.0,1122.9724682026472,239.58926557599267,43.297091260031145
RWA,Rwanda,Sub-Saharan Africa,Low income,,14256567.0,2024,3264.6445147439244,2024.0,8.890655295731136,2024.0,69.95441356805613,2024.0,47.550146937663165,2024.0,29.8849714294083,2024,31.70330048,2024.0,9.41173924647801,2024.0,2.7185385227203347,2023.0,1.4360531866550448,2023.0,0.8730221614241609,2023.0,0.7566403150558489,2023.0,26.93861942326729,2024.0,1592959.554678162,2024,1358984.0473687106,2024,1088140.0378914005,2024,3441606.6190980026,2024,3595444.691720412,4377375.885086074,5147469.444942419,14815188.951227956,17612550.605067935,20305912.71949052,21.74782983496568,43.16641990894781,24.2686387838638,25.34960883586212,False,False,False,False,True,,100.0,84.04502955348471,6.683174208595134,33.56426722859946,58.70565587492027,3000.0,0.2693861942326729,1.9348951496188111,0.5520396456745047,184.0,141.91217589558224,40.4885749564926,4.4622378740470285,0.9810179107722768,327.0,327.27658973895564,71.95138524051755,13.032634330792074,2.412237874047028,804.0,955.8603193038816,176.9222097389556,74.03354571480067
CMR,Cameroon,Sub-Saharan Africa,Lower middle income,,29123744.0,2024,4916.9335401949365,2024.0,3.524723080522449,2024.0,34.40317859154232,2024.0,50.71914395875753,2024.0,55.4031748609078,2024,46.25880051,2024.0,16.6614294830602,2024.0,-6.343838036060335,2023.0,-7.26738512516023,2023.0,-6.394311070442198,2023.0,-9.803054809570328,2023.0,32.743116312708175,2024.0,3144387.054267316,2024,2633140.545348409,2024,2251622.0386664146,2024,6790757.517015612,2024,7119656.113637435,8808310.012363473,10496961.483707434,30505574.87461383,37581425.81470199,44628847.39210262,23.71819469611016,47.43635529812875,23.338868855614585,23.520574913088485,False,False,False,False,True,,100.0,93.25304145951944,25.6418014800238,24.89238731890501,9.873607488435391,3000.0,0.3274311631270817,2.0393760936287477,0.5955733723453113,199.0,149.5751844606694,43.681495191945565,4.723440234071868,1.0738898610033307,358.0,346.4341111516734,78.76294840948388,13.72917395752498,2.673440234071868,891.0,1006.9470430711292,196.07973115167343,65.0533841200257
MUS,Mauritius,Sub-Saharan Africa,Upper middle income,,1245779.0,2024,28011.15798062992,2024.0,4.925123048642945,2024.0,145.4217003011527,2024.0,64.3722524144138,2024.0,39.0162147027917,2024,73.30793533,2024.0,45.7771156388358,2024.0,4.970963239669799,2023.0,5.636879682540895,2023.0,7.451350450515721,2023.0,5.427931725978852,2023.0,37.659768752325206,2024.0,83756.96360750521,2024,91524.16333289056,2024,96022.48589896668,2024,218491.2455949308,2024,213665.74625609643,193236.33392599013,178064.1863085954,1242023.9355680312,1225265.7220075212,1211749.7914107025,-9.56138861192094,-16.662268319241747,17.20302967900356,14.694798181173653,False,False,False,False,True,,100.0,32.89644229230207,50.2285257931643,78.75933142352078,82.44358838808543,5042.008436513384,0.376597687523252,2.127875837541854,0.6324482656424391,125.0,156.06607427833472,46.38603261597279,4.944689593854634,1.1525563000372034,229.0,362.6613356958367,84.53262824740862,14.319172250279026,2.8946895938546344,574.0,1050.2196418555648,212.3069556958368,74.63710586199258
CUB,Cuba,Latin America & Caribbean,Upper middle income,,10979783.0,2024,23134.759094596546,,-1.0617327322052432,2024.0,124.86323886505312,2024.0,73.39182364773798,2024.0,77.1664929228275,2024,70.47699738,2024.0,43.1040700506779,2024.0,-3.328694760799408,2023.0,-3.1712743937969217,2023.0,-10.509533762931838,2023.0,2.6895116567611668,2023.0,32.1938711455632,2011.0,580592.4999999997,2024,660084.4999999998,2024,668171.5,2024,1541354.1749999996,2024,1495627.981760983,1306076.7721279543,1169905.9951721155,10922672.356224498,10669328.309044717,10466907.717544964,-12.673687036120215,-21.77827578522269,13.69287600125321,11.17718839931188,False,False,False,False,True,,93.33333333333331,54.149477995479344,59.26906900988352,56.75564987113155,31.39514029002244,4164.256637027377,0.321938711455632,2.029489680620138,0.591454033591724,142.0,148.8500793395311,43.37936805813796,4.698724201550344,1.0651019383290112,256.0,344.6213483488278,78.11841052402767,13.663264537467583,2.648724201550344,636.0,1002.1130089302076,194.2669683488278,77.41377053963332
UGA,Uganda,Sub-Saharan Africa,Low income,"The reporting period for national accounts data is designated as either calendar year basis (CY) or fiscal year basis (FY). For this country, it is fiscal year-based (fiscal year-end: June 30). Also, an estimate (PA.NUS.ATLS) of the exchange rate covers the same period and thus differs from the official exchange rate (CY). In addition, the World Bank systematically assesses the appropriateness of official exchange rates as conversion factors. In this country, multiple or dual exchange rate activity exists and must be accounted for appropriately in underlying statistics. An alternative estimate (“alternative conversion factor” - PA.NUS.ATLS) is thus calculated as a weighted average of the different exchange rates in use in the country. Doing so better reflects economic reality and leads to more accurate cross-country comparisons and country classifications by income level. For this country, this applies to 1960-2009. Alternative conversion factors are used in the Atlas methodology and elsewhere in World Development Indicators as single-year conversion factors.",50015092.0,2024,2879.670092903761,2024.0,6.055580758755895,2024.0,42.652788908856174,2024.0,43.1413581135321,2024.0,31.2777698213557,2024,8.949831061,2024.0,4.61899995803833,2014.0,-3.846560001373292,2023.0,-3.324480921030045,2023.0,-3.621557354927064,2023.0,-4.86854267120361,2023.0,32.93079138315558,2024.0,5806601.441511174,2024,5024400.449587392,2024,4244925.457505183,2024,12741218.346975898,2024,13463783.63658268,17257181.59208019,21180307.11889607,52706178.05328289,66724228.751682,81051982.28214207,28.174828546638288,57.31318692129521,25.54498188613027,26.131757080496055,False,False,False,False,True,,100.0,100.0,0.3296051356012048,25.22374589153914,28.74084490799136,3000.0,0.3293079138315558,2.042754244896801,0.5969809353736668,199.0,149.822950236013,43.78473093167207,4.731885612242001,1.0768926621304893,359.0,347.0535255900324,78.98318465423375,13.75169496597867,2.681885612242001,894.0,1008.5988149067532,196.6991455900324,64.72397154997994
COD,"Congo, Dem. Rep.",Sub-Saharan Africa,Low income,"The World Bank systematically assesses the appropriateness of official exchange rates as conversion factors. In this country, multiple or dual exchange rate activity exists and must be accounted for appropriately in underlying statistics. An alternative estimate (“alternative conversion factor” - PA.NUS.ATLS) is thus calculated as a weighted average of the different exchange rates in use in the country. Doing so better reflects economic reality and leads to more accurate cross-country comparisons and country classifications by income level. For this country, this applies to the period 1999-2004. Alternative conversion factors are used in the Atlas methodology and elsewhere in World Development Indicators as single-year conversion factors.",109276265.0,2024,1602.0749798949962,2024.0,6.12675551779212,2024.0,100.55408831727506,2024.0,46.57245937410286,2024.0,44.7455804408753,2024,19.67350006,2024.0,6.37987995147705,2020.0,-11.82346403598787,2023.0,-11.69515335559844,2023.0,-9.86002957820895,2023.0,-14.314034223556549,2023.0,35.65985594608824,2024.0,11387176.551825449,2024,9463750.043153957,2024,8039589.036743746,2024,24468741.66151409,2024,25856773.599316392,33144118.23099489,40681162.03186994,115529436.51992248,148403215.5798732,182471814.79006445,28.183503265353902,57.33270771626928,22.38111288187364,22.294490838858597,False,False,False,False,True,,100.0,100.0,4.718508740361775,37.54407698644939,0.0,3000.0,0.3565985594608824,2.0918774070295885,0.6174489195956618,206.0,153.42581979021531,45.28592657925638,4.8546935175739705,1.120557695137412,374.0,356.06069947553823,82.18573536908028,14.079182713530589,2.8046935175739707,935.0,1032.617945268102,205.7063194755383,59.95893877568452
LKA,Sri Lanka,South Asia,Lower middle income,,21916000.0,2024,13752.83674038602,2024.0,5.008719309571589,2024.0,42.39750087110473,2024.0,57.46951134715525,2024.0,20.2996997058686,2024,54.59,2024.0,20.7412633848006,2023.0,-1.7659522593021395,2023.0,-0.6347377002239225,2023.0,-3.554332852363587,2023.0,-3.559789001941684,2023.0,28.885598326474305,2024.0,1715707.7718628026,2024,1615179.6019052975,2024,1557857.2345636284,2024,4031923.1293217335,2024,4033121.650732121,4038519.407450364,4042934.941947297,22027696.92722148,22537419.8843685,22963002.91155032,0.1338357031026582,0.243317510975527,18.30932059786992,17.606298956282036,False,False,False,False,True,,100.0,72.2470286575957,24.06980337875195,47.86012876626522,37.40086307194805,3000.0,0.288855983264743,1.9699407698765372,0.5666419874485573,189.0,144.4825478495168,41.559563270632005,4.549851924691344,1.012169573223589,337.0,333.70251962379206,74.23616031068161,13.266271799176916,2.4998519246913435,833.0,972.996132330112,183.348139623792,72.01004788553065
ZMB,Zambia,Sub-Saharan Africa,Lower middle income,"National accounts data were rebased to reflect the January 1, 2013, introduction of the new Zambian kwacha at a rate of 1,000 old kwacha = 1 new kwacha.",21314956.0,2024,3708.069042956468,2024.0,3.8200482551859096,2024.0,62.53488740644427,2024.0,57.18829340581525,2024.0,45.4703838491279,2024,17.10099983,2024.0,3.96159738763825,2012.0,-4.612790405750275,2023.0,-3.703891932964328,2023.0,-3.48670029640198,2023.0,1.4120910018682462,2023.0,28.1646413328316,2024.0,2401579.555979856,2024,2006485.0469659164,2024,1715741.040201166,2024,5180148.071036297,2024,5464554.455435373,6950425.412593938,8475900.11559203,22402292.90898765,28023902.28998576,33704882.90971799,27.191072378840133,55.106883547686,24.392835490705643,25.14739522547995,False,False,False,False,True,,100.0,91.07087609285664,4.768585736499442,29.39620098028529,34.25759650879603,3000.0,0.2816464133283159,1.9569635439909687,0.561234809996237,187.0,143.530751385056,41.16298141044,4.517408859977422,1.0006342613253056,334.0,331.32302846264,73.39011900893868,13.179756959939793,2.467408859977421,822.0,966.65082256704,180.96864846264,73.2449165653309
NPL,Nepal,South Asia,Lower middle income,"The reporting period for national accounts data is designated as either calendar year basis (CY) or fiscal year basis (FY). For this country, it is fiscal year-based (fiscal year-end: July 14). Also, an estimate (PA.NUS.ATLS) of the exchange rate covers the same period and thus differs from the official exchange rate (CY).",29651054.0,2024,5046.815929729462,2024.0,3.6653743074496674,2024.0,40.52982267719089,2024.0,55.218460045243646,2024.0,66.772343163029,2024,46.32189941,2024.0,21.2915596292014,2024.0,-5.654626250267029,2023.0,-3.238686233758927,2023.0,-4.629896104335781,2023.0,-1.5832949578762052,2023.0,25.229311086879108,2024.0,2942525.948124314,2024,2895589.9508136427,2024,2656562.956742557,2024,7033569.229472108,2024,7015507.81158878,6934803.663157234,6869589.123059433,30038960.44714135,31848305.745238133,33410932.75316821,-1.1503678792607497,-2.079944780166976,23.35469572568517,20.560901947306515,False,False,False,False,True,,100.0,77.94130534054334,31.925392304677885,27.971301653513223,28.14703668307568,3000.0,0.2522931108687911,1.904127599563824,0.5392198331515933,180.0,139.65557301136928,39.5483237547372,4.385318998909559,0.9536689773900656,318.0,321.63508252842314,69.94551601010602,12.827517330425492,2.3353189989095595,778.0,940.8163000757952,171.28070252842315,75.00568381665272
BEN,Benin,Sub-Saharan Africa,Lower middle income,,14462724.0,2024,3901.3258849439226,2024.0,7.453115662262007,2024.0,40.63980224015232,2024.0,48.87953999339777,2024.0,52.5455354818423,2024,33.98379898,2024.0,10.2350101470947,2022.0,-1.532888889312746,2023.0,-3.5399675369262686,2023.0,-2.0708540976047543,2023.0,-2.425916045904162,2023.0,33.49551648586414,2024.0,1537331.5000000014,2024,1302824.5000000002,2024,1128043.4999999995,2024,3347775.5750000016,2024,3508785.559058615,4334699.882160702,5159472.980685892,15134146.089783194,18562784.701768752,21963417.114688765,23.53846677719669,47.04440878028879,23.1845625002083,23.49121247274097,False,False,False,False,True,,100.0,84.93298238386397,15.218995747060823,31.313161125127472,37.26086890699847,3000.0,0.3349551648586413,2.0529192967455545,0.6012163736439811,200.0,150.56849173278724,44.09537322199469,4.757298241863886,1.0859282637738263,362.0,348.91737933196805,79.64588820692201,13.819461978303696,2.707298241863886,902.0,1013.5690915519148,198.5629993319681,63.7373003627999
ETH,Ethiopia,Sub-Saharan Africa,,"The reporting period for national accounts data is designated as either calendar year basis (CY) or fiscal year basis (FY). For this country, it is fiscal year-based (fiscal year-end: July 7). Also, an estimate (PA.NUS.ATLS) of the exchange rate covers the same period and thus differs from the official exchange rate (CY). The World Bank systematically assesses the appropriateness of official exchange rates as conversion factors. In this country, multiple or dual exchange rate activity exists and must be accounted for appropriately in underlying statistics. An alternative estimate (“alternative conversion factor” - PA.NUS.ATLS) is thus calculated by using an inflation-adjustment method. Doing so better reflects economic reality and leads to more accurate cross-country comparisons and country classifications by income level. For this country, this applies to the period 2015-2024. Alternative conversion factors are used in the Atlas methodology and elsewhere in World Development Indicators as single-year conversion factors.",132059767.0,2024,2892.2222016826404,2024.0,7.612774475110726,2024.0,17.400435858318723,2024.0,37.471940643257376,2024.0,23.6222839355469,2024,21.94129944,2024.0,5.9192507771213,2014.0,-5.380634665489196,2023.0,-4.691422879695894,2023.0,-7.147555947303799,2023.0,-13.78697443008424,2023.0,34.49036508695578,2024.0,14634804.94520059,2024,13178178.45035394,2024,11357733.457132775,2024,32923963.45126428,2024,34514312.63868072,42676742.14831792,50834847.67370932,138208798.22484663,169620730.18464798,200793671.50865185,23.649404799356887,47.28628150843694,24.972587188357355,25.316957099177767,False,False,False,False,True,,100.0,99.21298272110812,0.1397297247210518,25.0,13.517167194753515,3000.0,0.3449036508695577,2.0708265715652043,0.6086777381521683,203.0,151.88187573424972,44.642616555937366,4.80206642891301,1.1018458413912926,367.0,352.2008393356242,80.8133406526664,13.938843810434694,2.75206642891301,917.0,1022.324984894998,201.84645933562425,62.03940402273594
MRT,Mauritania,Sub-Saharan Africa,Lower middle income,National account data were adjusted to reflect the new banknote (1 new ouguiya = 10 old ouguiya),5169395.0,2024,6482.690167243336,2024.0,6.307602132908443,2024.0,93.59883558814715,2024.0,42.42948331538044,2024.0,60.6068586411829,2024,45.77939987,2024.0,5.97194330025359,2020.0,-5.345190346240997,2023.0,-4.473955452442168,2023.0,-6.979757964611054,2023.0,-3.523967921733853,2023.0,28.6360587760366,2024.0,561139.9467786287,2024,461235.9553026676,2024,387931.4617787081,2024,1196945.0598817149,2024,1266844.0673597665,1635473.1401605953,2019318.373129452,5434264.496932734,6804489.00157324,8190453.588278488,29.09821992292152,59.39754742964689,23.312153246769867,24.654536545074084,False,False,False,False,True,,100.0,74.20261978567896,20.875801230208516,44.37732314790404,21.589292718764817,3000.0,0.286360587760366,1.9654490579686588,0.5647704408202745,188.0,144.15310952803011,41.42229730334588,4.538622644921647,1.0081769404165857,336.0,332.8789238200753,73.94332624713789,13.236327053124391,2.488622644921647,830.0,970.7998768535342,182.5245438200753,72.43255941443755
NAM,Namibia,Sub-Saharan Africa,Lower middle income,Fiscal year end: March 31; reporting period for national accounts data: CY.,3030131.0,2024,10281.335640298836,2024.0,3.7115450241673074,2024.0,109.62850981893162,2024.0,54.45860916977618,2024.0,50.4088030252155,2024,64.87460327,2024.0,26.1092654658031,2022.0,0.2162765935063362,2023.0,3.118273138999942,2023.0,-0.4358255416154864,2023.0,3.8134405016899104,2023.0,37.762281090102775,2024.0,283822.49994359084,2024,260864.9999391013,2024,256820.49996823017,2024,660256.7248683958,2024,675174.9947837568,746590.0089641985,810779.8198717039,3167063.2012358312,3863987.345550694,4551740.151216674,10.577259929970362,20.08439680610184,21.318646073128388,17.812524286013637,False,False,False,False,True,,100.0,57.64364620458844,38.35731781915682,49.5670232635684,58.39088458393167,3000.0,0.3776228109010277,2.12972105962185,0.6332171081757707,211.0,156.2014095084811,46.44242229520045,4.949302649054625,1.1541964974416443,385.0,362.9996737712028,84.652926229761,14.331473730812334,2.8993026490546248,966.0,1051.1218767232074,212.6452937712028,56.42410598849016
LBN,Lebanon,Middle East & North Africa,Lower middle income,"The World Bank systematically assesses the appropriateness of official exchange rates as conversion factors. In this country, multiple or dual exchange rate activity exists and must be accounted for appropriately in underlying statistics. An alternative estimate (“alternative conversion factor” - PA.NUS.ATLS) is thus calculated as a weighted average of the different exchange rates in use in the country. Doing so better reflects economic reality and leads to more accurate cross-country comparisons and country classifications by income level. For this country, this applies to the period 1984-2024. Alternative conversion factors are used in the Atlas methodology and elsewhere in World Development Indicators as single-year conversion factors.",5805962.0,2024,11330.26873874222,2023.0,-0.7605844702573137,2023.0,104.20641006918235,2023.0,42.38046233722557,2023.0,90.703695784554,2024,80.63400269,2024.0,54.4012561547071,2023.0,-11.06267309188846,2023.0,-8.15552628040311,2023.0,-7.101231455802891,2023.0,-10.633274078369109,2023.0,27.65623148127534,2023.0,523244.5479112824,2024,475281.0441266579,2024,418014.5367794163,2024,1186632.1335886775,2024,1189219.182032936,1200930.8750409742,1210588.6828530242,5804763.047542982,5799370.82465085,5794969.298641033,0.984822073590963,1.7969354298134954,20.486954804060503,20.89033816170376,False,False,False,False,True,,100.0,58.57354897124021,74.87219413721117,28.635304703340097,3.251278643860008,3000.0,0.2765623148127534,1.947812166662956,0.557421736109565,186.0,142.85955642686116,40.88331684452549,4.494530416657391,0.9924997037004056,331.0,329.645041067153,72.79350126832105,13.11874777775304,2.4445304166573902,815.0,962.176189512408,179.29066106715297,73.6100167706615
BOL,Bolivia,Latin America & Caribbean,Lower middle income,,12413315.0,2024,11329.151806153595,2024.0,-1.1233559551721155,2024.0,46.977871614840325,2024.0,53.36246116287,2024.0,71.2361453773988,2024,79.70469666,2024.0,33.28544998168945,,-4.476367473602298,2023.0,-8.53536558151242,2023.0,-8.23983144760132,2023.0,-2.1922854483127567,2023.0,34.33212743052562,2024.0,1179044.999997527,2024,1122624.4999982608,2024,1075134.9999989776,2024,2785480.249995328,2024,2827765.5047432394,3026134.88407836,3198976.242125124,12695206.312084844,14045063.403113458,15258931.477711763,7.015057613595599,13.127352206511556,22.274277670079517,20.964615030860887,False,False,False,False,True,,93.33333333333331,72.11198014815528,56.04138090752868,23.72228066314306,17.43135530364102,3000.0,0.3433212743052561,2.0679782937494613,0.6074909557289421,202.0,151.67297278544297,44.55557366060123,4.794945734373653,1.09931403888841,366.0,351.6785819636074,80.62764914261598,13.919855291663074,2.744945734373653,915.0,1020.9322985696198,201.32420196360744,62.32788427114246
SLV,El Salvador,Latin America & Caribbean,Upper middle income,,6338193.0,2024,11669.0817135644,2024.0,2.602020161210689,2024.0,84.6596461582312,2024.0,61.03668716152938,2024.0,75.0674905102199,2024,66.47769928,2024.0,32.8347079463918,2024.0,0.3530731573700905,2023.0,-2.585501223802567,2023.0,-2.155337840318677,2023.0,0.0163267988245933,2023.0,42.0661059675436,2024.0,557956.9996370971,2024,602759.999642774,2024,630178.9996721275,2024,1444297.5491323285,2024,1423887.6567610062,1335554.0072160936,1267642.499700165,6373066.714058968,6532388.244063597,6665640.036544457,-6.203695152878142,-10.973137966253654,22.342268183383577,19.017566096433328,False,False,False,False,True,,100.0,56.67548174001864,50.74405757183206,45.66537414872057,44.36351136897068,3000.0,0.420661059675436,2.207189907415785,0.6654957947565769,222.0,161.88325369354035,48.80985737230847,5.142974768539462,1.2230576954806978,408.0,377.2042842338509,89.7034543942581,14.847932716105232,3.092974768539462,1031.0,1089.0008379569356,226.84990423385088,49.3565496942384
GUY,Guyana,Latin America & Caribbean,High income,,831087.0,2024,70516.7215064805,2024.0,43.81931080243552,2024.0,194.35075731017207,2005.0,14.46084584830349,2024.0,26.477717988557,2024,83.00080109,2024.0,26.4315792489043,2024.0,-2.061408996582033,2023.0,-2.395630389451978,2023.0,-3.941265106201171,2023.0,-0.38620426133275,2023.0,37.02230653511271,2024.0,72100.04531388455,2024,71671.044972793,2024,75545.54642428573,2024,177766.5861776061,2024,176224.41118732642,169448.51976365357,164114.90999511746,840518.1998771052,884300.699875435,921837.3159929926,-3.845035644051653,-6.871636631168299,20.96616244753448,17.80302306577107,False,False,False,False,True,,100.0,33.74267588251224,40.77362900154787,85.0,37.63067321471453,12693.00987116649,0.3702230653511271,2.116401517632029,0.6276672990133454,49.0,155.22450634859646,46.03537931191519,4.916003794080073,1.1423569045618036,90.0,360.5574158714912,83.78456786541909,14.242676784213526,2.866003794080072,226.0,1044.6091889906431,210.20303587149115,88.9637118153438
HND,Honduras,Latin America & Caribbean,Lower middle income,"The World Bank systematically assesses the appropriateness of official exchange rates as conversion factors. In this country, multiple or dual exchange rate activity exists and must be accounted for appropriately in underlying statistics. An alternative estimate (“alternative conversion factor” - PA.NUS.ATLS) is thus calculated as a weighted average of the different exchange rates in use in the country. Doing so better reflects economic reality and leads to more accurate cross-country comparisons and country classifications by income level. For this country, this applies to the period 1988-1989. Alternative conversion factors are used in the Atlas methodology and elsewhere in World Development Indicators as single-year conversion factors.",10825703.0,2024,6585.855357178611,2024.0,3.553970032966689,2024.0,91.1101585856976,2024.0,58.40900330016356,2024.0,58.7850728104829,2024,58.62269974,2024.0,23.3177890777588,2024.0,-5.566559314727782,2023.0,-7.66505694389344,2023.0,-3.856208503246308,2023.0,-3.21452012658119,2023.0,45.7711231077315,2024.0,1062319.9517564245,2024,1058579.9518148347,2024,987700.4548821358,2024,2565365.1082682204,2024,2613410.229553889,2840994.5514877574,3042269.229317932,11158226.24178649,12785593.977207031,14298613.00780517,8.708327508640611,16.40993805389863,23.42137695476112,21.276673672175413,False,False,False,False,True,,100.0,72.20612977108189,36.40445466285285,41.67167295099754,21.62574866412761,3000.0,0.457711231077315,2.273880215939167,0.6932834233079862,231.0,166.77456100575588,50.84790208573161,5.309700539847917,1.282337969723704,427.0,389.43255251438967,94.05128311622744,15.29253477292778,3.259700539847917,1087.0,1121.609553371706,239.07817251438968,43.55247219629934
NER,Niger,Sub-Saharan Africa,Low income,,27032412.0,2024,1803.4369300531985,2024.0,10.300000000779292,2024.0,49.97598373513892,2024.0,45.02858336126775,2024.0,18.0497398450803,2024,15.55760002,2024.0,4.15170730347346,2019.0,-4.486411511898043,2023.0,-4.9566208720207205,2023.0,-5.718477010726928,2023.0,-11.68201720714567,2023.0,35.86801309861662,2024.0,3066397.4431319134,2024,2480574.453959896,2024,1953341.463698174,2024,6425975.555755988,2024,6909842.713583182,9579637.569739835,12554562.410432218,28632371.999615468,37088025.503625855,45920810.23958141,38.63756335449495,81.69100124019899,24.13297338298057,27.33959253970397,False,False,False,False,True,,100.0,94.22683422731788,0.0,27.99784602938665,16.63935489165192,3000.0,0.3586801309861662,2.0956242357751,0.6190100982396247,206.0,153.70062569899457,45.40042904124773,4.864060589437749,1.1238882095778662,375.0,356.74771424748644,82.43000728799518,14.104161571833997,2.814060589437748,938.0,1034.4499846599638,206.3933342474864,59.61411385648482
BFA,Burkina Faso,Sub-Saharan Africa,Low income,,23548781.0,2024,2547.672328522092,2024.0,4.799809516671587,2024.0,60.50242229123484,2024.0,43.947133130068536,2024.0,28.3352514896662,2024,28.25270081,2024.0,10.0419678526515,2024.0,-5.783592402935026,2023.0,-5.192452788352963,2023.0,-3.399434864521024,2023.0,-14.246621131897,2023.0,33.90985618324973,2024.0,2686934.5000000065,2024,2199991.9999999995,2024,1825645.0000000005,2024,5708466.750000006,2024,6021275.985030509,7655072.241076744,9331696.242339756,24568200.670744523,29730039.77283121,34784469.60581279,27.133721492056107,54.9787165633876,24.508412584730152,26.82719141067584,False,False,False,False,True,,100.0,92.19313790158252,5.424369623585397,23.94547634756778,17.332107209505352,3000.0,0.3390985618324973,2.060377411298495,0.604323921374373,201.0,151.1154967033123,44.32329195971346,4.775943528246238,1.0925576989319956,364.0,350.2848917582807,80.1321148473887,13.869182741989968,2.725943528246238,909.0,1017.2157913554154,199.93051175828077,63.03609742084818
MDG,Madagascar,Sub-Saharan Africa,Low income,,31964956.0,2024,1657.0497062296852,2024.0,4.199999999886472,2024.0,54.979588143715205,2024.0,47.71761506144672,2024.0,32.4339893339844,2024,18.67790031,2024.0,6.1466638463036,2023.0,-7.159432888030992,2023.0,-6.824622154235838,2023.0,-5.5968261957168615,2023.0,-4.835219562053679,2023.0,28.9342538137932,2024.0,3408798.500612444,2024,3041950.50030222,2024,2695221.500110723,2024,7663598.675964489,2024,8003791.130121109,9731487.173891708,11430878.46356616,33385634.095741387,40601722.766728535,47701164.70154093,21.58597114395784,42.81830044949204,23.973758015703105,23.96352067100973,False,False,False,False,True,,100.0,93.215700304018,0.7319559432471485,22.46474053797744,15.822608629783373,3000.0,0.289342538137932,1.9708165686482777,0.567006903603449,189.0,144.5467820843118,41.58632753512992,4.552041421620694,1.0129480610206911,338.0,333.8631052107795,74.29325740827717,13.272110457655184,2.502041421620694,834.0,973.4243605620788,183.50872521077952,71.8447050924441
TGO,Togo,Sub-Saharan Africa,Low income,,9515236.0,2024,2960.7754256910853,2024.0,6.532045055637909,2024.0,61.57509239689401,2022.0,49.160730242495966,2024.0,43.8148491605996,2024,39.48320007,2024.0,14.9029897765252,2020.0,-4.046364307403565,2023.0,-3.69249814748764,2023.0,-3.452611356973646,2023.0,-6.67936599254608,2023.0,33.260898669220815,2024.0,1008173.5527043504,2024,846816.0442264562,2024,723949.537805221,2024,2180766.888943156,2024,2280673.811464389,2790010.679796143,3293926.044011381,9913887.01918468,11924873.201571422,13882793.685028624,22.33273630676349,44.42775759749691,23.00483964615477,23.72668008142764,False,False,False,False,True,,100.0,79.14974870070522,17.799835411288417,32.086576523285885,26.09263239252867,3000.0,0.3326089866922082,2.0486961760459748,0.5994567400191562,200.0,150.25875285744556,43.96631535726898,4.746740440114937,1.082174378707533,361.0,348.1430321436139,79.37056476217381,13.791307840306498,2.6967404401149366,899.0,1011.5041657163036,197.78865214361383,64.12276400616321
AFG,Afghanistan,Middle East & North Africa,Low income,"The reporting period for national accounts data is designated as either calendar year basis (CY) or fiscal year basis (FY). For this country, it is fiscal year-based (fiscal year-end: March 20). Also, an estimate (PA.NUS.ATLS) of the exchange rate covers the same period and thus differs from the official exchange rate (CY).

In addition, the World Bank systematically assesses the appropriateness of official exchange rates as conversion factors. In this country, multiple or dual exchange rate activity exists and must be accounted for appropriately in underlying statistics. An alternative estimate (“alternative conversion factor” - PA.NUS.ATLS) is thus calculated as a weighted average of the different exchange rates in use in the country. Doing so better reflects economic reality and leads to more accurate cross-country comparisons and country classifications by income level. For this country, this applies to the period 1960-2006. Alternative conversion factors are used in the Atlas methodology and elsewhere in World Development Indicators as single-year conversion factors.",42647492.0,2024,1983.8126199290875,2023.0,2.266943736491882,2023.0,67.58466515163852,2023.0,46.37436986919928,2023.0,25.7007352636188,2024,16.09499931,2024.0,10.85435962677,2020.0,-13.90909588336947,2023.0,-11.54748642444614,2023.0,-8.864976763725249,2023.0,-17.38856387138367,2023.0,18.792459914254948,2023.0,4771935.000000001,2024,4264188.999999997,2024,3596081.4999999995,2024,10654360.674999995,2024,11161151.977243043,13757082.581672972,16343846.538260529,44558607.45469123,54275410.91296511,63849515.1405972,23.258626078409115,46.43512221305384,25.04825131393996,25.59744815958466,False,False,False,False,True,,100.0,98.10207880609154,2.7838771662113877,16.575326922899485,0.0,3000.0,0.25,1.9,0.5375,179.0,139.35284,39.422185,4.375,0.95,317.0,320.87825,69.67642,12.8,2.325,775.0,938.79808,170.52387,75.11538786306906
MLI,Mali,Sub-Saharan Africa,Low income,,24478595.0,2024,2916.185295371537,2024.0,4.992269174829218,2024.0,49.8960414309506,2024.0,36.31495770028896,2024.0,31.6075621182225,2024,36.80149841,2024.0,5.12750941173932,2015.0,-7.97018659114839,2023.0,-6.843548238277436,2023.0,-4.756928801536561,2023.0,-19.1039535999298,2023.0,33.02245391223352,2024.0,2778269.943043739,2024,2215685.4545426606,2024,1724710.964588722,2024,5770075.331651324,2024,6143312.289378168,8145121.861980771,10283038.359820535,25781758.403165963,32559651.500878364,39471318.8670022,32.585183339348475,67.38589665382932,23.82813535566984,26.05192492926072,False,False,False,False,True,,100.0,92.63810151967088,7.575097346842823,22.01036823614958,9.582846306332776,3000.0,0.3302245391223352,2.0444041704202034,0.5976684043417514,199.0,149.9439617136312,43.83515238067967,4.736010426050509,1.0783592625957366,359.0,347.3560542840781,79.09075041211666,13.762694469468023,2.686010426050508,895.0,1009.4055580908748,197.00167428407804,64.61067713796388
BWA,Botswana,Sub-Saharan Africa,Upper middle income,,2521139.0,2024,18068.505071428324,2024.0,-2.989868794679282,2024.0,71.10525790521241,2024.0,63.49448699832582,2024.0,67.4623537838418,2024,57.45950036,2024.0,21.4087908549348,2024.0,3.015798956155776,2023.0,2.733054667711256,2023.0,3.482043564319614,2023.0,7.269079923629791,2023.0,37.47056055413694,2024.0,245230.9999975761,2024,246031.999999173,2024,246564.9999993988,2024,602217.2499964786,2024,610514.0532354573,649287.1352754808,682871.4268204255,2588956.2764605754,2917429.5644578515,3218018.6001385385,6.350890996618852,11.851876824375427,23.581474078430777,21.220244867168493,False,False,False,False,True,,100.0,53.95103671174853,37.457918711417946,39.14602408123596,71.9126754942653,3252.330912857098,0.3747056055413694,2.124470089974465,0.631029204156027,194.0,155.81628449105114,46.28195353793798,4.936175224936163,1.149528968866191,353.0,362.0368612276279,84.31059288093435,14.296467266496434,2.8861752249361623,887.0,1048.5543766070075,211.6824812276279,59.795788167857566
LAO,Lao PDR,East Asia & Pacific,Lower middle income,"The World Bank systematically assesses the appropriateness of official exchange rates as conversion factors. In this country, multiple or dual exchange rate activity exists and must be accounted for appropriately in underlying statistics. An alternative estimate (“alternative conversion factor” - PA.NUS.ATLS) is thus calculated as a weighted average of the different exchange rates in use in the country. Doing so better reflects economic reality and leads to more accurate cross-country comparisons and country classifications by income level. For this country, this applies to the period 1960-2020. Alternative conversion factors are used in the Atlas methodology and elsewhere in World Development Indicators as single-year conversion factors.",7769819.0,2024,8600.324546655535,2024.0,4.130192644369373,2024.0,75.09189092041244,2016.0,43.53465035847397,2024.0,39.5552154401406,2024,65.59269714,2024.0,14.8841695785522,2023.0,-4.502950191497799,2023.0,-5.830338716506956,2023.0,-6.494585394859316,2023.0,5.701232373714445,2023.0,21.726845607222327,2024.0,737087.4999954022,2024,714349.9999967834,2024,690983.9999980129,2024,1762380.2999912917,2024,1779245.2797076409,1857157.2994392167,1923454.1710682355,7963678.264846203,8897670.621895585,9745464.376136623,4.378936429966429,8.105059656771463,22.342003538260748,19.73691654733385,False,False,False,False,True,,100.0,65.1950554276202,28.76024981386933,37.32690595695475,32.34216589991722,3000.0,0.25,1.9,0.5375,179.0,139.35284,39.422185,4.375,0.95,317.0,320.87825,69.67642,12.8,2.325,775.0,938.79808,170.52387,75.11538786306906
MOZ,Mozambique,Sub-Saharan Africa,Low income,,34631766.0,2024,1500.3142744635054,2024.0,2.14854964610538,2024.0,95.65942035119404,2024.0,41.096446399804535,2024.0,36.4332337447237,2024,20.52729988,2024.0,7.4630510423433,2018.0,-5.016402363777161,2023.0,-7.1842640638351085,2023.0,-4.959698796272277,2023.0,-8.880839109420812,2023.0,38.512069719408025,2024.0,3767480.5,2024,3219884.500000002,2024,2715651.9999999986,2024,8209408.400000001,2024,8626711.327155583,10783148.463194678,12960759.697194722,36395690.77878686,45513364.73563376,54724366.52933625,24.99720987824128,50.2398678439165,23.702562425834326,23.68370895667985,False,False,False,False,True,,100.0,96.27520220051846,2.749840444257302,19.185276122678424,15.243107163710084,3000.0,0.3851206971940802,2.1432172549493447,0.6388405228955601,213.0,157.19126906010274,46.8548637750428,4.983043137373361,1.1661931155105285,389.0,365.4743226502568,85.532801386758,14.421448366328963,2.933043137373361,978.0,1057.7209404006849,215.11994265025683,55.173223936652015
TJK,Tajikistan,Europe & Central Asia,Lower middle income,,10590927.0,2024,4755.932967047187,2024.0,8.399999809839812,2024.0,65.63470103673535,2023.0,34.70826662007408,2023.0,26.1788063651548,2024,55.79339981,2024.0,35.6398418742497,2024.0,-5.406226038932802,2023.0,-8.940618515014622,2023.0,-8.24756026268006,2023.0,-3.3097505271434797,2023.0,24.80960457586042,2024.0,929794.4559810058,2024,877335.9593118074,2024,872636.959161877,2024,2199817.046915658,2024,2223435.918779115,2332898.589645996,2426503.526254907,10992624.46820431,12997348.657560064,14917596.754530191,4.923131354601229,9.1330541960164,20.226615811449825,16.266048520972546,False,False,False,False,True,,100.0,68.09540548144827,33.31822104215595,35.229678693679915,14.047156966812874,3000.0,0.25,1.9,0.5375,179.0,139.35284,39.422185,4.375,0.95,317.0,320.87825,69.67642,12.8,2.325,775.0,938.79808,170.52387,75.11538786306906
FJI,Fiji,East Asia & Pacific,Upper middle income,,928784.0,2024,13592.463593743454,2024.0,3.530858960763524,2024.0,98.42496729666526,,54.56842105263158,2024.0,59.0766602292457,2024,74.7052002,2024.0,75.0089752283697,2024.0,3.4354507923126225,2023.0,2.134327679872514,2023.0,-0.6315616741776467,2023.0,5.210404217243196,2023.0,41.58975422644214,2024.0,81791.00000000001,2024,74322.0,2024,73267.0,2024,189083.15,2024,188568.6829544088,186270.84873339423,184415.25563178305,932699.700129766,950525.6492372102,965353.440131203,-1.2185661929717817,-2.2026071654909773,20.2175129817425,19.10339239136277,False,False,False,False,True,,93.33333333333331,35.984407098908875,74.19448321336695,50.60325677679055,63.82474274554789,3000.0,0.4158975422644214,2.1986155760759587,0.661923156698316,221.0,161.25438136548468,48.547827235618605,5.121538940189897,1.2154360676230742,405.0,375.63210341371166,89.1444567693197,14.790770507173058,3.071538940189896,1024.0,1084.8083557698978,225.27772341371164,50.164309602609016
NIC,Nicaragua,Latin America & Caribbean,Lower middle income,"The World Bank systematically assesses the appropriateness of official exchange rates as conversion factors. In this country, multiple or dual exchange rate activity exists and must be accounted for appropriately in underlying statistics. An alternative estimate (“alternative conversion factor” - PA.NUS.ATLS) is thus calculated as a weighted average of the different exchange rates in use in the country. Doing so better reflects economic reality and leads to more accurate cross-country comparisons and country classifications by income level. For this country, this applies to the period 1988-2006. Alternative conversion factors are used in the Atlas methodology and elsewhere in World Development Indicators as single-year conversion factors.",6916140.0,2024,7661.602027228183,2024.0,3.5878302292344983,2024.0,98.52583771001588,2024.0,46.82840693825443,2024.0,59.2628402709961,2024,61.39550018,2024.0,30.3635101318359,2023.0,-7.594618916511549,2023.0,-8.947308421134931,2023.0,-6.146411955356597,2023.0,-0.8788503259420362,2023.0,32.69726849636607,2024.0,651709.045684516,2024,619331.0434754028,2024,605266.5426350359,2024,1543410.0333456849,2024,1554387.2231511355,1604758.7835535803,1647177.026128705,7072073.57698213,7818442.481640179,8489164.26455508,3.2406056645479357,5.969542311951148,21.97922866937196,19.4032884132798,False,False,False,False,True,,100.0,62.96948338227445,41.96602991522944,39.49771615359155,16.009698716392847,3000.0,0.3269726849636607,2.0385508329345896,0.5952295137227455,198.0,149.51465687042136,43.65627536267555,4.721377082336473,1.0731562959418572,358.0,346.2827921760533,78.70914610704119,13.72367221956393,2.6713770823364733,890.0,1006.543525802809,195.9284121760533,65.11016605371441
GIN,Guinea,Sub-Saharan Africa,Lower middle income,,14754785.0,2024,4016.341913860717,2024.0,5.350046590517081,2024.0,97.77781773127477,2024.0,36.3402000064846,2024.0,38.0713036688655,2024,33.30469894,2024.0,10.8547201156616,2014.0,-6.355570197105409,2023.0,-7.79776275157929,2023.0,-7.532402038574208,2023.0,-6.145126044750215,2023.0,37.12688028712607,2024.0,1600487.4445047022,2024,1392843.4518030258,2024,1245919.457037083,2024,3553994.6519744154,2024,3702424.832673872,4450911.008528358,5179252.35063191,15391852.757401785,18616668.513422765,21772923.56476496,20.21610727243135,39.88811615903845,24.05444549807958,23.787583395614707,False,False,False,False,True,,100.0,83.39356956718488,10.733022413735636,35.475998832782935,11.73280540775766,3000.0,0.3712688028712607,2.118283845168269,0.6284516021534454,209.0,155.36256302648349,46.09290292770144,4.920709612920673,1.144030084594017,381.0,360.9025575662087,83.90728491242974,14.25522563445513,2.870709612920673,957.0,1045.5295668432232,210.54817756620864,57.54682345504442
SOM,"Somalia, Fed. Rep.",Sub-Saharan Africa,Low income,"The World Bank systematically assesses the appropriateness of official exchange rates as conversion factors. In this country, multiple or dual exchange rate activity exists and must be accounted for appropriately in underlying statistics. An alternative estimate (“alternative conversion factor” - PA.NUS.ATLS) is thus calculated as a weighted average of the different exchange rates in use in the country. Doing so better reflects economic reality and leads to more accurate cross-country comparisons and country classifications by income level. For this country, this applies to the period 1977-2017. Alternative conversion factors are used in the Atlas methodology and elsewhere in World Development Indicators as single-year conversion factors.",19009151.0,2024,1409.3349223328275,2024.0,4.111393357794711,2024.0,130.32506058327067,2024.0,47.880788964975935,,54.6176465524521,2024,27.94020081,2024.0,2.41033005714417,1987.0,-13.861417889595009,2023.0,-15.48403263092042,2023.0,-13.15872740745542,2023.0,-16.643206357955936,2023.0,39.29792665226086,2024.0,2048095.498854361,2024,1737428.999523211,2024,1440345.0000040166,2024,4433679.74837938,2024,4715170.975733573,6220087.699492499,7819620.455400051,20136768.890928093,26098261.53799892,32328988.47640269,31.916482594245625,65.83959512058833,23.4157277231196,24.18764342443836,False,False,False,False,True,,93.33333333333331,89.54572534075086,10.5961564855808,35.70146842874107,0.0,3000.0,0.3929792665226086,2.157362679740696,0.6447344498919565,215.0,158.22874543782967,47.287145599095695,5.018406699351739,1.178766826436174,393.0,368.06801359457415,86.45500261140415,14.515751198271303,2.968406699351739,989.0,1064.6374495855312,217.7136335945742,53.888547421039085
GAB,Gabon,Sub-Saharan Africa,Upper middle income,,2538952.0,2024,18923.66166116509,2024.0,3.3940389959240065,2024.0,92.04680551512556,2024.0,36.82191091358106,2024.0,91.8632094677575,2024,68.72090149,2024.0,7.65526008605957,2003.0,-5.458665072917938,2023.0,-6.108853518962859,2023.0,-4.933736920356749,2023.0,-2.348691105842592,2023.0,38.261167374423344,2024.0,236497.0472062016,2024,205982.54107141495,2024,190352.53752360103,2024,528138.230163237,2024,544384.9638366669,623906.4007787519,697854.3412757873,2647516.6548977518,3196448.0291884057,3732790.526285764,14.607574092723109,28.191332904846035,20.562097799444867,18.695245188863375,False,False,False,False,True,,100.0,57.622028565009785,42.38232056596028,47.35639207128669,23.375262447780518,3406.259099009716,0.3826116737442334,2.13870101273962,0.636958755308175,187.0,156.8600315979696,46.71684816582066,4.9717525318490505,1.1621786779907737,341.0,364.646228994924,85.2383680870841,14.391340084930802,2.9217525318490507,858.0,1055.512690653131,214.291848994924,60.05968073925325
COG,"Congo, Rep.",Sub-Saharan Africa,Lower middle income,,6332961.0,2024,6181.4707163596695,2024.0,2.579669439217213,2024.0,93.18812208397524,2024.0,45.01837302083081,2024.0,63.8866111699904,2024,47.25159836,2024.0,10.3812103271484,2023.0,-9.34001183509828,2023.0,-7.144111275672911,2023.0,-8.67584443092346,2023.0,0.1341340467333797,2023.0,35.32765480340379,2024.0,674090.0000000009,2024,539595.5000000007,2024,453197.50000000064,2024,1417624.375000002,2024,1493141.481962807,1885949.2934634855,2286564.0951732104,6608259.226869455,8002915.46967607,9369564.386819487,26.30747429133869,53.137805277997565,22.595080348719254,24.404166520161866,False,False,False,False,True,,100.0,75.99712940496079,25.10352291132087,30.91425441340906,14.071235364954047,3000.0,0.3532765480340379,2.085897786461268,0.6149574110255285,205.0,152.98725289110067,45.10319037129194,4.839744466153171,1.1152424768544609,372.0,354.96428222775165,81.79589812542281,14.039318576408457,2.7897444661531705,930.0,1029.6941659406712,204.6099022277517,60.54843300795195
MWI,Malawi,Sub-Saharan Africa,Low income,,21655286.0,2024,1634.24660266597,2024.0,1.673434085291504,2024.0,42.43766839909665,2023.0,44.20655908107665,2024.0,17.268503531213,2024,18.96159935,2024.0,2.70813684546823,2022.0,-6.016545832157133,2023.0,-1.088468566536904,2023.0,-5.406174302101132,2023.0,-1.649309486150739,2023.0,28.131215069329173,2024.0,2571019.9981218223,2024,2119470.9986757142,2024,1767226.4995207211,2024,5485742.921581861,2024,5806813.026230989,7500644.840563691,9265322.658349292,22650422.67230665,27725670.10654516,32749785.746799037,29.169732290004745,59.559514254983824,25.636665197116347,28.291246635880317,False,False,False,False,True,,100.0,91.85312377581552,0.0,8.713598590079622,29.251596374146047,3000.0,0.2813121506932917,1.9563618712479247,0.5609841130199688,187.0,143.4866225400593,41.14459439169138,4.515904678119813,1.000099441109267,333.0,331.21270635014827,73.35089336894163,13.1757458083195,2.465904678119813,822.0,966.356630267062,180.8583263501483,73.39231517453598
GMB,"Gambia, The",Sub-Saharan Africa,Low income,,2759988.0,2024,3057.6841774689096,2024.0,5.55126069510321,2024.0,42.17061722748818,2024.0,56.78981923120492,2024.0,64.2994103409645,2024,49.49430084,2024.0,13.4765901565552,2024.0,-4.134154200553895,2023.0,-2.620201826095581,2023.0,-4.47711473703384,2023.0,-0.0841395063325761,2023.0,25.0701222461677,2024.0,304410.0558213047,2024,257238.0470682272,2024,227697.5414751427,2024,664111.996553346,2024,693385.3777308834,841927.6443058148,987850.009344994,2876342.614467748,3463705.9343072865,4036183.995508823,21.422757292782645,42.46767253410386,24.10649462422232,24.47485076111998,False,False,False,False,True,,100.0,64.7565723688496,28.09313219861739,29.822177847918617,33.443499583931214,3000.0,0.250701222461677,1.9012622004310185,0.5380259168462578,179.0,139.44541432353245,39.46075763480519,4.378155501077546,0.9511219559386832,317.0,321.1096858088311,69.7587082875844,12.808414669540124,2.3281555010775463,776.0,939.415242156883,170.7553058088311,75.11538786306906
BIH,Bosnia and Herzegovina,Europe & Central Asia,Upper middle income,,3164253.0,2024,20527.6935527158,2024.0,2.9715174617652025,2024.0,95.15629571081716,2024.0,56.55885660469075,2024.0,52.1224302754935,2024,86.10091103,2024.0,45.5027618408203,2023.0,-6.77468776702881,2023.0,-2.462736815214157,2023.0,-0.9890377819538088,2023.0,-2.473613232374193,2023.0,37.370740583123535,2024.0,163666.499783841,2024,168461.9997660996,2024,171292.4997325066,2024,409210.1244295685,2024,393759.1847906579,331138.87481329066,287733.7079335932,3101272.758310631,2833018.4400266027,2631890.841840131,-15.90319982266809,-26.92647713435133,12.69669633976832,10.932585172583346,False,False,False,False,True,,100.0,38.48964235779869,60.19632289332871,54.26757095215039,31.292760321364973,3694.984839488844,0.3737074058312353,2.122673330496224,0.6302805543734264,171.0,155.68450368258283,46.22704486774284,4.93168332624056,1.1479318493299766,311.0,361.7074092064571,84.19345438451806,14.284488869974826,2.881683326240559,780.0,1047.6758378838856,211.35302920645705,64.32779961116682
MMR,Myanmar,East Asia & Pacific,Lower middle income,"The reporting period for national accounts data is designated as either calendar year basis (CY) or fiscal year basis (FY). For this country, it is fiscal year-based (fiscal year-end: September 30). Also, an estimate (PA.NUS.ATLS) of the exchange rate covers the same period and thus differs from the official exchange rate (CY). 	  

In addition, the World Bank systematically assesses the appropriateness of official exchange rates as conversion factors. In this country, multiple or dual exchange rate activity exists and must be accounted for appropriately in underlying statistics. An alternative estimate (“alternative conversion factor” - PA.NUS.ATLS) is thus calculated as a weighted average of the different exchange rates in use in the country. Doing so better reflects economic reality and leads to more accurate cross-country comparisons and country classifications by income level. For this country, this applies to the period 1960-2014. Alternative conversion factors are used in the Atlas methodology and elsewhere in World Development Indicators as single-year conversion factors.",54500091.0,2024,5276.294339878527,2024.0,-0.9720464136336204,2024.0,98.42496729666526,,41.353452684918935,2024.0,30.4499084074136,2024,45.4477005,2020.0,20.3723297119141,2018.0,-12.269614100456227,2023.0,-11.31858599185944,2023.0,-10.05794548988341,2023.0,-14.87689089775084,2023.0,22.660406998804717,2024.0,4395052.500000001,2024,4504093.499999999,2024,4392217.0,2024,10875643.65,2024,10834458.717340527,10651048.056399208,10503611.722094914,55163782.6909954,58251845.757144935,60908667.95756867,-1.6928456300984496,-3.0536550452316846,19.64052896450315,17.244855411075704,False,False,False,False,True,,93.33333333333331,82.67570756087632,19.61735267593268,17.477745961469715,0.0,3000.0,0.25,1.9,0.5375,179.0,139.35284,39.422185,4.375,0.95,317.0,320.87825,69.67642,12.8,2.325,775.0,938.79808,170.52387,75.11538786306906
YEM,"Yemen, Rep.",Middle East & North Africa,Low income,"The World Bank systematically assesses the appropriateness of official exchange rates as conversion factors. In this country, multiple or dual exchange rate activity exists and must be accounted for appropriately in underlying statistics. An alternative estimate (“alternative conversion factor” - PA.NUS.ATLS) is thus calculated as a weighted average of the different exchange rates in use in the country. Doing so better reflects economic reality and leads to more accurate cross-country comparisons and country classifications by income level. Alternative conversion factors are used in the Atlas methodology and elsewhere in World Development Indicators as single-year conversion factors.",40583164.0,2024,14138.417778599354,,0.7524475929625538,2018.0,56.07782272150765,2018.0,41.81186184279609,2018.0,36.8077517596594,2024,17.49099922,2019.0,8.80690002441406,2011.0,-15.927942991256728,2023.0,-12.872833847999582,2023.0,-12.9013550281525,2023.0,-17.94057083129885,2023.0,43.571742351282936,2013.0,4183460.9489288176,2024,3658906.955191445,2024,3273383.9596352368,2024,9315390.68595612,2024,9641639.498486925,11257061.998902168,12785980.193654263,42667871.78020304,53456292.3589375,64374447.8846346,16.75464531388833,32.612095646811824,22.596954327027003,19.86188715213218,False,False,False,False,True,,93.33333333333331,92.28176284557816,3.6500321879863824,26.81566269274802,0.0,3000.0,0.4357174235128294,2.234291362323093,0.6767880676346221,226.0,163.87097196168,49.63807331736666,5.210728405807732,1.2471478776205271,416.0,382.1735799041999,91.4703150770489,15.028609082153952,3.160728405807732,1054.0,1102.2522930778666,231.8191999042,46.95217263673761
DJI,Djibouti,Middle East & North Africa,Lower middle income,,1168722.0,2024,6871.124404531289,2024.0,6.980484672763339,2024.0,241.23746309828667,2024.0,76.08475938762741,2024.0,72.9052635052978,2024,65.29889679,2024.0,5.16012001037598,2011.0,-5.120327889919285,2023.0,-7.876174092292799,2023.0,-6.531374454498292,2023.0,-3.616906881332395,2023.0,45.487792324711485,2024.0,115161.5000000001,2024,114351.00000000004,2024,99624.5,2024,274343.52500000014,2024,281208.6439636492,314290.64087444847,344328.6894122935,1199264.0741000543,1346886.6385717865,1481547.0107028494,11.764217644417664,22.445983366287827,23.448433921834305,23.241158527189977,False,False,False,False,True,,100.0,48.213173535411286,33.92056455523554,70.5966047346825,17.95767128103833,3000.0,0.4548779232471148,2.2687802618448067,0.6911584424353361,230.0,166.40051201264075,50.69204833860032,5.296950654612017,1.277804677195384,426.0,388.4974300316019,93.71879512234736,15.258535078965378,3.246950654612017,1082.0,1119.115893417605,238.14305003160192,43.952767318855344
TCD,Chad,Sub-Saharan Africa,Low income,,20299123.0,2024,2412.8658553920027,2024.0,4.199258540858651,2024.0,47.86798929516993,2024.0,29.781004684500047,2024.0,26.9315292389497,2024,12.62689972,2024.0,4.39665967267065,2020.0,-10.3540412187576,2023.0,-9.47967457771299,2023.0,-8.09494495391848,2023.0,-10.91624033451077,2023.0,35.05939209622798,2024.0,2210761.001003901,2024,1845970.5003235908,2024,1552037.9999694994,2024,4755148.601313767,2024,5120974.867645802,7148272.894089914,9421995.467788896,21639586.731788084,28855031.67546057,36602971.1934749,39.58812684773232,83.98831689873816,23.66484596548788,25.741067352118467,False,False,False,False,True,,100.0,90.7886386481988,0.0,18.572421904502928,0.8400971772695175,3000.0,0.3505939209622798,2.081069057732104,0.6129454407217099,204.0,152.6330965426803,44.9556252261168,4.827672644330259,1.1109502735396477,370.0,354.07889135670075,81.4810924823825,14.00712705154736,2.7776726443302597,926.0,1027.3331236178688,203.7245113567008,61.06218805804152
MDA,Moldova,Europe & Central Asia,Upper middle income,"Excluding Transnistria. For 1950-94, World Bank estimates using UN World Population Prospects' growth rates of whole Moldova.",2402306.0,2024,16376.61137042646,2024.0,0.1030593643712052,2024.0,88.66611542868309,2024.0,62.26595667893283,2024.0,43.516471862793,2024,77.3687973,2024.0,74.7109378669046,2024.0,-1.154663965106008,2023.0,-1.0686100721359282,2023.0,0.7384863719344161,2023.0,-4.785897254943847,2023.0,40.69943996741589,2024.0,146848.50660614512,2024,119562.7835691116,2024,124177.48715589744,2024,322291.15939541056,2024,302579.4459833638,227771.3317323488,181093.55833971692,2332309.284216965,2041720.5923741576,1832479.57615828,-24.723461968110023,-40.15007934488924,12.973384277589492,9.88243256273406,False,False,False,False,True,,100.0,34.8760849181118,70.40928003132333,41.77321772426078,42.37320701890057,3000.0,0.4069943996741589,2.1825899194134863,0.6552457997556191,218.0,160.07900201349497,48.058085838956224,5.081474798533715,1.2011910394786542,400.0,372.6936550337373,88.09967512310662,14.683932796089907,3.031474798533715,1010.0,1076.9724934232995,222.33927503373732,51.63142275397283
BDI,Burundi,Sub-Saharan Africa,Low income,"The World Bank systematically assesses the appropriateness of official exchange rates as conversion factors. In this country, multiple or dual exchange rate activity exists and must be accounted for appropriately in underlying statistics. An alternative estimate (“alternative conversion factor” - PA.NUS.ATLS) is thus calculated as a weighted average of the different exchange rates in use in the country. Doing so better reflects economic reality and leads to more accurate cross-country comparisons and country classifications by income level. For this country, this applies to the period 1983-2024. Alternative conversion factors are used in the Atlas methodology and elsewhere in World Development Indicators as single-year conversion factors.",14047786.0,2024,1051.25931339275,2024.0,4.112273762649437,2024.0,60.50242229123484,,43.22195252648998,2024.0,24.8302838651025,2024,8.595999718,2024.0,6.38454008102417,2025.0,-8.400793910026561,2023.0,-8.757394194602968,2023.0,-6.900111198425291,2023.0,-8.206820845603941,2023.0,18.3627278106685,2024.0,1616169.9999999984,2024,1188601.0000000002,2024,931980.5000000002,2024,3224162.2249999987,2024,3429191.205492628,4525622.998296504,5691467.464363393,14735918.416487778,18274233.68897428,21820513.73308757,31.97348083267249,65.97113206307121,23.270970349942772,26.083104797542543,False,False,False,False,True,,93.33333333333331,85.85655422675387,0.1793329921293444,20.92705387358203,5.540863335691518,3000.0,0.25,1.9,0.5375,179.0,139.35284,39.422185,4.375,0.95,317.0,320.87825,69.67642,12.8,2.325,775.0,938.79808,170.52387,75.11538786306906
BTN,Bhutan,South Asia,Lower middle income,,791524.0,2024,14610.29591195358,2023.0,4.632157045239268,2023.0,81.73662786885451,2023.0,52.790780093676815,2023.0,42.5645249803412,2024,91.27739716,2024.0,13.011259392916,2024.0,3.964137375354766,2023.0,4.673852801322936,2023.0,-2.807215869426724,2023.0,6.879602968692781,2023.0,23.62805697546114,2023.0,67772.4560427909,2024,72906.45256155555,2024,74424.45404406177,2024,174169.91292417425,2024,171686.86445089334,160943.99370875812,152689.27764881516,801948.7349394358,850585.4346067812,892605.7474165665,-6.257246747731216,-11.065253514203444,21.408708184302995,17.106015515891276,False,False,False,False,True,,100.0,32.1256180160309,40.71360101753764,51.97254129781671,66.99042516668771,3000.0,0.25,1.9,0.5375,179.0,139.35284,39.422185,4.375,0.95,317.0,320.87825,69.67642,12.8,2.325,775.0,938.79808,170.52387,75.11538786306906
ZWE,Zimbabwe,Sub-Saharan Africa,Lower middle income,"National Accounts data are reported in Zimbabwe Gold (ZIG). 
The World Bank systematically assesses the appropriateness of official exchange rates as conversion factors. In this country, multiple or dual exchange rate activity exists and must be accounted for appropriately in underlying statistics. An alternative estimate (“alternative conversion factor” - PA.NUS.ATLS) is thus calculated as a weighted average of the different exchange rates in use in the country. Doing so better reflects economic reality and leads to more accurate cross-country comparisons and country classifications by income level. Alternative conversion factors are used in the Atlas methodology and elsewhere in World Development Indicators as single-year conversion factors.",16634373.0,2024,5215.253010757424,2024.0,1.7423952488079095,2024.0,41.48653126563136,2024.0,50.605296083734366,2024.0,39.8933716820696,2024,41.64279938,2024.0,7.74912957845971,2024.0,-8.19234454631803,2023.0,-8.93999767303468,2023.0,-9.36851048469546,2023.0,-6.541132271289826,2023.0,42.12498918183216,2024.0,1887675.5539153137,2024,1607878.046882215,2024,1135983.0348445857,2024,4006745.966477592,2024,4165809.418024264,4963448.823618193,5733063.448510989,17100766.160328213,19366746.404562745,21450209.042348716,19.147285090450183,37.62183703617514,24.36036712605577,26.72730805183445,False,False,False,False,True,,100.0,84.07424356665041,13.422478215707669,18.87517278188924,5.0545635176514825,3000.0,0.4212498918183216,2.208249805272979,0.6659374188637412,222.0,161.96099041801924,48.842247674174686,5.145624513182447,1.2239998269093146,408.0,377.3986260450481,89.772553704906,14.85499870181986,3.095624513182448,1032.0,1089.519082786795,227.0442460450481,49.28863097061694
SLE,Sierra Leone,Sub-Saharan Africa,Low income,,8642022.0,2024,3098.762906096628,2024.0,4.293223366901628,2024.0,40.545445045216574,2024.0,42.56504346784308,2024.0,45.3626823156371,2024,25.10499954,2024.0,1.98783004283905,2002.0,-8.0890861749649,2023.0,-5.83074301481247,2023.0,-7.449259281158449,2023.0,-1.670821055769922,2023.0,22.901323107033544,2024.0,941845.9459914,2024,841998.4517196132,2024,721107.458387537,2024,2108342.753985405,2024,2203886.4832447176,2690328.0932671987,3170617.271206858,8983668.729710434,10696122.19613317,12347283.715118336,22.07199026450344,43.864817689650295,24.532143265213147,25.678662160525818,False,False,False,False,True,,100.0,78.58274364634715,6.365469490181461,17.803549348492922,16.617273760428326,3000.0,0.25,1.9,0.5375,179.0,139.35284,39.422185,4.375,0.95,317.0,320.87825,69.67642,12.8,2.325,775.0,938.79808,170.52387,75.11538786306906
SDN,Sudan,Sub-Saharan Africa,Low income,"The World Bank systematically assesses the appropriateness of official exchange rates as conversion factors. In this country, multiple or dual exchange rate activity exists and must be accounted for appropriately in underlying statistics. An alternative estimate (“alternative conversion factor” - PA.NUS.ATLS) is thus calculated as a weighted average of the different exchange rates in use in the country. Doing so better reflects economic reality and leads to more accurate cross-country comparisons and country classifications by income level. For this country, this applies to the period 2018-2020. Alternative conversion factors are used in the Atlas methodology and elsewhere in World Development Indicators as single-year conversion factors.",50448963.0,2024,1861.39794921875,2024.0,-13.964337519717915,2024.0,1.99541210225008,2024.0,54.66663365270762,2024.0,34.8673015510839,2024,18.60000038,2017.0,15.8645696640015,2015.0,-13.839434742927573,2023.0,-11.7192401885986,2023.0,-11.2219741344452,2023.0,-17.268572807311983,2023.0,46.53559477085215,2024.0,5437544.554816028,2024,4804247.048213342,2024,4161209.041545904,2024,12114335.671725027,2024,12593443.033909706,14994998.841400215,17310746.975058634,52472592.3627031,62631637.67688974,72450424.07607026,19.069890585314653,37.45841330640787,24.00003976716229,23.893230710261943,False,False,False,False,True,,100.0,96.351744895124,7.155596527354108,5.995907568134187,0.0,3000.0,0.4653559477085215,2.2876407058753387,0.6990169607813911,233.0,167.78380487543848,51.26842036476603,5.344101764688347,1.2945695163336346,432.0,391.9556621885962,94.94838877816755,15.384271372502258,3.294101764688347,1098.0,1128.3378458362563,241.60128218859623,42.29032092355424
MDV,Maldives,South Asia,Upper middle income,,527799.0,2024,23034.40984048391,2024.0,3.494404226542855,2024.0,156.47395574101117,2024.0,72.09732607678175,2024.0,41.9982152717385,2024,85.23999786,2024.0,48.4968654322788,2022.0,-0.8958143740892428,2023.0,-0.5502106696367267,2023.0,-4.704275727272037,2023.0,3.7108463644981393,2023.0,51.099805843591305,2024.0,32353.01097211538,2024,31999.502724446786,2024,55546.48266439235,2024,89348.43089553872,2024,85479.66155111471,70041.29734860251,59600.94241171013,546848.388741514,641445.2874979868,731372.7476336758,-18.06086257522257,-30.274709410179117,15.631327313194207,8.149188304396949,False,False,False,False,True,,100.0,20.65310065305006,58.36876343716086,75.59101753601938,45.647068963363125,4146.193771287104,0.5109980584359131,2.3697965051846435,0.7332485438269347,177.0,173.8094069576604,53.77908789902517,5.549491262961609,1.367596893497461,330.0,407.019667394151,100.30447951792036,15.931976701230958,3.499491262961609,844.0,1168.5085263844028,256.66528739415105,46.65809234226502
TKM,Turkmenistan,Europe & Central Asia,Upper middle income,"The World Bank systematically assesses the appropriateness of official exchange rates as conversion factors. In this country, multiple or dual exchange rate activity exists and must be accounted for appropriately in underlying statistics. An alternative estimate (“alternative conversion factor” - PA.NUS.ATLS) is thus calculated by using an inflation-adjustment method. Doing so better reflects economic reality and leads to more accurate cross-country comparisons and country classifications by income level. For this country, this applies to the period 2019-2024. Alternative conversion factors are used in the Atlas methodology and elsewhere in World Development Indicators as single-year conversion factors.",7494498.0,2024,18662.29879905601,2024.0,6.2994265836888985,2024.0,28.734607630305213,2024.0,50.35063691273102,2024.0,47.0875253910294,2024,17.99029922,2016.0,20.4250351701637,2024.0,-8.4454970359802,2023.0,-10.40604758262636,2023.0,-14.47668313980105,2023.0,-0.779971748590468,2023.0,32.322774472474286,2024.0,544483.9656105732,2024,522266.9664535195,2024,649477.4576596415,2024,1359015.788010931,2024,1340856.7801537532,1262097.4777781211,1201344.6805025311,7755364.023245679,9046291.248701222,10267006.700658578,-5.873804237809866,-10.404698079329888,17.289411253098013,11.701021685565577,False,False,False,False,True,,100.0,56.15759973948521,13.63504184135991,52.70188055349868,11.165007987056356,3359.213783830082,0.3232277447247428,2.0318099405045373,0.5924208085435572,176.0,149.02025555238856,43.450274813495234,4.704524851261343,1.0671643915595888,318.0,345.04678888097146,78.26967826878985,13.678732936696914,2.654524851261342,790.0,1003.2475170159236,194.69240888097136,69.70233126869864
GNQ,Equatorial Guinea,Sub-Saharan Africa,Upper middle income,,1892516.0,2024,15454.42849356404,2024.0,0.907248245986736,2024.0,60.54145109759066,2024.0,51.09751501646961,2024.0,71.3574028749806,2024,63.29930115,2024.0,1.84452998638153,2000.0,-9.24244368076323,2023.0,-9.370805263519278,2023.0,-10.32098138332366,2023.0,-1.647599354386328,2023.0,38.39865815631987,2024.0,180645.45453139688,2024,146636.961649126,2024,135418.963869296,2024,388220.9499217061,2024,407026.6284258856,503581.9649547525,600140.0718469777,1988329.527346321,2483178.6836076058,2982470.7109081484,23.72211786297132,47.444916360369184,20.47078327952583,20.12224527979481,False,False,False,False,True,,100.0,60.08455804298424,32.49416969502039,33.651759288575285,9.621504940572551,3000.0,0.3839865815631987,2.141175846813758,0.6379899361723991,213.0,157.04154483836953,46.792478682653964,4.977939617034394,1.164378530501118,388.0,365.1000120959238,85.3997131896618,14.407838978758384,2.927939617034394,976.0,1056.7227789224637,214.74563209592375,55.397327962901365
CPV,Cabo Verde,Sub-Saharan Africa,Upper middle income,,524877.0,2024,9848.952763509347,2024.0,7.243885389909451,2024.0,96.50535366786292,2024.0,68.72455454046235,2024.0,76.7721471004354,2024,74.73519897,2024.0,24.2905954414767,2018.0,0.0957366535440084,2023.0,2.800740420818326,2023.0,1.700317516922948,2023.0,6.322718977928163,2023.0,46.38164956549471,2024.0,47997.00198112163,2024,42240.00394957308,2024,43556.00269442232,2024,109837.20714318476,2024,107958.24316156136,99892.82156540646,93771.60741997116,528196.2698395554,543394.6684924702,556150.5974032873,-7.470871477673868,-13.1408545805619,20.43903929771308,16.860830116482564,False,False,False,False,True,,100.0,26.09515479819313,50.18980642627548,63.219749660528464,63.5539152691405,3000.0,0.4638164956549471,2.284869692178905,0.6978623717412102,233.0,167.58056875529272,51.18373864803863,5.337174230447262,1.2921063930479155,431.0,391.4475718882318,94.76773444914907,15.365797947859368,3.287174230447261,1096.0,1126.982938368618,241.09319188823176,42.54317812616411
TTO,Trinidad and Tobago,Latin America & Caribbean,High income,,1368333.0,2024,31960.156888898287,2024.0,2.509208139795689,2024.0,78.03680761820395,,59.181769491509215,2024.0,53.961056681951,2024,82.15989685,2024.0,23.8493010569383,2024.0,-0.3055027835071086,2023.0,-1.9850994646549225,2023.0,-0.915145277976993,2023.0,2.809536725282672,2023.0,51.566688229882175,2024.0,85862.17872962696,2024,85766.43591407199,2024,90250.46311723166,2024,212241.3230464532,2024,206788.28072762996,183932.2249257324,167223.68943851886,1370651.6850774873,1381134.4866138988,1389761.0342221172,-11.052877716993216,-19.13289822319445,15.086858534445208,12.032549864381398,False,False,False,False,True,,93.33333333333331,31.734268590549053,46.29687272026947,56.5366752555836,48.92855348498413,5752.828240001692,0.5156668822988217,2.3782003881378797,0.7367501617241163,128.0,174.42577798742934,54.0359091614289,5.570500970344698,1.375067011678115,239.0,408.56059496857335,100.852364877715,15.98800258758586,3.520500970344698,612.0,1172.6176665828625,258.20621496857336,57.38641315125814
LBR,Liberia,Sub-Saharan Africa,Low income,National accounts data are provided in the US dollar.,5612817.0,2024,1646.0586136660083,2024.0,4.021854649648347,2024.0,60.50242229123484,,41.92692282672556,2024.0,55.5387986654968,2024,32.23360062,2024.0,10.838520055325,2012.0,-9.48755025863645,2023.0,-7.221415281295812,2023.0,-6.465898990631102,2023.0,-0.8134660795331,2023.0,45.5092288485533,2024.0,640726.5013816218,2024,529815.0008305574,2024,428387.5003028796,2024,1363315.8773484752,2024,1439209.5650249445,1836529.8227448848,2245707.1052647294,5833571.92317111,6939466.598290764,8004890.730923995,27.606838321217957,56.03753336824211,24.671154894111503,28.054188130129663,False,False,False,False,True,,93.33333333333331,75.62248104145321,15.682101096843343,20.148534049605026,15.935685473433848,3000.0,0.455092288485533,2.2691661192739594,0.6913192163641497,230.0,166.42881218558156,50.70384007732565,5.297915298184899,1.278147661576853,426.0,388.5681804639539,93.74395083162808,15.261107461826397,3.247915298184899,1083.0,1119.3045612372105,238.21380046395396,43.92864265920625
SUR,Suriname,Latin America & Caribbean,Upper middle income,"The World Bank systematically assesses the appropriateness of official exchange rates as conversion factors. In this country, multiple or dual exchange rate activity exists and must be accounted for appropriately in underlying statistics. An alternative estimate (“alternative conversion factor” - PA.NUS.ATLS) is thus calculated as a weighted average of the different exchange rates in use in the country. Doing so better reflects economic reality and leads to more accurate cross-country comparisons and country classifications by income level. For this country, this applies to 1989-2021. Alternative conversion factors are used in the Atlas methodology and elsewhere in World Development Indicators as single-year conversion factors.",634431.0,2024,19179.101832163906,2024.0,1.7209573701173897,2024.0,90.9613941465855,2010.0,50.84586814803813,2024.0,65.7641857200885,2024,87.4,2023.0,2.56642457392281,2024.0,-6.770666897296905,2023.0,-0.4358021505177017,2023.0,-5.096388757228852,2023.0,2.889169305562974,2023.0,31.934043097565706,2024.0,54416.5,2024,55202.99999999999,2024,51064.00000000001,2024,132598.3,2024,134342.68111161052,142480.77209309605,149511.3351539083,644944.5269033911,694453.5600266866,737844.4254659096,6.057710709766528,11.291016314983173,20.83011414278336,20.263260111980895,False,False,False,False,True,,100.0,36.23042265725143,42.10183795062167,44.98960026405075,34.424591217323,3452.238329789502,0.319340430975657,2.0248127757561827,0.5895053232317428,171.0,148.50705829995115,43.236442624979645,4.687031939390456,1.0609446895610517,307.0,343.76379574987783,77.81350293328993,13.632085171707883,2.6370319393904564,764.0,999.8262019996744,193.4094157498779,71.41213704534282
SYC,Seychelles,Sub-Saharan Africa,High income,,121354.0,2024,29241.77580488251,2024.0,3.4656806641534104,2024.0,188.3691852974113,2024.0,65.76557570278855,2024.0,45.2898622460415,2024,87.81800079,2024.0,14.5342502593994,2024.0,4.373209238052368,2023.0,3.030545830726624,2023.0,1.477525785565375,2023.0,5.344503581523897,2023.0,53.72919847938198,2024.0,7516.550695071521,2024,7955.7476315330305,2024,9846.986640952158,2024,19903.442315033026,2024,20380.487015645187,22672.697447412625,24744.85011180596,128634.68203256848,167196.04264815463,207608.9777449012,11.247083693376949,21.41442004212386,15.84369525668446,11.918969199015615,False,False,False,False,True,,100.0,17.47699079928754,40.82325520168504,75.55378230850168,69.65250728237643,5263.519644878851,0.5372919847938198,2.417125572628876,0.7529689885953648,143.0,177.2806911486632,55.22545631194299,5.667813931572189,1.4096671756701118,268.0,415.697877871658,103.3900654654784,16.24750381752584,3.617813931572189,687.0,1191.650420991088,265.343497871658,51.08519977970818
PNG,Papua New Guinea,East Asia & Pacific,Lower middle income,,10576502.0,2024,4288.528289881756,2024.0,3.799795600868876,2024.0,131.0829110162487,2004.0,42.02738070464117,2023.0,15.4061816403333,2024,18.81159973,2024.0,1.94981002807617,1999.0,-5.616729855537415,2023.0,-3.778639137744905,2023.0,-4.498957693576815,2023.0,-3.351913750171658,2023.0,61.67993600257322,2024.0,1045604.548393814,2024,972267.545063408,2024,893282.0418084001,2024,2419849.012271002,2024,2493027.9476012965,2850703.831755329,3182592.795008,10965392.57586324,12900120.410754392,14744491.07924128,14.347046710734856,27.65973193642608,22.73541900441294,21.584961989558,False,False,False,False,True,,100.0,75.09733907810435,0.0,36.300138713698985,25.666495271938903,3000.0,0.6167993600257322,2.5602388480463185,0.8125995200192991,271.0,187.77713397557,59.598974156487465,6.025597120115795,1.5368789760411716,512.0,441.9389849389248,112.72023686717328,17.201592320308787,3.975597120115795,1325.0,1261.6267065037996,291.5846049389248,21.89102957606817
TLS,Timor-Leste,East Asia & Pacific,Lower middle income,,1400638.0,2024,3890.9576343418657,2024.0,-9.100693697727351,2024.0,95.44850212862212,2024.0,71.63052024185393,2024.0,28.6641074179574,2024,35.04199982,2021.0,30.9611108169641,2023.0,-5.893680870532988,2023.0,-5.838153898715972,2023.0,-3.415493100881576,2023.0,1.821291685104367,2023.0,30.1161456791842,2024.0,157331.00000000015,2024,146956.99999999997,2024,121412.49999999996,2024,358923.6250000001,2024,372459.7596294619,439974.2591369842,504586.4710113978,1440740.8449181432,1635896.056724125,1815775.584152864,18.12665603787331,35.47409027847219,25.851960881321684,27.78903270950241,False,False,False,False,True,,100.0,55.435764907706734,20.81320307175578,27.16752494977088,29.82395479881181,3000.0,0.301161456791842,1.992090622225316,0.5758710925938815,192.0,146.10709776024464,42.2364590667686,4.605226555563289,1.0318583308669471,344.0,337.7638944006116,75.68020467577303,13.413937481502105,2.555226555563289,852.0,983.8264650682976,187.4095144006116,69.73020062706203
JAM,Jamaica,Latin America & Caribbean,Upper middle income,,2839175.0,2024,11340.263880045086,2024.0,-0.5350390638674867,2024.0,78.03680761820395,,59.95832658230936,2024.0,58.9301585439922,2024,90.10870361,2024.0,26.2334142821948,2015.0,2.8510332107543936,2023.0,-1.221616014838219,2023.0,0.686234049499035,2023.0,2.693861305713656,2023.0,60.152371506119366,2024.0,222571.50221387303,2024,234203.00229154585,2024,259374.00246274183,2024,573492.8056136527,2024,558924.064154352,497811.08412230486,453078.8213903287,2847160.208728508,2883372.485256833,2913314.7717769514,-10.934039872573852,-18.93732074752701,19.63093128517547,15.552003709986243,False,False,False,False,True,,93.33333333333331,43.321691936506696,52.985994936354246,32.50952853300161,57.33731755107421,3000.0,0.6015237150611936,2.532742687110149,0.8011427862958952,267.0,185.7604665463319,58.758696060971616,5.956856717775372,1.51243794409791,504.0,436.89731636582974,110.92764359673946,17.018284580734324,3.906856717775371,1302.0,1248.182256975546,286.5429363658297,23.43956107255142
PRK,"Korea, Dem. People's Rep.",East Asia & Pacific,Low income,,26498823.0,2024,13592.463593743454,,3.264209418402281,,98.42496729666526,,59.1528957274226,,63.8589748211522,2024,0.0,2004.0,26.7206192016602,2018.0,-10.388698220253008,2023.0,-11.50007879734042,2023.0,-16.70431256294248,2023.0,-2.5631870031356816,2023.0,60.172862740966,,1640715.0021204718,2024,1800083.0021462631,2024,1956794.0021815184,2024,4321355.305248419,2024,4235091.557125711,3867724.4767475063,3592355.8791671344,26672906.87327403,27470545.803289097,28140697.85142525,-8.674359820157706,-15.17642934725102,15.87787779279966,12.765695783856303,False,False,False,False,True,,66.66666666666667,67.98615925096513,22.54900602869448,51.79983253230427,8.582542250977255,3000.0,0.6017286274096599,2.533111529337388,0.801296470557245,267.0,185.78751876310963,58.769967817962346,5.957778823343469,1.512765803855456,504.0,436.9649469077741,110.951690011653,17.02074352891592,3.907778823343469,1303.0,1248.3626050873977,286.61056690777406,23.41868750516293
LSO,Lesotho,Sub-Saharan Africa,Lower middle income,Fiscal year end: March 31; reporting period for national accounts data: CY.,2337423.0,2024,2640.2854455253578,2024.0,2.854522531795453,2024.0,141.51375589724964,2023.0,48.04396286850516,2024.0,43.6780334209246,2024,51.79660034,2024.0,9.93844298033582,2018.0,-6.675244152545927,2023.0,-3.360120296478274,2023.0,-4.131046235561371,2023.0,-2.14032560586929,2023.0,32.38436831137288,2024.0,241090.5501490541,2024,220985.0461925687,2024,202993.0427976268,2024,553422.4656005548,2024,556858.452945052,572586.3080948164,585780.1475794838,2380919.131874411,2586888.0660055466,2768954.671092709,2.824390124022491,5.193724631721763,23.38838163338448,21.15528122200419,False,False,False,False,True,,100.0,50.83090898994681,20.66670347439247,32.91275535746022,26.320011583233125,3000.0,0.3238436831137288,2.032918629604712,0.5928827623352966,198.0,149.10157080227614,43.484156167615055,4.70729657401178,1.0681498929819662,356.0,345.25007700569034,78.34195849091213,13.686124197364746,2.6572965740117795,886.0,1003.7896186818408,194.89569700569035,65.69343652358873
BLZ,Belize,Latin America & Caribbean,Upper middle income,,417072.0,2024,12621.408196189694,2024.0,3.5046643502389543,2024.0,108.97244652147604,2024.0,62.440963096945154,2024.0,41.7532107338224,2024,80.00582262,2024.0,24.8098643151325,2024.0,-2.63418245315552,2023.0,-4.449283242225647,2023.0,-3.014079958200458,2023.0,4.09728044271469,2023.0,53.540821367537504,2024.0,38612.54585381081,2024,40117.047643245525,2024,39239.04649989476,2024,96387.16442200898,2024,98117.4564235909,106296.29509375108,113506.08654070772,429629.7163921753,490985.9499752659,547887.5153420832,8.335763041849177,15.683886107566124,22.837679210724605,20.71704197709966,False,False,False,False,True,,100.0,33.93818492286355,42.02330735748839,55.24183327932196,40.29948804047021,3000.0,0.535408213675375,2.413734784615676,0.7515561602565313,251.0,177.03199854893825,55.12183439539092,5.659336961539188,1.4066531418806,469.0,415.07614637234553,103.16900537683398,16.2248985641045,3.609336961539188,1203.0,1189.9924703262548,264.72176637234554,31.78788967285353
CHI,Channel Islands,Europe & Central Asia,High income,,168126.0,2024,42197.20251358284,,3.7150059036726617,2023.0,105.33256455543818,,91.18101004117474,2023.0,32.7056211227456,2024,91.60810962,,75.1643373416554,,5.076377660036088,,4.309919238090515,,5.203724116086962,,3.7608208060264583,,54.32500044070311,,8750.523734683904,2024,9088.024758984398,2024,9772.525181587818,2024,22236.18482538282,2024,22157.57842182455,21807.274206304315,21525.37477353748,169122.6197582931,173681.02489374077,177500.43922238506,-1.5809679598163815,-2.853216340935372,13.101487224767302,12.126941695377427,False,False,False,False,True,,40.0,10.9621168693472,74.00222924903797,76.58368447326791,75.87124949023124,7595.496452444911,0.5432500044070311,2.427850007932656,0.7574375033052733,100.0,178.06725984180954,55.55319326742064,5.69462501983164,1.4192000070512498,187.0,417.6642996045238,104.08923763716405,16.319000052884373,3.64462501983164,480.0,1196.8942122787305,267.3099196045238,62.97138748313523
ERI,Eritrea,Sub-Saharan Africa,Low income,"The World Bank systematically assesses the appropriateness of official exchange rates as conversion factors. In this country, multiple or dual exchange rate activity exists and must be accounted for appropriately in underlying statistics. An alternative estimate (“alternative conversion factor” - PA.NUS.ATLS) is thus calculated as a weighted average of the different exchange rates in use in the country. Doing so better reflects economic reality and leads to more accurate cross-country comparisons and country classifications by income level. For this country, this applies to the period 1992-1997. Alternative conversion factors are used in the Atlas methodology and elsewhere in World Development Indicators as single-year conversion factors.",3535603.0,2024,3710.665991204799,,8.679800101380494,2011.0,47.39379011886839,2011.0,47.880788964975935,,34.5365524291992,2024,14.34939957,2020.0,3.20262002944946,2016.0,-12.55629289150236,2023.0,-12.33439028263092,2023.0,-16.540951013565092,2023.0,-5.54937434196472,2023.0,32.75939599791569,2021.0,425776.9999706895,2024,359714.49997648096,2024,297512.4999806373,2024,919372.1249384572,2024,959505.7021915392,1162921.999576403,1362402.439128454,3631960.379699648,4099117.246559297,4527247.09365501,21.20011344593941,41.99003049348087,26.41839673016717,30.09339695723428,False,False,False,False,True,,86.66666666666667,68.37739397126987,1.348844632317971,31.375204187367626,5.193967455955558,3000.0,0.3275939599791569,2.039669127962483,0.5956954699843677,199.0,149.59667665362915,43.69045027234547,4.724172819906206,1.074150335966651,358.0,346.4878416340728,78.78205258100367,13.731127519749885,2.674172819906206,891.0,1007.0903243575276,196.1334616340728,65.03322686247733
SWZ,Eswatini,Sub-Saharan Africa,Lower middle income,Fiscal year end: March 31; reporting period for national accounts data: CY. Authorities revised national accounts from 1999 to 2015.,1242822.0,2024,10380.396663051582,2024.0,2.9739107597398515,2024.0,107.48062105387932,2024.0,51.363374494612856,2024.0,26.2498461258639,2024,63.40309906,2024.0,6.43545771863543,2013.0,-6.194708287715913,2023.0,-4.184222519397739,2023.0,-5.022303283214567,2023.0,-2.5031388998031643,2023.0,33.13409358045631,2024.0,129434.55295545969,2024,119546.04952214516,2024,107485.54452297428,2024,297349.0975129433,2024,298829.7234150106,305584.3082862502,311221.10617430496,1262758.032310855,1356502.4193976417,1438479.084591735,2.260345722657231,4.14663662559609,23.66484439367614,21.63542796749352,False,False,False,False,True,,100.0,43.29210861649274,19.886895438698616,44.94320461583004,24.3957973074438,3000.0,0.3313409358045631,2.046413684448213,0.5985057018534223,200.0,150.091346706696,43.89656279445666,4.7410342111205335,1.080145497287301,360.0,347.72451676673995,79.22175929484088,13.776091229654757,2.6910342111205336,897.0,1010.3881247113064,197.37013676674,64.37587809904716
SSD,South Sudan,Sub-Saharan Africa,Low income,"The reporting period for national accounts data is designated as either calendar year basis (CY) or fiscal year basis (FY). For this country, it is fiscal year-based (fiscal year-end: June 30). Also, an estimate (PA.NUS.ATLS) of the exchange rate covers the same period and thus differs from the official exchange rate (CY).",11943408.0,2024,3710.665991204799,,-10.793364627114316,2015.0,65.55134918450028,2015.0,56.550451259454434,2015.0,21.3768190444906,2024,6.671000004,2019.0,9.74153350922586,,-16.29521775245665,2023.0,-14.96765065193174,2023.0,-14.82071471214292,2023.0,-15.302755117416408,2023.0,66.63672430156782,2021.0,1514552.9381021997,2024,1218358.9500863345,2024,783307.9678030038,2024,3085400.473699886,2024,3337457.375164565,4752088.983213103,6368906.108919127,12367769.552480888,14471895.112122202,16467531.87083697,42.38650712291974,90.83108465482906,26.985119353999405,38.67553534356952,False,False,False,False,True,,86.66666666666667,85.92642185389096,2.135438285949544,13.846664056616335,0.0,3000.0,0.6663672430156783,2.649461037428221,0.8497754322617587,283.0,194.32101054472045,62.32558939363352,6.248652593570553,1.6161875888250854,539.0,458.29867636180114,118.53701603975152,17.79640691618814,4.198652593570552,1400.0,1305.2525502981364,307.9442963618011,16.968562539635286
GNB,Guinea-Bissau,Sub-Saharan Africa,Low income,,2201352.0,2024,2744.27981043716,2024.0,4.146311372173315,2024.0,38.80658478900153,2024.0,37.88481072220083,2024.0,46.113204421822,2024,29.77739906,2024.0,2.62031006813049,2006.0,-10.02809000015256,2023.0,-10.05505824089053,2023.0,-8.74912631511688,2023.0,-2.293656677007675,2023.0,32.30591465341305,2024.0,239916.0000000005,2024,207634.0,2024,180232.49999999997,2024,528654.6250000005,2024,552014.3138605776,670583.2535509546,787112.4947885401,2289870.408616518,2734369.872445155,3164155.612123832,21.47932340035732,42.58914579293703,24.106792759250105,24.875909761600425,False,False,False,False,True,,100.0,62.1503481799448,8.80199628178444,17.053923512415906,8.888391672323165,3000.0,0.3230591465341305,2.031506463761435,0.5922943599005979,197.0,148.99799747553317,43.44100061480549,4.703766159403587,1.0668946344546089,356.0,344.9911436888329,78.24989331158504,13.676709758409569,2.6537661594035877,885.0,1003.099129836888,194.63676368883293,65.79088779310733
BRB,Barbados,Latin America & Caribbean,High income,,282467.0,2024,21837.725410205665,2024.0,2.482262139618598,2024.0,78.03680761820395,,75.53430558611906,2024.0,59.5397032429174,2024,70.36470032,2024.0,50.801079116886,2025.0,2.663102716207507,2023.0,2.8993677198886894,2023.0,3.521754086017608,2023.0,8.30989980697632,2023.0,106.93860012158748,2024.0,18204.96952623184,2024,18738.96866764823,2024,17953.469480327374,2024,45022.99946002739,2024,44888.68369143023,44289.20417154603,43805.64436990738,283159.3917017511,286296.2175089573,288885.9268578104,-1.3354802827480805,-2.4127223889383487,15.85279704891831,15.163647757569205,False,False,False,False,True,,93.33333333333331,19.282537692422466,58.18808700001733,58.20451172853867,71.85423340695789,3930.79057383702,1.069386001215875,3.374894802188575,1.152039500911906,293.0,247.526934413798,84.49472433908247,8.062237005471438,2.2610176019454,575.0,591.3134860344949,165.83117059004263,22.6326320145905,6.012237005471437,1530.0,1659.9587094253195,440.9591060344949,0.0
PLW,Palau,East Asia & Pacific,High income,Fiscal year ends on September 30; reporting period for national accounts data: FY.,17695.0,2024,16425.97227144462,2023.0,2.215998001704847,2023.0,106.69759028159368,2023.0,74.76885391016678,2023.0,79.2095042878667,2024,83.92549896,2024.0,71.8428437792329,2024.0,3.096127897500995,2023.0,6.5482744574546805,2023.0,2.809487491846084,2023.0,7.565450191497801,2023.0,85.63133354930899,2023.0,1185.9642454715909,2024,986.4711650108324,2024,974.4732857851296,2024,2610.948389085732,2024,2567.003828422423,2378.228328017567,2234.7861825055843,17642.551738704435,17408.451709016503,17219.603385219078,-7.353923602087875,-12.941844583107075,14.550071137333836,12.97815131110322,False,False,False,False,True,,100.0,2.177371160943137,82.99138852181726,58.54292997652341,76.45391164616554,3000.0,0.8563133354930899,2.991364003887562,0.9922350016198174,331.0,219.3974049555278,72.77408706480323,7.103410009718904,1.920101336788944,640.0,520.9896623888194,140.82714440491358,20.07576002591708,5.053410009718904,1684.0,1472.428513036852,370.6352823888194,0.0
GRD,Grenada,Latin America & Caribbean,Upper middle income,,117207.0,2024,17751.509866248107,2024.0,3.963325163981878,2024.0,78.03680761820395,,65.71008968246683,2024.0,36.5628000454229,2024,70.16159821,2024.0,99.9891967773438,2018.0,-0.0423923619091511,2023.0,4.234645068645474,2023.0,2.202856242656706,2023.0,7.1261343955993794,2023.0,58.00971756561666,2024.0,8575.962765187942,2024,8348.463841682904,2024,9063.46067602182,2024,21002.983911080664,2024,20537.46011432415,18567.034009528757,17104.178931042177,117715.40914606513,120030.67972020256,121957.54115039368,-9.59430277077492,-16.717165434139446,17.446704949936162,14.024699719019356,False,False,False,False,True,,93.33333333333331,5.7310250368526265,69.84530790018778,57.57645037427106,66.83067861653934,3195.27177592466,0.5800971756561666,2.4941749161811,0.7850728817421249,246.0,182.9317673824201,57.580071409341706,5.860437290452749,1.4781554810498667,463.0,429.82556845605023,108.413244339929,16.761166107874,3.810437290452749,1193.0,1229.3242625494674,279.47118845605024,27.55123413541217
CAF,Central African Republic,Sub-Saharan Africa,Low income,,5330690.0,2024,1111.2194163888284,2024.0,1.4999999984753458,2024.0,46.43189998022507,2024.0,42.08031552554489,2024.0,44.1243555638904,2024,13.78250027,2024.0,2.77519989013672,2012.0,-12.14506435394287,2023.0,-12.31650769710543,2023.0,-10.27890682220458,2023.0,-15.421749830245991,2023.0,40.86454302054141,2024.0,653286.5634258951,2024,542719.0508214096,2024,398119.03593999374,2024,1375159.180420302,2024,1424136.3051592512,1667036.8211531874,1897493.8138746845,5460985.66710995,6087868.719279141,6655692.787916532,17.05598790747591,33.23821652468168,26.07837471056629,28.509335907444544,False,False,False,False,True,,100.0,70.30335065616215,4.347592575215856,7.849915929594122,0.0,3000.0,0.4086454302054141,2.185561774369745,0.6564840726540606,219.0,160.29696855466486,48.14890523111036,5.088904435924364,1.2038326883286627,401.0,373.2385713866621,88.2934231597021,14.703745162464967,3.038904435924364,1013.0,1078.4256036977656,222.8841913866621,51.35210961240339
SLB,Solomon Islands,East Asia & Pacific,Lower middle income,,819198.0,2024,2353.2480822924267,2024.0,2.997559876041038,2024.0,111.35297206445496,2024.0,46.92086349881877,2024.0,30.6617188562194,2024,29.04070091,2024.0,38.093350068095845,,-5.135224759578704,2023.0,-1.840405941009524,2023.0,-5.460424959659578,2023.0,3.1210907101631173,2023.0,72.28533262384427,2024.0,83443.00002989317,2024,75944.99998978087,2024,64740.99996931975,2024,188521.45000586796,2024,198058.75718338872,247311.2091715805,296998.26625791145,855928.5724022203,1042692.87931002,1226733.4709125997,24.867596206608237,49.954624820205055,23.139636129627466,24.210496680828854,False,False,False,False,True,,93.33333333333331,52.49173126601133,22.278042874804598,27.516521811922782,35.076093457005335,3000.0,0.7228533262384427,2.7511359872291967,0.892139994678832,297.0,201.7782173929433,65.43275891372637,6.502839968072992,1.7065653219815085,569.0,476.9416934823583,125.16564434928296,18.47423991486131,4.452839968072992,1484.0,1354.967262619622,326.5873134823583,11.540449687027822
HTI,Haiti,Latin America & Caribbean,Lower middle income,"The reporting period for national accounts data is designated as either calendar year basis (CY) or fiscal year basis (FY). For this country, it is fiscal year-based (fiscal year-end: September 30). Also, an estimate (PA.NUS.ATLS) of the exchange rate covers the same period and thus differs from the official exchange rate (CY).",11772557.0,2024,2809.64535578242,2024.0,-4.16963395808132,2024.0,22.24788537261069,2024.0,48.31296155859748,2024.0,55.0372652481002,2024,47.8614006,2024.0,1.05140995979309,1986.0,-15.57733750343323,2023.0,-9.545252680778502,2023.0,-9.73421227931978,2023.0,-10.041652560234049,2023.0,67.08966142498417,2024.0,1162803.5000000012,2024,1097786.5000000002,2024,1024655.0000000003,2024,2721684.7500000014,2024,2752914.3678876776,2897941.8985072183,3022346.600514953,12023968.820559418,13223442.141007653,14295991.799198722,5.268145363011079,9.78716358816538,22.89522210986237,21.141216663850862,False,False,False,False,True,,100.0,70.77299138610013,20.11492369218362,2.904784801036636,0.0963566849509739,3000.0,0.6708966142498417,2.6576139056497152,0.8531724606873813,284.0,194.91897125041044,62.57473968767101,6.269034764124288,1.6234345827997467,541.0,459.7935781260261,119.0685366670315,17.8507593709981,4.219034764124288,1406.0,1309.2389550027362,309.4391981260261,16.52633972345911
KNA,St. Kitts and Nevis,Latin America & Caribbean,High income,,46843.0,2024,30656.441010936665,2024.0,0.3122268558581709,2024.0,78.03680761820395,,66.13110264152189,2024.0,31.795061903951,2024,76.88400269,2024.0,93.92236328125,2015.0,2.6628757417202014,2023.0,3.356832921504972,2023.0,3.793502211570743,2023.0,6.463752746582032,2023.0,68.76036975062814,2024.0,3103.500000000002,2024,3219.0,2024,3549.999999999998,2024,7920.000000000001,2024,7701.968588896084,6792.75999063475,6133.432540808422,46821.0180403654,46722.226805816295,46641.67668358395,-11.804885825841184,-20.365391392909828,16.44981017340557,13.150111610303991,False,False,False,False,True,,93.33333333333331,0.077610333945447,71.52193500625067,50.84916161428368,71.66192889127161,5518.1593819686,0.6876036975062815,2.687686655511307,0.8657027731297111,157.0,197.12461498715908,63.49375791131627,6.344216638778267,1.6501659160100504,299.0,465.30768746789767,121.02910887747473,18.051244370075377,4.294216638778266,778.0,1323.9432465810603,314.9533074678976,32.05715117910313
ATG,Antigua and Barbuda,Latin America & Caribbean,High income,,93772.0,2024,29371.63777858605,2024.0,3.6563876595697735,2024.0,117.70352776835269,2022.0,69.06171407890508,2023.0,24.3906919254799,2024,72.73040009,2024.0,25.1156271899089,2012.0,2.6628757417202014,2023.0,2.6501522362232186,2023.0,3.822257459163669,2023.0,6.463752746582032,2023.0,70.51553797176369,2024.0,6501.032632253731,2024,6693.033634522828,2024,7202.536595541171,2024,16435.207734770087,2024,16266.3433792471,15527.66874753055,14950.22064049898,94733.55600838125,99184.04439048834,102982.03877309976,-4.541122823332044,-8.09107927985372,17.170624712755416,14.51730886144019,False,False,False,False,True,,100.0,5.74366048988824,35.167078888915,71.78214023458423,70.76214550407803,5286.894800145489,0.7051553797176369,2.7192796834917465,0.8788665347882276,166.0,199.4417613941453,64.45923558089385,6.423199208729366,1.678248607548219,317.0,471.1005534853631,123.08879457257356,18.261864556611645,4.373199208729366,827.0,1339.3908892943018,320.7461734853631,28.336508932615263
STP,São Tomé and Principe,Sub-Saharan Africa,Lower middle income,National account data were adjusted to reflect the new banknote (1 new Dobra STN = 1000 old Dobra STD),235536.0,2024,5491.29829852275,2024.0,1.0999994010075085,2024.0,60.50242229123484,,80.34174930688846,2024.0,68.8710170184884,2024,59.11759949,2024.0,12.8210802078247,2015.0,-6.317046701908111,2023.0,-4.863875508308411,2023.0,-6.581653058528898,2023.0,3.08493521809578,2023.0,55.921968625621446,2024.0,27398.941766154992,2024,22305.95338140297,2024,16907.46448293406,2024,57313.25416487829,2024,60321.21567477112,75934.24250281046,91806.73830534476,243395.45957408208,282137.4710251359,318555.0631776052,25.88314352319887,52.19643251278543,24.78321320386472,28.819739165206556,False,False,False,False,True,,93.33333333333331,38.7844997652452,33.675831650147856,31.45371226439844,27.480407907079417,3000.0,0.5592196862562144,2.4565954352611863,0.7694147646921607,256.0,180.17555296562236,56.43164873567596,5.766488588152965,1.4447514980099432,482.0,422.9350324140558,105.96327596944208,16.510636235074575,3.716488588152965,1239.0,1210.9494997708157,272.5806524140557,28.320629061470008
LCA,St. Lucia,Latin America & Caribbean,Upper middle income,,179744.0,2024,24252.468858849097,2024.0,3.891750242188977,2024.0,78.03680761820395,,75.89818771458503,2024.0,29.0973354237452,2024,68.20500183,2024.0,15.0396404266357,2023.0,0.5168423429131508,2023.0,4.235196650028232,2023.0,2.7802520096302,2023.0,7.1261343955993794,2023.0,51.4436157724174,2024.0,12405.033208608742,2024,13837.537389904452,2024,15691.042546469527,2024,33303.53974442448,2024,32395.24021827841,28604.8611464833,25853.116180740733,180668.9758512672,184890.62689501655,188416.15168821657,-11.700419710598286,-20.194707597341434,17.93071558945863,13.72128448070706,False,False,False,False,True,,93.33333333333331,9.91078375975771,27.163329299860926,65.05575182734228,68.5689447057328,4365.444394592837,0.5144361577241741,2.375985083903513,0.7358271182931305,169.0,174.2632995997857,53.968209833244046,5.564962709758783,1.3730978523586783,315.0,408.15439899946426,100.70793964425395,15.97323389269009,3.514962709758783,805.0,1171.5344773319048,257.80001899946427,47.90691428706828
VCT,St. Vincent and the Grenadines,Latin America & Caribbean,Upper middle income,,100616.0,2024,18714.198849352968,2024.0,4.061834900502092,2024.0,78.03680761820395,,66.40187424386933,2024.0,47.8487050456749,2024,76.19010162,2024.0,41.4983277591973,2022.0,0.5168423429131508,2023.0,4.00548720359802,2023.0,2.223244726657864,2023.0,7.1261343955993794,2023.0,54.06723969774333,2024.0,7365.499069810617,2024,7158.998251458909,2024,7227.997498573496,2024,17777.0961956276,2024,17237.2928222109,15003.96786448967,13404.509301041711,99492.32766128363,94589.0878589628,90770.80801964764,-12.956355622406711,-22.23541457873537,17.32524831552273,14.767423132490196,False,False,False,False,True,,93.33333333333331,2.399427587791198,51.855977515839896,58.99313883697651,67.49674977455655,3368.555792883534,0.5406723969774333,2.42321031455938,0.7555042977330749,224.0,177.72696802691732,55.41140501121555,5.683025786398449,1.4150758351638937,420.0,416.81357006729326,103.78675602392651,16.2880687637292,3.6330257863984494,1079.0,1194.6256001794488,266.4591900672933,35.075615874899164
KIR,Kiribati,East Asia & Pacific,Lower middle income,,134518.0,2024,3257.136291253097,2024.0,5.266897479170993,2024.0,107.60377850993824,2023.0,67.10602287184929,2023.0,62.4620431275642,2024,89.44029999,2024.0,4.96087980270386,2024.0,-0.676011748611927,2023.0,4.115557730197907,2023.0,-1.952036917209624,2023.0,7.699225783348048,2023.0,61.816132533443245,2024.0,12382.498624052194,2024,10895.996929496405,2024,11573.498927692324,2024,28486.570071010145,2024,28723.648023872647,29815.15384607556,30739.046346667143,138275.94456114311,156528.95236729318,173304.653967682,3.8000250570392247,7.016512391181906,20.772700642208648,17.73699992638362,False,False,False,False,True,,100.0,17.031335796397567,42.03049332378557,46.19270605507937,60.30672571785082,3000.0,0.6181613253344325,2.5626903856019787,0.8136209940008243,271.0,187.95693856543727,59.673892735598855,6.031725964004946,1.539058120535092,513.0,442.3884964135932,112.88006316927756,17.21793590401319,3.981725964004946,1327.0,1262.8254037695815,292.03411641359315,21.753700079131907
COM,Comoros,Sub-Saharan Africa,Lower middle income,,866628.0,2024,3482.534860374781,2024.0,3.3381010943571,2024.0,44.37317674990267,2024.0,50.070252624186026,2024.0,33.5392215673301,2024,32.51750183,2024.0,18.8190281456697,2017.0,-10.74571573734281,2023.0,-9.38899326324463,2023.0,-8.669026851654051,2023.0,-1.584217354655264,2023.0,42.0043721307738,2024.0,87343.0018128046,2024,78761.50110084991,2024,64871.49832465768,2024,195296.67715975048,2024,201543.2300884892,232219.3135098355,260890.27264444373,896053.1631953999,1041330.4078588312,1178222.2644824197,15.22059729214309,29.446309126780257,22.4923295142187,22.142704352904925,False,False,False,False,True,,100.0,46.48634542213717,13.585350988730475,19.98092718901506,9.74316933253147,3000.0,0.4200437213077379,2.206078698353928,0.6650327909808034,222.0,161.80175362059117,48.77589900857965,5.14019674588482,1.2220699540923807,407.0,377.0005340514778,89.63100988496993,14.840524655692857,3.0901967458848203,1030.0,1088.4575041372746,226.64615405147788,49.51332214469194
NRU,Nauru,East Asia & Pacific,High income,"The reporting period for national accounts data is designated as either calendar year basis (CY) or fiscal year basis (FY). For this country, it is fiscal year-based (fiscal year-end: June 30). Also, an estimate (PA.NUS.ATLS) of the exchange rate covers the same period and thus differs from the official exchange rate (CY).",11947.0,2024,12468.76145246149,2024.0,1.388888888889042,2024.0,165.84677419354838,2024.0,59.1528957274226,,100.0,2024,83.01170349,2024.0,38.093350068095845,,-0.4746564850211142,2023.0,-0.1288763042539357,2023.0,0.0671010017395019,2023.0,6.836046397686003,2023.0,96.0216683528763,2024.0,1219.0487293898025,2024,883.5374154994919,2024,856.5352375386454,2024,2488.0270017816847,2024,2483.8347914392307,2465.057086289188,2449.8259409620723,12110.075506902393,12871.90405286333,13531.42760418668,-0.755996542715387,-1.3692074285444833,20.510481458381637,18.10471158419445,False,False,False,False,True,,86.66666666666667,5.450708123016421,67.5740290945293,53.01601235100949,57.032232305914896,3000.0,0.960216683528763,3.178390030351774,1.070162512646572,357.0,233.11456703010836,78.48957126254513,7.570975075879433,2.086346693646021,695.0,555.2825675752707,153.02017736009628,21.32260020234516,5.520975075879433,1840.0,1563.876260200722,404.9281875752708,0.0
WSM,Samoa,East Asia & Pacific,Upper middle income,"The reporting period for national accounts data is designated as either calendar year basis (CY) or fiscal year basis (FY). For this country, it is fiscal year-based (fiscal year-end: June 30). Also, an estimate (PA.NUS.ATLS) of the exchange rate covers the same period and thus differs from the official exchange rate (CY).",218019.0,2024,7686.249425718686,2024.0,4.748384455647141,2024.0,79.5241461770504,2024.0,69.36299757149685,2024.0,17.5029115108018,2024,21.20000076,2014.0,16.0263900756836,2024.0,3.4480397403240177,2023.0,6.3047112226486215,2023.0,-1.893741816282274,2023.0,7.687318801879851,2023.0,61.725891644662354,2024.0,22123.450330559783,2024,16547.96336584262,2024,13820.466967119575,2024,44890.623831606215,2024,45497.58869490085,48332.1047969083,50784.64391755352,221009.7753542766,234984.1731832137,247085.43694638577,6.230035883912977,11.620517425894295,20.58623362788757,20.553475164371225,False,False,False,False,True,,100.0,23.781755830324784,5.797596542581678,51.59816290147027,70.2482382334963,3000.0,0.6172589164466236,2.5610660496039226,0.8129441873349676,271.0,187.83780391573023,59.62425329822093,6.027665124009806,1.5376142663145975,513.0,442.0906597893256,112.77416570287131,17.20710699735948,3.977665124009806,1326.0,1262.0311727715348,291.7362797893256,21.844678259596865
DMA,Dominica,Latin America & Caribbean,Upper middle income,,66205.0,2024,18739.364040498604,2024.0,2.052738472526002,2024.0,78.03680761820395,,56.94147248895148,2024.0,73.5449839980866,2024,82.04689789,2024.0,6.9480299949646,1993.0,1.825775057077405,2023.0,4.37396818399429,2023.0,2.157768636941911,2023.0,8.996849775314308,2023.0,48.84950339088111,2024.0,4343.498257400703,2024,4449.499616863012,2024,4859.5003873846645,2024,10979.773048586812,2024,10516.75334721841,8663.21616423228,7403.410066414281,65679.26231685425,63364.63101070203,61536.90945648783,-17.62461400196643,-29.603654074739527,16.012289079135495,12.030844791854816,False,False,False,False,True,,93.33333333333331,0.0,42.52053285720552,46.61894715894861,70.52518783806939,3373.0855272897484,0.4884950339088111,2.32929106103586,0.7163712754316083,212.0,170.83859186418968,52.5412482767457,5.44822765258965,1.3315920542540978,395.0,399.59262966047424,97.66375499039084,15.661940406905734,3.39822765258965,1007.0,1148.703092427931,249.23824966047425,42.84741578383908
TON,Tonga,East Asia & Pacific,Upper middle income,"The reporting period for national accounts data is designated as either calendar year basis (CY) or fiscal year basis (FY). For this country, it is fiscal year-based (fiscal year-end: June 30). Also, an estimate (PA.NUS.ATLS) of the exchange rate covers the same period and thus differs from the official exchange rate (CY).",104175.0,2024,7030.419174397146,2023.0,2.7901436686266834,2023.0,79.62392050240447,2023.0,49.98900877489875,2023.0,21.1505271125521,2024,67.4417038,2024.0,42.8611738148984,2023.0,-0.806676350533963,2023.0,3.839706540107725,2023.0,-2.752452015876773,2023.0,7.613018035888649,2023.0,72.43153728842634,2023.0,11556.447359563344,2024,9498.95457357289,2024,6260.465790311574,2024,23872.611538776444,2024,24057.18034844858,24905.55887448945,25621.86251690989,103785.81880678493,102052.417447711,100658.70187403976,3.5265085673084062,6.504013129544561,23.179641135013966,25.4541952557386,False,False,False,False,True,,100.0,14.818124964356176,43.01512321169,33.41920168819575,58.61784806138195,3000.0,0.7243153728842634,2.7537676711916745,0.8932365296631976,298.0,201.97123456881368,65.51318273700569,6.5094191779791855,1.7089045966148215,570.0,477.4242364220341,125.33721517227882,18.49178447461116,4.459419177979186,1486.0,1356.2540437920911,327.0698564220341,11.402406306418095
MAF,St. Martin (French part),Latin America & Caribbean,High income,,26129.0,2024,23134.759094596546,,4.899999671335337,2021.0,78.03680761820395,,59.95832658230936,,100.0,2024,79.525064825,,33.28544998168945,,-0.5311454385519029,,-1.9850994646549225,,0.686234049499035,,2.6895116567611668,,52.55375479870984,,1906.9930612649944,2024,1341.4960250885397,2024,969.0010464243892,2024,3684.5395572445095,2024,3391.6864922382238,2336.478850449977,1731.2092565581236,24409.44932794809,17968.687289647278,14034.16337256398,-31.11159136326599,-48.95727360061297,13.894973404233433,12.335678377113258,False,False,False,False,True,,33.333333333333336,0.0,63.12946809847392,61.9113787070513,50.61669046036428,4164.256637027377,0.5255375479870984,2.395967586376777,0.7441531609903238,179.0,175.72888826818377,54.57887177840991,5.614918965941943,1.3908600767793575,334.0,411.8183706704594,102.01068512727448,16.10645057584518,3.564918965941943,856.0,1181.3050684545583,261.46399067045945,44.67288397275446
MHL,Marshall Islands,East Asia & Pacific,Upper middle income,Fiscal year ends on September 30; reporting period for national accounts data: FY.,37548.0,2024,7209.266549975357,2024.0,2.501927178528732,2024.0,123.80913396677472,2024.0,66.99081209270345,2024.0,78.7325660244112,2024,65.915802,2024.0,37.6853055916775,2024.0,0.489827424287796,2023.0,4.73898071050644,2023.0,-2.9599119126796727,2023.0,8.29485356807709,2023.0,94.2852652244908,2024.0,4686.000000000007,2024,3214.0000000000014,2024,1915.5,2024,8761.97500000001,2024,8467.805994180551,7261.57626228196,6409.841693979169,35834.04594032749,29039.32467262817,24492.27346886863,-14.244890975626568,-24.30339454654141,23.630616560244228,26.17087263102186,False,False,False,False,True,,100.0,0.0,54.45200948478757,48.82277794821842,61.7129279051932,3000.0,0.942852652244908,3.1471347740408344,1.057139489183681,352.0,230.8221940133413,77.53441583889222,7.492836935102086,2.058564243591853,686.0,549.5516350333534,150.98251245630345,21.11423182693889,5.442836935102086,1814.0,1548.5937734222755,399.1972550333534,0.0
VUT,Vanuatu,East Asia & Pacific,Lower middle income,,327777.0,2024,3172.047727513907,2024.0,0.9421853622759072,2024.0,63.59961216742535,2022.0,59.05079620712888,2022.0,22.2866933360645,2024,22.35140038,2015.0,4.87792015075684,2004.0,-3.980238378047946,2023.0,0.989663735032084,2023.0,-0.836684964597223,2023.0,6.525782287120817,2023.0,94.5962742079442,2024.0,31717.95081603114,2024,26105.46052047105,2024,24638.464338487487,2024,68910.72028882155,2024,70962.40050501762,80977.634938094,90252.78056824004,340953.3079529611,407116.64032564336,471086.7127322327,14.113438048601834,27.18394519624294,20.81293797413685,19.158422033342305,False,False,False,False,True,,100.0,33.69812374479292,0.332982771704909,17.27179275126189,51.01392151725405,3000.0,0.945962742079442,3.1527329357429954,1.0594720565595814,353.0,231.23278334595997,77.70549472748331,7.506832339357488,2.063540387327107,688.0,550.5781083648998,151.34748075196438,21.151552904953306,5.456832339357488,1819.0,1551.3310356397328,400.22372836489984,0.0
TUV,Tuvalu,East Asia & Pacific,Upper middle income,,9646.0,2024,5812.399245377526,2023.0,3.852809195170323,2023.0,98.42496729666526,,59.1528957274226,,64.7254793441291,2024,35.20000076,2017.0,19.3509615384615,2023.0,-3.1482590138912223,2023.0,7.075768589973439,2023.0,-1.334358707070354,2023.0,8.32357335090638,2023.0,103.15012548563736,2023.0,854.5460262302943,2024,750.0391194043906,2024,737.0388862026856,2024,1936.252644425893,2024,1860.3509263543403,1553.9702643355797,1342.9590849980495,9430.548727792187,8519.039651674466,7842.836097021486,-16.468971400958377,-27.81151846282056,19.72685768402654,17.123385831154522,False,False,False,False,True,,86.66666666666667,0.0,24.91341865557401,42.8514419211656,60.92494670454845,3000.0,1.0315012548563738,3.306702258741473,1.1236259411422802,375.0,242.5254477842311,82.41077157676294,7.891755646853682,2.2004020077701982,733.0,578.8097694605776,161.3854046970943,22.17801505827649,5.841755646853682,1947.0,1626.615465228207,428.4553894605777,0.0
ALB,Albania,Europe & Central Asia,Upper middle income,,2377128.0,2024,21641.073322392105,2024.0,4.0459284509534825,2024.0,79.45463607522235,2024.0,48.68999374748046,2024.0,58.5463634043555,2024,85.86389923,2024.0,84.1496200561523,2024.0,1.7559874951839431,2023.0,-1.148681581020358,2023.0,1.203675642609594,2023.0,1.2834427803754829,2023.0,42.610719221538254,2024.0,141597.50290789027,2024,161899.3094128784,2024,190869.5943399116,2024,389388.1297737289,2024,362739.5226815866,263663.27216823905,203863.2277932822,2318284.782814847,2071003.1559615247,1889487.064911628,-27.31333210699427,-43.79900312869032,15.646892278745431,10.789342334175595,True,False,False,False,False,official_unfriendly_list,100.0,36.80094632842065,84.12048049026376,52.489611681018665,54.70042409588352,3895.393198030579,0.4261071922153825,2.2169929459876885,0.6695803941615368,172.0,162.6022438333426,49.109436597226086,5.167482364969221,1.231771507544612,316.0,379.0017595833565,90.342556740749,14.913286306584592,3.117482364969221,800.0,1093.7941055556175,228.64737958335647,57.63284170891468
ASM,American Samoa,East Asia & Pacific,High income,,46765.0,2024,13592.463593743454,,1.7350157728706534,2022.0,124.68427095292766,2022.0,59.1528957274226,,80.9446986961818,2024,0.0,1990.0,19.6201190948486,1989.0,4.579174399375919,2023.0,8.48743808269504,2023.0,3.584094882011413,2023.0,7.799548506736769,2023.0,60.172862740966,,4689.499999999998,2024,3768.0,2024,2437.0000000000005,2024,9554.149999999998,2024,9388.258061436578,8676.675474208807,8137.2249275131535,45738.46563648977,41390.86752681006,38160.172773328064,-7.579495392768165,-13.325508584624412,20.52595759562757,21.32386814873292,False,False,False,True,False,non_sovereign_or_special,80.0,2.068851249672222,23.75542561500948,50.57636906552886,82.59775561986339,3000.0,0.6017286274096599,2.533111529337388,0.801296470557245,267.0,185.78751876310963,58.769967817962346,5.957778823343469,1.512765803855456,504.0,436.9649469077741,110.951690011653,17.02074352891592,3.907778823343469,1303.0,1248.3626050873977,286.61056690777406,23.41868750516293
AND,Andorra,Europe & Central Asia,High income,,81938.0,2024,65928.30719710035,2024.0,3.3718203263899795,2024.0,105.33256455543818,,77.58903860013878,2024.0,88.8850044816278,2024,94.39759827,2024.0,67.6767676767677,2024.0,10.328070998191798,2023.0,10.338292360305772,2023.0,9.45382034778594,2023.0,11.08426153659818,2023.0,65.79129281071242,2024.0,4362.025945706811,2024,4685.528413547497,2024,5087.029368137735,2024,11336.717574916289,2024,11647.717540799258,13156.234128372267,14539.759747039838,83492.45867822418,90860.63347365652,97383.65665938603,12.951177621615772,24.82926115018178,13.950622277982,14.930390011842364,True,False,False,False,False,official_unfriendly_list,93.33333333333331,12.860982410813486,88.52480851558651,80.66126069297972,100.0,11867.095295478062,0.6579129281071242,2.634243270592824,0.8434346960803432,71.0,193.2048847410518,61.86053697543825,6.210608176482059,1.602660684971399,135.0,455.5083618526295,117.54490421426829,17.69495513728549,4.160608176482059,351.0,1297.811711607012,305.1539818526295,57.79733195384803
ABW,Aruba,Latin America & Caribbean,High income,,107995.0,2024,44558.92875941765,2024.0,6.810776693245416,2024.0,160.36527878994727,2024.0,79.00359973156053,2022.0,61.7909396819594,2024,97.17,2017.0,14.0655418559377,2024.0,5.5680859684944135,2023.0,8.89144766330716,2023.0,6.626244366168974,2023.0,10.02767193317414,2023.0,77.98447943308882,2024.0,7013.419218108151,2024,6688.630847701042,2024,5768.732054838173,2024,16297.97949048637,2024,16436.119864779783,17072.385066894745,17611.294696298562,108085.43649702692,108493.3388427201,108827.78615980146,3.8711399487806553,7.1499529158156605,15.20659988751758,16.182718878833334,False,False,False,True,False,non_sovereign_or_special,100.0,10.602149857534773,49.52813512156467,95.3118673042744,88.98986626537533,8020.607176695176,0.7798447943308883,2.853720629795599,0.9348835957481662,117.0,209.30214438347647,68.5677284931152,6.7593015744889975,1.7977516709294217,224.0,495.7515109586912,131.8535794519791,19.15813753197066,4.709301574488997,587.0,1405.1267758898432,345.39713095869115,33.450199264962215
AUS,Australia,East Asia & Pacific,High income,"The reporting period for national accounts data is designated as either calendar year basis (CY) or fiscal year basis (FY). For this country, it is fiscal year-based (fiscal year-end: June 30). Also, an estimate (PA.NUS.ATLS) of the exchange rate covers the same period and thus differs from the official exchange rate (CY).",27196812.0,2024,60303.98171162445,2024.0,1.3734077336597466,2024.0,47.14538110651953,2024.0,66.13990541133012,2024.0,87.6021469990446,2024,96.13140106,2024.0,108.421989440918,2024.0,11.129157423973048,2023.0,10.66228759288791,2023.0,13.59543883800508,2023.0,6.41940051317215,2023.0,89.58941128496147,2024.0,1653291.4178362123,2024,1641004.433780312,2024,1862482.1967087856,2024,4132412.8401354775,2024,4167731.7634837017,4330439.932408418,4468293.350580514,27881680.950009905,31183384.27658135,34183267.700495034,3.903998101564765,7.211634628942165,14.947921436143616,13.07158048706913,True,False,False,False,False,official_unfriendly_list,100.0,74.78554428382695,97.94600879176984,58.37706512787963,98.77552956160356,10854.7167080924,0.8958941128496147,3.062609403129307,1.021920584637211,94.0,224.62279901935463,74.95133459139774,7.281523507823266,1.983430580559384,183.0,534.0531475483865,145.4719391283152,20.55072935419538,5.231523507823266,482.0,1507.264473462364,383.69876754838646,34.231996302565804
AUT,Austria,Europe & Central Asia,High income,"A simple multiplier is used to convert the national currencies of EMU members to euros. The following irrevocable euro conversion rate was adopted by the EU Council on January 1, 1999: 1 euro = 13.7603 Austrian schilling. Please note that historical data before 1999 are not actual euros and are not comparable or suitable for aggregation across countries.",9177982.0,2024,63788.07867847896,2024.0,-0.6590895731713715,2024.0,108.82577783440472,2024.0,63.97068093736812,2024.0,69.4658181096788,2024,91.92573373,2025.0,92.6126708984375,2024.0,9.286770462989807,2023.0,12.225958228111253,2023.0,9.52958810329435,2023.0,5.095924377441407,2023.0,76.89782864039061,2024.0,440716.1918786154,2024,470593.7976354362,2024,558612.057410249,2024,1162685.4153486637,2024,1144937.3344770807,1068364.462247728,1009783.2327398722,9281616.123310871,9762642.964241683,10174949.618508888,-6.687953124030599,-11.804497736894614,12.335538544861375,9.924208675225394,True,False,False,False,False,official_unfriendly_list,100.0,53.886781099642135,90.3922607618546,62.75843512590787,97.27371558729727,11481.854162126212,0.7689782864039061,2.834160915527031,0.9267337148029297,81.0,207.86756452404836,67.96998688502013,6.710402288817577,1.78036525824625,155.0,492.1650613101208,130.57839735470964,19.02773943684688,4.660402288817577,406.0,1395.5629101603224,341.81068131012086,47.24269566793782
BHS,"Bahamas, The",Latin America & Caribbean,High income,,401283.0,2024,36244.05001232444,2024.0,3.378665533361655,2024.0,79.24245869334547,2024.0,77.18596836946087,2024.0,81.3249262966481,2024,92.47270203,2024.0,14.8425798416138,1995.0,1.892472803592679,2023.0,1.2569657266139962,2023.0,0.0502862674184143,2023.0,7.05993628501889,2023.0,95.7704490977285,2024.0,28683.99999999999,2024,28483.499999999996,2024,32009.00000000001,2024,71571.54999999999,2024,70867.72029887779,67785.16246614108,65370.83233792394,404558.174158711,419630.4221381773,432379.46869037335,-4.3497347166471805,-7.756546898603844,17.51731266986485,15.118856715358042,True,False,False,False,False,official_unfriendly_list,100.0,22.906888781847982,54.466942835569206,68.59406857978524,63.09520664228213,6523.9290022184,0.957704490977285,3.173868083759113,1.0682783682329635,164.0,232.78291118799487,78.3513813283312,7.559670209397782,2.0823271855636563,319.0,554.4534279699872,152.72537216710657,21.292453891727423,5.509670209397783,845.0,1561.6652212532993,404.0990479699872,14.896323132445488
BEL,Belgium,Europe & Central Asia,High income,"A simple multiplier is used to convert the national currencies of EMU members to euros. The following irrevocable euro conversion rate was adopted by the EU Council on January 1, 1999: 1 euro = 40.3399 Belgian franc. Please note that historical data before 1999 are not actual euros and are not comparable or suitable for aggregation across countries.",11858610.0,2024,63347.7858809235,2024.0,1.0704541301941362,2024.0,158.93182633806663,2024.0,70.98612253531435,2024.0,87.6126557010527,2024,95.77579144,2024.0,82.1475601196289,2023.0,7.25915396213532,2023.0,9.067624092102031,2023.0,8.177573680877721,2023.0,2.8269716203212747,2023.0,76.23075755749998,2024.0,688710.3019321144,2024,673698.5893476871,2024,712041.5950645845,2024,1682827.6090588644,2024,1694250.7152863378,1746621.8889127036,1790663.3899355722,11983275.134622011,12560686.617589282,13053981.55115845,3.091111200594354,5.690578955012571,14.138461282519648,13.71737337698829,True,False,False,False,False,official_unfriendly_list,100.0,63.88193985998186,97.20837686374205,79.02751742843199,88.90920681992347,11402.601458566229,0.7623075755749998,2.822153636035,0.9217306816812498,81.0,206.9869074198966,67.60304642495691,6.680384090087499,1.7696921209199998,155.0,489.9634185497415,129.7955910399081,18.9476909069,4.6303840900875,406.0,1389.6918627993105,339.6090385497415,47.8570405400483
BMU,Bermuda,North America,High income,,64636.0,2024,109311.9369412986,2024.0,5.972532600717486,2024.0,75.29024432507364,2024.0,91.45616827220866,2023.0,100.0,2024,98.37,2017.0,17.3357105255127,2023.0,8.411772131919871,2023.0,4.785729527473448,2023.0,6.518958032131195,2023.0,7.1428437232971005,2023.0,114.971520694886,2024.0,3354.9720821012347,2024,3383.9728332200075,2024,3378.973695029963,2024,8259.483078084726,2024,8300.049017851712,8485.075477047576,8639.438093393364,64819.4880356081,65651.6515218911,66339.80674181314,2.229221282885318,4.089000857846692,12.804866668018333,13.023007629517313,True,False,False,True,False,official_unfriendly_list;non_sovereign_or_special,100.0,6.994570139246221,61.56053180533843,85.36119797835244,87.77415819255535,14000.0,1.14971520694886,3.5194873725079483,1.2122864052116449,87.0,258.131874054274,88.9134491892808,8.42371843126987,2.3895443311181763,171.0,617.8258351356849,175.25778360379906,23.59658248338632,6.373718431269871,455.0,1730.6583070284928,467.4714551356848,36.58844254228516
VGB,British Virgin Islands,Latin America & Caribbean,High income,,39471.0,2024,23134.759094596546,,3.303940981715158,,78.03680761820395,,59.95832658230936,,56.5072068980827,2024,77.7042682926829,2017.0,29.5605306799337,2024.0,-0.5311454385519029,,-1.9850994646549225,,0.686234049499035,,2.6895116567611668,,52.55375479870984,,2683.0052318791786,2024,2457.5016641222574,2024,2784.500325171516,2024,6393.532042328618,2024,6620.581469680328,7746.31102545581,8813.915664550354,40767.29589856448,47148.067688961935,53132.95494601401,17.003484677756518,33.12902658043917,16.239932827905456,16.58841612235904,True,False,False,True,False,official_unfriendly_list;non_sovereign_or_special,40.0,15.208582927147695,48.32149404248872,55.72336864075623,50.61669046036428,4164.256637027377,0.5255375479870984,2.395967586376777,0.7441531609903238,179.0,175.72888826818377,54.57887177840991,5.614918965941943,1.3908600767793575,334.0,411.8183706704594,102.01068512727448,16.10645057584518,3.564918965941943,856.0,1181.3050684545583,261.46399067045945,44.67288397275446
BGR,Bulgaria,Europe & Central Asia,High income,,6441421.0,2024,34221.52946170318,2024.0,3.38709063847314,2024.0,110.22631455921008,2024.0,63.76258065987136,2024.0,73.9499356882481,2024,82.438955,2024.0,69.5460433959961,2024.0,0.3297843597829339,2023.0,-0.0480037643574178,2023.0,2.8552768826484702,2023.0,2.393030405044559,2023.0,41.9257738839106,2024.0,324197.2329497567,2024,304018.96612672904,2024,294927.3553073183,2024,760933.5089647791,2024,746345.0650864519,684081.6930977999,637249.7501532251,6362037.960861802,6016748.065398568,5749201.832111403,-8.342437687511184,-14.61727557890262,11.731226215213466,11.084142960401064,True,False,False,False,False,official_unfriendly_list,100.0,48.04059953022094,79.30752542844547,68.84064365433889,57.29250850627289,6159.875303106573,0.419257738839106,2.204663929910391,0.6644433041293295,108.0,161.69798940977574,48.73266392073989,5.136659824775977,1.2208123821425696,198.0,376.7411235244393,89.53877503091176,14.831092866069271,3.086659824775977,501.0,1087.7657427318384,226.3867435244393,74.69018215687586
CAN,Canada,North America,High income,Fiscal year end: March 31; reporting period for national accounts data: CY.,41288599.0,2024,56706.82380319776,2024.0,1.5547952104951577,2024.0,65.14992126537832,2024.0,66.38830765978892,2021.0,82.7002565766633,2024,94.353302,2024.0,76.2666931152344,2023.0,10.61762285232544,2023.0,10.31103956699369,2023.0,11.512972950935328,2023.0,5.756943762302398,2023.0,84.01532077477592,2024.0,2260823.4648447344,2024,2542596.2485197494,2024,2881943.0561375543,2024,6100294.088626383,2024,6197640.579145022,6655284.878337106,7055341.025767622,42462203.582316905,48170177.31121101,53426829.52187059,7.384169723104805,13.839144682070636,14.59566404068108,13.20561427452751,True,False,False,False,False,official_unfriendly_list,100.0,81.42616822141272,91.57486166034448,61.61419226784527,98.02380704922108,10207.228284575596,0.8401532077477591,2.962275773945967,0.9801149058108192,96.0,217.2639694539834,71.8851556058264,7.030689434864916,1.894245132396415,186.0,515.6560736349585,138.93075729242966,19.88183849297311,4.980689434864916,488.0,1458.2056096932224,365.3016936349584,34.49968278871312
CYM,Cayman Islands,Latin America & Caribbean,High income,,74457.0,2024,79675.85684818079,2023.0,5.815591826308804,2023.0,105.47279015891912,2020.0,85.98394122688745,2023.0,100.0,2024,81.0676932508161,2017.0,33.0195503234863,2008.0,8.660645484924299,2023.0,5.052494645118712,2023.0,7.467328786849961,2023.0,11.37920987606046,2023.0,112.1180589907548,2023.0,3888.974076199226,2024,3807.9743212740686,2024,4963.466922641737,2024,9930.508512662076,2024,10010.863314249164,10380.58258798294,10693.22137062238,77222.96385997787,90997.75152873828,104149.75899490686,3.693180719064726,6.816175937613345,12.963583387450722,10.26715901584112,True,False,False,True,False,official_unfriendly_list;non_sovereign_or_special,100.0,7.765955509012682,63.70146677370444,90.16102791085916,90.25744259752358,14000.0,1.121180589907548,3.468125061833587,1.190885442430661,85.0,254.36477728509783,87.34382553545743,8.295312654583967,2.343888943852077,167.0,608.4080932127446,171.90925314230918,23.25416707889058,6.245312654583966,446.0,1705.5443285673189,458.0537132127445,37.41061483033948
HRV,Croatia,Europe & Central Asia,High income,"A simple multiplier is used to convert the national currencies of EMU members to euros. The following irrevocable euro conversion rate entered into force on January 1, 2023: 1 euro = 7.53450 Croatian kuna. Please note that historical data are not actual euros and are not comparable or suitable for aggregation across countries.",3866200.0,2024,42829.19783703841,2024.0,3.826887028907393,2024.0,104.9123260732532,2024.0,60.837432488017576,2024.0,57.5158981711443,2024,83.63240029,2024.0,81.1775207519531,2023.0,4.988575875759126,2023.0,2.5242389738559696,2023.0,4.507301926612857,2023.0,4.183984279632569,2023.0,48.536943103181926,2024.0,205397.71730982576,2024,196430.38204683736,2024,215319.30015764188,2024,498721.784427602,2024,490484.2378732408,455066.9345731533,428118.2163728791,3828951.223514845,3665723.153147564,3537769.140685534,-7.220885110122676,-12.715193819639005,12.80988472407317,12.101361037083388,True,False,False,False,False,official_unfriendly_list,100.0,43.77419019805838,81.50750295620027,71.13675767554017,72.8709986170656,7709.2556106669135,0.4853694310318193,2.323664975857275,0.7140270732738645,93.0,170.4259545232856,52.369316051369005,5.4341624396431865,1.326591089650911,172.0,398.561036308214,97.29696624292056,15.624433172381831,3.384162439643186,439.0,1145.952176821904,248.206656308214,72.12651258530036
CUW,Curaçao,Latin America & Caribbean,High income,,155967.0,2024,28762.05818043097,2024.0,5.02690000000014,2024.0,155.2688580039632,2018.0,72.29604917570241,2024.0,91.4321812441765,2024,68.1272162511339,2017.0,23.0842005676443,2013.0,-0.5311454385519029,,-1.9850994646549225,,0.686234049499035,,2.6895116567611668,,69.8396907093134,2024.0,8824.574984348592,2024,10552.57431293986,2024,13217.729942661204,2024,25325.127771485997,2024,24682.41165460872,21986.15819666996,20012.392593805995,156121.03476441654,156816.0759397732,157386.31957097226,-10.923784497514088,-18.92043259853311,15.809792506086046,12.715458782160256,False,False,False,True,False,non_sovereign_or_special,73.33333333333334,7.163729322340624,50.95812088191167,84.56516814990617,50.61669046036428,5177.170472477575,0.6983969070931341,2.707114432767641,0.8737976803198505,169.0,198.5495181111368,64.08746754630698,6.392786081919104,1.6674350513490146,322.0,468.8699452778419,122.29568943212158,18.18076288511761,4.342786081919103,839.0,1333.4426007409118,318.5155652778419,28.437976151778432
CYP,Cyprus,Europe & Central Asia,High income,"A simple multiplier is used to convert the national currencies of EMU members to euros. The following irrevocable euro conversion rate entered into force on January 1, 2008: 1 euro = 0.585274 Cyprus pounds. Please note that historical data are not actual euros and are not comparable or suitable for aggregation across countries.",1358282.0,2024,52635.58203125,2024.0,3.940773817084036,2024.0,190.40287092075968,2024.0,76.47690467078259,2024.0,66.6824259192483,2024,89.60099246,2024.0,120.87727355957,2024.0,5.16417944431305,2023.0,4.396282196044921,2023.0,5.447807848453523,2023.0,2.867390185594558,2023.0,61.38132202770243,2024.0,67148.4999920348,2024,74399.99999487553,2024,91388.4999931882,2024,182673.324983845,2024,177455.72353186418,155760.3664683919,140098.88890206034,1386239.9752916887,1519345.5123456933,1637982.1763904034,-12.225786033650598,-21.05135516978465,12.801226821822423,8.553138789995513,True,False,False,False,False,official_unfriendly_list,100.0,29.467744208604092,88.42621315245509,88.77125451658051,75.45626053867235,9474.404765625,0.6138132202770243,2.554863796498644,0.8103599152077683,86.0,187.38290834487796,59.43471347703247,6.01215949124661,1.532101152443239,162.0,440.9534208621948,112.36981408433594,17.165758643324292,3.96215949124661,418.0,1258.9985356325194,290.5990408621948,60.658853070691606
CZE,Czechia,Europe & Central Asia,High income,,10905028.0,2024,47963.89684857818,2024.0,1.2330861198348373,2024.0,131.4849810699523,2024.0,60.17214527632508,2024.0,72.7947984592185,2024,87.68776014,2024.0,66.7282867431641,2023.0,7.798079848289501,2023.0,7.99528563022616,2023.0,9.13141977787018,2023.0,6.77153140306473,2023.0,55.23245489982133,2024.0,587341.3893047592,2024,542683.1082548683,2024,557096.1975853072,2024,1380717.7864730158,2024,1391543.2366274395,1441317.762819979,1483362.8628031183,10977509.3840536,11309683.751375154,11588857.930471595,3.5769299064809523,6.598402676888004,12.676311064227871,12.799905492868136,True,False,False,False,False,official_unfriendly_list,100.0,61.8810301279455,79.77775184403224,67.01521838110004,94.18143546066928,8633.501432744073,0.5523245489982133,2.444184188196784,0.76424341174866,89.0,179.2652674254296,56.05236309392901,5.73546047049196,1.4337192783971413,166.0,420.65931856357406,105.15413326704856,16.42789458797856,3.68546047049196,427.0,1204.8809295028643,270.3049385635741,66.15230962079188
DNK,Denmark,Europe & Central Asia,High income,,5976992.0,2024,71431.29262422866,2024.0,3.4778359314031206,2024.0,131.76503097520668,2024.0,63.54956351616492,2024.0,88.6960552688405,2024,99.76915157,2024.0,78.9604110717773,2024.0,14.109541893005373,2023.0,13.362551331520091,2023.0,12.876639008522032,2023.0,5.95593571662903,2023.0,87.75440289641324,2024.0,350423.8759137458,2024,369805.0140100641,2024,405831.4824511373,2024,902853.0570268217,2024,905885.6820285273,919659.046150176,931074.148643384,6033028.4462418,6291765.335791793,6511748.888131923,1.5204307116110094,2.780534797553358,15.015438599379346,14.298373058278186,True,False,False,False,False,official_unfriendly_list,100.0,55.72409172644935,95.75712069923006,81.12616326936853,98.2496130835832,12857.632672361158,0.8775440289641324,3.0295792521354388,1.0081580217230992,78.0,222.2002488369208,73.94193868205029,7.1989481303385965,1.954070446342612,152.0,527.9967720923019,143.318561188374,20.33052834756959,5.148948130338596,400.0,1491.114138912805,377.6423920923018,40.0
EST,Estonia,Europe & Central Asia,High income,"The following irrevocable euro conversion rate entered into force on January 1, 2011: 1 euro = 15.6466 Estonian kroon. Please note that historical data are not actual euros and are not comparable or suitable for aggregation across countries.",1372341.0,2024,41189.66753007343,2024.0,-0.09004286484938,2024.0,151.03770241045515,2024.0,65.69711449661993,2024.0,70.6981161541961,2024,92.23796204,2024.0,65.6692276000977,2024.0,8.8442895412445,2023.0,9.984722852706913,2023.0,10.00750458240512,2023.0,4.623737335205079,2023.0,62.36308251578123,2024.0,76998.2850609241,2024,65975.54680143122,2024,68123.5081048344,2024,173629.4105095308,2024,173650.1651610127,173743.59179798322,173819.95973264708,1383430.966592125,1434455.3559218028,1477600.2063818944,0.0538016401446572,0.0977796775931238,12.552138079486095,11.763666449280551,True,False,False,False,False,official_unfriendly_list,100.0,35.744475131855914,80.64907455884732,66.06386819090528,96.43957299242796,7414.140155413217,0.6236308251578123,2.572535485284062,0.8177231188683592,110.0,188.67901361848013,59.97475734103339,6.056338713210156,1.5478093202524998,209.0,444.1936840462004,113.52190766087124,17.28356990189375,4.006338713210155,540.0,1267.6392374565344,293.8393040462003,50.81722383368195
FRO,Faroe Islands,Europe & Central Asia,High income,,54681.0,2024,72059.58032715398,2024.0,0.8437168513621032,2024.0,105.75280303762317,2024.0,53.82691130841823,2024.0,39.4132325882965,2024,97.5819589384468,2017.0,75.1643373416554,,5.076377660036088,,4.309919238090515,,5.203724116086962,,3.7608208060264583,,90.49049736019808,2024.0,3798.093133634258,2024,3778.3536314273897,2024,3070.6540836529034,2024,8958.241102705455,2024,9232.209372461422,10572.524173272404,11817.971868807246,55647.36369228066,60211.75025154919,64230.63264560013,14.517812007264252,28.008057356875412,16.590560198887022,18.39927676567388,False,False,False,True,False,non_sovereign_or_special,66.66666666666667,13.760109461916636,78.13112711284066,61.52233564787892,75.87124949023124,12970.724458887717,0.9049049736019809,3.078828952483565,1.0286787302014857,79.0,225.81239915937363,75.44700131640568,7.322072381208914,1.9978479577631691,154.0,537.027147898434,146.52936147499878,20.65885968322377,5.272072381208914,406.0,1515.1951410624908,386.6727678984341,40.0
FIN,Finland,Europe & Central Asia,High income,"A simple multiplier is used to convert the national currencies of EMU members to euros. The following irrevocable euro conversion rate was adopted by the EU Council on January 1, 1999: 1 euro = 5.94573 Finnish markka. Please note that historical data before 1999 are not actual euros and are not comparable or suitable for aggregation across countries.",5619911.0,2024,56123.147957983936,2024.0,0.4161719648620732,2024.0,83.46010153535074,2024.0,62.21449976989669,2024.0,74.2637190463636,2024,93.72405196,2024.0,110.304496765137,2024.0,12.170246005058262,2023.0,13.76932132244109,2023.0,12.35604548454283,2023.0,4.997906863689424,2023.0,81.60553425117185,2024.0,316924.15118419845,2024,308937.955888124,2024,331473.88409744034,2024,775025.3549161706,2024,773422.1085090772,766248.4428794902,760439.2199416053,5651967.752780744,5798501.098017133,5921162.442054195,-0.9275227008206044,-1.6786290984749486,13.684121041358685,12.842735313942688,True,False,False,False,False,official_unfriendly_list,100.0,52.50690370932072,92.74031228225633,58.31323356490631,97.16249025583468,10102.166632437107,0.8160553425117185,2.9188996165210934,0.9620415068837888,95.0,214.08260591427648,70.55958746428185,6.9222490413027336,1.8556885480187495,184.0,507.7026647856911,136.10287859046795,19.59266411014062,4.872249041302734,482.0,1436.9965194285096,357.34828478569113,37.01653241575699
FRA,France,Europe & Central Asia,High income,"The following irrevocable euro conversion rate was adopted by the EU Council on January 1, 1999: 1 euro = 6.55957 French franc. Please note that historical data before 1999 are not actual euros and are not comparable or suitable for aggregation across countries.",68551653.0,2024,54799.348268938855,2024.0,1.1904679827588325,2024.0,68.10818754437437,2024.0,70.91418442118513,2024.0,78.7999750964116,2024,88.65381638,2024.0,71.5346908569336,2024.0,8.01238381862639,2023.0,8.263995885848988,2023.0,8.074538111686689,2023.0,2.405885756015777,2023.0,73.73597881507811,2024.0,4254156.639647624,2024,4193219.518562975,2024,3965703.8673345,2024,10231942.898511125,2024,10346594.291191429,10878632.971244007,11334497.479405375,68973584.249295,70904643.92563367,72524209.03938392,5.142162387729177,9.548100180703912,15.000807053603545,15.628570968971523,True,False,False,False,False,official_unfriendly_list,100.0,86.04609098300185,84.91188060895715,62.48126554145687,88.49088900531584,9863.882688408994,0.7373597881507812,2.7772476186714066,0.903019841113086,92.0,203.69333844478817,66.23072601866171,6.568119046678516,1.72977566104125,175.0,481.7294961119703,126.86797417314502,18.648317457809373,4.518119046678516,458.0,1367.7347362985874,331.3751161119704,45.96127868310719
PYF,French Polynesia,East Asia & Pacific,High income,,281807.0,2024,13592.463593743454,,1.126388977302469,2024.0,64.4688665693732,2024.0,75.90395088249451,2020.0,61.7191984724331,2024,72.7038953132942,2017.0,1.45677995681763,1992.0,1.4141859263181686,,3.92155733704567,,-0.7341233193874348,,5.977532505989073,,60.172862740966,,21702.53898841992,2024,20868.03722387294,2024,17907.53228629861,2024,50628.96574112724,2024,50158.3639130235,48094.20397745349,46473.745420178806,283029.6626688165,288597.6236321935,293231.5237400876,-4.115285616471343,-7.34597025380247,17.721945975576297,15.848823082668243,False,False,False,True,False,non_sovereign_or_special,60.0,19.02919342650819,33.911411892657284,44.24839658779041,63.522825482618096,3000.0,0.6017286274096599,2.533111529337388,0.801296470557245,267.0,185.78751876310963,58.769967817962346,5.957778823343469,1.512765803855456,504.0,436.9649469077741,110.951690011653,17.02074352891592,3.907778823343469,1303.0,1248.3626050873977,286.61056690777406,23.41868750516293
DEU,Germany,Europe & Central Asia,High income,"A simple multiplier is used to convert the national currencies of EMU members to euros. The following irrevocable euro conversion rate was adopted by the EU Council on January 1, 1999: 1 euro = 1.95583 Deutsche Mark. Please note that historical data before 1999 are not actual euros and are not comparable or suitable for aggregation across countries. GDP data before 1991 are calculated by applying backward GDP growth rates of the former Federal Republic of Germany starting from the first official GDP value for the unified Germany (1991).",83516593.0,2024,62554.55472324357,2024.0,-0.4958518972603656,2024.0,79.09073058949357,2024.0,64.04565058200912,2024.0,82.0211432579125,2024,93.49999579,2024.0,76.7096862792969,2024.0,8.297916889190672,2023.0,10.858454465866073,2023.0,10.19882488250731,2023.0,4.108924984931949,2023.0,75.85993400890624,2024.0,3815110.652336149,2024,4147627.767910743,2024,4750486.507356734,2024,10100457.348557422,2024,9901175.412648618,9051956.84838774,8414760.794023814,83737532.11179931,84739013.46179321,85566503.74837856,-8.576946967084476,-15.012506663864675,11.82405925150672,9.834176255195269,True,False,False,False,False,official_unfriendly_list,100.0,77.88176570833491,91.21848168299248,57.263569720726,94.93445436184174,11259.81985018384,0.7585993400890624,2.8154788121603125,0.9189495050667968,82.0,206.49735180756107,67.3990649198171,6.6636970304007805,1.7637589441425,157.0,488.73952951890266,129.36043049560985,18.90319208106875,4.613697030400781,410.0,1386.4281587170738,338.38514951890267,47.75448230119166
GIB,Gibraltar,Europe & Central Asia,High income,The DEC conversion is not reported when national accounts data are unavailable.,39329.0,2024,42197.20251358284,,2.599467215537075,,105.33256455543818,,61.98936974538848,,100.0,2024,94.4444715818151,2016.0,75.1643373416554,,5.076377660036088,,4.309919238090515,,5.203724116086962,,3.7608208060264583,,54.32500044070311,,2424.5000000000005,2024,2504.000000000001,2024,2570.5000000000014,2024,6085.225000000002,2024,6329.701847682503,7557.236461869002,8743.964606179263,40610.9272934492,46916.74952749642,52825.29989921583,19.393245428075524,38.14180851789559,15.586203688344549,16.552607600641494,True,False,False,True,False,official_unfriendly_list;non_sovereign_or_special,33.333333333333336,16.626455463851247,94.5626264325102,66.81716702628889,75.87124949023124,7595.496452444911,0.5432500044070311,2.427850007932656,0.7574375033052733,100.0,178.06725984180954,55.55319326742064,5.69462501983164,1.4192000070512498,187.0,417.6642996045238,104.08923763716405,16.319000052884373,3.64462501983164,480.0,1196.8942122787305,267.3099196045238,62.97138748313523
GRC,Greece,Europe & Central Asia,High income,"A simple multiplier is used to convert the national currencies of EMU members to euros. The following irrevocable euro conversion rate was adopted by the EU Council on January 1, 1999: 1 euro = 340.75 Greek drachma. Please note that historical data before 1999 are not actual euros and are not comparable or suitable for aggregation across countries.",10405134.0,2024,37474.2798239947,2024.0,2.086574338060302,2024.0,89.77652794461684,2024.0,68.01048719456652,2024.0,78.9967856500534,2024,86.26968886,2024.0,165.113418579102,2023.0,1.036021187901497,2023.0,1.492110043764116,2023.0,4.052547276020047,2023.0,1.678208470344546,2023.0,55.751902612656245,2024.0,546984.7271980629,2024,529589.3612328802,2024,523292.1104586295,2024,1312055.5381373262,2024,1292440.9192612057,1207741.1481305796,1142853.8920842805,10319145.465902006,9940906.555676011,9642649.750280228,-6.553473343991811,-11.57399343735056,12.524689408942566,11.852073047152494,True,False,False,False,False,official_unfriendly_list,100.0,55.363922122847306,90.7079180966413,63.40124686064937,61.36730761389728,6745.370368319046,0.5575190261265625,2.4535342470278128,0.7681392695949218,114.0,179.95103440030908,56.3380993334621,5.758835617569531,1.4420304418025,214.0,422.3737360007726,105.76370391138585,16.49022831351875,3.708835617569531,550.0,1209.4527093353936,272.01935600077263,56.77911863891232
GRL,Greenland,Europe & Central Asia,High income,,56836.0,2024,71037.53722396232,2023.0,0.8659619869981583,2023.0,91.89009943758208,2023.0,60.98765647565983,2023.0,88.3195347935238,2024,69.4824617821988,2017.0,75.1643373416554,,5.347278594970704,2023.0,11.79028403759003,2023.0,8.44834089279173,2023.0,10.46758854389192,2023.0,74.19904516246447,2023.0,3521.2368619427853,2024,3493.75491633737,2024,4232.710548852796,2024,8919.711525263912,2024,8683.486691344064,7695.540819692351,6975.819761543034,56967.30406966625,57561.93637546755,58052.55964907981,-11.377294706244257,-19.66568258235807,15.242930718162274,12.016386191601129,False,False,False,True,False,non_sovereign_or_special,93.33333333333331,0.2755239712329,80.97009065204747,62.60834656519116,92.42302989186643,12786.756700313215,0.7419904516246447,2.7855828129243605,0.9064928387184836,71.0,204.30467159799912,66.48544816583296,6.588957032310901,1.7371847225994317,136.0,483.2578289949978,127.41138142044367,18.703885419495737,4.538957032310901,355.0,1371.8102906533277,332.9034489949978,49.74306580119891
GUM,Guam,East Asia & Pacific,High income,,167777.0,2024,13592.463593743454,,5.099864262167927,2022.0,71.86685962373372,2022.0,59.1528957274226,,94.1726346571831,2024,80.5054655600831,2017.0,38.093350068095845,,4.579174399375919,2023.0,6.636583387851717,2023.0,3.584094882011413,2023.0,6.253832638263701,2023.0,60.172862740966,,12040.000000000004,2024,11488.500000000007,2024,11581.000000000002,2024,28739.95000000001,2024,28438.276336115203,27119.454383660257,26089.47246997254,169002.21793164074,174627.3696915613,179368.175606486,-4.637489054778287,-8.259304601945217,16.8271616101619,14.545207020006696,False,False,False,True,False,non_sovereign_or_special,73.33333333333334,12.165966658608228,66.39300737723462,54.15792186550416,78.7251158550018,3000.0,0.6017286274096599,2.533111529337388,0.801296470557245,267.0,185.78751876310963,58.769967817962346,5.957778823343469,1.512765803855456,504.0,436.9649469077741,110.951690011653,17.02074352891592,3.907778823343469,1303.0,1248.3626050873977,286.61056690777406,23.41868750516293
HKG,"Hong Kong SAR, China",East Asia & Pacific,High income,"On 1 July 1997 China resumed its exercise of sovereignty over Hong Kong. Unless otherwise noted, data for China do not include data for Hong Kong SAR, China; Macao SAR, China; or Taiwan, China. Agriculture value added includes mining and quarrying.",7524100.0,2024,66153.97466510782,2024.0,2.5049875846682568,2024.0,359.50671066746366,2024.0,91.7510158754355,2024.0,100.0,2024,95.75536971,2024.0,120.08978583196,2024.0,10.88384974002837,2023.0,9.05552101135255,2023.0,11.23032212257382,2023.0,4.711423754692081,2023.0,71.91167414520109,2024.0,284897.9657332128,2024,280005.9729191666,2024,402755.8315146584,2024,746144.0628339758,2024,702315.0376615738,534839.8110719564,429185.4520508557,7555535.768416948,7698629.989116737,7817637.892056206,-23.846168401468727,-38.8898956969695,9.295370430212714,5.489963310873826,False,False,False,True,False,non_sovereign_or_special,100.0,44.694945294429786,99.9233466312272,85.69041809423616,95.75869165539744,11907.715439719406,0.7191167414520109,2.74441013461362,0.8893375560890081,75.0,201.28491914904748,65.22721797876977,6.486025336534048,1.7005867863232176,143.0,475.7084478726186,124.72715702137552,18.42940089742413,4.4360253365340485,373.0,1351.6786076603164,325.3540678726186,51.89380095091023
HUN,Hungary,Europe & Central Asia,High income,,9562065.0,2024,40686.93192633433,2024.0,0.5601178431404321,2024.0,146.5045615059015,2024.0,59.523153420336286,2024.0,70.491825943218,2024,93.77898628,2024.0,60.5168685913086,2024.0,2.609312266111376,2023.0,2.989591747522352,2023.0,2.228165566921231,2023.0,5.123242676258084,2023.0,48.01271265116941,2024.0,498264.51540987066,2024,498978.00399689766,2024,554484.348035042,2024,1246760.476022537,2024,1220583.314403141,1109423.193074616,1026475.3085969284,9517127.18422169,9317506.19545838,9157666.07988162,-9.107130993584144,-15.90288868573715,12.825123493429077,11.20891829471683,True,False,False,False,False,official_unfriendly_list,100.0,53.33626496769303,78.3084781744895,64.60625075910148,67.40729310979658,7323.647746740179,0.4801271265116941,2.314228827721049,0.7100953448837706,97.0,169.73387344884154,52.08094893701731,5.410572069302623,1.3182034024187106,180.0,396.8308336221039,96.68178306563694,15.56152551814033,3.3605720693026235,459.0,1141.338302992277,246.4764536221039,71.12549535938577
ISL,Iceland,Europe & Central Asia,High income,,386506.0,2024,67310.05735736161,2024.0,-0.9706764689183842,2024.0,85.96719326813033,2024.0,64.8920846344191,2024.0,94.1819039916522,2024,98.209198,2024.0,76.5200729370117,2023.0,10.88584661483767,2023.0,12.04782330989839,2023.0,8.99110698699948,2023.0,8.50082623958589,2023.0,102.7545226128763,2024.0,24547.43989684085,2024,25517.15520969129,2024,29611.178206513297,2024,63389.62529946312,2024,64245.68916893607,68243.31675262855,71701.99155866264,396317.922185642,443646.7834198734,486685.7782626485,6.222405947238885,11.605918601199816,16.21064442774362,14.732707377359896,True,False,False,False,False,official_unfriendly_list,100.0,27.7768119443662,96.0469992651582,59.11076209731591,99.36296886765622,12115.81032432509,1.027545226128763,3.299581407031773,1.1206589195965724,92.0,242.0031788847756,82.19315953532316,7.873953517579434,2.194072361806021,181.0,577.5040972119389,160.92116567535606,22.13054271354516,5.823953517579434,481.0,1623.1336725651704,427.1497172119389,34.61386578747799
IRL,Ireland,Europe & Central Asia,High income,"A simple multiplier is used to convert the national currencies of EMU members to euros. The following irrevocable euro conversion rate was adopted by the EU Council on January 1, 1999: 1 euro = 0.787564 Irish pound. Please note that historical data before 1999 are not actual euros and are not comparable or suitable for aggregation across countries.",5395790.0,2024,119037.7311754428,2024.0,2.599467215537075,2024.0,246.16987485740103,2024.0,60.56356436318626,2024.0,64.3470379255585,2024,97.18769836,2024.0,77.5933380126953,2022.0,11.13801860809323,2023.0,11.435084819793673,2023.0,12.24554729461672,2023.0,6.313380897045137,2023.0,80.19291950140625,2024.0,366622.4316505864,2024,348550.9588000665,2024,326006.2834870249,2024,861876.2180198141,2024,891403.092369369,1037303.1871380334,1174955.4829237985,5538350.462376358,6227944.193180757,6857741.573016798,16.367465630039348,31.80967095377032,16.095100850423464,17.133271506568633,True,False,False,False,False,official_unfriendly_list,100.0,64.43866867910747,87.34496535720041,79.92154222784329,98.65522384792158,14000.0,0.8019291950140626,2.8934725510253125,0.9514468962605468,68.0,212.2176933933801,69.78254058057504,6.858681377563282,1.8330867120225005,131.0,503.0403834834503,134.44517857189345,19.42315034016875,4.808681377563282,343.0,1424.5637692892003,352.6860034834503,44.2427191443672
IMN,Isle of Man,Europe & Central Asia,High income,"Classification for years after 2012 was adjusted and figures were re-estimated by the World Bank, based on the detailed data published by the Cabinet Office, and are not consistent with data for 2011 and before.",84160.0,2024,42197.20251358284,,-4.165393452132321,2022.0,105.33256455543818,,95.1498044284005,2022.0,52.1633405796294,2024,91.60810962,,75.1643373416554,,5.076377660036088,,4.309919238090515,,5.203724116086962,,3.7608208060264583,,54.32500044070311,,4624.970778241192,2024,4429.972036280884,2024,4386.973517908695,2024,11029.080897580989,2024,11025.318022563712,11008.40096579446,10994.599973025584,84302.76435596471,84948.20684225507,85479.36097489904,-0.1534382657682353,-0.2786137277424827,13.078240205753865,12.862286109338305,True,False,False,True,False,official_unfriendly_list;non_sovereign_or_special,40.0,5.759184110275041,80.08796081602155,61.20195672538576,75.87124949023124,7595.496452444911,0.5432500044070311,2.427850007932656,0.7574375033052733,100.0,178.06725984180954,55.55319326742064,5.69462501983164,1.4192000070512498,187.0,417.6642996045238,104.08923763716405,16.319000052884373,3.64462501983164,480.0,1196.8942122787305,267.3099196045238,62.97138748313523
ITA,Italy,Europe & Central Asia,High income,"A simple multiplier is used to convert the national currencies of EMU members to euros. The following irrevocable euro conversion rate was adopted by the EU Council on January 1, 1999: 1 euro = 1936.27 Italian lira. Please note that historical data before 1999 are not actual euros and are not comparable or suitable for aggregation across countries.",58952704.0,2024,53265.00324741888,2024.0,0.6926769484405355,2024.0,62.82376851195257,2024.0,65.04836245761426,2024.0,69.6047535143071,2024,89.2207202,2024.0,75.9496536254883,2023.0,4.2772582769393885,2023.0,2.732510805130008,2023.0,4.508222341537475,2023.0,4.0832451581954965,2023.0,64.90245533351562,2024.0,2885837.839611761,2024,3004184.592685216,2024,3082603.1003720816,2024,7277193.827464413,2024,7264484.492852245,7207566.60794529,7161410.997672409,58772310.02996131,57967343.844094805,57318245.1388541,-0.7835089325740618,-1.418868679274543,12.36038619062091,12.494121165649451,True,False,False,False,False,official_unfriendly_list,100.0,78.55126638368029,84.8756422920332,56.37516714776703,71.83584461368721,9587.700584535398,0.6490245533351562,2.6182441960032814,0.8367684150013671,87.0,192.03145501398623,61.37160792249426,6.170610490008203,1.58843928533625,166.0,452.5747875349656,116.50185556798776,17.588294640021875,4.120610490008203,430.0,1289.9888467599085,302.2204075349656,56.292597198842856
JPN,Japan,East Asia & Pacific,High income,Fiscal year end: March 31; reporting period for national accounts data: CY.,123975371.0,2024,46106.92292300441,2024.0,0.1043090217733038,2024.0,46.40695161508589,2024.0,69.77279581019154,2023.0,92.1901718034531,2024,85.54153081,2024.0,64.4907608032227,2023.0,11.41885530948638,2023.0,10.74877572059634,2023.0,10.28528130054474,2023.0,6.657953619956968,2023.0,62.406628442169264,2024.0,5662969.630330083,2024,6103760.618469805,2024,6114133.720970132,2024,14518090.423236448,2024,14413969.186990354,13954587.551403616,13590639.284715105,123300957.70379478,120311211.35825552,117924864.341933,-3.187058537639742,-5.712027628159255,11.69007074674712,11.52482927205912,True,False,False,False,False,official_unfriendly_list,100.0,84.2223352215613,83.52881326346056,51.54284335208601,99.04622759665789,8299.246126140793,0.6240662844216927,2.5733193119590467,0.8180497133162694,99.0,188.73650228859952,59.998710953583135,6.058298279897617,1.5485060550747085,187.0,444.3374057214989,113.57300870097735,17.288795413060313,4.008298279897617,483.0,1268.0224952573303,293.98302572149885,54.64022748510544
KAZ,Kazakhstan,Europe & Central Asia,Upper middle income,,20592571.0,2024,35973.96332870171,2024.0,4.999999999969361,2024.0,57.16134319639236,2024.0,57.94279734008037,2024.0,62.072531584162,2024,93.39167254,2024.0,52.8612860406142,2025.0,1.0277027189731611,2023.0,-3.1274695694446537,2023.0,0.4616817012429237,2023.0,-1.91342204809189,2023.0,34.615578279353045,2024.0,1596900.4962119467,2024,1218749.4973037166,2024,1265039.4973983,2024,3384917.7673448985,2024,3413537.3603066355,3545349.721211817,3656983.4630708112,21086003.40078363,23456916.56380757,25600160.1423867,3.8614594478421305,7.131783750048282,16.188640850640176,14.28500229190313,False,True,False,False,False,existing_mgimo_branch,100.0,72.44700986248776,71.03181193420721,63.414344703007785,46.19335207635619,6475.313399166308,0.3461557827935304,2.0730804090283548,0.6096168370951478,94.0,152.04718028761204,44.71149345317168,4.807701022570887,1.1038492524696486,170.0,352.6141007190301,80.96027803343291,13.953869393522366,2.757701022570887,426.0,1023.4270152507468,202.2597207190301,88.66576977648373
KOR,"Korea, Rep.",East Asia & Pacific,High income,,51751065.0,2024,55070.938619412125,2024.0,2.003611018389861,2024.0,84.64249511920376,2024.0,57.50050824109315,2024.0,81.1682528469686,2024,97.89563777,2024.0,111.853302001953,2024.0,9.83365130424502,2023.0,8.739515781402561,2023.0,7.857662320137,2023.0,4.268843114376072,2023.0,59.357639680938846,2024.0,2303579.063749947,2024,2840701.0003499365,2024,3537408.164551681,2024,6736113.73814814,2024,6477773.421960137,5432494.448045837,4709867.7384921415,51865373.95840171,52382896.87675931,52809713.69751871,-16.13639295210182,-27.291872813498884,12.489591663130769,8.918563288316857,True,False,False,False,False,official_unfriendly_list,100.0,70.9356084785046,95.93369934169873,62.13606801715563,92.6389383929567,9912.768951494185,0.5935763968093885,2.5184375142568998,0.7951822976070413,80.0,184.7112736706523,58.32153236277179,5.921093785642248,1.4997222348950217,151.0,434.2743341766308,109.9950277072465,16.92291676171266,3.871093785642248,391.0,1241.1876378043485,283.9199541766308,64.25126306952133
XKX,Kosovo,Europe & Central Asia,Upper middle income,,1594353.0,2024,15716.292556458631,2024.0,4.573097168116604,2024.0,113.78965196413267,2024.0,45.68064716527042,2024.0,50.3214443938994,2024,89.4430319734879,2018.0,75.1643373416554,,-0.5604243129491805,2023.0,-2.180023401975629,2023.0,-2.0677117109298724,2023.0,-2.257581293582916,2023.0,39.31315739301944,2024.0,133308.78069434088,2024,139683.20227251438,2024,120837.68274077628,2024,327368.9402002046,2024,312198.71415309526,252175.26101899068,212131.73654963015,1549830.0786463926,1364370.417237378,1230115.1444393503,-19.226041111966406,-32.05233496073737,20.144060852514023,17.244868296155598,False,False,False,True,False,non_sovereign_or_special,93.33333333333331,35.595398231568446,78.49162078947965,54.99258534086423,40.90308252001348,3000.0,0.3931315739301944,2.15763683307435,0.6448486804476458,215.0,158.2488528302719,47.295523679279945,5.019092082685875,1.179010518288311,393.0,368.1182820756797,86.47287584913056,14.517578887162331,2.969092082685875,990.0,1064.7714988684793,217.7639020756797,53.87061309119649
LVA,Latvia,Europe & Central Asia,High income,"A simple multiplier is used to convert the national currencies of EMU members to euros. The following irrevocable euro conversion rate entered into force on January 1, 2014: 1 euro = 0.702804 Latvian lats. Please note that historical data are not actual euros and are not comparable or suitable for aggregation across countries. Based on data from EUROSTAT, the new reference year is 2010.",1866124.0,2024,37611.66993594042,2024.0,-0.046108010971352,2024.0,132.26250789592498,2024.0,64.60293563144333,2024.0,68.4839492628509,2024,92.70757011,2024.0,82.917350769043,2024.0,4.875926852226256,2023.0,7.279026746749871,2023.0,8.20555830001831,2023.0,4.137623906135559,2023.0,53.74322093874999,2024.0,102274.00773272583,2024,89146.43921761007,2024,85081.4592884803,2024,229707.10363015204,2024,225124.11571849085,205606.1937465553,190975.39253361648,1845826.5727942744,1757185.7546015172,1688072.0039971485,-8.669849478206027,-15.168842785184356,12.196385025365108,11.313225507052428,True,False,False,False,False,official_unfriendly_list,100.0,33.97399459316503,90.22825654470878,61.13619699441095,84.04042608269582,6770.100588469276,0.5374322093874999,2.4173779768975,0.753074157040625,111.0,177.29920338637947,55.233169744324776,5.66844494224375,1.40989153502,208.0,415.7441584659487,103.40652078789286,16.24918651265,3.61844494224375,534.0,1191.7738359091964,265.38977846594867,59.88853224898461
LIE,Liechtenstein,Europe & Central Asia,High income,,40450.0,2024,42197.20251358284,,-1.1574829197563616,2009.0,105.33256455543818,,57.42671889774415,2023.0,14.657584904886,2024,98.2641983,2024.0,46.0189590454102,2021.0,11.39473676681522,2023.0,11.98871481418611,2023.0,11.34861588478086,2023.0,11.28930711746215,2023.0,54.32500044070311,,2027.0629032978447,2024,2163.5209539547154,2024,2383.678213054146,2024,5263.239053126927,2024,5259.347632380153,5241.871813116874,5227.639222254523,41064.14543740248,43945.25358913792,46455.617458500965,-0.3322811208691711,-0.6028962590419296,12.807639307622797,11.252975438168267,True,False,False,False,False,official_unfriendly_list,80.0,5.667460332740145,58.27413446013664,53.54067239152856,100.0,7595.496452444911,0.5432500044070311,2.427850007932656,0.7574375033052733,100.0,178.06725984180954,55.55319326742064,5.69462501983164,1.4192000070512498,187.0,417.6642996045238,104.08923763716405,16.319000052884373,3.64462501983164,480.0,1196.8942122787305,267.3099196045238,62.97138748313523
LTU,Lithuania,Europe & Central Asia,High income,"A simple multiplier is used to convert the national currencies of EMU members to euros. The following irrevocable euro conversion rate entered into force on January 1, 2015: 1 euro = 3.45280 Lithuanian litas. Please note that historical data are not actual euros and are not comparable or suitable for aggregation across countries.",2888278.0,2024,47165.366564305084,2024.0,2.772631245302847,2024.0,143.04839086337967,2024.0,63.58861785368333,2024.0,68.8285833315315,2024,89.16116293,2024.0,75.6177368164062,2024.0,7.35084831714632,2023.0,8.87037324905396,2023.0,9.36629498004914,2023.0,5.194780528545378,2023.0,53.14921053749999,2024.0,142851.14113041043,2024,158488.05692871276,2024,185475.60122956996,2024,384803.2186124297,2024,379507.3547937109,356563.55493353,338896.0027106318,2891494.003582347,2906010.3911361834,2917926.6989005087,-6.045679897996314,-10.701071157146414,13.124957351581203,11.614274026771469,True,False,False,False,False,official_unfriendly_list,100.0,41.43419010985084,84.4114101038648,76.4963106400235,93.12497934099235,8489.765981574916,0.5314921053749999,2.406685789675,0.7486190790312499,88.0,176.51499988360732,54.90641828483638,5.641714474187499,1.4003873686,165.0,413.7836497090183,102.70945100765094,16.177905264499998,3.5917144741875,423.0,1186.545812557382,263.4292697090183,68.56957586565913
LUX,Luxembourg,Europe & Central Asia,High income,"A simple multiplier is used to convert the national currencies of EMU members to euros. The following irrevocable euro conversion rate was adopted by the EU Council on January 1, 1999: 1 euro = 40.3399 Luxembourg franc. Please note that historical data before 1999 are not actual euros and are not comparable or suitable for aggregation across countries.",677012.0,2024,128475.2798027382,2024.0,0.3586125394206902,2024.0,351.2679211531919,2024.0,81.1809383770858,2024.0,94.8438702866393,2024,99.12902211,2025.0,22.4103698730469,2024.0,13.39949309825896,2023.0,12.267043113708532,2023.0,13.503442406654337,2023.0,7.378011822700469,2023.0,88.27667803226561,2024.0,35269.63515049459,2024,37612.3939447151,2024,48558.68019270856,2024,94733.43518192857,2024,96214.0588846404,103168.51109001692,109239.4530029767,698784.4999596779,805757.3904967257,905810.4423851566,7.228103965258148,13.537932262013408,13.768774048392924,12.05985798919807,True,False,False,False,False,official_unfriendly_list,100.0,33.0521450332392,64.51751346954245,77.36880030385453,99.86331333171496,14000.0,0.8827667803226561,3.038980204580781,1.012075085241992,72.0,222.88974853269096,74.22923022195455,7.222450511451953,1.96242684851625,140.0,529.7205213317275,143.9314498068364,20.393201363871874,5.172450511451952,369.0,1495.710803551273,379.36614133172736,40.0
MAC,"Macao SAR, China",East Asia & Pacific,High income,"On 20 December 1999 China resumed its exercise of sovereignty over Macao. Unless otherwise noted, data for China do not include data for Hong Kong SAR, China; Macao SAR, China; or Taiwan, China.",687000.0,2024,111693.50283143437,2024.0,7.849602070105249,2024.0,142.07943455075963,2024.0,90.86120292250152,2023.0,100.0,2024,89.82640076,2024.0,141.864795918367,2024.0,7.62979328632353,2023.0,5.482670962810517,2023.0,12.559800982475252,2023.0,7.49737370014192,2023.0,56.71454843759364,2024.0,27971.715440446867,2024,37951.0488064353,2024,48603.30762212629,2024,87794.25267683901,2024,83765.77233668804,67806.12024926755,57137.256503263496,698014.614493091,749807.0495519935,795096.4585293586,-19.052712870923315,-31.78925602977063,12.000575718249111,7.186204376881114,False,False,False,True,False,non_sovereign_or_special,100.0,20.356729845969877,97.12942151839964,98.19461796029876,91.8253375988173,14000.0,0.5671454843759364,2.4708618718766857,0.7753591132819523,55.0,181.2219047861749,56.86762866090619,5.802154679691714,1.4574327750014984,104.0,425.5509119654372,106.8933664765999,16.605745812511238,3.7521546796917136,268.0,1217.9251785744991,275.19653196543715,66.98128720460501
MLT,Malta,Middle East & North Africa,High income,"A simple multiplier is used to convert the national currencies of EMU members to euros. The following irrevocable euro conversion rate entered into force on January 1, 2008: 1 euro = 0.4293 Maltese lira. Please note that historical data are not actual euros and are not comparable or suitable for aggregation across countries. National accounts data source from 1995 to 2015 is Eurostat; prior to 1995 is UN.",568847.0,2024,62700.49421804613,2024.0,6.799903002244008,2024.0,218.17055242788103,2024.0,81.772969602807,2024.0,95.6546264490509,2024,93.86029816,2024.0,80.5250091552734,2023.0,2.781345367431638,2023.0,4.916293263435365,2023.0,4.811513662338257,2023.0,6.006851851940156,2023.0,62.8345610015372,2024.0,24086.605028289137,2024,26954.52235237866,2024,39429.25113554866,2024,68784.29039166469,2024,67704.59649120117,63051.89909632127,59499.07019970608,592346.215094859,710699.9317297728,825653.8251359507,-6.8720554231270885,-12.11960002237289,11.42990277744222,7.206297407985613,True,False,False,False,False,official_unfriendly_list,100.0,21.008350177129056,97.4109845778418,99.82758240198028,74.81762163605538,11286.088959248304,0.6283456100153719,2.581022098027669,0.8212592075115289,73.0,189.30145234890216,60.23410681204257,6.077555245069174,1.5553529760245952,138.0,445.7497808722554,114.07518653235748,17.340147320184464,4.027555245069173,357.0,1271.7888289926811,295.3954008722554,60.73057777799242
FSM,"Micronesia, Fed. Sts.",East Asia & Pacific,Lower middle income,Fiscal year ends on September 30; reporting period for national accounts data: FY. The source for national accounts data is the Pacific and Virgin Islands Training Initiative.,113160.0,2024,3824.152343954799,2024.0,0.7189901773440255,2024.0,98.42496729666526,2024.0,67.91197591033038,2024.0,22.4562830235421,2024,39.52360153,2024.0,13.3582201004028,2000.0,1.626431167125702,2023.0,4.507784247398376,2023.0,-4.060785114765168,2023.0,7.565450191497801,2023.0,95.8397910812363,2024.0,11660.948160331824,2024,10879.45099224346,2024,10196.954218085708,2024,27129.02855071385,2024,27055.571476715173,26727.468258877405,26462.49684534638,113928.04436160324,117449.26665554024,120410.42596754538,-1.2127011182156866,-2.1920610025894627,23.74794689781721,21.97691489977696,True,False,False,False,False,official_unfriendly_list,100.0,13.482849405504249,12.667954215638291,29.42885166004869,61.80579650570103,3000.0,0.958397910812363,3.1751162394622536,1.068798433109272,356.0,232.8744554206237,78.38952475859321,7.562790598655633,2.0834366572997807,694.0,554.6822885515593,152.8067448183322,21.30077492974836,5.512790598655633,1838.0,1562.2755161374914,404.3279085515593,0.0
MCO,Monaco,Europe & Central Asia,High income,,38631.0,2024,42197.20251358284,,8.51053758860212,2024.0,105.33256455543818,,87.20303531471933,2024.0,100.0,2024,99.04489899,2024.0,77.4806900024414,2024.0,14.160667896270771,2023.0,10.338292360305772,2023.0,9.45382034778594,2023.0,8.29485356807709,2023.0,54.32500044070311,,1565.0000000000005,2024,1800.5000000000014,2024,1870.000000000001,2024,4207.000000000003,2024,4311.224485472852,4813.125660035409,5268.371478316391,38971.5633607826,40541.63668725842,41873.387384690286,11.641731397976818,22.201279382893468,11.062487910893696,12.581670142699297,True,False,False,False,False,official_unfriendly_list,80.0,12.117654011276828,96.60674660074582,86.20195672538576,100.0,7595.496452444911,0.5432500044070311,2.427850007932656,0.7574375033052733,100.0,178.06725984180954,55.55319326742064,5.69462501983164,1.4192000070512498,187.0,417.6642996045238,104.08923763716405,16.319000052884373,3.64462501983164,480.0,1196.8942122787305,267.3099196045238,62.97138748313523
MNE,Montenegro,Europe & Central Asia,Upper middle income,"Montenegro declared independence from Serbia and Montenegro on June 3, 2006. Where available, data for each country are shown separately. However, for Serbia, some indicators continue to include data for Montenegro through 2005.",623525.0,2024,28105.709326433556,2024.0,3.164098863299131,2024.0,109.944104480975,2024.0,63.76958532639774,2024.0,65.5422314706266,2024,88.88258428,2024.0,55.1743011474609,2023.0,1.729441806674001,2023.0,-0.2950952835381033,2023.0,2.6194080412387857,2023.0,0.4851160347461701,2023.0,38.937916355422246,2024.0,38550.96514211613,2024,38576.84411969409,2024,37938.16113143295,2024,94199.98177095506,2024,93040.79101506349,87998.44193181183,84091.09416401466,623141.2520982898,621417.3071369455,620012.5545256886,-5.41950366956282,-9.6191108796569,14.930931101378585,13.562805067446511,True,False,False,False,False,official_unfriendly_list,100.0,25.47853017182745,71.33997245994753,65.32599025157215,56.83350902805098,5059.02767875804,0.3893791635542225,2.1508824943976004,0.6420343726656668,127.0,157.75346531609983,47.0891122150416,5.002206235994001,1.173006661686756,232.0,366.8798132902496,86.03253139208876,14.472549962650673,2.952206235994001,584.0,1061.4689154406658,216.5254332902496,72.66784864479501
NLD,Netherlands,Europe & Central Asia,High income,"A simple multiplier is used to convert the national currencies of EMU members to euros. The following irrevocable euro conversion rate was adopted by the EU Council on January 1, 1999: 1 euro = 2.20371 Netherlands guilder. Please note that historical data before 1999 are not actual euros and are not comparable or suitable for aggregation across countries.",17993485.0,2024,70498.88403960709,2024.0,1.081005848456627,2024.0,153.83065216635976,2024.0,70.49068161955137,2024.0,95.6396517079336,2024,97.00679779,2024.0,86.5938262939453,2023.0,11.378723382949858,2023.0,11.49753117561342,2023.0,12.536764740943935,2023.0,4.607973873615266,2023.0,79.16758048335936,2024.0,1001574.378670436,2024,1168007.3445407704,2024,1212533.189556176,2024,2715221.658511486,2024,2738551.6814784897,2846042.463095007,2937130.871863204,18197054.457169738,19141996.54237641,19952017.8052467,3.92509596745989,7.251248597123627,15.049422904812406,14.72097158559491,True,False,False,False,False,official_unfriendly_list,100.0,69.93011748706269,100.0,78.86401969351097,96.72001396349634,12689.799127129276,0.7916758048335936,2.8750164487004684,0.9437568536251952,74.0,210.86405640690765,69.21852516954486,6.81254112175117,1.81668128773375,143.0,499.6562910172691,133.24194569502905,19.300109658003123,4.762541121751171,375.0,1415.5395227127178,349.3019110172691,45.17011733652401
NCL,New Caledonia,East Asia & Pacific,High income,,292639.0,2024,13592.463593743454,,-13.5,2024.0,40.36895772428101,2024.0,65.19405940594059,2019.0,67.9514695585577,2024,82.0058408035186,2017.0,38.093350068095845,,1.4141859263181686,,3.92155733704567,,-0.7341233193874348,,5.977532505989073,,60.172862740966,,21320.464405053717,2024,21403.463793062747,2024,19249.967564478226,2024,51386.41360213166,2024,51325.91304775096,51054.54082950876,50833.94441734755,295780.7268062584,310341.1580890807,322792.1887104011,-0.5287236059293043,-0.9585190037354252,17.352690150555464,15.748195339061985,False,False,False,True,False,non_sovereign_or_special,53.333333333333336,21.28836533215829,58.89995986884022,30.73261652247157,63.522825482618096,3000.0,0.6017286274096599,2.533111529337388,0.801296470557245,267.0,185.78751876310963,58.769967817962346,5.957778823343469,1.512765803855456,504.0,436.9649469077741,110.951690011653,17.02074352891592,3.907778823343469,1303.0,1248.3626050873977,286.61056690777406,23.41868750516293
NZL,New Zealand,East Asia & Pacific,High income,Fiscal year end: March 31; reporting period for national accounts data: CY.,5287500.0,2024,49316.3999433708,2024.0,1.2886200471168507,2024.0,51.224397222513,2024.0,67.41029113927267,2022.0,83.9370658833132,2024,93.51930237,2024.0,77.2406463623047,2024.0,10.7098379135132,2023.0,11.939956188201933,2023.0,13.37159860134126,2023.0,9.509987354278527,2023.0,88.59799169848262,2024.0,335722.8412407193,2024,333920.77211607934,2024,354764.2317408856,2024,829287.5176401972,2024,835962.595516407,866671.6157905963,892634.8281810506,5410284.694590836,5999070.161650358,6529675.110521471,3.673492144133439,6.779278518991028,15.451360560604074,13.670432495833062,True,False,False,False,False,official_unfriendly_list,100.0,56.03018723117545,92.1362049573124,56.73800840502308,100.0,8876.951989806743,0.8859799169848261,3.0447638505726875,1.0144849377386196,114.0,223.31394195086293,74.40597747952621,7.236909626431718,1.967567867175722,222.0,530.7810048771573,144.30851062298927,20.431759003817916,5.186909626431718,584.0,1498.5387596724192,380.4266248771573,27.51513347560502
MKD,North Macedonia,Europe & Central Asia,Upper middle income,,1824359.0,2024,24203.285950524423,2024.0,2.993735365677324,2024.0,136.32487617555557,2024.0,56.2488933827217,2024.0,62.5645376928533,2024,93.1,2025.0,55.0082015991211,2023.0,-0.3592214174568656,2023.0,-1.176314264535907,2023.0,2.991374790668488,2023.0,1.192145526409152,2023.0,34.42011063607385,2024.0,103003.22093472924,2024,105608.64891478866,2024,110187.5372277372,2024,258196.2616019997,2024,248190.22245590252,207749.93725822933,179842.47217488973,1808002.6969865025,1736195.1596669315,1679742.8561960796,-16.294068637155313,-27.538454015107934,13.727314835844815,10.706547821382513,True,False,False,False,False,official_unfriendly_list,100.0,33.11622413597445,72.29924773883204,63.75737361514413,53.45599213184629,4356.591471094396,0.3442011063607385,2.069561991449329,0.6081508297705539,140.0,151.78912687606302,44.6039711983596,4.798904978623323,1.1007217701771816,253.0,351.9689671901575,80.73089722316713,13.930413276328864,2.7489049786233237,631.0,1021.7066591737536,201.61458719015755,75.07946391144088
MNP,Northern Mariana Islands,East Asia & Pacific,High income,,44278.0,2024,13592.463593743454,,16.64275466284076,2022.0,93.15693430656934,2022.0,59.1528957274226,,92.0747260922394,2024,0.0,1990.0,38.093350068095845,,1.4141859263181686,,3.92155733704567,,-0.7341233193874348,,5.977532505989073,,60.172862740966,,3860.543911817432,2024,2806.531410508957,2024,1923.5209426062493,2024,7532.659746499201,2024,7313.044834045539,6401.366902481963,5744.956147785571,43022.72935371352,37800.08617835987,34026.42973191389,-12.466461675707253,-21.442350236385856,16.998095992285787,16.88380530384383,False,False,False,True,False,non_sovereign_or_special,46.66666666666666,0.0,38.00080070898916,62.22190907330573,63.522825482618096,3000.0,0.6017286274096599,2.533111529337388,0.801296470557245,267.0,185.78751876310963,58.769967817962346,5.957778823343469,1.512765803855456,504.0,436.9649469077741,110.951690011653,17.02074352891592,3.907778823343469,1303.0,1248.3626050873977,286.61056690777406,23.41868750516293
NOR,Norway,Europe & Central Asia,High income,,5572279.0,2024,91105.24679962298,2024.0,2.097230599603165,2024.0,81.36350918272426,2024.0,51.80775683205538,2024.0,83.3293737928469,2024,99.0,2024.0,95.4987564086914,2024.0,12.59954738616945,2023.0,12.837870597839352,2023.0,11.18266415596008,2023.0,6.250002026557921,2023.0,85.0761659557971,2024.0,337331.78415959625,2024,342762.01488226163,2024,371201.1554653529,2024,847134.3190012667,2024,854578.3866548291,888894.5295044263,917998.2916849152,5653281.407283527,6032613.254415795,6362234.326114937,4.015564094000168,7.421192253449993,15.116501817047611,14.428866411235845,True,False,False,False,False,official_unfriendly_list,100.0,56.483706170593685,96.6096265483554,61.02971449178256,98.58330470196668,14000.0,0.8507616595579709,2.981370987204348,0.9880712446684782,71.0,218.6644811371208,72.46870214046699,7.078427468010869,1.9112186552927533,137.0,519.157352842802,140.1756565663296,20.00913991469565,5.028427468010869,359.0,1467.5423542474718,368.8029728428019,40.0
POL,Poland,Europe & Central Asia,High income,,36559233.0,2024,45153.04397732806,2024.0,3.028416307002729,2024.0,100.35944284716398,2024.0,59.14753579647849,2024.0,59.9705468695101,2024,88.58496367,2024.0,80.9149627685547,2024.0,2.950064599514011,2023.0,3.2111887335777274,2023.0,5.461354970932007,2023.0,3.9170919060707066,2023.0,48.97061298696631,2024.0,1899183.3867050589,2024,1724958.0494435783,2024,2056043.6768893716,2024,4549361.090748854,2024,4366246.68693224,3629264.661703264,3124053.9058180447,36226827.95582042,34768011.7813123,33621773.29621939,-16.879074364595414,-28.449899196762285,12.052522766434295,9.291758285007916,True,False,False,False,False,official_unfriendly_list,100.0,66.31817744905052,84.45605526569855,67.10163880142305,71.35875746044881,8127.547915919051,0.4897061298696631,2.3314710337653937,0.7172795974022473,88.0,170.9984789120755,52.60786788003146,5.453677584413484,1.333529807791461,164.0,399.9923472801888,97.8058768107338,15.676473558435958,3.403677584413484,419.0,1149.7690060805037,249.6379672801888,73.30386198369405
PRT,Portugal,Europe & Central Asia,High income,"A simple multiplier is used to convert the national currencies of EMU members to euros. The following irrevocable euro conversion rate was adopted by the EU Council on January 1, 1999: 1 euro = 200.482 Portuguese escudo. Please note that historical data before 1999 are not actual euros and are not comparable or suitable for aggregation across countries.",10694681.0,2024,42197.20251358284,2024.0,2.139671771776364,2024.0,89.696408854026,2024.0,66.2769355054703,2024.0,61.3281907341332,2024,88.48704454,2024.0,77.6778182983398,2023.0,6.91285014152527,2023.0,7.4736557006836195,2023.0,5.2874958515167245,2023.0,4.9880468249321,2023.0,55.85007452117187,2024.0,531582.0303350793,2024,575892.6720328791,2024,567200.730486385,2024,1362715.0310868316,2024,1363500.0784843687,1367038.3922347925,1369936.2921634957,10784764.484019369,11199622.971815543,11550925.08419756,0.2595022769897426,0.4720361795857997,12.64283592381432,11.859970367547968,True,False,False,False,False,official_unfriendly_list,100.0,59.74753048599579,82.94826884914454,64.31867148647524,84.68010079128592,7595.496452444911,0.5585007452117187,2.4553013413810936,0.768875558908789,101.0,180.08063946171836,56.39210144238265,5.763253353452734,1.44360119233875,190.0,422.697748654296,105.87890841041632,16.502008942540623,3.7132533534527337,489.0,1210.3167430781225,272.3433686542959,60.811955068773656
PRI,Puerto Rico (US),Latin America & Caribbean,High income,Fiscal year end: June 30; reporting period for national accounts data: FY.,3203295.0,2024,44205.74948792555,2024.0,3.1770755478489576,2024.0,94.62250855556051,2024.0,51.80897011740573,2024.0,94.2539505199436,2024,87.29178106,2022.0,77.9263575380698,2023.0,-2.723436415195468,2023.0,3.4546979367733,2023.0,4.464978277683259,2023.0,3.5714769363403347,2023.0,78.2993024701742,2024.0,184496.00872883396,2024,208222.809819778,2024,205919.78376419249,2024,485382.7212424985,2024,475841.8000772873,435175.9027339759,404653.1971756585,3158927.5132131586,2966756.625989524,2818834.542518344,-8.546096063167695,-14.96056102891048,15.06339724754483,14.35533696894965,False,False,False,True,False,non_sovereign_or_special,100.0,42.7150072300087,92.80146048987348,62.79941484772616,60.35558038665402,7957.034907826598,0.7829930247017419,2.8593874444631355,0.9372447685263064,118.0,209.7177689717264,68.740905404886,6.773468611157838,1.8027888395227871,227.0,496.790572429316,132.2230235304235,19.195916296420904,4.723468611157839,594.0,1407.8976064781762,346.436192429316,32.70011323722498
ROU,Romania,Europe & Central Asia,High income,"The World Bank systematically assesses the appropriateness of official exchange rates as conversion factors. In this country, multiple or dual exchange rate activity exists and must be accounted for appropriately in underlying statistics. An alternative estimate (“alternative conversion factor” - PA.NUS.ATLS) is thus calculated as a weighted average of the different exchange rates in use in the country. Doing so better reflects economic reality and leads to more accurate cross-country comparisons and country classifications by income level. For this country, this applies to the period 1987-1992. Alternative conversion factors are used in the Atlas methodology and elsewhere in World Development Indicators as single-year conversion factors.",19051804.0,2024,40504.00029459583,2024.0,0.9160037643825945,2024.0,77.21498379390027,2024.0,62.55090643482121,2024.0,52.1674778928768,2024,91.29048551,2024.0,55.1682891845703,2023.0,-0.6486616358160974,2023.0,3.061980545520785,2023.0,2.232304304838181,2023.0,2.6155077517032588,2023.0,40.9161070580752,2024.0,1095545.799253624,2024,1003413.7454383592,2024,1003004.9576361682,2024,2550311.775628259,2024,2520566.604690214,2390948.5777922366,2290227.484099703,18917230.117828,18323314.475715503,17852561.538714256,-5.142416258978722,-9.138386589820769,13.324184296488411,12.828565128501134,True,False,False,False,False,official_unfriendly_list,100.0,63.87103234477879,68.28797066415062,54.98375353656467,59.1721036818292,7290.720053027249,0.4091610705807519,2.1864899270453537,0.6568708029355639,90.0,160.3650426132436,48.17726942218482,5.091224817613384,1.204657712929203,165.0,373.40875653310894,88.35393343399431,14.709932846969023,3.041224817613384,417.0,1078.8794307549574,223.05437653310892,82.19591420350503
RUS,Russian Federation,Europe & Central Asia,High income,,143533851.0,2024,41704.7109375,2024.0,4.344374754915293,2024.0,39.508164766039634,2024.0,57.52561193918982,2024.0,75.1119136177067,2024,94.36495368,2024.0,60.3891235376867,2024.0,-4.987233221530916,2023.0,-8.313498854637132,2023.0,-7.854503035545319,2023.0,-7.940336942672749,2023.0,31.408142011599185,2024.0,7872864.23957217,2024,7188670.043779387,2024,7227096.605396456,2024,18313727.755779963,2024,17950294.111757293,16402053.948418232,15240940.817271642,143165548.6407636,141519848.06039155,140189997.0680628,-8.62515206547495,-15.093642909789695,12.538138038222344,10.871632167787338,False,False,True,False,False,domestic_russia,100.0,81.56873192827864,79.95517952977531,59.64531705462345,10.873083735652328,7506.847968749999,0.3140814201159918,2.0153465562087853,0.5855610650869938,78.0,147.81277167995466,42.947156533314434,4.663366390521963,1.052530272185587,140.0,342.02807919988663,77.1963592710708,13.568977041391904,2.6133663905219637,348.0,995.1976245330312,191.67369919988664,95.8370783649707
SMR,San Marino,Europe & Central Asia,High income,,33977.0,2024,70951.78959319758,2023.0,0.4019348969772238,2023.0,340.98339501248574,2023.0,56.89555265252885,2023.0,97.1560555881096,2024,97.35220337,2024.0,57.5487465181059,2024.0,8.411772131919871,2023.0,10.338292360305772,2023.0,6.518958032131195,2023.0,8.29485356807709,2023.0,76.04214783036313,2023.0,1730.1614687975532,2024,1765.5744861052417,2024,1699.8085561582554,2024,4260.64980517401,2024,4311.1355423579525,4545.82744387498,4747.465323959559,34013.43721126777,34177.888827458984,34312.86130243979,5.443853462994208,10.120994278991247,12.67480118395616,13.835818826400214,True,False,False,False,False,official_unfriendly_list,100.0,8.700728101057964,84.99249086872918,69.61706170502792,94.93213249373868,12771.322126775563,0.7604214783036314,2.8187586609465365,0.9203161087277236,72.0,206.7379077249984,67.49929655208265,6.671896652366341,1.7666743652858103,138.0,489.340919312496,129.57425797777634,18.925057739643577,4.621896652366341,362.0,1388.0318648333223,338.98653931249595,48.03117776126168
SGP,Singapore,East Asia & Pacific,High income,Fiscal year end: March 31; reporting period for national accounts data: CY.,6036860.0,2024,132569.52522579458,2024.0,4.388023624618654,2024.0,322.3714279347164,2024.0,73.0290588610543,2024.0,100.0,2024,94.37757178,2024.0,97.2886546863037,2023.0,16.22230386734006,2023.0,12.27222764492032,2023.0,16.160139560699466,2023.0,9.969429612159711,2023.0,60.172862740966,2024.0,350697.90238027764,2024,555271.4631316472,2024,623436.2560646258,2024,1186515.6807410065,2024,1175705.8612243074,1128267.52617749,1090996.6546322634,6165079.609591564,6776615.115523636,7323174.259813401,-4.034881224239029,-7.204965917566586,19.07040842416953,14.897865541985103,True,False,False,False,False,official_unfriendly_list,100.0,55.63696952757172,99.27408294482709,92.92046019747856,100.0,14000.0,0.6017286274096599,2.533111529337388,0.801296470557245,57.0,185.78751876310963,58.769967817962346,5.957778823343469,1.512765803855456,108.0,436.9649469077741,110.951690011653,17.02074352891592,3.907778823343469,279.0,1248.3626050873977,286.61056690777406,63.418687505162936
SXM,Sint Maarten (Dutch part),Latin America & Caribbean,High income,,43350.0,2024,47303.19475848204,2024.0,3.000000000000142,2024.0,78.03680761820395,,89.34340634250114,2021.0,100.0,2024,79.525064825,,7.65284309533989,2023.0,-0.5311454385519029,,-1.9850994646549225,,0.686234049499035,,2.6895116567611668,,77.1315287743257,2024.0,2761.4707961302247,2024,2332.973273939895,2024,2382.4721202471283,2024,6166.556524181327,2024,6325.09505502161,7090.495504383129,7787.458439835725,44488.89630538578,49995.74180651084,55021.9650939708,12.101011015697738,23.12002226200722,14.217244257093204,14.15336298246654,False,False,False,True,False,non_sovereign_or_special,60.0,12.377521747962843,48.193460895248606,70.43068761630313,50.61669046036428,8514.575056526766,0.771315287743257,2.8383675179378627,0.9284864658074428,109.0,208.1760918886274,68.09853995359475,6.720918794844657,1.784104460389211,210.0,492.9363797215685,130.85264390100215,19.055783452919083,4.670918794844656,549.0,1397.619759257516,342.5819997215685,36.47586437237033
SVK,Slovak Republic,Europe & Central Asia,High income,"A simple multiplier is used to convert the national currencies of EMU members to euros. The following irrevocable euro conversion rate entered into force on January 1, 2009: 1 euro = 30.126 Slovak koruna. Please note that historical data are not actual euros and are not comparable or suitable for aggregation across countries.",5422069.0,2024,40319.054723087305,2024.0,1.938674455494464,2024.0,171.21280015163487,2024.0,59.96098612430373,2024.0,53.1919702985684,2024,89.82507032,2024.0,54.4743194580078,2024.0,1.606586128473284,2023.0,4.223556280136109,2023.0,4.213433802127837,2023.0,4.012535095214843,2023.0,54.32500044070311,2024.0,275739.5621697956,2024,261403.9780040497,2024,295005.1416792628,2024,669895.8539295136,2024,646649.3965366927,551627.6373998252,484865.4034179022,5417660.910018067,5397868.811774458,5381754.878842903,-14.694478900897856,-25.01881142784156,11.935951830077462,9.00942934662513,True,False,False,False,False,official_unfriendly_list,100.0,44.311827288802704,67.51347310398741,71.05638020503832,68.83023154282819,7257.429850155715,0.5432500044070311,2.427850007932656,0.7574375033052733,104.0,178.06725984180954,55.55319326742064,5.69462501983164,1.4192000070512498,196.0,417.6642996045238,104.08923763716405,16.319000052884373,3.64462501983164,502.0,1196.8942122787305,267.3099196045238,61.33749817770058
SVN,Slovenia,Europe & Central Asia,High income,"A simple multiplier is used to convert the national currencies of EMU members to euros. The following irrevocable euro conversion rate entered into force on January 1, 2007: 1 euro = 239.64 Slovenian tolar. Please note that historical data are not actual euros and are not comparable or suitable for aggregation across countries.",2127400.0,2024,48648.90788340814,2024.0,1.7313972247949323,2024.0,155.65792868447372,2024.0,57.93943826524167,2024.0,55.7577708405917,2024,90.76355487,2024.0,80.0806884765625,2023.0,7.275058031082171,2023.0,7.2716550827026385,2023.0,5.119952380657198,2023.0,5.730429887771605,2023.0,59.58082352085936,2024.0,106263.73988862748,2024,99536.7183949539,2024,111591.53520979724,2024,256016.64912799012,2024,255672.66240213744,254130.43270801584,252877.6570209844,2139809.7201611563,2196555.3981434423,2244082.6028057067,-0.6032047695799014,-1.093196806765706,11.948383073186614,11.268642994906664,True,False,False,False,False,official_unfriendly_list,100.0,39.858392468487146,83.67893400396902,71.75221158167601,85.63386123261093,8756.803419013464,0.5958082352085936,2.522454823375469,0.7968561764064452,91.0,185.005917583721,58.44430065988375,5.931137058438671,1.5032931763337498,172.0,435.0109439593025,110.256933407752,16.949698822503123,3.881137058438672,443.0,1243.15193055814,284.6565639593025,60.40877787305104
ESP,Spain,Europe & Central Asia,High income,"A simple multiplier is used to convert the national currencies of EMU members to euros. The following irrevocable euro conversion rate was adopted by the EU Council on January 1, 1999: 1 euro = 166.386 Spanish peseta. Please note that historical data before 1999 are not actual euros and are not comparable or suitable for aggregation across countries.",48848840.0,2024,48460.29140696611,2024.0,3.4552540563019107,2024.0,69.9502612382631,2024.0,68.90254840591345,2024.0,80.315199821207,2024,95.7574516,2024.0,93.7689666748047,2024.0,5.264458775520323,2023.0,5.760199844837187,2023.0,4.856350302696228,2023.0,2.011040896177292,2023.0,60.841363814765614,2024.0,2609683.6366658104,2024,2526437.6042971094,2024,2517172.638360706,2024,6268848.928225238,2024,6362483.989120033,6801453.694008099,7183539.99694539,49383821.22424731,51864674.509200215,53988058.26908813,6.89934474709426,12.904645563421102,12.883741742520469,13.30579433166697,True,False,False,False,False,official_unfriendly_list,100.0,81.4432259903152,95.59122023495624,68.98806204619277,75.65228576256708,8722.8524532539,0.6084136381476561,2.5451445486657813,0.8063102286107421,92.0,186.6700637195236,59.13769488313482,5.987861371664453,1.5234618210362498,175.0,439.1713092988089,111.73617441735428,17.100963657771874,3.937861371664453,451.0,1254.246238130157,288.81692929880893,58.52439868183687
SWE,Sweden,Europe & Central Asia,High income,Fiscal year end: June 30; reporting period for national accounts data: CY.,10569709.0,2024,62978.93904598351,2024.0,0.820071806703865,2024.0,105.88309148046432,2024.0,66.4283744913472,2024.0,88.8559748346228,2024,95.76629783,2025.0,83.9988098144531,2024.0,11.209683299064672,2023.0,11.228164196014433,2023.0,12.02611970901488,2023.0,5.308556914329529,2023.0,80.34421937813191,2024.0,618166.6029993595,2024,591878.8455181178,2024,630233.0317357099,2024,1493650.3127985466,2024,1497005.770854731,1512198.8593756126,1524731.0709519906,10696196.253171695,11284384.011835748,11789982.466951286,1.0148984604252176,1.8520503151720824,13.995683469353237,12.932428654800734,True,False,False,False,False,official_unfriendly_list,100.0,61.25860019415549,98.26666102031808,67.47090704329084,97.51500026683888,11336.209028277031,0.8034421937813191,2.8961959488063744,0.9525816453359892,84.0,212.4174371908752,69.86576716286466,6.865489872015936,1.8355075100501104,162.0,503.539742977188,134.62272861411128,19.44130632537583,4.815489872015936,425.0,1425.8953946058346,353.185362977188,42.57263840510062
CHE,Switzerland,Europe & Central Asia,High income,,9005582.0,2024,82286.18018964877,2024.0,1.3023333254110554,2024.0,134.09514852060977,2024.0,72.02981661552188,2024.0,85.4615370020764,2024,97.32103855,2025.0,73.5430526733398,2024.0,14.94448924064635,2023.0,12.332079648971533,2023.0,12.105660080909708,2023.0,7.50010740756991,2023.0,110.5002134347472,2024.0,440472.5130660823,2024,456927.2665280937,2024,526398.6865553602,2024,1134279.188544088,2024,1128332.56150356,1101956.1917302615,1080885.3369025562,9155840.241365269,9863637.456284923,10484263.157912033,-2.3376414607897744,-4.205074480681292,12.323637500858243,10.309597542740594,True,False,False,False,False,official_unfriendly_list,100.0,56.09745464880922,91.58879939378976,77.23486631820961,100.0,14000.0,1.105002134347472,3.43900384182545,1.178751600760604,84.0,252.22892217330903,86.45388590554543,8.222509604563625,2.3180034149559554,166.0,603.0684554332726,170.0107152651636,23.060025612169664,6.172509604563625,441.0,1691.3052944887268,452.7140754332726,37.61921670414574
TCA,Turks and Caicos Islands,Latin America & Caribbean,High income,,46535.0,2024,33390.526714805885,2024.0,5.636825174433625,2024.0,78.03680761820395,,72.63566975176724,2024.0,94.1670917861964,2024,0.0,1990.0,25.2537080405933,2023.0,-0.5311454385519029,,-1.9850994646549225,,0.686234049499035,,2.6895116567611668,,98.8206691271252,2024.0,2580.525375152958,2024,2741.526888645584,2024,3267.033436379642,2024,6792.217310169381,2024,6920.44252885546,7528.079379579164,8065.808936509331,48407.33431718345,57809.96282835041,66902.24582645143,8.78031785091926,16.55047929201281,14.296268585066183,12.056110877701384,True,False,False,True,False,official_unfriendly_list;non_sovereign_or_special,66.66666666666667,10.519317127840178,31.17362065324244,75.78691299104177,50.61669046036428,6010.29480866506,0.988206691271252,3.228772044288254,1.0911550184534389,182.0,236.80976530746,80.02923721144164,7.696930110720634,2.1311307060340035,355.0,564.5205632686499,156.30479805107552,21.658480295255025,5.646930110720635,940.0,1588.5109153830665,414.1661832686499,11.17130328803961
UKR,Ukraine,Europe & Central Asia,Upper middle income,,37860221.0,2024,16319.8447265625,2024.0,2.9138222142611028,2024.0,77.75301133005138,2024.0,60.61589894523311,2024.0,69.5315643200148,2024,82.47489929,2024.0,87.1920013427734,2024.0,-2.501240700483322,2023.0,-6.218221843242646,2023.0,-1.8649917840957613,2023.0,-10.00876379013063,2023.0,29.05303851033681,2024.0,2053604.975700409,2024,1751189.9791477188,2024,1985579.976222901,2024,4698305.944148432,2024,4428231.722320394,3392587.372362637,2735499.684547001,36267470.74326719,29889650.04975812,25552841.08061282,-23.38731157038636,-38.22591372626726,12.209927054652592,10.705266298636555,True,False,False,False,False,official_unfriendly_list,100.0,66.06913331683886,85.95928007341898,49.866551268522905,23.747320886375626,3000.0,0.2905303851033681,1.9729546931860624,0.5678977888275261,189.0,144.7035998351613,41.65166826465054,4.557386732965156,1.0148486161653891,338.0,334.2551495879032,74.43265096458784,13.286364621240418,2.5073867329651565,836.0,974.4698122344088,183.90076958790323,71.6931504640917
GBR,United Kingdom,Europe & Central Asia,High income,,69226000.0,2024,52621.17902529789,2024.0,1.1264226705118006,2024.0,62.840160526711806,2024.0,72.4462431770253,2024.0,83.2429544416085,2024,95.4720993,2024.0,80.4146499633789,2023.0,8.127998948097211,2023.0,9.788561820983888,2023.0,10.755967140197718,2023.0,3.6045497059822114,2023.0,84.88504894205971,2024.0,4110658.090621336,2024,3983381.148377367,2024,4457279.255951751,2024,10099814.904176991,2024,10147342.462140812,10363999.436851677,10544592.573303074,70093144.81650692,74131694.87960303,77611384.64886437,2.135110503259341,3.9148192016223113,14.476939918596882,13.58639923899021,True,False,False,False,False,official_unfriendly_list,100.0,84.08052859439726,94.68880988689924,61.49812331536695,93.97140981473008,9471.81222455362,0.8488504894205972,2.977930880957075,0.986637867065448,104.0,218.4121713605633,72.36357306690138,7.069827202392688,1.908160783072956,201.0,518.5265784014083,139.9513812093896,19.986205873047165,5.019827202392687,530.0,1465.860289070422,368.17219840140825,31.03801385391289
USA,United States,North America,High income,,340110988.0,2024,75489.26643348167,2024.0,2.793001277167789,2024.0,25.378634250708764,2024.0,77.59921031128533,2021.0,80.1247798047184,2024,94.69380188,2024.0,79.361930847168,2022.0,8.52040696144106,2023.0,9.2937449216843,2023.0,9.756129503250133,2023.0,0.205973245203495,2023.0,100.0,2024.0,22417542.98730865,2024,22293869.870226044,2024,22246904.39207786,2024,54722519.833969735,2024,54971279.91723818,56104768.67594417,57048939.138271615,343801472.2727671,360910521.8665203,375548059.04366136,2.061965376124597,3.779535830640013,15.989250876047665,15.190849150851044,True,False,False,False,False,official_unfriendly_list,100.0,86.90703751392536,92.7333737866253,66.80706351586664,90.11855113056512,13588.0679580267,1.0,3.25,1.1,81.0,238.3667,80.67796,7.75,2.1500000000000004,158.0,568.4128999999999,157.68874000000002,21.8,5.7,419.0,1598.89048,418.05852,39.33444254197636
UZB,Uzbekistan,Europe & Central Asia,Lower middle income,,36361859.0,2024,10450.205140285188,2024.0,6.499999999976765,2024.0,60.72744038129968,2024.0,45.19182828954487,2024.0,50.9986686706543,2024,89.50550079,2024.0,59.8086982926392,2025.0,-1.9863726496696457,2023.0,-5.829676985740663,2023.0,-4.037721335887912,2023.0,-1.0822697430849078,2023.0,26.61687952016054,2024.0,2783139.5,2024,2471935.999999999,2024,2821453.4999999995,2024,6524729.574999999,2024,6451704.38618749,6133074.012259979,5884974.152631991,37538000.10916594,43319543.25285549,48731252.13413174,-4.938700765795623,-8.78419406147649,17.187128689394743,12.076386086763632,False,True,False,False,False,existing_mgimo_branch,100.0,74.8762219801183,69.78520823973487,46.14330634629971,32.26971062332678,3000.0,0.2661687952016054,1.9291038313628897,0.549626596401204,183.0,141.48741976594724,40.311593235811344,4.447759578407224,0.9758700723225688,325.0,326.21469941486805,71.57382423639754,12.994025542419266,2.397759578407224,799.0,953.0286117729815,175.86031941486806,74.24725102980207
VIR,Virgin Islands (US),Latin America & Caribbean,High income,,104377.0,2024,46479.29966853264,2022.0,-1.311232063334984,2022.0,205.62928082191783,2022.0,59.95832658230936,,95.3312197036061,2024,64.3774942980087,2017.0,33.5513496398926,1993.0,4.579174399375919,2023.0,6.636583387851717,2023.0,9.45382034778594,2023.0,3.74306172132492,2023.0,89.0102631117342,2022.0,6237.664241130649,2024,5615.618859737841,2024,4917.354612104001,2024,14066.092676315291,2024,13986.724375711794,13635.07266081444,13354.636504312904,103749.70803536204,100973.22134168206,98762.51312884803,-2.514182059010217,-4.519198737457941,13.48121805889281,13.52196909660461,False,False,False,True,False,non_sovereign_or_special,93.33333333333331,5.110212396662963,56.14637337676501,64.44008536394684,83.95704382637643,8366.273940335874,0.890102631117342,3.052184736011216,1.0175769733380065,122.0,223.8582164041122,74.63275850171341,7.255461840028039,1.9741642097877476,236.0,532.1416910102804,144.79231013698862,20.481231573408103,5.205461840028039,622.0,1502.1672560274146,381.78731101028046,25.3876506035296
PSE,West Bank and Gaza,Middle East & North Africa,Lower middle income,National accounts data are provided in the US dollar.,5289152.0,2024,3845.5029737541936,2024.0,-26.55752645298773,2024.0,81.31368015695313,2024.0,58.53461751802733,2023.0,87.1196014117004,2024,86.63765334,2023.0,44.4904623709098,2023.0,-8.466901898384089,2023.0,-4.779633343219756,2023.0,-1.954465210437775,2023.0,-13.05652964115143,2023.0,59.3054191376851,2024.0,543721.8993322288,2024,469347.2100895231,2024,432645.1866508304,2024,1207759.4434146257,2024,1243259.5719588294,1416374.0953740354,1576443.6408910546,5511147.689602985,6631229.46889317,7722093.916014324,13.924246176721876,26.79923617296378,22.558995729769528,20.41471727793644,False,False,False,True,False,non_sovereign_or_special,100.0,66.77047015261593,70.80534954482067,18.108154528043816,15.347351165435969,3000.0,0.593054191376851,2.5174975444783323,0.7947906435326382,265.0,184.642332903201,58.2928070430004,5.918743861195829,1.4988867062029616,500.0,434.1019822580024,109.93374702506752,16.916650296522214,3.8687438611958296,1290.0,1240.7280326880066,283.7476022580024,24.30474545583993
