iso3,country,region,income_group,SpecialNotes,gdp_pc_ppp_current,gdp_pc_ppp_current_year,gdp_growth_real,gdp_growth_real_year,trade_percent_gdp,trade_percent_gdp_year,services_value_added,services_value_added_year,urban_population_pct,urban_population_pct_year,internet_users,internet_users_year,tertiary_enrollment_gross,tertiary_enrollment_gross_year,wgi_government_effectiveness,wgi_government_effectiveness_year,wgi_rule_of_law,wgi_rule_of_law_year,wgi_regulatory_quality,wgi_regulatory_quality_year,wgi_political_stability,wgi_political_stability_year,price_level_index,price_level_index_year,cohort_1519,cohort_1519_year,cohort_2024,cohort_2024_year,cohort_2529,cohort_2529_year,student_pool,student_share_2026_pct,student_share_2050_pct,data_coverage_pct,demo_score,education_score,economy_score,operations_score,target_tuition_usd,price_level_multiplier,compact_capex_usd_mn,compact_opex_usd_mn,compact_breakeven_students,compact_capex_rub_mn,compact_opex_rub_mn,standard_capex_usd_mn,standard_opex_usd_mn,standard_breakeven_students,standard_capex_rub_mn,standard_opex_rub_mn,campus_capex_usd_mn,campus_opex_usd_mn,campus_breakeven_students,campus_capex_rub_mn,campus_opex_rub_mn,finance_score,platform_data_coverage_pct,gdp_ppp_current,secondary_completion_upper,source_panel,platform_is_unfriendly,platform_has_existing_mgimo_branch,platform_is_domestic_russia,platform_is_non_sovereign_or_special,platform_eligible,platform_eligibility_reason,population_total_current,population_total_current_year,pop_15_24_current,pop_15_24_current_year,student_pool_current,student_pool_current_year,latest_observation_lag_years,demography_source,demography_source_name,population_total_2026,pop_15_24_2026,student_pool_2026,population_total_2035,pop_15_24_2035,student_pool_2035,population_total_2050,pop_15_24_2050,student_pool_2050,student_pool_growth_2026_2035_pct,student_pool_growth_2026_2050_pct,unfriendly_entry_type,unfriendly_group_label,unfriendly_source_basis,unfriendly_hard_exclude,is_unfriendly,mgimo_presence_type,has_existing_mgimo_branch,mgimo_pipeline_status,mgimo_pipeline_stage,mgimo_planned_program_profile,mgimo_presence_city,mgimo_presence_notes,has_mgimo_presence,has_mgimo_pipeline,mgimo_pipeline_status_label,non_sovereign_name,non_sovereign_reason,non_sovereign_hard_exclude,is_non_sovereign_or_special,is_domestic_russia,partner_universities_mgimo_count,strategic_partner_universities_count,partner_notes,DATAQ,N_tertiary_enrollment,N_secondary_completion,N_education,N_gdp_ppp,N_gdp_pc_ppp,N_gdp_growth,N_trade_open,N_services_value_added,N_sector_depth,N_internet,N_urban_population,N_partner_universities,N_wgi_political_stability,N_wgi_government_effectiveness,N_wgi_regulatory_quality,N_wgi_rule_of_law,I_PROFILE_DIPLO_ANALYTIC,I_PROFILE_ECON_LEGAL,I_PROFILE_DIGITAL_FINANCE,I_PROFILE_ENERGY_LOGISTICS,PROGRAM_FIT,recommended_program_profile,AFFORDABILITY_FACTOR,FIELD_FIT_FACTOR,weighted_youth_15_24_2026,addressable_market_students_2026,N_addressable_market_2026,weighted_youth_15_24_2035,addressable_market_students_2035,N_addressable_market_2035,weighted_youth_15_24_2050,addressable_market_students_2050,N_addressable_market_2050,N_ams_growth_2026_2035,N_ams_growth_2026_2050,N_education_hub,I_DEM,N_macro_stability,I_ECO,I_FEAS,I_HRSTRAT,I_MARKET,I_PROGRAM,I_RUSCOMP_GRADED,I_RUSCOMP,I_PARTNERSHIP,country_fin,recommended_format,capacity_students,capex_usd,capex_base_usd_for_diag,cost_factor,risk_premium,capex_rub,avg_tuition_usd,students_year_1,students_year_10,capture_ceiling,demand_pool_students,host_subsidy_share,annual_revenue_year_10_usd,annual_opex_year_10_usd,cashflow_year_10_usd,npv_10y_usd,npv_10y_rub,npv_expected_usd,npv_expected_rub,npv_p10_usd,npv_p90_usd,npv_positive_probability,payback_years,margin_year_10,breakeven_students,discount_rate,N_expected_npv,I_FIN,eligible,exclusion_reason,PRIORITY_RAW,PRIORITY,rank_all_diagnostic,rank_eligible,rank_median_mc,rank_q25_mc,rank_q75_mc,p_top5_mc,p_top10_mc,p_top20_mc,top_strengths,main_weaknesses,recommendation_category,mgimo_presence_latitude,mgimo_presence_longitude,mgimo_presence_coordinate_source
VNM,Viet Nam,East Asia & Pacific,Lower middle income,,14415.215953281288,2024.0,7.091187466339747,2024.0,173.86202478296536,2024.0,42.35960253246238,2024.0,38.4900703430176,2024,84.15,2024.0,37.5923642016718,2024.0,0.8852683007717149,2023.0,-0.5983031317591665,2023.0,-2.678254097700118,2023.0,-0.2546651400625702,2023.0,28.789407706409914,2024.0,7311008.962661656,2024,6471030.967152298,2024,6708628.466036053,2024,16800922.73953018,16.13262903387859,12.545017133844476,100.0,82.49867201904091,50.40388394961495,65.40037359759106,46.87465671483727,3000.0,0.2878940770640991,1.9682093387153785,0.5659205577980744,189.0,144.35555845500522,41.506651022918845,4.545523346788446,1.0106305233025588,337.0,333.38504613751303,74.12328084889354,13.25472892476919,2.4955233467884463,832.0,972.1495363667016,183.0306661375131,72.13293069531694,100.0,1455759302312.1614,58.87770926050153,platform_snapshot_world_bank_217_economies,False,False,False,False,True,,100987686.0,2024,13782041.0,2024,16800923.6,2024,2,un_wpp2024_population_by_single_age_sex,UN World Population Prospects 2024,102177434.0,14237353.0,17078844.25,106530672.0,16054324.0,19308350.95,110008911.0,12373485.0,15336281.4,13.054201252523278,-10.203049014865272,,,,,False,branch_pipeline,False,1.0,planned_first_program,digital_finance_business_informatics,Hanoi,MGIMO publicly reported plans for a Vietnam branch; first BA program in Business Informatics focused on digital finance and fintech; treat as pipeline until legal opening,True,True,В подготовке,,,,False,False,3.0,3.0,"Diplomatic Academy of Vietnam; University of Social Sciences and Humanities, Vietnam National University; Hanoi University of Law",0.7473684210526315,0.3593164810440324,0.3764543726400671,0.3678854268420497,0.9057701691702148,0.5328769108904766,0.9555885982246,0.9027952527925288,0.0949694450590139,0.0949694450590139,0.8300083648184685,0.1881269479614599,0.5,0.6232372045906096,0.545789810460943,0.35808794371051,0.4745890494219296,0.4592542498095345,0.4789220785758553,0.635347449250511,0.9239125909653574,0.8190688663800925,digital_finance_business_informatics,0.4386201907958079,0.8823947631470601,14237353.0,1158657.1447716802,0.9024690459992664,16054324.0,1306524.9704126506,0.9201295303915455,12373485.0,1006972.7709199324,0.902632705278181,0.6157756223355791,0.2576257949138529,0.5,0.7902073498591018,,0.7309318801358704,0.519808666346423,0.6749893805625682,0.7902073498591018,0.8190688663800925,0.7929056123055176,0.7929056123055176,0.5,Viet Nam,partner_embedded_branch,600,1735881.7706997597,1427292.2009884615,0.5607053421100122,0.1056420934037869,127533324.22336358,5489.373661609645,33.89884875092005,258.1533608014093,0.0002229199790996,1158657.1447716802,0.08,1480416.2490616972,685190.5363281603,850040.9556397897,724769.1814428854,53247994.51450921,1261609.741794624,92689079.95893508,170619.41492948445,2327583.120144354,0.9,6.0,0.5998453179143035,102.73737575963251,0.11,1.0,0.93,True,,80.38224626694874,80.38224626694874,1.0,1.0,1.0,1.0,1.0,1.0,1.0,1.0,I_FIN=0.93; I_PROGRAM=0.82; I_RUSCOMP=0.79,I_FEAS=0.52; I_HRSTRAT=0.67; I_ECO=0.73,neutral_in_preparation,21.0278,105.8342,city coordinate reference for Hanoi
CHN,China,East Asia & Pacific,Upper middle income,"On 1 July 1997 China resumed its exercise of sovereignty over Hong Kong, and on 20 December 1999, China resumed its exercise of sovereignty over Macao. Unless otherwise noted, data for China do not include data for Hong Kong SAR, China; Macao SAR, China; or Taiwan, China.

The World Bank systematically assesses the appropriateness of official exchange rates as conversion factors. In this country, multiple or dual exchange rate activity exists and must be accounted for appropriately in underlying statistics. An alternative estimate (“alternative conversion factor” - PA.NUS.ATLS) is thus calculated as a weighted average of the different exchange rates in use in the country. Doing so better reflects economic reality and leads to more accurate cross-country comparisons and country classifications by income level. For this country, this applies to the period 1978-1993. Alternative conversion factors are used in the Atlas methodology and elsewhere in World Development Indicators as single-year conversion factors.",23845.619721725907,2024.0,4.9773565917572,2024.0,37.19842013880647,2024.0,56.74834174178266,2024.0,65.8946980998325,2024,91.6,2025.0,76.8757843123403,2024.0,4.753098189830781,2023.0,-0.2809097953140738,2023.0,-2.495554655790329,2023.0,-3.5916793346405025,2023.0,49.08028713281475,2024.0,82516124.90194999,2024,78840327.23820603,2024,83853836.42073934,2024,199090678.5294888,13.742318355170788,10.949777660956828,100.0,80.63728386917245,85.3761067227097,54.33066431129144,50.28081165567356,4292.211549910663,0.4908028713281475,2.3334451683906656,0.7181021534961106,167.0,171.1432690523776,52.66819710515733,5.458612920976664,1.3352845941250362,311.0,400.35432263094407,97.934579157669,15.689634455937773,3.408612920976664,794.0,1150.7342736825174,249.999942630944,50.92422005891512,100.0,33597882047418.76,80.46273529370208,platform_snapshot_world_bank_217_economies,False,False,False,False,True,,1419321285.0,2024,162541313.0,2024,200552626.7,2024,2,un_wpp2024_population_by_single_age_sex,UN World Population Prospects 2024,1412914090.0,164475309.0,201172753.2,1373427531.0,168737212.0,206083751.95,1260289090.0,81894160.0,102445108.3,2.441184838345189,-49.07605196507298,,,,,False,,False,,,,,,False,False,,,,,False,False,0.0,0.0,,0.7473684210526315,0.7771409242635646,0.7936377962691554,0.78538936026636,1.0,0.6781377539646937,0.7172343552196285,0.0120588763368152,0.4477647469630951,0.4477647469630951,0.9207263414558228,0.5498421848505296,0.5,0.4764858538992416,0.715883467744264,0.3662926556619462,0.488309359931954,0.512694542907245,0.3953139753244509,0.6238191044328291,0.2941290678899405,0.5652536283048547,digital_finance_business_informatics,0.5774896131695405,0.7174148583981556,164475309.0,40042687.00524328,1.0,168737212.0,41080277.68625977,1.0,81894160.0,19937717.31681206,1.0,0.3953372009515528,0.0,0.5,0.8458964440894422,,0.6394646381863845,0.5716862447190245,0.4563605547374491,0.8458964440894422,0.5652536283048547,0.7412886293989794,0.7412886293989794,0.5,China,urban_standard_branch,1400,6621112.197425964,5500852.895361558,0.7017359482639538,0.0942290261618146,486445829.9214685,5720.949103829381,491.6566889706093,1400.0,0.0001397423975092,40042687.00524328,0.0,8008955.595546688,3581887.430742445,4427068.164804243,14160868.77555516,1040383451.9843844,14143514.402516266,1039108445.2870274,11924304.976785066,17539479.70248849,1.0,3.0,0.5527389754563795,359.7861279871209,0.11,1.0,1.0,True,,76.21954369266368,76.21954369266368,2.0,2.0,2.0,2.0,2.0,1.0,1.0,1.0,I_FIN=1.00; I_MARKET=0.85; I_RUSCOMP=0.74,I_HRSTRAT=0.46; I_PROGRAM=0.57; I_FEAS=0.57,A_open_priority,,,
TUR,Türkiye,Europe & Central Asia,Upper middle income,,36154.49043655701,2024.0,3.327623089379898,2024.0,54.59880611959156,2024.0,57.52127735801306,2024.0,89.3443122873887,2024,89.77024003,2025.0,105.88606262207,2023.0,-1.735381111502647,2023.0,-3.583810329437255,2023.0,-1.606571525335315,2023.0,-7.07756268978122,2023.0,35.22092896754028,2024.0,6141428.975020183,2024,6422570.953289445,2024,6730521.039463475,2024,15592734.396068191,17.832022858289562,14.864827669764566,100.0,84.19870439879409,95.59385725113412,56.33237949978931,32.22201765794586,6507.808278580261,0.3522092896754028,2.083976721415725,0.6141569672565521,94.0,152.84635506482638,45.04448294367765,4.834941803539313,1.1135348634806446,171.0,354.6120376620659,81.670655613179,14.026511476104837,2.7849418035393128,428.0,1028.7548470988424,204.25765766206592,87.72505168706981,100.0,3091883611271.661,88.9,platform_snapshot_world_bank_217_economies,False,False,False,False,True,,87473801.0,2024,12851242.0,2024,15949219.75,2024,2,un_wpp2024_population_by_single_age_sex,UN World Population Prospects 2024,87926085.0,12440675.0,15531135.95,90188557.0,12368157.0,14921497.95,91258069.0,9184168.0,11251598.5,-3.925263431874082,-27.554568215597907,,,,,False,,False,,,,,,False,False,,,,,False,False,0.0,0.0,,0.7473684210526315,1.0,0.9567085737064494,0.9783542868532248,0.9996143031550592,0.7982588039817146,0.5312114406869141,0.125469881394172,0.4667162374386322,0.4667162374386322,0.8984455196826112,0.8593549732043099,0.5,0.3231877074452496,0.4305427970770188,0.4062153310616383,0.345531249277652,0.5353755707969705,0.4342788573486635,0.6234378261742245,0.2877665051112688,0.5698097284634696,digital_finance_business_informatics,0.6845845621199789,0.7203763235012552,12440675.0,5181504.059417091,1.0,12368157.0,5151300.528549127,1.0,9184168.0,3825178.599583105,1.0,0.3265422972721243,0.1298207848535053,0.5,0.8591285530641766,,0.6500958551568061,0.5102990732833462,0.4659887392076695,0.8591285530641766,0.5698097284634696,0.7428996215512674,0.7428996215512674,0.5,Türkiye,partner_embedded_branch,600,1974475.6285581803,1620404.8208138875,0.7147770158755772,0.1077342038776638,145062552.5069781,6053.501444306604,95.34942465036282,600.0,0.0001402107209809,5181504.059417091,0.08,3606816.831920604,1277712.9687311305,2431320.900687964,7563513.303513441,555683002.5444987,8309879.641414827,610517716.3871418,6355609.617803683,10635808.720148845,1.0,4.0,0.6693979572694665,123.07561947475712,0.11,1.0,1.0,True,,75.69950238081866,75.69950238081866,3.0,3.0,3.0,3.0,3.0,0.994,1.0,1.0,I_FIN=1.00; I_MARKET=0.86; I_RUSCOMP=0.74,I_HRSTRAT=0.47; I_FEAS=0.51; I_PROGRAM=0.57,A_open_priority,,,
SAU,Saudi Arabia,Middle East & North Africa,High income,,62792.77414763707,2024.0,1.996501734361587,2024.0,54.67870526687325,2024.0,47.07456035542807,2024.0,84.4554020211443,2024,100.0,2024.0,83.884129573915,2024.0,5.575087547302245,2023.0,2.901995867490769,2023.0,3.619496226310727,2023.0,-1.492571711540224,2023.0,49.20697643511707,2024.0,2531669.6602893127,2024,2687994.286769106,2024,3563746.9613806587,2024,6823350.079679715,18.93583629745936,15.98701414972849,100.0,86.5369347529382,96.961810962847,53.401912614264845,66.69799456477176,11302.699346574673,0.4920697643511707,2.3357255758321074,0.7190523232633781,64.0,171.31052234359973,52.737885976499896,5.4643139395802685,1.3373116229618731,118.0,400.77245585899936,98.08324874986644,15.704837172214049,3.4143139395802686,302.0,1151.8492956239982,250.41807585899937,75.00431804518047,100.0,2216602509388.35,88.1652388721745,platform_snapshot_world_bank_217_economies,False,False,False,False,True,,33962753.0,2024,5021889.0,2024,6564811.65,2024,2,un_wpp2024_population_by_single_age_sex,UN World Population Prospects 2024,35165789.0,5321111.0,6901847.6,40012645.0,5831125.0,7796752.9,47693913.0,6549587.0,8669673.35,12.966170102046304,25.613804483309654,,,,,False,,False,,,,,,False,False,,,,,False,False,0.0,0.0,,0.7473684210526315,0.8516827525605476,0.9425075177343912,0.8970951351474694,0.9581517534587466,0.9575866585417372,0.381115031963676,0.1259906424052466,0.210574776729819,0.210574776729819,1.0,0.7948259691697908,0.5,0.5687979811407247,0.7520316904093259,0.6409088807119839,0.6259003204320093,0.5548085172035764,0.4987242174521772,0.59472855666153,0.2280403982286184,0.550749959665261,digital_finance_business_informatics,0.8003203979847922,0.7079874737824197,5321111.0,2118324.9170561926,0.9691871576935376,5831125.0,2321360.592171313,0.9838731470472252,6549587.0,2607379.048948108,1.0,0.5469124367838571,0.6109919349328765,0.5,0.8885517380492359,,0.6354038462125837,0.6963203658325847,0.4559208073688506,0.8885517380492359,0.550749959665261,0.7397854928507883,0.7397854928507883,0.5,Saudi Arabia,partner_embedded_branch,600,2155765.5226530023,1837054.1347091307,0.8962814038639384,0.0668095195168313,158381721.60724118,6563.157695394815,38.49977375655967,293.1912543218751,0.0001384792144142,2118324.9170561926,0.08,1967290.01954407,1122026.3882317254,935025.7423708824,220658.80617088272,16211559.764687968,-214695.33798497496,-15773430.316884328,-2329892.154343322,1572293.088427641,0.5,7.0,0.4859143411047011,142.7767650688061,0.11,0.9338999413637398,0.6301699824091219,True,,73.39919974824426,73.39919974824426,5.0,4.0,4.0,4.0,5.0,0.879,1.0,1.0,I_MARKET=0.89; I_RUSCOMP=0.74; I_FEAS=0.70,I_HRSTRAT=0.46; I_PROGRAM=0.55; I_FIN=0.63,A_open_priority,,,
BRA,Brazil,Latin America & Caribbean,Upper middle income,,19652.365499170355,2024.0,3.4193151659773946,2024.0,35.58452393853885,2024.0,59.17075271742485,2024.0,87.8958549533146,2024,84.46347227,2024.0,69.7317733764648,2024.0,-3.827350199222564,2023.0,-2.161619901657104,2023.0,-2.07534748315811,2023.0,-2.859974503517152,2023.0,46.15600731879536,2024.0,14876748.466104534,2024,15730568.463973604,2024,16371790.96225415,2024,37974622.8630925,17.47746113319586,14.294895063027724,100.0,82.4896890829937,84.73159120636493,46.911670513784536,34.72691829481234,3537.425789850664,0.4615600731879536,2.2808081317383166,0.6961700548909652,197.0,167.2826792909624,51.05961803790099,5.327020329345791,1.288496117100726,364.0,390.7028482274059,94.5029438141888,15.338720878255444,3.277020329345791,926.0,1124.997008606416,240.348468227406,48.68422195524485,100.0,4166273441898.548,78.31953201293943,platform_snapshot_world_bank_217_economies,False,False,False,False,True,,211998565.0,2024,30607316.0,2024,37974621.5,2024,2,un_wpp2024_population_by_single_age_sex,UN World Population Prospects 2024,213562666.0,29766649.0,37059808.0,218199707.0,27989205.0,34423487.25,217489301.0,23313549.0,28950140.55,-7.11369241308536,-21.882648312694982,,,,,False,,False,,,,,,False,False,,,,,False,False,0.0,0.0,,0.7473684210526315,0.7011561351788234,0.7522151507357935,0.7266856429573084,1.0,0.6223197854484389,0.5415505817079601,0.0015399378297775,0.5071594721752853,0.5071594721752853,0.8338254883173031,0.8402367026564446,0.5,0.5086639226797768,0.3385452989294215,0.3851634238226784,0.4070098376187899,0.4411029097198089,0.3833664758965783,0.5701444886715535,0.2175441953810505,0.5116577487325465,digital_finance_business_informatics,0.5243767572208311,0.6825775366761553,29766649.0,5527767.533165593,1.0,27989205.0,5197690.162507579,1.0,23313549.0,4329405.007767758,1.0,0.2097569331440919,0.1737478570480506,0.5,0.8402771867927563,,0.5837403312255262,0.52717604619986,0.4083309968519101,0.8402771867927563,0.5116577487325465,0.730165494495484,0.730165494495484,0.5,Brazil,partner_embedded_branch,600,1879179.513966838,1547384.148632253,0.6571030649385963,0.1040212698360308,138061251.79367825,5559.251244264256,97.75664487696751,600.0,0.0001347458831925,5527767.533165593,0.08,3322128.716696211,1172860.181609203,2243097.3496157443,7012640.945108274,515211016.3320653,6127153.971945341,450155262.4494551,3770140.5275145937,8402172.336106846,1.0,4.0,0.6724818538377971,122.8238344064465,0.11,1.0,1.0,True,,73.02874452478801,73.02874452478801,6.0,5.0,5.0,4.0,5.0,0.934,1.0,1.0,I_FIN=1.00; I_MARKET=0.84; I_RUSCOMP=0.73,I_HRSTRAT=0.41; I_PROGRAM=0.51; I_FEAS=0.53,A_open_priority,,,
IDN,Indonesia,East Asia & Pacific,Upper middle income,Fiscal year end: March 31; reporting period for national accounts data: CY. Data for Indonesia include Timor-Leste through 1999 unless otherwise noted.,14470.43720205784,2024.0,5.030344694190376,2024.0,42.572647301834,2024.0,43.77191678887955,2024.0,58.7509635387997,2024,72.78075544,2024.0,44.8813034886441,2023.0,4.06228464841843,2023.0,-1.075231239199635,2023.0,2.1096512973308568,2023.0,-2.830627202987668,2023.0,29.94496585457692,2024.0,23336934.04202196,2024,21930224.03946228,2024,22033704.039581034,2024,55182324.8992957,19.298476837215706,17.983291905787624,100.0,87.37322244903947,55.630492699597525,41.983762630088655,55.264270909308976,3000.0,0.2994496585457691,1.9890093853823845,0.5745872439093269,192.0,145.88110875773145,42.1422969823881,4.597523463455961,1.0291194536732309,343.0,337.19892189432863,75.47932556242796,13.39339590254923,2.547523463455961,849.0,982.3198717182096,186.8445418943286,70.04821011442533,100.0,4102194303076.8057,70.86439104659323,platform_snapshot_world_bank_217_economies,False,False,False,False,True,,283487935.0,2024,45267159.0,2024,55182325.8,2024,2,un_wpp2024_population_by_single_age_sex,UN World Population Prospects 2024,287886783.0,46018748.0,55907509.25,304566620.0,46577629.0,56940029.65,320712946.0,42170437.0,51782590.9,1.8468367019945475,-7.378111465411063,,,,,False,,False,,,,,,False,False,,,,,False,False,0.0,0.0,,0.7473684210526315,0.4368427501585968,0.6081263167823874,0.5224845334704921,1.0,0.5339803688342266,0.7232092604003582,0.0470866340336017,0.1295977628864291,0.1295977628864291,0.6915661014119652,0.4555516269948758,0.5,0.5099545243196635,0.6855038995807182,0.5731043893346476,0.4539723540674147,0.3672125449672645,0.3291049607346231,0.4612919831986176,0.3175356845803043,0.4289149917586723,digital_finance_business_informatics,0.4396665241314675,0.628794744643137,46018748.0,3844007.520847432,1.0,46577629.0,3890691.59767757,1.0,42170437.0,3522552.960054951,1.0,0.3654980113831614,0.3038147997510964,0.5,0.8516311035667543,,0.551649043464352,0.5578172170399862,0.3785089868739253,0.8516311035667543,0.4289149917586723,0.7183125776007384,0.7183125776007384,0.5,Indonesia,partner_embedded_branch,600,1721044.852089301,1425876.6463692568,0.5612452746451648,0.097280212251203,126443272.13366364,5355.095315135381,64.28498072103704,489.5559711814432,0.000127421959013,3844007.520847432,0.08,2636754.132259486,896762.8101179451,1811732.346950976,4580875.403643986,336551876.94277966,3623542.461174199,266217678.72576112,2457626.8418339947,5191788.849387663,1.0,4.0,0.6910738839282109,105.20151114981506,0.11,1.0,1.0,True,,71.37852896112831,71.37852896112831,7.0,6.0,6.0,6.0,7.0,0.081,0.94,1.0,I_FIN=1.00; I_MARKET=0.85; I_RUSCOMP=0.72,I_HRSTRAT=0.38; I_PROGRAM=0.43; I_ECO=0.55,A_open_priority,,,
IND,India,South Asia,Lower middle income,"The reporting period for national accounts data is designated as either calendar year basis (CY) or fiscal year basis (FY). For this country, it is fiscal year-based (fiscal year-end: March 31). Also, an estimate (PA.NUS.ATLS) of the exchange rate covers the same period and thus differs from the official exchange rate (CY).",9818.042706866394,2024.0,6.494765523838211,2024.0,44.64929350696764,2024.0,49.87444022550503,2024.0,35.3788972368389,2024,70.0,2025.0,34.4465039692543,2025.0,3.32577100396156,2023.0,1.318551957607269,2023.0,-0.9587870687246322,2023.0,-4.445538580417634,2023.0,24.14642718807555,2024.0,127376533.0,2024,129990293.49999996,2024,124470049.0,2024,313378348.54999995,21.378847733003045,19.66255803830377,100.0,87.38118658910808,40.92978766668742,44.715537828434606,51.14790610250862,3000.0,0.25,1.9,0.5375,179.0,139.35284,39.422185,4.375,0.95,317.0,320.87825,69.67642,12.8,2.325,775.0,938.79808,170.52387,75.11538786306906,100.0,14245349560958.973,57.93395119077629,platform_snapshot_world_bank_217_economies,False,False,False,False,True,,1450935787.0,2024,257366827.0,2024,313378348.6,2024,2,un_wpp2024_population_by_single_age_sex,UN World Population Prospects 2024,1476625572.0,255177731.0,312138665.75,1578694795.0,238127754.0,293969613.45,1679589264.0,216224305.0,265407631.9,-5.820827181516841,-14.97124162356358,,,,,False,,False,,,,,,False,False,,,,,False,False,0.0,0.0,,0.7473684210526315,0.3258566321725911,0.3582139395731823,0.3420352858728867,1.0,0.4220369142284111,0.8883364342384047,0.0606216517931402,0.2792246041878861,0.2792246041878861,0.6577050937555738,0.1470623975836691,0.5,0.4389358195536563,0.6531146004083048,0.4353061964608472,0.5574510506327768,0.3567685968764032,0.3347669123399233,0.4975168961480083,0.3917075647712461,0.4617024798830687,digital_finance_business_informatics,0.3377135826474287,0.6501066119239947,255177731.0,10621302.750913672,1.0,238127754.0,9911628.88202456,1.0,216224305.0,8999938.18626319,1.0,0.1943610661907208,0.2363932943503867,0.5,0.824198180193429,,0.5711425813257636,0.4966981126663463,0.4169491015925541,0.824198180193429,0.4617024798830687,0.7262041401794135,0.7262041401794135,0.5,India,partner_embedded_branch,600,1667963.3077023032,1365169.9094939,0.5099906445524391,0.1107264152134038,122543429.45724976,5131.718318167629,181.9194572445319,600.0,0.0001305029568884,10621302.750913672,0.08,3075869.7512645544,912741.9960065096,2236147.114938565,8946007.262011614,657253312.932005,8771089.51398499,644402298.3940119,7961056.420490162,10179405.241457071,1.0,2.0,0.7262502785931755,99.84204410811812,0.11,1.0,1.0,True,,71.20497466817474,71.20497466817474,8.0,7.0,7.0,6.0,7.0,0.04,0.951,1.0,I_FIN=1.00; I_MARKET=0.82; I_RUSCOMP=0.73,I_HRSTRAT=0.42; I_PROGRAM=0.46; I_FEAS=0.50,A_open_priority,,,
MEX,Mexico,Latin America & Caribbean,Upper middle income,,22039.628701901565,2024.0,1.427427690804663,2024.0,74.58890798251433,2024.0,58.10376044985082,2024.0,79.7538805976118,2024,83.12233799,2024.0,48.203441619873,2024.0,-1.388530090451238,2023.0,-5.644757449626924,2023.0,-1.203918159008026,2023.0,-4.415327191352848,2023.0,54.174481987240775,2024.0,11145825.999999994,2024,11082745.499999998,2024,10597218.0,2024,26997319.6,20.40968055964544,18.68772954035178,100.0,86.8639268975859,69.00860000046859,46.2868166242954,33.6424044655767,3967.1331663422816,0.5417448198724077,2.425140675770334,0.7563086149043058,191.0,177.86854766742908,55.47039652809544,5.687851689425835,1.4167917117958524,357.0,417.1675191685727,103.91260459327027,16.300937838468894,3.637851689425835,917.0,1195.569464449527,266.81313916857266,40.6258137519687,100.0,2884128005836.942,71.8610324859619,platform_snapshot_world_bank_217_economies,False,False,False,False,True,,130861004.0,2024,22228572.0,2024,26997320.55,2024,2,un_wpp2024_population_by_single_age_sex,UN World Population Prospects 2024,132997661.0,22244426.0,27052500.5,141150815.0,21388408.0,26272988.35,148946269.0,18746446.0,23127141.55,-2.8814791076336888,-14.510152028275536,,,,,False,,False,,,,,,False,False,,,,,False,False,0.0,0.0,,0.7473684210526315,0.4721775176271279,0.6273888503168348,0.5497831839719813,0.9909484224685244,0.6554072401406749,0.3169465999018744,0.2557599534636378,0.4809980515190357,0.4809980515190357,0.8174946174071562,0.7327703211039567,0.5,0.4402644210797522,0.4457960942476037,0.424297788525426,0.2564404235203992,0.4137564621165207,0.4228264231461593,0.5552968658921675,0.2802346120389324,0.5072529696093646,digital_finance_business_informatics,0.556005765927411,0.6797144302460869,22244426.0,2766445.3420121446,0.9987042938809756,21388408.0,2659985.9976002662,0.9989741672356942,18746446.0,2331416.338456304,0.9949779159738456,0.255770677105656,0.2319004589645067,0.5,0.8378799091177936,,0.5686790997798613,0.4997010565198416,0.4330370569123945,0.8378799091177936,0.5072529696093646,0.7326897437904238,0.7326897437904238,0.5,Mexico,partner_embedded_branch,600,1974471.6706803688,1616998.108147615,0.7115853330049653,0.1100657675656348,145062261.72604895,5637.527377821153,48.85045214386896,372.01583128294016,0.0001345443553383,2766445.3420121446,0.08,2133359.456486851,1005522.3587447088,1208278.8864417188,1701214.415344336,124986351.7594915,2272807.486749866,166980665.96327725,-428934.0126455952,5269511.155211756,0.8,6.0,0.5761255036932474,134.20120501239708,0.11,1.0,0.8599999999999999,True,,70.8022227881451,70.8022227881451,9.0,8.0,8.0,8.0,8.0,0.0,0.998,1.0,I_FIN=0.86; I_MARKET=0.84; I_RUSCOMP=0.73,I_HRSTRAT=0.43; I_FEAS=0.50; I_PROGRAM=0.51,A_open_priority,,,
PHL,Philippines,East Asia & Pacific,Lower middle income,,10375.940417993756,2024.0,5.692016128234116,2024.0,65.88547252869684,2024.0,63.22349522199786,2024.0,55.4520983215477,2024,67.26300914,2024.0,47.4134996154186,2024.0,1.0786433666944528,2023.0,-2.92702981829643,2023.0,1.14978474378586,2023.0,-3.962353289127353,2023.0,33.786544563018175,2024.0,11295678.549508087,2024,10745529.046776118,2024,10243621.044587836,2024,26650837.06634873,22.918119038366893,22.21125639378924,100.0,89.36598936265615,53.47407274504732,53.7925598957116,45.167961887244765,3000.0,0.3378654456301817,2.0581578021343274,0.6033990842226362,201.0,150.95270257661926,44.25546107359134,4.770394505335817,1.0905847130082909,364.0,349.877906441548,79.98740895699487,13.854385347562182,2.7203945053358174,907.0,1016.1304971774616,199.52352644154803,63.18747451081971,100.0,1201987017721.7307,61.82404988462557,platform_snapshot_world_bank_217_economies,False,False,False,False,True,,115843664.0,2024,22041207.0,2024,26650836.0,2024,2,un_wpp2024_population_by_single_age_sex,UN World Population Prospects 2024,117724473.0,22311152.0,27017448.65,125740971.0,22344843.0,27314330.25,134373433.0,17799656.0,21587450.9,1.098851352864516,-20.098114445754668,,,,,False,,False,,,,,,False,False,,,,,False,False,0.0,0.0,,0.7473684210526315,0.4637755740779907,0.4333996117543919,0.4485875929161913,0.8819056828471464,0.4379869396814501,0.7978189161092879,0.19903331743618,0.6065280474646474,0.6065280474646474,0.6243770034342137,0.4120097177920884,0.5,0.4601847834466671,0.5542937708556964,0.5299984635511242,0.3739226221108481,0.430623591707961,0.4269975819619459,0.5678518476043667,0.4385475569054232,0.5322055015335618,digital_finance_business_informatics,0.3515823214285237,0.6959335759968152,22311152.0,1520197.0394094791,0.9324993233490156,22344843.0,1522492.6160096806,0.9370948446352672,17799656.0,1212800.86091956,0.9230903058908092,0.3424489513950567,0.1879901352466871,0.5,0.787107524183561,,0.5906538023105271,0.4943581144159102,0.4868042807019574,0.787107524183561,0.5322055015335618,0.7416370638375912,0.7416370638375912,0.5,Philippines,partner_embedded_branch,600,1679413.4823763913,1373904.7013916846,0.5168755181476478,0.1112412148284997,123384661.19536288,5175.022721517766,27.353278987288853,208.3062156886828,0.0001370971734825,1520197.0394094791,0.08,1154869.823253421,591201.6648913966,610964.2915533364,-115064.10555643756,-8453633.264715357,-58415.43604057746,-4291717.828921582,-1431512.1378783954,802377.0621306093,0.6,7.0,0.5667628011871916,100.4935660826297,0.11,0.959059248048086,0.7077177744144257,True,,69.0313710650312,69.0313710650312,10.0,9.0,9.0,9.0,9.0,0.0,0.861,1.0,I_MARKET=0.79; I_RUSCOMP=0.74; I_FIN=0.71,I_HRSTRAT=0.49; I_FEAS=0.49; I_PROGRAM=0.53,A_open_priority,,,
THA,Thailand,East Asia & Pacific,Upper middle income,Fiscal year end: September 30; reporting period for national accounts data: CY.,21740.540321926088,2024.0,2.541820677352888,2024.0,136.7471070224512,2024.0,59.1528957274226,2024.0,61.8689338391321,2024,90.86718789,2024.0,49.0776442074561,2025.0,1.2019406855106352,2023.0,1.7141092419624324,2023.0,1.107804477214813,2023.0,-1.962120175361633,2023.0,29.728879259959427,2024.0,4291598.500000002,2024,4644010.5,2024,5071495.499999999,2024,11217781.975,15.296659296579868,12.678551856877007,100.0,79.06806548986802,67.57380167536587,62.0750538086685,53.75709426405598,3913.297257946696,0.2972887925995943,1.9851198266792696,0.5729665944496957,146.0,145.5958345200337,42.023432716680695,4.587799566698174,1.025662068159351,262.0,336.48573630008417,75.22574846225217,13.367465511195132,2.5377995666981743,649.0,980.4180434668912,186.1313563000842,79.70318760463894,100.0,1558101282937.7424,72.12329326223683,platform_snapshot_world_bank_217_economies,False,False,False,False,True,,71668012.0,2024,8935610.0,2024,11217782.75,2024,2,un_wpp2024_population_by_single_age_sex,UN World Population Prospects 2024,71559622.0,8865353.0,11048082.5,70540885.0,7761503.0,9832241.45,66382733.0,6006326.0,7555559.0,-11.004996115841823,-31.612033128825743,,,,,False,,False,,,,,,False,False,,,,,False,False,0.0,0.0,,0.7473684210526315,0.4814756695800122,0.6324576812907567,0.5569666754353845,0.9142345267483548,0.6514638448192323,0.4426048537918447,0.660890266863525,0.5067216393612151,0.5067216393612151,0.911802954627024,0.4967058939240207,0.5,0.5481487218739195,0.5597159565495389,0.5281132033047902,0.5745502400065705,0.5706719830606207,0.5880162963394429,0.6582287035376625,0.5735761016348528,0.6370168021995813,digital_finance_business_informatics,0.5522548783778065,0.7640609214297278,8865353.0,1257900.946740161,0.9115565539478822,7761503.0,1101276.167099787,0.9011765168697956,6006326.0,852234.8926015744,0.8842806859493288,0.0693110326944838,0.0705020333860793,0.5,0.7427111818236969,,0.642498584291074,0.5931722503731042,0.6117692008073538,0.7427111818236969,0.6370168021995813,0.7671139843168407,0.7671139843168407,0.5,Thailand,partner_embedded_branch,600,1799129.822859097,1501211.020017962,0.6230683950307861,0.089502104917917,132180089.04265273,5686.184142292818,25.0,185.07871311989368,0.0001472096165597,1257900.946740161,0.08,1130295.9778735691,679033.2657012457,505585.37342842296,-783787.6700114361,-57584017.9493032,-969589.8208950508,-71234697.5923564,-1935785.2877079789,521781.001175769,0.2,9.0,0.4804156100006025,110.31295111738892,0.11,0.8123704191823604,0.3837111257547081,True,,67.02326061545864,67.02326061545864,11.0,10.0,10.0,10.0,10.0,0.0,0.805,1.0,I_RUSCOMP=0.77; I_MARKET=0.74; I_ECO=0.64,I_FIN=0.38; I_FEAS=0.59; I_HRSTRAT=0.61,B_strategic_with_subsidy,,,
MYS,Malaysia,East Asia & Pacific,Upper middle income,,34116.23178488853,2024.0,5.105459210240412,2024.0,137.3625711615591,2024.0,53.72030050186682,2024.0,76.9170296648992,2024,98.0206059,2024.0,38.5013945445142,2024.0,6.127587676048279,2023.0,4.003408133983616,2023.0,4.626259922981263,2023.0,1.17960289120674,2023.0,30.620543847812748,2024.0,2808157.9602164226,2024,3112088.956607882,2024,3150632.4573924807,2024,7338031.522650921,20.24146734346971,17.272899432730597,100.0,80.30363826923974,68.49773994983515,75.43889237842421,73.5116261292548,6140.921721279935,0.3062054384781275,2.0011697892606297,0.5796540788585955,94.0,146.77299655561592,42.513916898173285,4.627924473151573,1.039928701565004,169.0,339.4286413890397,76.27211471610303,13.474465261737532,2.5779244731515734,420.0,988.2657903707728,189.0742613890397,93.82288514152084,100.0,1213093813799.2727,68.95041836335426,platform_snapshot_world_bank_217_economies,False,False,False,False,True,,35557670.0,2024,5920246.0,2024,7338030.4,2024,2,un_wpp2024_population_by_single_age_sex,UN World Population Prospects 2024,36385116.0,5914941.0,7348277.4,39814831.0,5859769.0,7283914.6,44289762.0,5126114.0,6364863.65,-0.8758896336711564,-13.38291542994825,,,,,False,,False,,,,,,False,False,,,,,False,False,0.0,0.0,,0.7473684210526315,0.368985066309719,0.57113411322896,0.4700595897693395,0.8830516087136981,0.7815110858019436,0.7316791260963671,0.6649016954990775,0.373520665680272,0.373520665680272,0.9989094791784888,0.6953265646606699,0.5,0.68631178520948,0.776328717487417,0.6861208750563533,0.6735122787203833,0.5649224564700456,0.6310351805141878,0.7269414167827423,0.6916126677379933,0.7012816965404672,digital_finance_business_informatics,0.6704997311184623,0.8058331027513037,5914941.0,805992.6844053838,0.8623360273922693,5859769.0,798474.7347954024,0.8655196583173226,5126114.0,698504.0735703061,0.8624000342359432,0.3189598455422412,0.2552349105251608,0.5,0.739122176735935,,0.7308780575652805,0.7269718963839061,0.6875709211887513,0.739122176735935,0.7012816965404672,0.7826366801966971,0.7826366801966971,0.5,Malaysia,partner_embedded_branch,600,1857863.067132424,1593265.073518148,0.7025988222554103,0.0600661827955406,136495155.89284533,6067.290267821616,25.0,123.65426624678966,0.0001534985082205,805992.6844053838,0.08,840236.4731268191,679607.8151349082,214997.2832027036,-2049963.071237041,-150608531.88440704,-2062853.049754296,-151555544.42709342,-2886352.833389196,-1477393.0440297676,0.0,inf,0.2865689250345046,114.94559463368466,0.11,0.6363673342087441,0.1909102002626232,True,,64.94181309762479,64.94181309762479,12.0,11.0,11.0,11.0,12.0,0.006,0.14,1.0,I_RUSCOMP=0.78; I_MARKET=0.74; I_ECO=0.73,I_FIN=0.19; I_HRSTRAT=0.69; I_PROGRAM=0.70,B_strategic_with_subsidy,,,
ARG,Argentina,Latin America & Caribbean,Upper middle income,"The World Bank systematically assesses the appropriateness of official exchange rates as conversion factors. In this country, multiple or dual exchange rate activity exists and must be accounted for appropriately in underlying statistics. An alternative estimate (“alternative conversion factor” - PA.NUS.ATLS) is thus calculated as a weighted average of the different exchange rates in use in the country. Doing so better reflects economic reality and leads to more accurate cross-country comparisons and country classifications by income level. For this country, this applies to the period 1971-2018. Alternative conversion factors are used in the Atlas methodology and elsewhere in World Development Indicators as single-year conversion factors.",26771.96576505708,2024.0,-1.342930721577389,2024.0,27.929760849367003,2024.0,53.651404605042416,2024.0,92.2742315972952,2024,89.66715228,2024.0,107.822574129434,2023.0,-2.642621397972108,2023.0,-2.8757857382297543,2023.0,-3.3777477443218253,2023.0,-0.8926253616809829,2023.0,45.906131922592486,2024.0,3555334.002709577,2024,3465155.5022420487,2024,3490723.002024179,2024,8591314.855862506,18.688200830091983,17.79046622004806,100.0,81.62009932884526,96.4616608399042,34.078401154944096,36.21390600846972,4818.9538377102745,0.4590613192259248,2.276310374606665,0.6942959894194436,144.0,166.95279759100137,50.9221673295839,5.315775936516662,1.28449811076148,267.0,389.8781439775034,94.20971563644568,15.3087358307111,3.265775936516662,678.0,1122.7977972733424,239.52376397750345,59.75791343701488,100.0,1223376004342.605,88.9,platform_snapshot_world_bank_217_economies,False,False,False,False,True,,45696154.0,2024,7020489.0,2024,8591313.9,2024,2,un_wpp2024_population_by_single_age_sex,UN World Population Prospects 2024,46003732.0,7102491.0,8663631.45,47251992.0,7077140.0,8683088.3,48308948.0,5111214.0,6241785.45,0.2245807674563726,-27.95416695616708,,,,,False,,False,,,,,,False,False,,,,,False,False,0.0,0.0,,0.7473684210526315,1.0,0.9567085737064494,0.9783542868532248,0.8841031432075224,0.7115459407253574,0.0045627237007168,0.0,0.3718314176949883,0.3718314176949883,0.89719022946837,0.8980271444395181,0.5,0.5951817278227898,0.3906455361357165,0.3266749091527767,0.3761378062674851,0.494810636151561,0.3578859766634537,0.4777413418470603,0.0018250894802867,0.4381999298609713,diplomatic_analytic,0.6085193945546602,0.6348299544096314,7102491.0,2317223.3363430025,0.9791107712667428,7077140.0,2308952.445355653,0.9832787716958163,5111214.0,1667559.220820282,0.9581163846388264,0.3314401021646039,0.1116531844275899,0.5,0.8411074852773873,,0.4624242292280152,0.55327967033353,0.2990098565819463,0.8411074852773873,0.4381999298609713,0.7097011757759308,0.7097011757759308,0.5,Argentina,partner_embedded_branch,600,1943526.264981255,1608737.7684907122,0.707334520287245,0.0982784725266234,142788736.80928132,5777.889732991785,38.826110877964645,295.676442691072,0.0001276659217911,2317223.3363430025,0.08,1760050.4472117876,904416.7544239896,927987.0331417172,630531.8245091003,46324479.56167664,1097103.6066494626,80602995.16656871,-966693.8032781258,3875461.436683445,0.5,6.0,0.5431952128854279,127.71097366030844,0.11,1.0,0.6499999999999999,True,,64.40593805490838,64.40593805490838,13.0,12.0,12.0,11.0,13.0,0.0,0.11,0.995,I_MARKET=0.84; I_RUSCOMP=0.71; I_FIN=0.65,I_HRSTRAT=0.30; I_PROGRAM=0.44; I_ECO=0.46,A_open_priority,,,
ARE,United Arab Emirates,Middle East & North Africa,High income,,69701.80479835454,2024.0,3.991807054853979,2024.0,199.0449792375464,2023.0,54.9012947560482,2024.0,85.8171088279791,2024,100.0,2024.0,63.7384451086316,2024.0,11.229973316192613,2023.0,6.173300921916961,2023.0,7.29673993587497,2023.0,4.742716610431675,2023.0,63.45362403544152,2024.0,500917.98690302833,2024,916131.2002426016,2024,1450958.9761033885,2024,2069980.7263921543,18.47896045437288,15.746561763829908,100.0,75.97868869887083,85.98690883916137,82.56497396952359,88.99322751195908,12546.324863703816,0.6345362403544152,2.592165232637948,0.8259021802658114,66.0,190.11872995650447,60.57463914854356,6.105413081594868,1.5652579845670644,125.0,447.7929748912613,114.80165551689294,17.414434884252984,4.055413081594868,323.0,1277.2373463766971,297.43859489126135,60.1118940699569,100.0,765771908236.6423,82.12153353258947,platform_snapshot_world_bank_217_economies,False,False,False,False,True,,11027135.0,2024,1422303.0,2024,2077655.1,2024,2,un_wpp2024_population_by_single_age_sex,UN World Population Prospects 2024,11574684.0,1450337.0,2147036.0,12910709.0,1448695.0,2170296.1,15367397.0,1789441.0,2535370.9,1.083358639538412,18.08702322643867,,,,,False,,False,,,,,,False,False,,,,,False,False,0.0,0.0,,0.7473684210526315,0.6374101823192042,0.825698129545776,0.7315541559324901,0.8257368392669581,0.9877144878889456,0.6061044078633344,1.0,0.4024772836569897,0.4024772836569897,1.0,0.8127992145858035,0.5,0.8430062792912886,1.0,0.8060474552846562,0.7673126185679667,0.7604462803960823,0.793380405985645,0.7877274012873411,0.8424417631453338,0.8261867829907272,energy_logistics,0.8182123610199261,0.8870214089439727,1450337.0,523421.0514592425,0.8146013011374761,1448695.0,522828.45996740577,0.8185589391678457,1789441.0,645802.3823044426,0.8537710820635376,0.3367223257823546,0.6138656503279972,0.5,0.7469476890324414,,0.8119043644370746,0.8380234908089251,0.80583761125423,0.7469476890324414,0.8261867829907272,0.8093191916495804,0.8093191916495804,0.5,United Arab Emirates,partner_embedded_branch,600,2210941.8253280874,1940787.478159924,0.985503016123532,0.0356348320220364,162435463.87084675,6819.488953702283,25.0,86.6736048042813,0.0001656768498278,523421.0514592425,0.08,687426.9029187392,875785.5136757344,-118295.76966293644,-4055308.436992449,-297939050.0265546,-4199531.335590083,-308534947.74133426,-4919696.322109088,-3321983.943893368,0.0,inf,-0.200138446542219,149.34010221809632,0.11,0.2923861593405152,0.0877158478021545,True,,63.5061067456648,63.5061067456648,14.0,13.0,13.0,12.0,13.0,0.066,0.188,1.0,I_FEAS=0.84; I_PROGRAM=0.83; I_ECO=0.81,I_FIN=0.09; I_MARKET=0.75; I_HRSTRAT=0.81,B_strategic_with_subsidy,,,
CHL,Chile,Latin America & Caribbean,High income,,30182.78712247137,2024.0,2.644311548715379,2024.0,63.85985724806601,2024.0,56.077469183556886,2024.0,88.9950908479196,2024,95.590243,2024.0,110.176902770996,2024.0,5.02289032936096,2023.0,4.3756563067436245,2023.0,6.480122029781343,2023.0,0.95311959087849,2023.0,46.18395584786256,2024.0,1214115.4685083523,2024,1328579.465724862,2024,1544435.9602583442,2024,3237691.11634947,15.901705829950446,12.473589261178406,100.0,65.56568061358033,98.2272090869306,52.25342066505725,74.43969363001621,5432.901682044847,0.4618395584786256,2.281311205261526,0.6963796688589692,128.0,167.31957651421925,51.074991880924685,5.328278013153815,1.2889432935658012,237.0,390.7950912855481,94.5357413459727,15.342074701743508,3.278278013153815,603.0,1125.242990094795,240.44071128554813,63.59449872919801,100.0,596555875617.3956,94.5,platform_snapshot_world_bank_217_economies,False,False,False,False,True,,19764774.0,2024,2542694.0,2024,3237690.2,2024,2,un_wpp2024_population_by_single_age_sex,UN World Population Prospects 2024,19945850.0,2501216.0,3166067.15,20455941.0,2424829.0,2997358.6,20320306.0,1734514.0,2169934.0,-5.3286472461583685,-31.46279288485716,,,,,False,,False,,,,,,False,False,,,,,False,False,0.0,0.0,,0.7473684210526315,1.0,1.0,1.0,0.7946264971359353,0.7461554149185371,0.4541616601344292,0.1858309054270691,0.4313157250387061,0.4313157250387061,0.9693151698117112,0.8547455796075332,0.5,0.6763517645760008,0.7277479842910722,0.7693745753686274,0.6896038595149288,0.648484214907766,0.5461190825659953,0.6202618697192009,0.2931632073100131,0.6059672224590582,diplomatic_analytic,0.6397624772964876,0.7438786945983878,2501216.0,1068630.331709049,0.893525153683405,2424829.0,1035994.4197573188,0.894399628404339,1734514.0,741061.2562745439,0.868905482854039,0.2729848117374274,0.0860934241170228,0.5,0.770678394014943,,0.5967477597248699,0.7452782467990213,0.4998894348504829,0.770678394014943,0.6059672224590582,0.7505834544279639,0.7505834544279639,0.5,Chile,partner_embedded_branch,600,1889494.462610326,1626571.1657467235,0.7300491754565359,0.0560387857042153,138819079.7240718,5921.210076467734,25.0,153.3974050601147,0.0001436205780584,1068630.331709049,0.08,991966.3301241156,739870.9972066681,311285.01269398094,-1747975.7864467308,-128421858.25687625,-1977047.797536825,-145251526.93245324,-2563819.680429073,-1419355.7657071822,0.0,inf,0.3427123294355709,123.91039516807454,0.11,0.6501810148471868,0.195054304454156,True,,61.65425234476375,61.65425234476375,16.0,14.0,14.0,13.0,14.0,0.0,0.005,1.0,I_MARKET=0.77; I_RUSCOMP=0.75; I_FEAS=0.75,I_FIN=0.20; I_HRSTRAT=0.50; I_ECO=0.60,C_watchlist,,,
GEO,Georgia,Europe & Central Asia,Upper middle income,"Includes self-governed areas only, which mostly exclude Abkhazia and South Ossetia, but small areas in Abkhazia and South Ossetia are included before 2008 or 2009 because of the changes in self-governed areas.",24883.908116163868,2024.0,9.679793875006908,2024.0,103.45647144905574,2024.0,61.98458893460389,2024.0,61.0789605093733,2024,83.79855689,2024.0,89.4861221313477,2025.0,5.539001107215883,2023.0,1.240955367684361,2023.0,6.626047015190126,2023.0,-2.3488788604736355,2023.0,32.67267908962498,2024.0,226003.44914479807,2024,204830.1998704972,2024,218623.1260655751,2024,529214.055744804,14.077071512708624,12.34878895916998,100.0,44.08148582824737,83.93933594343697,73.43960507020323,67.59670588363385,4479.103460909496,0.3267267908962498,2.03810822361325,0.5950450931721873,133.0,149.48219430940074,43.642749295583634,4.720270559033124,1.0727628654339996,240.0,346.20163577350183,78.68029049724508,13.720721490755,2.670270559033124,596.0,1006.3271087293382,195.84725577350184,79.06539053823398,100.0,92059436458.51083,84.2458366394043,platform_snapshot_world_bank_217_economies,False,False,False,False,True,,3807668.0,2024,443422.0,2024,544676.95,2024,2,un_wpp2024_population_by_single_age_sex,UN World Population Prospects 2024,3804644.0,465872.0,564302.75,3764202.0,550769.0,659014.7,3664013.0,391430.0,488905.4,16.7838894990322,-13.361152324705127,,,,,False,,False,,,,,,False,False,,,,,False,False,0.0,0.0,,0.7473684210526315,0.9112663991634972,0.8667554829890285,0.8890109410762629,0.5618094003530621,0.6904386003803465,1.0,0.4439109168912766,0.5761514931791335,0.5761514931791335,0.8257288738329196,0.4862789911160199,0.5,0.5311402957413532,0.7504447347394326,0.7759278108863789,0.5540966975761381,0.666776343612489,0.6017820870661431,0.728963998635572,0.666346550134766,0.7069151348149068,digital_finance_business_informatics,0.5889999741845316,0.8094948376296893,465872.0,159082.9770260433,0.6829090094550105,550769.0,188073.05906699024,0.705172138133563,391430.0,133663.00120484628,0.6805079723751395,0.7341409177623426,0.2294208229389299,0.5,0.6595224007655793,,0.6999658469873008,0.6416361674757658,0.6720241906145015,0.6595224007655793,0.7069151348149068,0.781334416355231,0.781334416355231,0.5,Georgia,partner_embedded_branch,600,1811786.1049393904,1526712.2199138475,0.6456017673000118,0.0788400431553315,133109932.1651816,5817.465907045056,25.0,24.465926557470382,0.0001538735992407,159082.9770260433,0.08,256636.5058870581,527542.9026662973,-228702.96456593537,-3660152.1761422567,-268907354.21377784,-3534756.074677296,-259694640.5748588,-3967000.0390726025,-3238577.7605401715,0.0,inf,-1.6068534873453149,110.95874440701816,0.11,0.3994075002639415,0.1198222500791824,True,,58.64935681598443,58.64935681598443,17.0,15.0,15.0,15.0,15.0,0.0,0.002,1.0,I_RUSCOMP=0.78; I_PROGRAM=0.71; I_ECO=0.70,I_FIN=0.12; I_FEAS=0.64; I_MARKET=0.66,B_strategic_with_subsidy,,,
EGY,"Egypt, Arab Rep.",Middle East & North Africa,Lower middle income,"The reporting period for national accounts data is designated as either calendar year basis (CY) or fiscal year basis (FY). For this country, it is fiscal year-based (fiscal year-end: June 30) for the years 1980 and after. The data from 1973 to 1979 refer to the calendar year data. Also, an estimate (PA.NUS.ATLS) of the exchange rate covers the same period and thus differs from the official exchange rate (CY). 

In addition, the World Bank systematically assesses the appropriateness of official exchange rates as conversion factors. In this country, multiple or dual exchange rate activity exists and must be accounted for appropriately in underlying statistics. An alternative estimate (“alternative conversion factor” - PA.NUS.ATLS) is thus calculated as a weighted average of the different exchange rates in use in the country. Doing so better reflects economic reality and leads to more accurate cross-country comparisons and country classifications by income level. For this country, this applies to the period 1965-2021. Alternative conversion factors are used in the Atlas methodology and elsewhere in World Development Indicators as single-year conversion factors.

The national accounts data for Egypt has been updated to reflect local constant prices in the year 2022, moving from the previous reference of 2017.",16798.151577864,2024.0,2.3991692678251013,2024.0,39.60075208737333,2024.0,48.932455490468,2024.0,42.8004363938404,2024,74.64839935,2024.0,38.0398346509947,2025.0,-1.676618814468381,2023.0,-1.289248988032341,2023.0,-4.658194065093995,2023.0,-6.067350149154664,2023.0,17.484279729091078,2024.0,10751924.546689492,2024,9752663.042294152,2024,8959700.038933335,2024,24536452.606503643,20.96579418057042,20.25189245002338,100.0,92.28171248700532,47.535296416080925,35.900798298592704,32.31624215467937,3023.66728401552,0.25,1.9,0.5375,178.0,139.35284,39.422185,4.375,0.95,314.0,320.87825,69.67642,12.8,2.325,769.0,938.79808,170.52387,75.44658190750997,100.0,1957627322504.2217,59.011950395298406,platform_snapshot_world_bank_217_economies,False,False,False,False,True,,116538257.0,2024,20504587.0,2024,24536452.0,2024,2,un_wpp2024_population_by_single_age_sex,UN World Population Prospects 2024,120101180.0,21368490.0,25545964.65,136097213.0,25279021.0,30161922.4,161630196.0,24743492.0,29935246.85,18.069224682811114,17.18190039067482,,,,,False,,False,,,,,,False,False,,,,,False,False,0.0,0.0,,0.7473684210526315,0.3640758449389993,0.3790489109149004,0.3715623779269499,0.9426729893148228,0.5770289653580546,0.4265195703661767,0.0277166255999194,0.2561282241540357,0.2561282241540357,0.7143082324984454,0.2450197140660553,0.5,0.3676136661550405,0.4331269577820179,0.2691723074951357,0.4447207736734164,0.3068601672175562,0.3102874724418719,0.4507137010282884,0.1872378035064223,0.4027850807853746,digital_finance_business_informatics,0.4808141738856647,0.6118103025104935,21368490.0,1340510.0554749868,0.9185898809589949,25279021.0,1585829.5014324065,0.9416150055043716,24743492.0,1552234.1463325154,0.9502333925007782,0.7358143342436794,0.5397630017848011,0.5,0.835787206316009,,0.5009045966434785,0.4233245938927765,0.3295430631958037,0.835787206316009,0.4027850807853746,0.7098236756620341,0.7098236756620341,0.5,"Egypt, Arab Rep.",partner_embedded_branch,600,1810149.130837639,1460321.2251234003,0.5828832622300025,0.1268685893435891,132989665.47859745,5449.397599209665,25.0,167.28307867629005,0.0001248556186558,1340510.0554749868,0.08,995128.3270338972,633805.3803262792,412027.3771337205,-1131261.8053225,-83112560.44905822,-730341.4984304007,-53657386.51403327,-1743820.2943013425,-117270.60636590412,0.1,10.0,0.4519866056547504,110.76272273223556,0.11,0.8508867085049955,0.3252660125514986,True,,56.618254902616336,56.618254902616336,18.0,16.0,16.0,16.0,18.25,0.0,0.0,0.832,I_MARKET=0.84; I_RUSCOMP=0.71; I_ECO=0.50,I_FIN=0.33; I_HRSTRAT=0.33; I_PROGRAM=0.40,C_watchlist,,,
DOM,Dominican Republic,Latin America & Caribbean,Upper middle income,,24229.889487291515,2024.0,4.953522044928491,2024.0,51.783514395232565,2024.0,59.81219256352568,2024.0,72.4121874752151,2024,91.0022446,2024.0,57.6509476207267,2024.0,0.8962408900260901,2023.0,-0.9001459777355219,2023.0,1.198308363556864,2023.0,1.6730981022119489,2023.0,39.488036835535816,2024.0,973023.000012872,2024,968001.5000113404,2024,921280.0000089057,2024,2355600.50002822,20.27754091788101,17.72581579024725,100.0,66.15171858928215,75.93065228078096,57.95502853465949,54.01642634077066,4361.380107712473,0.3948803683553581,2.160784663039645,0.6461602762665186,148.0,158.4797260121145,47.39172083838103,5.026961657599112,1.1818085893685732,271.0,368.6954650302862,86.67809645521288,14.5385644202643,2.976961657599112,683.0,1066.3106534140966,218.3410850302862,66.61207693329028,100.0,276888443219.72455,74.69528428621801,platform_snapshot_world_bank_217_economies,False,False,False,False,True,,11427559.0,2024,1941024.0,2024,2355600.0,2024,2,un_wpp2024_population_by_single_age_sex,UN World Population Prospects 2024,11609499.0,1944315.0,2359531.35,12289434.0,1973228.0,2385562.1,12996293.0,1752105.0,2156006.55,1.1032169587405605,-8.625645088377409,,,,,False,,False,,,,,,False,False,,,,,False,False,0.0,0.0,,0.7473684210526315,0.5726626312832034,0.6821676987481068,0.6274151650156551,0.6990001287070524,0.6827516180604597,0.7145467866752219,0.1071205721120795,0.5228868379205667,0.5228868379205667,0.913447527977695,0.635866896963332,0.5,0.7080141468273623,0.54627234663489,0.532177574329463,0.4615409570504582,0.4690166012248355,0.4573439836951214,0.6508777264707027,0.3500910579373364,0.5917118420221565,digital_finance_business_informatics,0.5818175594287738,0.7346126973144018,1944315.0,339965.7151827424,0.7668828719673153,1973228.0,345021.1865045595,0.7724635365826397,1752105.0,306357.57549587335,0.7717422400209545,0.3714060303241899,0.2889365689042601,0.5,0.6827939909731652,,0.6096563706037276,0.6199345548318113,0.5025816030780185,0.6827939909731652,0.5917118420221565,0.749480976571578,0.749480976571578,0.5,Dominican Republic,partner_embedded_branch,600,1844570.4768716816,1547489.8219274292,0.661268977954543,0.0836143979370015,135518563.9082379,5744.840835749256,25.0,48.384489123374735,0.0001423958041766,339965.7151827424,0.08,386842.7413755157,568715.6382607725,-136375.64582439495,-3364500.3222621875,-247186137.72624844,-3128454.862167665,-229844137.42311,-3918419.877487231,-2260664.970454863,0.0,inf,-0.4906283727882276,116.6204921646168,0.11,0.4648174262017531,0.1394452278605259,True,,56.35290616731421,56.35290616731421,19.0,17.0,17.0,16.0,17.0,0.0,0.0,0.995,I_RUSCOMP=0.75; I_MARKET=0.68; I_FEAS=0.62,I_FIN=0.14; I_HRSTRAT=0.50; I_PROGRAM=0.59,C_watchlist,,,
MNG,Mongolia,East Asia & Pacific,Upper middle income,"The World Bank systematically assesses the appropriateness of official exchange rates as conversion factors. In this country, multiple or dual exchange rate activity exists and must be accounted for appropriately in underlying statistics. An alternative estimate (“alternative conversion factor” - PA.NUS.ATLS) is thus calculated as a weighted average of the different exchange rates in use in the country. Doing so better reflects economic reality and leads to more accurate cross-country comparisons and country classifications by income level. For this country, this applies to the period 1991-2004. Alternative conversion factors are used in the Atlas methodology and elsewhere in World Development Indicators as single-year conversion factors.",16842.650587379678,2024.0,5.122045391226607,2024.0,138.44837914124938,2024.0,44.340718599568326,2024.0,70.9566040039062,2024,85.12349701,2024.0,69.044059753418,2024.0,-3.3007504045963296,2023.0,-1.2913649827241869,2023.0,-1.228742763400075,2023.0,4.148688495159153,2023.0,35.26104300222291,2024.0,275493.1640757983,2024,218349.25485478525,2024,237724.4634111533,2024,600818.4274656025,16.559934321981583,13.068001139281264,100.0,49.74342767315416,79.3438510109653,61.80257701895644,45.88995520677048,3031.6771057283418,0.3526104300222291,2.0846987740400125,0.6144578225166718,203.0,152.89931300368104,45.066548751533766,4.836746935100031,1.1141766880355668,368.0,354.7444325092026,81.71772933660539,14.03132516026675,2.786746935100031,919.0,1029.1079000245404,204.39005250920263,61.00601692160188,100.0,59366772678.58884,78.1132179260254,platform_snapshot_world_bank_217_economies,False,False,False,False,True,,3475541.0,2024,486942.0,2024,592423.8,2024,2,un_wpp2024_population_by_single_age_sex,UN World Population Prospects 2024,3556796.0,549767.0,650574.65,3889780.0,799088.0,939474.5,4501493.0,620766.0,778066.65,44.40687167875355,19.596828742097472,,,,,False,,False,,,,,,False,False,,,,,False,False,0.0,0.0,,0.7473684210526315,0.6938415082742789,0.7482276263756505,0.7210345673249647,0.5071539213779268,0.5777924841487052,0.7335493734566667,0.6719786979524689,0.1435441277211986,0.1435441277211986,0.8418625499204435,0.6166545681257185,0.5,0.8168827978849063,0.3617033197219058,0.4231829590206611,0.4446293032457922,0.5068147414266884,0.4542610014493805,0.5918513076004744,0.696606968154148,0.6496287559303817,energy_logistics,0.4815480048124247,0.7722586913547481,549767.0,104750.35763102693,0.6367052307749649,799088.0,152254.9621542618,0.6817418915675186,620766.0,118278.2169631536,0.667057447847288,1.0,0.5116338223049947,0.5,0.6641857398349369,,0.5844046261951655,0.5805344616397992,0.5820009139212483,0.6641857398349369,0.6496287559303817,0.764802985263588,0.764802985263588,0.5,Mongolia,partner_embedded_branch,600,1746558.70068027,1453635.6258950264,0.5844520170281724,0.0922824184392441,128317746.5244087,5516.366474301389,25.0,15.50417915198017,0.0001480878466278,104750.35763102693,0.08,202105.6647221241,474589.7875705556,-234516.93984278705,-3544141.821655631,-260384201.0810354,-3573827.278809081,-262565158.9640965,-4142120.1795699657,-3076395.498753759,0.0,inf,-2.7420308088488143,106.11857747466156,0.11,0.393117475794717,0.1179352427384151,True,,55.37927627117115,55.37927627117115,20.0,18.0,19.0,17.0,21.0,0.0,0.0,0.742,I_RUSCOMP=0.76; I_MARKET=0.66; I_PROGRAM=0.65,I_FIN=0.12; I_FEAS=0.58; I_HRSTRAT=0.58,B_strategic_with_subsidy,,,
COL,Colombia,Latin America & Caribbean,Upper middle income,,18477.214666453576,2024.0,1.598331536652296,2024.0,37.025468707788754,2024.0,58.14297191767456,2024.0,78.5210811866115,2024,79.34543299,2024.0,59.2901382446289,2022.0,-0.5311454385519029,2023.0,-3.207910537719727,2023.0,0.707239881157873,2023.0,-5.021192610263824,2023.0,35.433595336822144,2024.0,3973501.461197903,2024,4356728.4577847645,2024,4597764.455818787,2024,10399223.924101122,19.25716725291356,16.231235293157752,100.0,83.04331952465361,73.3033885906602,38.53641832540239,40.27044167070464,3325.898639961644,0.3543359533682214,2.0878047160627986,0.615751965026166,185.0,153.12711397302346,45.16146582209311,4.8445117901569965,1.1169375253891545,336.0,355.31393493255865,81.92021908713198,14.052031440418656,2.7945117901569967,840.0,1030.6265731534895,204.9595549325587,63.9662402045914,100.0,977192682078.9875,75.18704147338866,platform_snapshot_world_bank_217_economies,False,False,False,False,True,,52886360.0,2024,8330230.0,2024,10399224.25,2024,2,un_wpp2024_population_by_single_age_sex,UN World Population Prospects 2024,53936231.0,8080726.0,10132883.05,57445752.0,7221758.0,9015234.8,59385352.0,6583953.0,8190797.7,-11.02991364338306,-19.166167618997644,,,,,False,,False,,,,,,False,False,,,,,False,False,0.0,0.0,,0.7473684210526315,0.5900973125770711,0.6916721091955396,0.6408847108863054,0.8561106400403906,0.6045243895822942,0.3362176103187771,0.0109316257321742,0.4819594715175314,0.4819594715175314,0.7715035865948734,0.7164985317206549,0.5,0.413620372424867,0.4835008784090455,0.5101245488555153,0.3617806826173157,0.4209650406781676,0.389187646763694,0.5076144158948268,0.1410460195668154,0.457595518585694,digital_finance_business_informatics,0.507267981220295,0.6474370870807011,8080726.0,1123917.5929155764,0.8991029458678861,7221758.0,1004446.9850826286,0.8909700757602113,6583953.0,915737.101793736,0.8921858270818421,0.1087884248675355,0.2045756919280364,0.5,0.7524831749748395,,0.5040928595178338,0.521918267678758,0.3621158662570836,0.7524831749748395,0.457595518585694,0.7192134558094195,0.7192134558094195,0.5,Colombia,partner_embedded_branch,600,1793596.9518267666,1475366.6027984277,0.5992576860166072,0.1051779811106732,131773595.09406556,5512.256722329409,25.0,145.76928592659215,0.0001297650419018,1123917.5929155764,0.08,891377.0172076946,620979.2599212527,320076.09808014205,-1477111.2223433375,-108521736.68322045,-1352751.2075473077,-99385143.19217238,-1843396.8895474493,-243932.1208906613,0.0,inf,0.3983435431732632,110.81737740605604,0.11,0.7506857449763755,0.2252057234929126,True,,55.307013275857685,55.307013275857685,22.0,19.0,19.0,18.0,21.0,0.0,0.0,0.709,I_MARKET=0.75; I_RUSCOMP=0.72; I_FEAS=0.52,I_FIN=0.23; I_HRSTRAT=0.36; I_PROGRAM=0.46,C_watchlist,,,
PER,Peru,Latin America & Caribbean,Upper middle income,"The World Bank systematically assesses the appropriateness of official exchange rates as conversion factors. In this country, multiple or dual exchange rate activity exists and must be accounted for appropriately in underlying statistics. An alternative estimate (“alternative conversion factor” - PA.NUS.ATLS) is thus calculated as a weighted average of the different exchange rates in use in the country. Doing so better reflects economic reality and leads to more accurate cross-country comparisons and country classifications by income level. For this country, this applies to the period 1988-2009. Alternative conversion factors are used in the Atlas methodology and elsewhere in World Development Indicators as single-year conversion factors.",15661.749771195591,2024.0,3.303940981715158,2024.0,51.47588786726472,2024.0,51.29361055076753,2024.0,85.1912729600355,2024,81.95705992,2024.0,71.2404708862305,2017.0,-3.443109512329102,2023.0,-3.766928672790528,2023.0,2.045436292886736,2023.0,-3.6524989008903503,2023.0,47.47878379171889,2024.0,2895466.541480362,2024,2792189.0403803373,2024,2766615.0407002144,2024,6932632.350175795,20.07099424084405,18.584800586955115,100.0,81.10989451324704,83.5836948337032,41.59102320861478,38.01456733676278,3000.0,0.4747878379171888,2.3046181082509403,0.7060908784378916,235.0,169.02898868431365,51.78724695179734,5.38654527062735,1.3096605406675024,437.0,395.068621710784,96.05521883050102,15.497454055006267,3.33654527062735,1112.0,1136.6390712287575,244.71424171078408,40.83901288378578,100.0,535911373084.8056,78.77214126586915,platform_snapshot_world_bank_217_economies,False,False,False,False,True,,34217850.0,2024,5687656.0,2024,6932632.75,2024,2,un_wpp2024_population_by_single_age_sex,UN World Population Prospects 2024,34922147.0,5708477.0,6955458.5,37591423.0,5459167.0,6745754.35,40583878.0,5114276.0,6301115.0,-3.014957964309617,-9.407625679888676,,,,,False,,False,,,,,,False,False,,,,,False,False,0.0,0.0,,0.7473684210526315,0.7172028718231552,0.760962931600778,0.7390829017119667,0.7812704550965435,0.5568128940651956,0.5285410610869822,0.1051155456857884,0.3140210249215376,0.3140210249215376,0.8033051316715479,0.8045387714505889,0.5,0.4738112013580176,0.3554428630895309,0.5702206059529537,0.3376153914369414,0.4172847575544811,0.3681836583810984,0.5140531008748236,0.2744857518462659,0.4718601515760938,digital_finance_business_informatics,0.4614239433876341,0.656709098524461,5708477.0,922181.6010249588,0.877227134116433,5459167.0,881906.5688313398,0.8765412432851257,5114276.0,826190.8088205525,0.8808667835246444,0.244519250295294,0.2838247688997703,0.5,0.7595648508356556,,0.5128570164984834,0.5329763761833132,0.3984220634181388,0.7595648508356556,0.4718601515760938,0.7249966627677861,0.7249966627677861,0.5,Peru,partner_embedded_branch,600,1833607.699175064,1511605.8490498788,0.6287356397919689,0.1027451972396711,134713140.6899229,5404.498958567224,25.0,120.9694531661912,0.000131245801288,922181.6010249588,0.08,747628.1123089219,624696.7298994383,172907.12080143858,-2131611.578435707,-156607157.89493513,-2191737.169552493,-161024518.93613514,-2815113.6869046814,-1570540.809338168,0.0,inf,0.2644732329766635,120.26324999553827,0.11,0.6156184403561071,0.1846855321068321,True,,54.806961566652056,54.806961566652056,23.0,20.0,21.0,20.0,24.0,0.0,0.0,0.475,I_MARKET=0.76; I_RUSCOMP=0.72; I_FEAS=0.53,I_FIN=0.18; I_HRSTRAT=0.40; I_PROGRAM=0.47,C_watchlist,,,
MAR,Morocco,Middle East & North Africa,Lower middle income,,9162.7470703125,2024.0,3.79336515978963,2024.0,92.18724460624036,2024.0,52.72686167764383,2024.0,62.7998124018197,2024,91.2,2024.0,48.1839617510572,2024.0,-0.2514057718217373,2023.0,-0.8925414979457831,2023.0,-0.4494559541344642,2023.0,-2.574328571558002,2023.0,39.87657078658821,2024.0,3190411.0,2024,2931000.999999999,2024,2863059.0000000005,2024,7409788.549999999,19.15508081163474,16.845946354672588,100.0,79.87818868787342,67.5010368996715,44.39377801782951,45.00383367458572,3000.0,0.3987657078658821,2.167778274158588,0.6490742808994115,216.0,158.99266262857782,47.60544442857408,5.04444568539647,1.1880251325854114,396.0,369.9778065714445,87.13404011429138,14.585188494390586,2.994445685396469,998.0,1069.7302308571852,219.62342657144447,52.94358167091512,100.0,348928156339.8135,62.05518852531715,platform_snapshot_world_bank_217_economies,False,False,False,False,True,,38081176.0,2024,6121411.0,2024,7409788.0,2024,2,un_wpp2024_population_by_single_age_sex,UN World Population Prospects 2024,38762443.0,6274592.0,7563908.15,41182096.0,6424553.0,7821057.35,43440432.0,5618900.0,6910537.25,3.3996869726663714,-8.638006795468566,,,,,False,,False,,,,,,False,False,,,,,False,False,0.0,0.0,,0.7473684210526315,0.4719703267736069,0.4378669313354926,0.4549186290545498,0.7278106169945044,0.4021021486823075,0.5837282242966733,0.3704611472209735,0.3491626906821596,0.3491626906821596,0.915855577609522,0.50899261289738,0.5,0.5212257291002023,0.4958028524787806,0.458179364760834,0.4618696842542206,0.4256674635438982,0.402613949632607,0.5690789449503022,0.4557679780512534,0.5320500436332767,digital_finance_business_informatics,0.3207666538447278,0.6958325283616298,6274592.0,397817.2786964589,0.7842597768380022,6424553.0,407325.000781114,0.7908735824780073,5618900.0,356245.5546539971,0.7883370990076156,0.3909756047605904,0.2834257156930717,0.5,0.6884584156235536,,0.5097535731440065,0.5513631300170498,0.485146156285279,0.6884584156235536,0.5320500436332767,0.7414225431175613,0.7414225431175613,0.5,Morocco,partner_embedded_branch,600,1666701.9398381962,1379069.289203551,0.5235154090835907,0.098700111396249,122450758.14777844,5108.086938903729,25.0,54.50102663594976,0.0001370715094381,397817.2786964589,0.08,387260.1430233016,461212.24553042336,-37055.12286468787,-2622222.316636521,-192651789.1587369,-2545127.647224619,-186987728.6011808,-2797126.9352196893,-2230388.926837955,0.0,inf,-0.1331022184890429,102.50941204976505,0.11,0.5587265476913427,0.1676179643074028,True,,54.71552027982817,54.71552027982817,24.0,21.0,21.0,21.0,22.0,0.0,0.0,0.215,I_RUSCOMP=0.74; I_MARKET=0.69; I_FEAS=0.55,I_FIN=0.17; I_HRSTRAT=0.49; I_ECO=0.51,C_watchlist,,,
CRI,Costa Rica,Latin America & Caribbean,High income,,26973.436158071898,2024.0,4.321224296461452,2024.0,71.33101376876166,2024.0,68.78334621390864,2024.0,79.3107672397967,2024,87.17019653,2024.0,55.0202903747559,2019.0,1.8213753402233128,2023.0,2.7252165377140063,2023.0,3.8048329949378976,2023.0,6.889307796955108,2023.0,59.75276955141903,2024.0,361928.00000000006,2024,377179.50000000006,2024,399850.5000000001,2024,919040.2250000002,17.47892325678863,14.287478374938903,100.0,51.6995392029824,74.74964058719672,64.78889811127166,69.9024495350258,4855.218508452941,0.5975276955141903,2.5255498519255424,0.7981457716356427,164.0,185.2329181196862,58.53888421653592,5.938874629813856,1.5060443128227046,310.0,435.5784452992155,110.45871166194333,16.970332346170284,3.888874629813857,801.0,1244.6652674645748,285.2240652992156,39.74028757116227,100.0,138371299881.6546,79.50608711242677,platform_snapshot_world_bank_217_economies,False,False,False,False,True,,5129912.0,2024,739107.0,2024,919039.5,2024,2,un_wpp2024_population_by_single_age_sex,UN World Population Prospects 2024,5174783.0,723714.0,901407.3,5324701.0,681378.0,843435.15,5354151.0,489936.0,607830.15,-6.43129360057324,-32.56875665417842,,,,,False,,False,,,,,,False,False,,,,,False,False,0.0,0.0,,0.7473684210526315,0.5446825598942393,0.7751482302682104,0.6599153950812249,0.6125786324765453,0.7137097405725102,0.6432492893201545,0.2345258809804039,0.7428491858700415,0.7428491858700415,0.8667850249860871,0.7269216427488588,0.5,0.9374065837659727,0.5869565304346902,0.6492320303872126,0.6182584860965529,0.5787744184447813,0.5870450432857287,0.6967794541205531,0.3980152443163042,0.6507103841930042,digital_finance_business_informatics,0.6105020588347179,0.7729617497254527,723714.0,141925.02313521804,0.6702892734895916,681378.0,133622.6581409626,0.6672654172444301,489936.0,96079.63661719432,0.6441934961897271,0.2123888836287964,0.0699834253094282,0.5,0.579539519166458,,0.6306177687145684,0.7164217108616739,0.5742298679288311,0.579539519166458,0.6507103841930042,0.7639786225707602,0.7639786225707602,0.5,Costa Rica,partner_embedded_branch,600,1962469.9935774847,1679296.9558331089,0.7709601199444007,0.0623872236104317,144180511.71114492,5853.356099683406,25.0,21.011288283611023,0.0001481221005226,141925.02313521804,0.08,238067.0903395978,616450.0183695866,-329066.9265604218,-4366691.447956766,-320816017.3207909,-4221345.586098534,-310137616.7305146,-4728223.882084295,-3651039.426852621,0.0,inf,-2.675633392754625,135.65751466596308,0.11,0.2888743103324032,0.0866622930997209,True,,54.05105591864087,54.05105591864087,26.0,22.0,23.0,20.0,25.0,0.0,0.0,0.311,I_RUSCOMP=0.76; I_FEAS=0.72; I_PROGRAM=0.65,I_FIN=0.09; I_HRSTRAT=0.57; I_MARKET=0.58,B_strategic_with_subsidy,,,
IRN,"Iran, Islamic Rep.",Middle East & North Africa,Upper middle income,"The reporting period for national accounts data is designated as either calendar year basis (CY) or fiscal year basis (FY). For this country, it is fiscal year-based (fiscal year-end: March 20). Also, the World Bank systematically assesses the appropriateness of official exchange rates as conversion factors. In this country, multiple or dual exchange rate activity exists and must be accounted for appropriately in underlying statistics. An alternative estimate (“alternative conversion factor” - PA.NUS.ATLS) is thus calculated as a weighted average of the different exchange rates in use in the country. Doing so better reflects economic reality and leads to more accurate cross-country comparisons and country classifications by income level. For this country, this applies to 1972-2024. Alternative conversion factors are used in the Atlas methodology and elsewhere in World Development Indicators as single-year conversion factors.",17484.13201404669,2024.0,3.6631205683071775,2024.0,52.06213067943476,2024.0,49.78746557069355,2024.0,77.0201263427734,2024,85.3404007,2024.0,58.6838607788086,2022.0,-7.156778454780568,2023.0,-7.426684498786912,2023.0,-11.81231474876404,2023.0,-11.858706831932102,2023.0,26.115524502609315,2024.0,6355553.034364155,2024,5822122.531588173,2024,6166355.533654347,2024,14952535.556096785,15.723582836036018,11.542073615396442,100.0,81.78291324849778,75.30569021012462,43.81107885151768,4.743092308476911,3147.143762528404,0.2611552450260931,1.920079441046968,0.5458664337695698,173.0,140.82553849237237,40.03580937182181,4.425198602617419,0.9678483920417492,308.0,324.5599962309309,70.98548532655323,12.93386294031312,2.375198602617419,755.0,948.6160699491492,174.20561623093093,76.11853934908117,100.0,1600982419419.6394,75.00515823364258,platform_snapshot_world_bank_217_economies,False,False,False,False,True,,91567737.0,2024,12177676.0,2024,14952535.75,2024,2,un_wpp2024_population_by_single_age_sex,UN World Population Prospects 2024,93168493.0,12569785.0,15246460.15,97679257.0,14287719.0,17149309.5,101862001.0,10208628.0,12775440.6,12.4805976684365,-16.20716891454965,,,,,False,,False,,,,,,False,False,,,,,False,False,0.0,0.0,,0.7473684210526315,0.583648853051926,0.688156770713144,0.635902811882535,0.9176169516485628,0.5885803996194782,0.5690419258886124,0.1089365176233808,0.277092085893139,0.277092085893139,0.8445037665488967,0.6966873435623452,0.5,0.112928080186005,0.1921286661162196,0.0,0.1794111049640657,0.3287556573179294,0.2464816293020104,0.5306839522404749,0.2929786809294734,0.4673483119379239,digital_finance_business_informatics,0.4919234719001855,0.6537764027596505,12569785.0,1690394.4212976426,0.9442339571514392,14287719.0,1921423.5160480733,0.9629033038549848,10208628.0,1372864.1993719786,0.9367262353612772,0.6353940058802073,0.2020202303466205,0.5,0.8319931748789017,,0.5486209262493718,0.3183823199518198,0.3741116739656351,0.8319931748789017,0.4673483119379239,0.7216282320696688,0.7216282320696688,0.5,"Iran, Islamic Rep.",partner_embedded_branch,600,1864025.294804508,1473594.3049051194,0.5888842660019755,0.1499558896105996,136947887.98146293,5475.551064739519,28.99338897684394,220.79631259429283,0.0001306862570913,1690394.4212976426,0.08,1280622.2251355902,702116.2024801048,634675.3188538938,-334517.5228736492,-24576634.43625185,-1315914.071842151,-96678759.35276382,-1843986.15155966,-452327.4948147481,0.0,8.0,0.5249669469568857,113.79049341000297,0.11,0.7566161095533167,0.226984832865995,True,,53.971747168417394,53.971747168417394,27.0,23.0,24.0,21.0,30.0,0.0,0.0,0.245,I_MARKET=0.83; I_RUSCOMP=0.72; I_ECO=0.55,I_FIN=0.23; I_FEAS=0.32; I_HRSTRAT=0.37,C_watchlist,,,
ARM,Armenia,Europe & Central Asia,Upper middle income,,20078.784898484384,2024.0,5.900000000462285,2024.0,150.06472658874205,2024.0,61.98936974538848,2024.0,65.8113671449901,2024,81.33930206,2024.0,52.7748065090859,2024.0,-1.2889097779989271,2023.0,-0.854125857353209,2023.0,0.333445131778717,2023.0,-5.804947614669799,2023.0,37.48914151063605,2024.0,193106.3024848834,2024,184710.68601689333,2024,198695.2181535583,2024,467229.83667087794,15.078736797693177,12.678025541357735,100.0,42.798845554730434,66.4713316362095,77.8099769999222,40.71803860377561,3614.181281727189,0.3748914151063605,2.124804547191449,0.6311685613297704,175.0,155.84081478739077,46.29217449474614,4.937011367978623,1.1498262641701769,318.0,362.0981869684769,84.33239758879178,14.298696981276327,2.8870113679786225,799.0,1048.7179119159384,211.7438069684769,63.41113708164794,100.0,60908993989.552376,73.23244195272576,platform_snapshot_world_bank_217_economies,False,False,False,False,True,,2973845.0,2024,370387.0,2024,458041.15,2024,2,un_wpp2024_population_by_single_age_sex,UN World Population Prospects 2024,2930918.0,366236.0,445435.1,2756734.0,358539.0,430591.2,2495202.0,257332.0,320300.95,-3.332449553257022,-28.09256612242725,,,,,False,,False,,,,,,False,False,,,,,False,False,0.0,0.0,,0.7473684210526315,0.5207992512798446,0.6538946926383535,0.5873469719590991,0.5103490526269395,0.6285150794557637,0.8212710470334225,0.7476909057489172,0.5762687131495255,0.5762687131495255,0.7957827500459073,0.5487422948487939,0.5,0.3791533013244267,0.4501770478496875,0.4933380813351077,0.4635303193616713,0.5749724231422008,0.5933613330837312,0.7134546349290019,0.7771229622627194,0.7377846688948122,energy_logistics,0.5303216424137706,0.8295600347816279,366236.0,59156.43246677993,0.5735229579186829,358539.0,57913.17112519471,0.574545394242961,257332.0,41565.66552589427,0.552028410505841,0.2936256162136705,0.0950515979300326,0.5,0.5126571388965205,,0.6736139205945667,0.5092908248275237,0.6965271425755359,0.5126571388965205,0.7377846688948122,0.7873617239985456,0.7873617239985456,0.5,Armenia,partner_embedded_branch,600,1832823.422996349,1503853.116853482,0.6214912897751969,0.1079560185379447,134655520.78177646,5674.776628672101,25.0,9.27220555117068,0.0001568220872465,59156.43246677993,0.08,170512.98754370603,505289.4925108896,-294353.3455663123,-3926973.537585729,-288510426.13553214,-3783217.5273521566,-277948830.1952829,-3914258.5726775406,-3598784.321135374,0.0,inf,-5.594189246857754,112.10872516716891,0.11,0.3594080005886152,0.1078224001765845,True,,53.62639557850584,53.62639557850584,28.0,24.0,25.0,22.0,27.0,0.0,0.0,0.201,I_RUSCOMP=0.79; I_PROGRAM=0.74; I_HRSTRAT=0.70,I_FIN=0.11; I_FEAS=0.51; I_MARKET=0.51,B_strategic_with_subsidy,,,
KGZ,Kyrgyz Republic,Europe & Central Asia,Lower middle income,,7048.989521112644,2024.0,9.040135561200117,2024.0,127.65057780285888,2024.0,52.1398197179977,2024.0,34.7219977865937,2024,92.0286026,2024.0,53.8761747562613,2025.0,-6.235095143318175,2023.0,-8.218857169151299,2023.0,-4.317042648792266,2023.0,-3.36853837966919,2023.0,30.205293262074,2024.0,613638.4208427792,2024,530263.4360427323,2024,546378.45251154,2024,1389772.1605157044,18.81595894640213,15.645562853817855,100.0,62.37009499480744,62.42651671359919,56.31019772342864,18.953533810940364,3000.0,0.30205293262074,1.993695278717332,0.576539699465555,192.0,146.22478904413248,42.28549710172187,4.60923819679333,1.0332846921931842,344.0,338.0581226103312,75.78481915034001,13.424635191448882,2.5592381967933298,853.0,984.61107362755,187.7037426103313,69.61752462652669,100.0,50906871854.85873,63.76285242687838,platform_snapshot_world_bank_217_economies,False,False,False,False,True,,7186014.0,2024,1138223.0,2024,1382872.25,2024,2,un_wpp2024_population_by_single_age_sex,UN World Population Prospects 2024,7400471.0,1217960.0,1455478.1,8282419.0,1560115.0,1843061.95,9642950.0,1457291.0,1783224.65,26.629315137067323,22.518136823906843,,,,,False,,False,,,,,,False,False,,,,,False,False,3.0,2.0,Diplomatic Academy of the Ministry of Foreign Affairs of the Kyrgyz Republic; Kyrgyz State Academy of Law; Kyrgyz-Russian Slavic University,0.7473684210526315,0.5325135718089464,0.4708717130654449,0.5016926424371957,0.4880006007549762,0.3264167553324608,1.0,0.6016015520920938,0.3347690984173441,0.3347690984173441,0.9259453965770992,0.1383919444628944,0.5,0.4862988887343373,0.2326610808811768,0.2844928200994503,0.1451669864936237,0.3886498928098448,0.3522293912859342,0.6559562792197907,0.7609609312552563,0.6834317985908639,energy_logistics,0.2608312191679068,0.7942306690840615,1217960.0,82343.1250864043,0.6100913002155137,1560115.0,105475.33957944073,0.6410329467199537,1457291.0,98523.67491567144,0.6469565284256239,0.9480432415317884,0.5774246078370538,0.5,0.632244058951309,,0.5770932930547764,0.3900632324513937,0.5963396084502735,0.632244058951309,0.6834317985908639,0.7699039328731192,0.7699039328731192,0.5,Kyrgyz Republic,partner_embedded_branch,600,1650318.0939535752,1322789.2592374275,0.4713941896178035,0.1341860888606934,121247055.01286584,5036.345165272682,25.0,16.921736197595678,0.0002056097615107,82343.1250864043,0.08,201814.7561153095,398108.8206096329,-164445.35884555275,-3044483.2777210083,-223674837.482557,-3120386.315903929,-229251350.20451412,-3485537.501825184,-2845424.955504597,0.0,inf,-1.9295730011005907,94.8825383389308,0.11,0.466116371411089,0.1398349114233267,True,,53.50549970872648,53.50549970872648,29.0,25.0,25.0,23.0,28.0,0.0,0.0,0.043,I_RUSCOMP=0.77; I_PROGRAM=0.68; I_MARKET=0.63,I_FIN=0.14; I_FEAS=0.39; I_ECO=0.58,B_strategic_with_subsidy,,,
JOR,Jordan,Middle East & North Africa,Lower middle income,,9520.250644974538,2024.0,2.488894096036475,2024.0,99.67944773657244,2024.0,60.39207615510124,2024.0,92.9501393764286,2024,95.62244985,2024.0,35.9184001120427,2024.0,2.703494578599927,2023.0,1.8043768703937548,2023.0,1.5239382088184383,2023.0,-1.41913941502571,2023.0,42.67522779440296,2024.0,1136137.497057208,2024,995936.498060072,2024,978626.0002302956,2024,2572455.6952209133,22.08669805501708,20.65982772946732,100.0,76.16784117118613,71.86797770890668,44.913960878299264,57.597071590046895,3000.0,0.4267522779440296,2.218154100299253,0.6700642084580222,223.0,162.68740707070833,49.14492127946179,5.170385250748133,1.2328036447104471,411.0,379.2146676767707,90.41825739618515,14.921027335328356,3.120385250748133,1040.0,1094.3618604713888,228.86028767677075,48.40001758006578,100.0,109986275190.31084,58.3755200336128,platform_snapshot_world_bank_217_economies,False,False,False,False,True,,11552885.0,2024,2132074.0,2024,2572456.15,2024,2,un_wpp2024_population_by_single_age_sex,UN World Population Prospects 2024,11589538.0,2195840.0,2600198.75,13440832.0,2418298.0,2967009.55,16367354.0,2434390.0,2986645.75,14.107029318431907,14.862210052212356,,,,,False,,False,,,,,,False,False,,,,,False,False,0.0,0.0,,0.7473684210526315,0.3415119438691029,0.3667483375090072,0.3541301406890551,0.5839757390036963,0.4131480621643256,0.4366368856936372,0.4192932988780196,0.5371049152505531,0.5371049152505531,0.9697073497131692,0.9069484895719512,0.5,0.5720273017457684,0.6257490553696369,0.5468010403632628,0.5784523379678977,0.4766687794046225,0.4918858466758374,0.6108763441704699,0.4262307336042666,0.5725650227981351,digital_finance_business_informatics,0.3301021982239104,0.7221672648187878,2195840.0,104269.73229436572,0.6361967085815393,2418298.0,114833.17776705044,0.6504597632818512,2434390.0,115597.30836494509,0.6645355799109056,0.5587496506199454,0.4916043061733748,0.5,0.6039396572903225,,0.4881268433788875,0.6625299674547606,0.5197855117522192,0.6039396572903225,0.5725650227981351,0.7496307636900799,0.7496307636900799,0.5,Jordan,partner_embedded_branch,600,1647833.2156583415,1394497.9192504217,0.540749653968347,0.0742434071599526,121064493.73788114,5144.94154006281,25.0,14.67923040177246,0.0001408546480969,104269.73229436572,0.08,192502.83097942272,431343.0119581183,-204332.7400220461,-3258250.052911931,-239380047.3123814,-3269892.4610165707,-240235402.2291804,-3737581.029369399,-2877247.20668017,0.0,inf,-2.7055416701843944,103.34946311636132,0.11,0.4420475633987728,0.1326142690196318,True,,53.46718285438573,53.46718285438573,30.0,26.0,26.0,24.0,28.0,0.0,0.0,0.005,I_RUSCOMP=0.75; I_FEAS=0.66; I_MARKET=0.60,I_FIN=0.13; I_ECO=0.49; I_HRSTRAT=0.52,C_watchlist,,,
SRB,Serbia,Europe & Central Asia,Upper middle income,"Montenegro declared independence from Serbia and Montenegro on June 3, 2006. Where available, data for each country are shown separately. However, for Serbia, some indicators, such as those series for which data appear only for Serbia and not Montenegro--e.g., aid, environment, external debt, balance of payments, various social indicators excluding population--continue to include data for Montenegro through 2005. Moreover, data from 1999 onward for Serbia for most indicators exclude data for Kosovo, 1999 being the year when Kosovo became a territory under international administration pursuant to UN Security Council Resolution 1244 (1999); any exceptions are noted. Kosovo became a World Bank member on June 29, 2009; available data are shown separately for Kosovo. In 2011, the Statistical Office of Serbia improved the methodology of national accounts data for 2003 onward. Specifically, the classification of sectors was revised.",26900.853091322973,2024.0,3.9499262259293175,2024.0,111.72502838891629,2024.0,58.78323171706553,2024.0,62.3830029804177,2024,87.69071294,2024.0,70.582649230957,2024.0,0.0534402322955429,2023.0,-0.5215314105153083,2023.0,0.965409904718399,2023.0,-0.2737679481506347,2023.0,41.664026362905815,2024.0,329672.5708810408,2024,344681.8431249832,2024,365755.2505082972,2024,838944.2767347577,12.560843441732947,11.21092093883064,100.0,47.13231970269735,78.76859784088299,65.68663185504622,50.56928669184366,4842.153556438135,0.4166402636290581,2.1999524745323047,0.6624801977217936,137.0,161.35243431110754,48.58868262962814,5.124881186330762,1.2166244218064932,251.0,375.8772357777688,89.23161494320671,14.799683163548698,3.074881186330762,635.0,1085.4620420740505,225.52285577776885,66.74241122888313,100.0,177181823265.52457,78.5747947692871,platform_snapshot_world_bank_217_economies,False,False,False,False,True,,6736220.0,2024,689686.0,2024,858017.95,2024,2,un_wpp2024_population_by_single_age_sex,UN World Population Prospects 2024,6641966.0,675929.0,834302.45,6226576.0,639381.0,783624.0,5532864.0,525685.0,654749.5,-6.074349895532483,-21.52132598915417,,,,,False,,False,,,,,,False,False,,,,,False,False,0.0,0.0,,0.7473684210526315,0.7102061804434819,0.7571487278579297,0.7336774541507058,0.6433805464168822,0.7129320636801143,0.6013819518736944,0.497803132498396,0.4976579038775308,0.4976579038775308,0.8731233062641729,0.5034911216916645,0.5,0.6223971233906326,0.5092089156293833,0.5217185124476729,0.4779077449738035,0.5691819653788429,0.5462472873604773,0.6643997916758356,0.5392346602485153,0.6347779387473644,digital_finance_business_informatics,0.6097898994729967,0.7626056601857869,675929.0,165609.84330641793,0.6873551432827805,639381.0,156655.19192563242,0.6849014988274191,525685.0,128798.4543917102,0.6764301051549366,0.221984859535871,0.1683873471748314,0.5,0.60528558275364,,0.628772625052126,0.5788865489598575,0.5914045009530321,0.60528558275364,0.6347779387473644,0.7644463339891003,0.7644463339891003,0.5,Serbia,partner_embedded_branch,600,1904450.309230117,1584520.6151487697,0.6890875002732493,0.0926449592288313,139917869.32379657,5843.899458310613,25.0,24.30778785267319,0.0001468538867741,165609.84330641793,0.08,256370.1775343675,569745.9662897787,-267796.1114522289,-3980496.39037174,-292442691.25458235,-4092577.671802367,-300677179.7118809,-4603028.942047917,-3408524.453707292,0.0,inf,-1.885194194525048,121.19161144728274,0.11,0.3096044964060643,0.0928813489218193,True,,53.34383515270294,53.34383515270294,31.0,27.0,26.0,25.0,27.0,0.0,0.0,0.0,I_RUSCOMP=0.76; I_PROGRAM=0.63; I_ECO=0.63,I_FIN=0.09; I_FEAS=0.58; I_HRSTRAT=0.59,B_strategic_with_subsidy,,,
OMN,Oman,Middle East & North Africa,High income,,36721.08046341856,2024.0,1.6316322112744928,2024.0,114.85267152201726,2024.0,46.013700099547,2024.0,79.4440302814714,2024,95.25174678,2024.0,42.226921081543,2024.0,1.922292619943619,2023.0,4.289684712886811,2023.0,3.041762292385102,2023.0,4.106365680694577,2023.0,48.59881812922679,2024.0,297090.49999999994,2024,419419.0,2024,558642.5000000005,2024,967898.625,17.871654668097133,14.535588926399882,100.0,63.35181879208663,71.14497308682722,55.16062780924264,67.94367118362236,6609.794483415341,0.4859881812922679,2.324778726326082,0.714491135969201,108.0,170.50764099216966,52.40335208007069,5.436946815815206,1.3275810900676288,201.0,398.7652524804241,97.36957643748411,15.631858175507215,3.3869468158152056,512.0,1146.4967532811309,248.4108724804241,66.64339786869282,100.0,193943781868.60275,75.66807632446289,platform_snapshot_world_bank_217_economies,False,False,False,False,True,,5281543.0,2024,716510.0,2024,967899.8,2024,2,un_wpp2024_population_by_single_age_sex,UN World Population Prospects 2024,5671457.0,780912.0,1044905.4,6517806.0,1054971.0,1355414.85,7826999.0,1119008.0,1472568.5,29.7165130929556,40.928403662187975,,,,,False,,False,,,,,,False,False,,,,,False,False,0.0,0.0,,0.7473684210526315,0.408610334340058,0.7009692842717885,0.5547898093059233,0.6546420335489243,0.8027467237199878,0.3399725734932535,0.5181882637005095,0.18456370593293,0.18456370593293,0.9651933319354974,0.7286805891981838,0.5,0.8150215741005341,0.5913945201299626,0.6149638615981854,0.6858874709606868,0.507666025535745,0.5513638206161292,0.5899268177911736,0.4469019876176071,0.5668400635758202,digital_finance_business_informatics,0.6883033348102832,0.718446041324283,780912.0,117220.0335868104,0.6491420223377067,1054971.0,158358.09419385405,0.6861005168041695,1119008.0,167970.46958416505,0.705638370798402,1.0,0.8083727743299514,0.5,0.6873755104377117,,0.5700933949013136,0.7127122754370127,0.5354504695865903,0.6873755104377117,0.5668400635758202,0.7509380627079729,0.7509380627079729,0.5,Oman,partner_embedded_branch,600,1974527.162098527,1688317.4589688736,0.7780133072943273,0.0632032994038572,145066338.6195005,6065.372553741021,25.0,16.457628891348016,0.0001404725861182,117220.0335868104,0.08,215828.78455414803,616701.1665812813,-351536.2887006308,-4472244.403052364,-328570876.8234138,-4595414.141970183,-337620022.0549932,-5209028.208601997,-3978629.710589537,0.0,inf,-3.521643718249557,131.2116024394926,0.11,0.2286534796238346,0.0685960438871503,True,,52.80355883032395,52.80355883032395,32.0,28.0,28.0,26.0,30.0,0.0,0.0,0.027,I_RUSCOMP=0.75; I_FEAS=0.71; I_MARKET=0.69,I_FIN=0.07; I_HRSTRAT=0.54; I_PROGRAM=0.57,C_watchlist,,,
BHR,Bahrain,Middle East & North Africa,High income,,58891.83048607366,2024.0,2.6037967064845446,2024.0,157.81849214758608,2024.0,53.186143865182665,2024.0,100.0,2024,100.0,2024.0,58.3677241853667,2024.0,4.880391240119934,2023.0,3.281393110752106,2023.0,7.54589700698855,2023.0,-2.617773115634915,2023.0,44.2979050401742,2024.0,87064.79712743282,2024,105593.93837597471,2024,143848.8864491323,2024,257390.73440551708,15.704221434045856,12.161165537713128,100.0,40.63533388150922,85.4697055504712,75.34820349526451,70.16014536385256,10600.52948749326,0.442979050401742,2.247362290723136,0.6822342878013065,64.0,164.82964090588135,50.0375187107839,5.243405726807839,1.2587664806427874,119.0,384.5702522647034,92.32246524967232,15.115748604820904,3.193405726807839,301.0,1108.6434193725424,234.21587226470345,80.48047463486301,100.0,93559684338.31064,80.51031725561,platform_snapshot_world_bank_217_economies,False,False,False,False,True,,1607061.0,2024,194891.0,2024,260370.95,2024,2,un_wpp2024_population_by_single_age_sex,UN World Population Prospects 2024,1675573.0,207821.0,275789.45,1856539.0,225962.0,306200.15,2139472.0,237732.0,318323.4,11.02678148130758,15.422616782476627,,,,,False,,False,,,,,,False,False,,,,,False,False,0.0,0.0,,0.7473684210526315,0.580286376063821,0.794557434065339,0.68742190506458,0.563823338374331,0.9390753535816492,0.4495932319472387,0.7982278505028256,0.3604237605823613,0.3604237605823613,1.0,1.0,0.5,0.5193151751883199,0.7214813717605907,0.8172366629679496,0.6423009419525979,0.6426831204973397,0.7094178151904993,0.7178915588189272,0.6587740030805909,0.7053965817711965,digital_finance_business_informatics,0.7886878221834308,0.8085077781512777,207821.0,59159.79645068356,0.5735292456926254,225962.0,64323.94188070195,0.5861883183393737,237732.0,67674.47336801335,0.6056436025323664,0.5283688480954722,0.5260728708754212,0.5,0.5737229349126017,,0.6798138495359991,0.7332721473766032,0.6976141690088978,0.5737229349126017,0.7053965817711965,0.7842533584581874,0.7842533584581874,0.5,Bahrain,partner_embedded_branch,600,2083007.2153981656,1788682.7888447817,0.8592102055603958,0.0586801275771473,153036248.8073663,6577.666991482304,25.0,9.10264921992663,0.0001539456034496,59159.79645068356,0.08,177479.22749659538,667837.5114547578,-436931.28304178175,-5013191.72182489,-368313681.2915807,-5115089.096889874,-375799969.3504925,-5642922.06409729,-4556891.1954059815,0.0,inf,-7.297489023229401,133.7453490557184,0.11,0.1449916561626832,0.0434974968488049,True,,52.65419429932447,52.65419429932447,34.0,29.0,29.0,24.0,32.0,0.0,0.0,0.172,I_RUSCOMP=0.78; I_FEAS=0.73; I_PROGRAM=0.71,I_FIN=0.04; I_MARKET=0.57; I_ECO=0.68,B_strategic_with_subsidy,,,
DZA,Algeria,Middle East & North Africa,Upper middle income,,15501.919700396596,2024.0,3.699999999079793,2024.0,40.13457411707029,2024.0,46.79498470024742,2024.0,75.2792907190618,2024,77.4178009,2024.0,54.4283410150344,2024.0,-4.690945982933043,2023.0,-4.748550772666932,2023.0,-6.636610090732574,2023.0,-4.045196890830991,2023.0,32.648969250847806,2024.0,3658334.538981952,2024,2901577.03104302,2024,3044918.532233194,2024,7930124.909529909,16.513071226270753,13.39831359732548,100.0,80.8170063571399,68.54815220772532,38.84262770382693,22.2079961450587,3000.0,0.326489692508478,2.0376814465152604,0.5948672693813585,198.0,149.45089294063663,43.6297070585986,4.719203616288151,1.0723835080135649,357.0,346.12338235159166,78.65246705834369,13.717876310101737,2.669203616288151,890.0,1006.1184329375776,195.76900235159164,65.26746989226778,100.0,725711643445.634,73.72850230451031,platform_snapshot_world_bank_217_economies,False,False,False,False,True,,46814302.0,2024,6559911.0,2024,7930124.1,2024,2,un_wpp2024_population_by_single_age_sex,UN World Population Prospects 2024,48028338.0,7113197.0,8404196.15,52516788.0,9576708.0,11264455.5,59565551.0,7572373.0,9530075.95,34.033705293753755,13.396638773120472,,,,,False,,False,,,,,,False,False,,,,,False,False,0.0,0.0,,0.7473684210526315,0.5383864962892115,0.6634822722672045,0.600934384278208,0.8190426783111421,0.5538525163060479,0.5732004273609674,0.0311959330691068,0.2037199038851851,0.2037199038851851,0.7480309848625197,0.6737099553780018,0.5,0.456541583347039,0.3005673708718083,0.1803251088349191,0.2951817343077333,0.3247562110575458,0.2545329968038509,0.4705050139407411,0.2479977307858511,0.4193850549129307,digital_finance_business_informatics,0.4585928593238694,0.622600285693405,7113197.0,774257.7385239471,0.8578941725610117,9576708.0,1042406.1471352744,0.8950838710280739,7572373.0,824238.1582064714,0.8806065056925588,1.0,0.448545292275494,0.5,0.817715207177168,,0.5011210903070742,0.4321952570765045,0.3389612238532071,0.817715207177168,0.4193850549129307,0.712613852353678,0.712613852353678,0.5,Algeria,partner_embedded_branch,600,1788174.729814849,1445096.2408437347,0.5710935839863539,0.124917043443169,131375230.40729415,5398.016037845982,25.0,97.76533074078216,0.0001263355203497,774257.7385239471,0.08,626629.2703526965,554676.394991552,116326.9869604687,-2235285.640372845,-164223977.1839885,-2305305.3509739703,-169368248.30017152,-2817519.758805176,-1914950.0679176669,0.0,inf,0.2204252971888235,109.09775840862876,0.11,0.5973352403385962,0.1792005721015788,True,,52.559343549696514,52.559343549696514,35.0,30.0,30.0,25.0,34.0,0.0,0.0,0.0,I_MARKET=0.82; I_RUSCOMP=0.71; I_ECO=0.50,I_FIN=0.18; I_HRSTRAT=0.34; I_PROGRAM=0.42,C_watchlist,,,
URY,Uruguay,Latin America & Caribbean,High income,General Government final consumption expenditure includes Non-Profit Institutions Serving Households final concumption expenditure,32038.772728822725,2024.0,3.108254780661724,2024.0,52.46491678563794,2024.0,65.26274361978174,2024.0,95.5981951588181,2024,91.99109007,2024.0,79.9536903496537,2023.0,5.951747953891754,2023.0,5.023638010025025,2023.0,4.725777387619022,2023.0,6.754209995269774,2023.0,65.64499947545069,2024.0,234495.0363961696,2024,241902.0374586316,2024,252322.5389225461,2024,589942.2163699468,17.254596205677807,15.960976676680415,100.0,47.55445056215724,96.19724731335216,57.26801429068978,81.03419612225812,5766.97909118809,0.6564499947545069,2.631609990558113,0.8423374960658802,146.0,193.011750503498,61.78006437645748,6.2040249763952815,1.6003199916072113,277.0,455.02552625874495,117.37322933644263,17.677399937054084,4.154024976395281,720.0,1296.52415002332,304.6711462587449,37.75366268220818,100.0,108502123258.1583,86.9861071048961,platform_snapshot_world_bank_217_economies,False,False,False,False,True,,3386583.0,2024,476397.0,2024,589942.35,2024,2,un_wpp2024_population_by_single_age_sex,UN World Population Prospects 2024,3382539.0,469441.0,580851.1,3358280.0,434720.0,537884.3,3254357.0,319375.0,392721.4,-7.39721419138225,-32.388627653455416,,,,,False,,False,,,,,,False,False,,,,,False,False,0.0,0.0,,0.7473684210526315,0.8098780019594359,0.9197179122538884,0.8647979571066622,0.5822831442357654,0.7633784580718707,0.5064756078478144,0.1115617684182819,0.6565280678755786,0.6565280678755786,0.9254886098898312,0.9419003281125896,0.5,0.9314654088962432,0.7685959003017672,0.6905900300956622,0.7176148766125524,0.6448934828035052,0.5750271054215315,0.6638965326792406,0.2695273041900949,0.619950383437264,digital_finance_business_informatics,0.6548978829030078,0.7529677492342216,469441.0,152947.71506787578,0.6785600670201003,434720.0,141635.32945419542,0.6737237486031891,319375.0,104054.98561012532,0.6529647761456415,0.1788722934330951,0.0732611883202373,0.5,0.59331303792749,,0.589734349701024,0.7962229630032764,0.5189249359551841,0.59331303792749,0.619950383437264,0.7542660306583486,0.7542660306583486,0.5,Uruguay,partner_embedded_branch,600,2007868.8926765136,1747015.0173378342,0.8286458242424115,0.0448309481392791,147515918.88916153,5976.274799520072,25.0,22.164400074487983,0.0001449903645303,152947.71506787578,0.08,247162.1237871776,653676.8795828228,-354220.6054290194,-4571258.057088976,-335845301.07046425,-4799148.020767123,-352588126.0229377,-5293391.2858094815,-4281561.522895053,0.0,inf,-2.6741593415109954,142.64947841965937,0.11,0.1958546163351481,0.0587563849005444,True,,51.95960939558758,51.95960939558758,37.0,31.0,32.0,29.0,34.0,0.0,0.0,0.007,I_FEAS=0.80; I_RUSCOMP=0.75; I_PROGRAM=0.62,I_FIN=0.06; I_HRSTRAT=0.52; I_ECO=0.59,C_watchlist,,,
ZAF,South Africa,Sub-Saharan Africa,Upper middle income,Fiscal year end: March 31; reporting period for national accounts data: CY.,13597.653849599776,2024.0,0.534843531905139,2024.0,61.64677047302495,2024.0,62.99218075460045,2024.0,63.6917984858172,2024,78.35759735,2024.0,23.493768799339,2023.0,-1.7986267805099514,2023.0,0.603645585477352,2023.0,-1.5658856183290462,2023.0,-4.659494161605836,2023.0,40.54804688256833,2024.0,5356175.540445957,2024,5105925.538234213,2024,5578810.542540484,2024,12972565.822823389,19.81794158051598,16.4916636187477,100.0,85.9905267517206,47.34139152980485,36.50067414830401,40.48160222765654,3000.0,0.4054804688256833,2.17986484388623,0.6541103516192625,218.0,159.87913516405408,47.97480798502254,5.074662109715575,1.1987687501210933,400.0,372.19398791013526,87.92201570138141,14.6657656259082,3.0246621097155746,1008.0,1075.6400477603606,221.8396079101352,51.80794964956852,100.0,870347572712.6027,64.4481306398017,platform_snapshot_world_bank_217_economies,False,False,False,False,True,,64007189.0,2024,10462101.0,2024,12972565.5,2024,2,un_wpp2024_population_by_single_age_sex,UN World Population Prospects 2024,65453089.0,10686602.0,13117114.55,71234752.0,11256388.0,13885994.05,79177332.0,11986380.0,14917062.15,5.861651181509275,13.722130680028254,,,,,False,,False,,,,,,False,False,,,,,False,False,0.0,0.0,,0.7473684210526315,0.209361671672499,0.484116390675101,0.3467390311738,0.8416847728354206,0.5160262564187118,0.2162993702342025,0.1714066049711073,0.6008564833218077,0.6008564833218077,0.7594748012913746,0.520765987837482,0.5,0.4295267284630814,0.4277614733225246,0.4080424638868944,0.5265470073372289,0.4053530243377801,0.4420514329177152,0.5141523546850036,0.1893637110763454,0.4699045763092263,digital_finance_business_informatics,0.4227148931558859,0.6554379746009971,10686602.0,425897.8082267698,0.7918018407638269,11256388.0,448605.738077465,0.8015791142137302,11986380.0,477698.42748641607,0.8206055946643204,0.4547353861051968,0.5042917618853521,0.5,0.7122145527594855,,0.4804283099285349,0.504044973745597,0.3950854850722196,0.7122145527594855,0.4699045763092263,0.7244007158395891,0.7244007158395891,0.5,South Africa,partner_embedded_branch,600,1768020.297262286,1449171.881997089,0.5775154844424775,0.1091101057759686,129894506.41753316,5317.196560926899,25.0,55.78657429696053,0.0001310540487983,425897.8082267698,0.08,404763.0537577838,514339.4045196418,-68429.19840028667,-2929673.1041863505,-215239860.32415652,-3036401.02136184,-223081042.9983309,-3676646.996873729,-2743970.977241257,0.0,inf,-0.2306901460614061,111.08474852574057,0.11,0.4796370593310964,0.1438911177993289,True,,51.60149216781926,51.60149216781926,38.0,32.0,34.0,30.0,36.0,0.0,0.0,0.0,I_RUSCOMP=0.72; I_MARKET=0.71; I_FEAS=0.50,I_FIN=0.14; I_HRSTRAT=0.40; I_PROGRAM=0.47,C_watchlist,,,
ISR,Israel,Middle East & North Africa,High income,,47338.84246242046,2024.0,0.8719684243774424,2024.0,54.452000296972734,2024.0,72.5367368776929,2024.0,91.536188843818,2024,88.18242225,2024.0,56.2561111450195,2024.0,8.0175883769989,2023.0,5.486925065517426,2023.0,7.85258543491366,2023.0,-10.253938794136031,2023.0,94.6552801717158,2024.0,793674.9502957321,2024,749217.9365530345,2024,683029.7003490243,2024,1850256.252005828,18.59869832931067,19.003569716071787,100.0,73.91968480205907,79.77044977790152,57.65395926531793,70.2814119234159,8520.991643235684,0.9465528017171578,3.1537950430908843,1.0599146012878684,124.0,231.31068212244057,77.7379525510169,7.50948760772721,2.064484482747453,242.0,550.7728553061014,151.41672410883606,21.15863362060589,5.45948760772721,641.0,1551.8503608162705,400.41847530610136,24.51408735154071,100.0,472176550257.1667,79.87683334350584,platform_snapshot_world_bank_217_economies,False,False,False,False,True,,9387016.0,2024,1452034.0,2024,1741297.15,2024,2,un_wpp2024_population_by_single_age_sex,UN World Population Prospects 2024,9647689.0,1527135.0,1828108.95,10858120.0,1790232.0,2164398.0,13092723.0,1890455.0,2326462.25,18.395459964243383,27.260590786998783,,,,,False,,False,,,,,,False,False,,,,,False,False,0.0,0.0,,0.7473684210526315,0.557826937949914,0.7823138080044266,0.6700703729771703,0.7654960000669032,0.8760495383525537,0.254313361566048,0.1245130407867361,0.8348779990363815,0.8348779990363815,0.879110806089267,0.8882856762547559,0.5,0.1835007128932795,0.8594443509856985,0.831009503123678,0.7376418952255607,0.6350212107502051,0.669317583763911,0.6691282828188906,0.1764331690984609,0.6231727010092957,economic_legal,0.745432645534574,0.7550622556560422,1527135.0,366929.6037400659,0.7753226615708099,1790232.0,430144.760196568,0.7969187978356821,1890455.0,454225.66049394873,0.8150633654618716,0.7125733740254342,0.6178693567352691,0.5,0.7474657305493064,,0.6196040504906233,0.6774826488628367,0.5213765389862679,0.7474657305493064,0.6231727010092957,0.7548824547792818,0.7548824547792818,0.5,Israel,partner_embedded_branch,600,2372965.876142004,2014318.144103225,1.037263751832545,0.0709538172501759,174339192.65768924,6321.404027333335,25.0,53.28402972142279,0.0001452915859336,366929.6037400659,0.08,443356.6848706091,891015.161414258,-376377.2636305082,-5349470.56170598,-393019717.7509205,-5307618.976579755,-389944927.8284404,-5969110.433095278,-4755600.527210913,0.0,inf,-1.1174105561784524,183.56870056341967,0.11,0.1139965107297063,0.0341989532189119,True,,51.57071280677754,51.57071280677754,39.0,33.0,33.0,29.0,37.0,0.0,0.0,0.024,I_RUSCOMP=0.75; I_MARKET=0.75; I_FEAS=0.68,I_FIN=0.03; I_HRSTRAT=0.52; I_ECO=0.62,C_watchlist,,,
MUS,Mauritius,Sub-Saharan Africa,Upper middle income,,28011.15798062992,2024.0,4.925123048642945,2024.0,145.4217003011527,2024.0,64.3722524144138,2024.0,39.0162147027917,2024,73.30793533,2024.0,45.7771156388358,2024.0,4.970963239669799,2023.0,5.636879682540895,2023.0,7.451350450515721,2023.0,5.427931725978852,2023.0,37.659768752325206,2024.0,83756.96360750521,2024,91524.16333289056,2024,96022.48589896668,2024,218491.2455949308,17.20302967900356,14.694798181173653,100.0,32.89644229230207,50.2285257931643,78.75933142352078,82.44358838808543,5042.008436513384,0.376597687523252,2.127875837541854,0.6324482656424391,125.0,156.06607427833472,46.38603261597279,4.944689593854634,1.1525563000372034,229.0,362.6613356958367,84.53262824740862,14.319172250279026,2.8946895938546344,574.0,1050.2196418555648,212.3069556958368,74.63710586199258,100.0,34895712377.951164,71.13313469165074,platform_snapshot_world_bank_217_economies,False,False,False,False,True,,1271171.0,2024,178854.0,2024,222944.1,2024,2,un_wpp2024_population_by_single_age_sex,UN World Population Prospects 2024,1265063.0,168525.0,210641.85,1226958.0,121534.0,156190.3,1107200.0,99926.0,123956.45,-25.85029992852797,-41.15298075857196,,,,,False,,False,,,,,,False,False,,,,,False,False,0.0,0.0,,0.7473684210526315,0.4463707447127545,0.6133204450521984,0.5298455948824765,0.4409530115827395,0.7246049853327194,0.7113445336742201,0.7174289174019507,0.63469424984118,0.63469424984118,0.6979855232837375,0.1950715572231643,0.5,0.8731398771297625,0.7254644121457116,0.8129907427081451,0.7441241482275223,0.6493061715697352,0.7210142935061333,0.6924359416240076,0.7149951639108585,0.7117125532074259,economic_legal,0.6204286379198224,0.8126131595848268,168525.0,26283.548635178984,0.4838206026681239,121534.0,18954.72363048712,0.4506855226939651,99926.0,15584.68999210144,0.4441276222704452,0.0,0.0,0.5,0.4054181717093251,,0.6646154880595373,0.6912527663354469,0.7077772138747006,0.4054181717093251,0.7117125532074259,0.7861045209857067,0.7861045209857067,0.5,Mauritius,partner_embedded_branch,600,1838144.3527246525,1564755.2711652303,0.6782193386509439,0.0679243914062017,135046443.6358922,5911.17682897064,25.0,4.061062791160282,0.0001545901641604,26283.548635178984,0.08,143045.43386121743,526031.2022962098,-340903.2722512955,-4157037.866971898,-305412999.3447717,-4311613.743419199,-316769518.9538908,-4611286.831458319,-3977336.368395672,0.0,inf,-14.20095379119736,114.46985143058012,0.11,0.2743421521623179,0.0823026456486953,True,,51.50101467494254,51.50101467494254,40.0,34.0,33.0,30.0,37.0,0.0,0.0,0.002,I_RUSCOMP=0.79; I_PROGRAM=0.71; I_HRSTRAT=0.71,I_FIN=0.08; I_MARKET=0.41; I_ECO=0.66,B_strategic_with_subsidy,,,
KHM,Cambodia,East Asia & Pacific,Lower middle income,"The World Bank systematically assesses the appropriateness of official exchange rates as conversion factors. In this country, multiple or dual exchange rate activity exists and must be accounted for appropriately in underlying statistics. An alternative estimate (“alternative conversion factor” - PA.NUS.ATLS) is thus calculated as a weighted average of the different exchange rates in use in the country. Doing so better reflects economic reality and leads to more accurate cross-country comparisons and country classifications by income level. For this country, this applies to the period 1963-2004. Alternative conversion factors are used in the Atlas methodology and elsewhere in World Development Indicators as single-year conversion factors.",7008.889345517265,2024.0,5.97510939607335,2024.0,143.44700970301105,2024.0,35.59472224389468,2024.0,40.8727033252729,2024,68.47530365,2024.0,21.4437426836662,2024.0,-2.1411200165748614,2023.0,-5.733892083168032,2023.0,-4.792328894138337,2023.0,0.3114567436277863,2023.0,32.985081155752646,2024.0,1631121.044509287,2024,1400409.53893853,2024,1319250.5374712078,2024,3625193.325309861,20.19627519246946,17.500702735801237,100.0,72.53338806477687,34.35292982289488,53.44297387477161,32.67884135105527,3000.0,0.3298508115575264,2.0437314608035475,0.5973881086681447,199.0,149.89462276859106,43.81459448691294,4.734328652008869,1.0777612984920424,359.0,347.23270692147764,79.04689357208096,13.75820973869032,2.684328652008869,895.0,1009.0766317906072,196.87832692147768,64.65685983164863,100.0,123628404396.59927,54.03312280509986,platform_snapshot_world_bank_217_economies,False,False,False,False,True,,17638806.0,2024,3031529.0,2024,3625191.95,2024,2,un_wpp2024_population_by_single_age_sex,UN World Population Prospects 2024,18051220.0,3125015.0,3710701.25,19720141.0,3393361.0,4092695.65,21931456.0,3281716.0,4024979.2,10.294399205541003,8.469502900563608,,,,,False,,False,,,,,,False,False,,,,,False,False,0.0,0.0,,0.7473684210526315,0.1875572814754788,0.282820889853301,0.2351890856643899,0.5985428273177591,0.3247703863823568,0.829740335351946,0.7045584186865853,0.0,0.0,0.6391390041101565,0.2195754559012136,0.5,0.6481334580205443,0.4126998163241471,0.2631485472501133,0.2525873027741393,0.3045488890845261,0.314695709463807,0.474608471948639,0.7546311853527297,0.6522526428661232,energy_logistics,0.2596109406829198,0.77396421786298,3125015.0,69116.2616955437,0.5907289850418899,3393361.0,75051.29636288206,0.6032933512986817,3281716.0,72582.03300350651,0.6133441836309153,0.5252886727485483,0.4344718687634704,0.5,0.556388492495385,,0.5397778076821255,0.4305241890767584,0.5106414572244166,0.556388492495385,0.6522526428661232,0.7565022391535424,0.7565022391535424,0.5,Cambodia,partner_embedded_branch,600,1633642.5497347603,1319781.2244058144,0.4707680438440288,0.1252846784031131,120021921.12220816,5021.202431103934,25.0,10.207180364780864,0.0001477582378128,69116.2616955437,0.08,169202.22610785987,389347.2117602935,-188997.20871161012,-3116591.8963085366,-228972578.37070227,-3181318.292348892,-233727955.4887516,-3372030.9764128723,-2952163.15896762,0.0,inf,-3.687583565129828,94.32679507262232,0.11,0.4563070084463771,0.1368921025339131,True,,51.351541779926926,51.351541779926926,41.0,35.0,34.0,32.0,36.0,0.0,0.0,0.0,I_RUSCOMP=0.76; I_PROGRAM=0.65; I_MARKET=0.56,I_FIN=0.14; I_FEAS=0.43; I_HRSTRAT=0.51,C_watchlist,,,
PAN,Panama,Latin America & Caribbean,High income,,36394.91752911465,2024.0,2.7478854554691594,2024.0,83.6737787798304,2024.0,69.34266277723722,2024.0,65.9958447685488,2024,72.77149963,2024.0,53.6949637061742,2023.0,-1.468045115470885,2023.0,-2.4218684732914,2023.0,0.831479728221891,2023.0,1.491712942719461,2023.0,46.3173466609024,2024.0,366436.0000001625,2024,357013.0000001386,2024,347163.500000096,2024,879672.5750003443,19.30450001071202,17.916932646597886,100.0,58.73601455193108,63.02777147521739,65.13338577601229,47.29768132484811,6551.0851552406375,0.4631734666090239,2.283712239896244,0.6973800999567679,106.0,167.49567703805408,51.1483670991892,5.334280599740607,1.2910775465744384,197.0,391.2353425951352,94.69227514493696,15.358081599308289,3.284280599740608,501.0,1126.4169935870273,240.8809625951352,69.87440118138912,100.0,164344052511.36694,79.10848911185225,platform_snapshot_world_bank_217_economies,False,False,False,False,True,,4515577.0,2024,723448.0,2024,879671.35,2024,2,un_wpp2024_population_by_single_age_sex,UN World Population Prospects 2024,4625720.0,734180.0,893021.0,5072268.0,769347.0,936698.4,5630682.0,713063.0,874277.3,4.890971208963735,-2.098909208182109,,,,,False,,False,,,,,,False,False,,,,,False,False,0.0,0.0,,0.7473684210526315,0.5305861834630599,0.7674636764088533,0.6490249299359565,0.6340099548389941,0.800171739995106,0.4658405888681389,0.3149726817949295,0.7565629833716073,0.7565629833716073,0.6914533942501746,0.551177225470673,0.5,0.7000374000714922,0.4422993010063021,0.5157039427901398,0.3957597866485781,0.5332256004461081,0.567845600497929,0.6418530149951115,0.3753198446242133,0.6025508150461166,digital_finance_business_informatics,0.686172584921701,0.7416580297799757,734180.0,150771.71108754785,0.6769755884987473,769347.0,157993.63045856834,0.6858449850181556,713063.0,146435.10940535038,0.6905462771306455,0.4429923861603704,0.3574006941945458,0.5,0.6283278556984073,,0.6232818871334634,0.5488457468432458,0.5396908395346873,0.6283278556984073,0.6025508150461166,0.7550179822487743,0.7550179822487743,0.5,Panama,partner_embedded_branch,600,2034223.004256095,1682317.0517597175,0.7660028542688768,0.0992539356944859,149452126.47739062,6074.946026819423,25.0,21.64349745796064,0.0001436262204877,150771.71108754785,0.08,246223.7557331657,633618.1080300687,-336704.9036544975,-4493766.005208232,-330152045.26004314,-4537599.49270695,-333372443.3697376,-5060035.094397525,-3940211.094223376,0.0,inf,-2.560823084615174,132.71826172851746,0.11,0.2379609879698477,0.0713882963909543,True,,51.29520341880863,51.29520341880863,42.0,36.0,34.0,33.0,36.0,0.0,0.0,0.0,I_RUSCOMP=0.76; I_MARKET=0.63; I_ECO=0.62,I_FIN=0.07; I_HRSTRAT=0.54; I_FEAS=0.55,C_watchlist,,,
BLR,Belarus,Europe & Central Asia,Upper middle income,"Data before 2015 were adjusted to reflect the new denomination effective from July 1, 2016 (BYN), a decrease of 10,000 times (1 BYN = 10,000 BYR)",29040.97257904249,2024.0,4.009848524654515,2024.0,131.91792910244993,2024.0,49.6802343028905,2024.0,79.1551015210848,2024,94.26182128,2024.0,70.1107509145358,2024.0,-6.9402602314949045,2023.0,-8.75659894943239,2023.0,-9.93673443794248,2023.0,-5.105559527873994,2023.0,25.197063487415257,2024.0,490330.3385088226,2024,434507.7026936755,2024,462887.16295837925,2024,1133137.2645337689,12.094308384760716,9.819495508994844,100.0,50.46205422174211,86.83590518031295,66.12059356088658,9.037810152760652,5227.375064227648,0.2519706348741525,1.9035471427734747,0.5389779761556144,103.0,139.6130002207206,39.53058509196691,4.383867856933686,0.953153015798644,182.0,321.5286505518015,69.90767352952943,12.823647618489831,2.3338678569336864,446.0,940.5324814714708,171.1742705518015,94.42240936280136,100.0,265220428363.56824,78.43322527436074,platform_snapshot_world_bank_217_economies,False,False,False,False,True,,9056699.0,2024,917149.0,2024,1123717.0,2024,2,un_wpp2024_population_by_single_age_sex,UN World Population Prospects 2024,8937018.0,953617.0,1150762.0,8372270.0,1063647.0,1285928.55,7453545.0,580199.0,732437.6,11.745830154280393,-36.35194766598132,,,,,False,,False,,,,,,False,False,,,,,False,False,0.0,0.0,,0.7473684210526315,0.7051869980311701,0.7544125510989128,0.7297997745650415,0.6936363127361214,0.7350252899904476,0.6081387526771564,0.6294149925728896,0.27446289879427,0.27446289879427,0.953139098595669,0.7248670020940381,0.5,0.4099101817001536,0.2016503817871496,0.0321223043285529,0.1219214316804518,0.4456061003463963,0.3898746629698579,0.6559923059590598,0.6209044966145962,0.6112280358887561,digital_finance_business_informatics,0.6298292483952959,0.7472982233276915,953617.0,234476.35655259533,0.7258047788252368,1063647.0,261530.64932577583,0.7417381833382563,580199.0,142659.94376721396,0.6876733352942472,0.5892508328988558,0.0030229319642869,0.5,0.6517721110404422,,0.6341911179383921,0.3922136135111795,0.5656306702589602,0.6517721110404422,0.6112280358887561,0.7589984840199508,0.7589984840199508,0.5,Belarus,partner_embedded_branch,600,1963320.175120317,1574328.3484635456,0.6727200777653284,0.1337130050275405,144242973.61389706,5892.896724724852,25.0,33.88421111376855,0.0001445854117615,234476.35655259533,0.08,311689.11042452365,586734.5527256252,-228106.6780830516,-3897152.724484355,-286319523.79986864,-4061894.130017481,-298422893.6488413,-4626680.083187796,-3425321.119206502,0.0,inf,-1.1423831561154458,120.76098673813873,0.11,0.3145442015653532,0.0943632604696059,True,,51.29352516091667,51.29352516091667,43.0,37.0,34.0,32.0,36.0,0.0,0.0,0.0,I_RUSCOMP=0.76; I_MARKET=0.65; I_ECO=0.63,I_FIN=0.09; I_FEAS=0.39; I_HRSTRAT=0.57,B_strategic_with_subsidy,,,
PRY,Paraguay,Latin America & Caribbean,Upper middle income,"The World Bank systematically assesses the appropriateness of official exchange rates as conversion factors. In this country, multiple or dual exchange rate activity exists and must be accounted for appropriately in underlying statistics. An alternative estimate (“alternative conversion factor” - PA.NUS.ATLS) is thus calculated as a weighted average of the different exchange rates in use in the country. Doing so better reflects economic reality and leads to more accurate cross-country comparisons and country classifications by income level. For this country, this applies to the period 1982-1988. Alternative conversion factors are used in the Atlas methodology and elsewhere in World Development Indicators as single-year conversion factors. Kindly note that GDP per capita and GNI per capita reported are calculated from the UN WPP data which likely creates discrepancy with the official per capita figures, calculated from the latest population census results.",16296.283618926347,2024.0,4.249960104640721,2024.0,76.83115654306243,2024.0,48.745130179115584,2024.0,69.8622585886961,2024,81.57806793,2024.0,37.6179261040957,2010.0,-3.2344575822353336,2023.0,-4.075222194194795,2023.0,-0.5525754392147065,2023.0,0.5742914006114005,2023.0,34.63726828597917,2024.0,586928.0000000003,2024,579073.0000000002,2024,597785.0000000002,2024,1435004.2500000005,20.193580725940063,16.423666682556075,100.0,59.22087709708053,59.01898343152972,49.08730616835443,39.17604231573943,3000.0,0.3463726828597916,2.073470829147625,0.6097795121448437,203.0,152.07581510467176,44.72342462694656,4.808677072869062,1.1041962925756668,368.0,352.68568776167933,80.98573120415267,13.9564721943175,2.7586770728690624,920.0,1023.617914031145,202.3313077616793,61.76524748946159,100.0,112919442526.93436,68.6853778312287,platform_snapshot_world_bank_217_economies,False,False,False,False,True,,6929153.0,2024,1166001.0,2024,1435004.25,2024,2,un_wpp2024_population_by_single_age_sex,UN World Population Prospects 2024,7095274.0,1167735.0,1433002.8,7763524.0,1291985.0,1547898.65,8640472.0,1251756.0,1538505.0,8.017838485730788,7.362316389053802,,,,,False,,False,,,,,,False,False,,,,,False,False,0.0,0.0,,0.7473684210526315,0.3595883613339311,0.566011556674127,0.462799959004029,0.5872547059098986,0.5682750400716321,0.6352135837681926,0.2703743225426332,0.2515352234184296,0.2515352234184296,0.7986901804642238,0.6022102408896826,0.5,0.6596920965733918,0.3646186466443518,0.453548449292129,0.3242884486306701,0.3488644420052529,0.3719027243277321,0.5382827242705635,0.416310027032857,0.4964777635690517,digital_finance_business_informatics,0.4724073187345217,0.6727105463198836,1167735.0,91090.25058289716,0.62125455863894,1291985.0,100782.4869506732,0.6359856295974896,1251756.0,97644.38653345578,0.6459704503228516,0.5697896319269989,0.4557725822810428,0.5,0.5962494180554131,,0.5186074267001284,0.5286769077354625,0.4517769151164021,0.5962494180554131,0.4964777635690517,0.7338610061708736,0.7338610061708736,0.5,Paraguay,partner_embedded_branch,600,1759066.1397335145,1448911.8057285682,0.5783912285232148,0.1036910802981982,129236654.3134676,5429.820499582083,25.0,12.176833174955588,0.000133748405652,91090.25058289716,0.08,183473.29765763044,471243.878961843,-250071.0709872651,-3618488.8528249487,-265846395.6793109,-3525312.15027454,-259000805.8373052,-3999328.9775039614,-3239554.0492689954,0.0,inf,-3.7821924652896097,107.9362419453244,0.11,0.4009278658861139,0.1202783597658341,True,,50.26966076855217,50.26966076855217,45.0,38.0,39.0,37.0,40.0,0.0,0.0,0.0,I_RUSCOMP=0.73; I_MARKET=0.60; I_FEAS=0.53,I_FIN=0.12; I_HRSTRAT=0.45; I_PROGRAM=0.50,C_watchlist,,,
AZE,Azerbaijan,Europe & Central Asia,Upper middle income,,22072.14911571765,2024.0,4.07140205008956,2024.0,82.6898691594703,2024.0,42.3163443805061,2024.0,58.573795837717,2024,90.80000181,2025.0,41.3413783372226,2024.0,-0.2284955345094204,2023.0,-3.966102540493009,2023.0,-0.761666975915433,2023.0,-5.115277290344235,2023.0,29.032046270720592,2024.0,751389.1399640411,2024,633901.2731834339,2024,736221.47338958,2024,1716590.076172786,16.336825132904416,12.846017029082727,100.0,57.44615843214251,62.003643053986735,50.34062662087327,37.64367747931372,3972.986840829176,0.2903204627072059,1.9725768328729705,0.5677403470304044,143.0,144.67588619950195,41.64012091645917,4.556442082182427,1.0145127403315295,255.0,334.185865498755,74.40801662177957,13.283845552486472,2.5064420821824265,631.0,974.2850546633468,183.831485498755,81.53206661492396,100.0,225198385162.3175,69.80241350116678,platform_snapshot_world_bank_217_economies,False,False,False,False,True,,10336579.0,2024,1403449.0,2024,1739091.85,2024,2,un_wpp2024_population_by_single_age_sex,UN World Population Prospects 2024,10454855.0,1513217.0,1815928.85,10898667.0,1637390.0,2018487.35,11224923.0,1295226.0,1610204.85,11.15453945235796,-11.32885795608126,,,,,False,,False,,,,,,False,False,,,,,False,False,0.0,0.0,,0.7473684210526315,0.3991915667518387,0.5876010031906054,0.493396284971222,0.6732567259943641,0.6558327828794719,0.6150794895808384,0.3085598252609502,0.0939088050295287,0.0939088050295287,0.9109848358034276,0.4532131804545725,0.5,0.4094828251817058,0.4968103647441736,0.4441585145874588,0.3290054838031896,0.3534390310390914,0.3640387582139859,0.5506126980610637,0.4311676909889055,0.506583344341208,digital_finance_business_informatics,0.5564101609012251,0.6792791738217852,1513217.0,156791.8773184784,0.6813049204131966,1637390.0,169658.05433226257,0.6937444044458019,1295226.0,134204.75456706042,0.6809528989283261,0.5170280603181588,0.2447875158070818,0.5,0.6209765959468106,,0.5466151357801395,0.5003697840625679,0.4588070139852929,0.6209765959468106,0.506583344341208,0.735715176112356,0.735715176112356,0.5,Azerbaijan,partner_embedded_branch,600,1842850.520269556,1509406.71062209,0.625541638996425,0.109918647506235,135392200.588632,5638.278496417774,25.0,21.104604498790785,0.0001346727759494,156791.8773184784,0.08,234233.8922120965,521679.222203996,-245710.99221557972,-3757294.121374488,-276044266.0738501,-3782002.8374614418,-277859588.26517093,-4402676.7971239695,-3410063.158234651,0.0,inf,-2.0649086532830085,114.11583362144768,0.11,0.3596035520005795,0.1078810656001738,True,,50.23385427133902,50.23385427133902,46.0,39.0,39.0,38.0,40.0,0.0,0.0,0.0,I_RUSCOMP=0.74; I_MARKET=0.62; I_ECO=0.55,I_FIN=0.11; I_HRSTRAT=0.46; I_FEAS=0.50,C_watchlist,,,
TUN,Tunisia,Middle East & North Africa,Lower middle income,,12774.915856802114,2024.0,1.6144456497698627,2024.0,106.29854920424688,2024.0,62.60742636169368,2024.0,70.3585355691955,2024,76.5,2024.0,38.1219482421875,2023.0,-2.103605598211285,2023.0,-0.972882330417634,2023.0,-4.3339284658432,2023.0,-4.416657745838163,2023.0,28.79371642804819,2024.0,883494.0000000002,2024,799646.9999999995,2024,841761.4999999995,2024,2061933.675,16.364035066900993,13.230906117453568,100.0,61.15463909112326,57.07494137559315,47.67502880942081,34.33662301408367,3000.0,0.2879371642804819,1.968286895704868,0.5659528732103614,189.0,144.3612467638195,41.509021151591455,4.545717239262169,1.010699462848771,337.0,333.3992669095488,74.12833712339513,13.255245971365785,2.4957172392621683,832.0,972.1874584254632,183.04488690954875,72.12742428342592,100.0,156839034439.78793,59.03658447265624,platform_snapshot_world_bank_217_economies,False,False,False,False,True,,12277105.0,2024,1683140.0,2024,2061932.9,2024,2,un_wpp2024_population_by_single_age_sex,UN World Population Prospects 2024,12415143.0,1754506.0,2115121.15,12812271.0,2036416.0,2431068.7,13145140.0,1402199.0,1752743.6,14.937562796343862,-17.132708923079885,,,,,False,,False,,,,,,False,False,,,,,False,False,0.0,0.0,,0.7473684210526315,0.3649492176093074,0.3795250247131548,0.3722371211612311,0.6281865837051906,0.4980135739929783,0.3380346276024293,0.4624348102706143,0.5914227490501811,0.5914227490501811,0.7368550062579636,0.6087606289174599,0.5,0.4402059074935032,0.4143495694941009,0.2837345076299685,0.458396702809513,0.4516654706990801,0.4685487869207522,0.5578223678128232,0.4126747372033403,0.5280217833089847,digital_finance_business_informatics,0.405888891289153,0.6932141591508401,1754506.0,105547.84343726188,0.6375438793754751,2036416.0,122507.0288395338,0.6576336276764108,1402199.0,84353.70441587843,0.6298766262382615,0.6874238368211815,0.1893642717030346,0.5,0.5922659084859938,,0.4995950733302391,0.4799525723608158,0.487496004362357,0.5922659084859938,0.5280217833089847,0.7413016988543815,0.7413016988543815,0.5,Tunisia,partner_embedded_branch,600,1726757.6252471476,1408618.953402607,0.5440130759059616,0.1144104340806205,126862983.29352015,5291.830648304784,25.0,14.425002612641205,0.0001367390916705,105547.84343726188,0.08,193281.28409035323,449450.9641755151,-220213.60295112067,-3429484.5379628898,-251960456.57114172,-3498485.173853873,-257029857.38935283,-3964489.373533191,-3027284.7775020897,0.0,inf,-2.884843810493561,104.36318696639547,0.11,0.4052467073928191,0.1215740122178457,True,,50.026399199788486,50.026399199788486,49.0,40.0,40.0,39.0,42.0,0.0,0.0,0.0,I_RUSCOMP=0.74; I_MARKET=0.59; I_PROGRAM=0.53,I_FIN=0.12; I_FEAS=0.48; I_HRSTRAT=0.49,C_watchlist,,,
CUB,Cuba,Latin America & Caribbean,Upper middle income,,23134.759094596546,,-1.0617327322052432,2024.0,124.86323886505312,2024.0,73.39182364773798,2024.0,77.1664929228275,2024,70.47699738,2024.0,43.1040700506779,2024.0,-3.328694760799408,2023.0,-3.1712743937969217,2023.0,-10.509533762931838,2023.0,2.6895116567611668,2023.0,32.1938711455632,2011.0,580592.4999999997,2024,660084.4999999998,2024,668171.5,2024,1541354.1749999996,13.69287600125321,11.17718839931188,93.33333333333331,54.149477995479344,59.26906900988352,56.75564987113155,31.39514029002244,4164.256637027377,0.321938711455632,2.029489680620138,0.591454033591724,142.0,148.8500793395311,43.37936805813796,4.698724201550344,1.0651019383290112,256.0,344.6213483488278,78.11841052402767,13.663264537467583,2.648724201550344,636.0,1002.1130089302076,194.2669683488278,77.41377053963332,93.33333333333331,254014634615.94653,70.33122101520337,platform_snapshot_world_bank_217_economies,False,False,False,False,True,,10979782.0,2024,1240677.0,2024,1541353.95,2024,2,un_wpp2024_population_by_single_age_sex,UN World Population Prospects 2024,10892659.0,1209879.0,1511414.1,10431762.0,1137234.0,1387160.4,9381995.0,836106.0,1033908.0,-8.22102294797965,-31.59333368664485,,,,,False,,False,,,,,,False,False,,,,,False,False,0.0,0.0,,0.7473684210526315,0.4179398244561654,0.5978215018273568,0.5078806631417612,0.688258045411601,0.6694031363714056,0.0362704325326991,0.5834344315051634,0.8558437411214721,0.8558437411214721,0.6635134477387844,0.6986192443583248,0.5,0.7527128065554124,0.3604744244800403,0.0063988898594748,0.3633643934668905,0.5417674914343414,0.5302230603317367,0.5896959866413207,0.3645688319161776,0.5605997362201715,digital_finance_business_informatics,0.5692641141286611,0.7143898285431114,1209879.0,141703.65448079855,0.6701166667769011,1137234.0,133195.31440732206,0.6669101765218277,836106.0,97926.54945934472,0.6462878462103863,0.209040413036772,0.0837468170866954,0.5,0.5727031878838619,,0.5380524815041082,0.4732616424935231,0.5043159623309026,0.5727031878838619,0.5605997362201715,0.7465778891017256,0.7465778891017256,0.5,Cuba,partner_embedded_branch,600,1866498.599976408,1520605.4422006246,0.6333078660302148,0.1158824386514248,137129598.99180672,5696.641145108448,25.0,19.78509787160142,0.0001396957863352,141703.65448079855,0.08,228200.2584915477,529496.5265785404,-258936.5459607095,-3847713.04808014,-282687245.15809506,-3920897.920359046,-288064057.2210668,-4346306.217084681,-3464902.7352164537,0.0,inf,-2.2973982464348675,115.01874305442888,0.11,0.3372430056725443,0.1011729017017632,True,,49.53467590314424,49.53467590314424,51.0,41.0,43.0,42.0,44.0,0.0,0.0,0.0,I_RUSCOMP=0.75; I_MARKET=0.57; I_PROGRAM=0.56,I_FIN=0.10; I_FEAS=0.47; I_HRSTRAT=0.50,C_watchlist,,,
GHA,Ghana,Sub-Saharan Africa,Lower middle income,"The World Bank systematically assesses the appropriateness of official exchange rates as conversion factors. In this country, multiple or dual exchange rate activity exists and must be accounted for appropriately in underlying statistics. An alternative estimate (“alternative conversion factor” - PA.NUS.ATLS) is thus calculated as a weighted average of the different exchange rates in use in the country. Doing so better reflects economic reality and leads to more accurate cross-country comparisons and country classifications by income level. For this country, this applies to the period 1974-1987. Alternative conversion factors are used in the Atlas methodology and elsewhere in World Development Indicators as single-year conversion factors.",7055.624960093233,2024.0,5.590454695932664,2024.0,69.78842273905916,2024.0,40.936949539029584,2024.0,58.3654868038581,2024,72.17569733,2024.0,21.330810546875,2024.0,-0.648631125688553,2023.0,-0.6974652186036109,2023.0,-1.26456540822983,2023.0,-0.1513449270278218,2023.0,29.81014044523565,2024.0,3503494.050411129,2024,3116870.0449285554,2024,2683224.0387740284,2024,7827814.912787996,22.71506269297057,22.534212614128894,100.0,90.00866164154449,41.50203646853944,38.84089202365693,46.22089663387489,3000.0,0.2981014044523564,1.9865825280142413,0.5735760533392673,191.0,145.70311430166532,42.068132625693885,4.591456320035604,1.0269622471237705,342.0,336.7539357541633,75.32110826814697,13.377216853428278,2.541456320035604,847.0,981.1332420111022,186.3995557541633,70.32072743466733,100.0,242906921529.8632,53.99924316406249,platform_snapshot_world_bank_217_economies,False,False,False,False,True,,34427418.0,2024,6620364.0,2024,7827814.8,2024,2,un_wpp2024_population_by_single_age_sex,UN World Population Prospects 2024,35697560.0,6887924.0,8155494.8,41412560.0,7926644.0,9459038.0,50553047.0,8613106.0,10385858.5,15.983618798947674,27.347987518795303,,,,,False,,False,,,,,,False,False,,,,,False,False,0.0,0.0,,0.7473684210526315,0.1863561180573383,0.2821660829229062,0.2342611004901222,0.6826874002070609,0.3266882793106569,0.7863669127320101,0.2244716902708291,0.0600876333157195,0.0600876333157195,0.6841983634942174,0.4504636976957831,0.5,0.6277809014203102,0.4783342679901011,0.4215742267821036,0.4703024609334433,0.2745349619994243,0.2844789152630813,0.4382030180825662,0.4492297792553015,0.4185634405434786,energy_logistics,0.2610328271430994,0.6220662363532612,6887924.0,122387.97250452952,0.6539126382029445,7926644.0,140844.4529767161,0.673102761304916,8613106.0,153041.84255032407,0.6954002878251778,0.6660218387364214,0.6301324628480319,0.5,0.6315658366025096,,0.4614031598608422,0.5258329424646115,0.3953938155885413,0.6315658366025096,0.4185634405434786,0.719303601924973,0.719303601924973,0.5,Ghana,partner_embedded_branch,600,1597942.2256534633,1315451.157557712,0.4714975755146123,0.1043167526577854,117399057.58231172,4963.958524560955,25.0,15.492593173270906,0.0001266518479252,122387.97250452952,0.08,193828.40635201245,386944.3116617792,-162160.3603768244,-2966157.3053528494,-217920314.451238,-3148717.2288443595,-231332791.21424332,-3331858.533856076,-2887249.429891869,0.0,inf,-2.1085914440506945,94.01835271974664,0.11,0.4615554130380194,0.1384666239114058,True,,49.46182316886063,49.46182316886063,52.0,42.0,43.0,41.0,47.0,0.0,0.0,0.0,I_RUSCOMP=0.72; I_MARKET=0.63; I_FEAS=0.53,I_FIN=0.14; I_HRSTRAT=0.40; I_PROGRAM=0.42,C_watchlist,,,
FJI,Fiji,East Asia & Pacific,Upper middle income,,13592.463593743454,2024.0,3.530858960763524,2024.0,98.42496729666526,,54.56842105263158,2024.0,59.0766602292457,2024,74.7052002,2024.0,75.0089752283697,2024.0,3.4354507923126225,2023.0,2.134327679872514,2023.0,-0.6315616741776467,2023.0,5.210404217243196,2023.0,41.58975422644214,2024.0,81791.00000000001,2024,74322.0,2024,73267.0,2024,189083.15,20.2175129817425,19.10339239136277,93.33333333333331,35.984407098908875,74.19448321336695,50.60325677679055,63.82474274554789,3000.0,0.4158975422644214,2.1986155760759587,0.661923156698316,221.0,161.25438136548468,48.547827235618605,5.121538940189897,1.2154360676230742,405.0,375.63210341371166,89.1444567693197,14.790770507173058,3.071538940189896,1024.0,1084.8083557698978,225.27772341371164,50.164309602609016,93.33333333333331,12624462706.45142,79.90269256851091,platform_snapshot_world_bank_217_economies,False,False,False,False,True,,928803.0,2024,156115.0,2024,189085.15,2024,2,un_wpp2024_population_by_single_age_sex,UN World Population Prospects 2024,937288.0,158726.0,190880.3,969633.0,163701.0,198231.75,1000265.0,147344.0,180063.5,3.8513403426126303,-5.666797464169948,,,,,False,,False,,,,,,False,False,,,,,False,False,0.0,0.0,,0.7473684210526315,0.7572852583386075,0.7828136007775935,0.7700494295581005,0.3142838400994004,0.5159160753351565,0.5541281900151528,0.4111169349932312,0.3943156040974125,0.3943156040974125,0.7149998913149932,0.4598505160943404,0.5,0.8635737039407619,0.6579379346463138,0.4500013158185666,0.5927154841630469,0.5850354429277626,0.4674191587582244,0.5402722670001181,0.4683214370019999,0.5606147646507549,diplomatic_analytic,0.4226113816006736,0.7143995970229906,158726.0,27285.29878404445,0.4879565614100229,163701.0,28140.51066773472,0.4945067119176733,147344.0,25328.711515670057,0.4975447757541941,0.4071086252178388,0.3154539629654093,0.5,0.4860617039709927,,0.479694990971876,0.6286398091930676,0.4968310855281145,0.4860617039709927,0.5606147646507549,0.7456812067284494,0.7456812067284494,0.5,Fiji,partner_embedded_branch,600,1723064.7585750043,1448112.7905126188,0.5821503840145901,0.0816992419775251,126591672.44127114,5342.7494548903005,25.0,3.808169488419239,0.0001396412441654,27285.29878404445,0.08,139532.25164004648,457050.3030505905,-280954.0271664968,-3692463.9385272944,-271281263.853268,-3719237.101566204,-273248258.6912573,-4149200.84515487,-3212011.2693537977,0.0,inf,-13.808744176060332,108.7665382128358,0.11,0.3697081296142691,0.1109124388842807,True,,49.426088512058776,49.426088512058776,53.0,43.0,44.0,42.0,46.0,0.0,0.0,0.0,I_RUSCOMP=0.75; I_FEAS=0.63; I_PROGRAM=0.56,I_FIN=0.11; I_ECO=0.48; I_MARKET=0.49,C_watchlist,,,
NAM,Namibia,Sub-Saharan Africa,Lower middle income,Fiscal year end: March 31; reporting period for national accounts data: CY.,10281.335640298836,2024.0,3.7115450241673074,2024.0,109.62850981893162,2024.0,54.45860916977618,2024.0,50.4088030252155,2024,64.87460327,2024.0,26.1092654658031,2022.0,0.2162765935063362,2023.0,3.118273138999942,2023.0,-0.4358255416154864,2023.0,3.8134405016899104,2023.0,37.762281090102775,2024.0,283822.49994359084,2024,260864.9999391013,2024,256820.49996823017,2024,660256.7248683958,21.318646073128388,17.812524286013637,100.0,57.64364620458844,38.35731781915682,49.5670232635684,58.39088458393167,3000.0,0.3776228109010277,2.12972105962185,0.6332171081757707,211.0,156.2014095084811,46.44242229520045,4.949302649054625,1.1541964974416443,385.0,362.9996737712028,84.652926229761,14.331473730812334,2.8993026490546248,966.0,1051.1218767232074,212.6452937712028,56.42410598849016,100.0,31153793845.074352,55.43277963974092,platform_snapshot_world_bank_217_economies,False,False,False,False,True,,3030128.0,2024,544687.0,2024,660256.0,2024,2,un_wpp2024_population_by_single_age_sex,UN World Population Prospects 2024,3153249.0,558076.0,676438.15,3678885.0,708064.0,829976.2,4512303.0,739461.0,903425.25,22.698017549719808,33.556223876491885,,,,,False,,False,,,,,,False,False,,,,,False,False,0.0,0.0,,0.7473684210526315,0.2371804928273078,0.309872681650229,0.2735265872387684,0.4268215731885208,0.435343543244485,0.5745022371454191,0.4841385920447567,0.3916231432917061,0.3916231432917061,0.5952936010294915,0.3454429769845732,0.5,0.8021396493726463,0.516369890390812,0.4587914827143891,0.6352495756955333,0.4333379156294659,0.4736969049751977,0.5023985355043239,0.5202840500850217,0.5070349055972398,energy_logistics,0.3492657101188192,0.6795726886382059,558076.0,18212.523642947748,0.443259103765445,708064.0,23107.304992008536,0.4726533693411483,739461.0,24131.92996211589,0.4922208480200166,0.9216759802047056,0.7029518516316545,0.5,0.5033666794784272,,0.4754838805618042,0.5736207734207727,0.4991537007197953,0.5033666794784272,0.5070349055972398,0.7406019346460996,0.7406019346460996,0.5,Namibia,partner_embedded_branch,600,1664779.5352423904,1383645.2691874886,0.5281555293805047,0.09380342984743,122309521.19676964,5159.61299236151,25.0,2.457475550489779,0.00013500356331,18212.523642947748,0.08,132172.4378675691,418084.3806065915,-252465.1922904951,-3456474.479033428,-253943377.85265905,-3416680.261432243,-251019740.4591393,-3886257.175853138,-2967560.9755817475,0.0,inf,-19.911096465286544,101.90251014242828,0.11,0.4184163783120785,0.1255249134936235,True,,49.23625856593296,49.23625856593296,54.0,44.0,45.0,43.0,47.0,0.0,0.0,0.0,I_RUSCOMP=0.74; I_FEAS=0.57; I_PROGRAM=0.51,I_FIN=0.13; I_ECO=0.48; I_HRSTRAT=0.50,C_watchlist,,,
VEN,"Venezuela, RB",Latin America & Caribbean,,"National Accounts data for the period 1960–2014 are sourced from the Central Bank of Venezuela. Estimates for 2015–2024 are derived from the IMF World Economic Outlook (WEO), following methodological consultations with the IMF’s Latin America and the Caribbean (LAC) and Statistics Departments. Final estimates were reviewed by the World Bank Group's Prosperity Vertical.",23134.759094596546,,5.299999999999841,2024.0,26.08116575964987,2024.0,38.636645244606136,2011.0,89.285859883201,2024,76.67890167,2024.0,78.2699203491211,2009.0,-11.194406747818,2023.0,-15.060735225677467,2023.0,-14.183732509613034,2023.0,-8.32319617271422,2023.0,62.50396544241904,2011.0,2733306.4999999995,2024,2307132.9999999995,2024,1836843.9999999988,2024,5867019.299999999,20.729097982747884,21.349007782413747,93.33333333333331,76.12687326490922,86.47313384426292,48.1727777912314,2.0463743296500927,4164.256637027377,0.6250396544241904,2.575071377963543,0.8187797408181428,197.0,188.8650051168069,60.05225379866953,6.062678444908856,1.5500634470787047,372.0,444.6586627920172,113.68723343716168,17.300475853090283,4.012678444908857,964.0,1268.8791807787125,294.3042827920172,30.603368895725325,93.33333333333331,657155394256.2032,78.08097610473632,platform_snapshot_world_bank_217_economies,False,False,False,False,True,,28405545.0,2024,5040438.0,2024,5867017.8,2024,2,un_wpp2024_population_by_single_age_sex,UN World Population Prospects 2024,28633721.0,5227403.0,6098492.3,29883332.0,4877883.0,6037357.05,31094887.0,4253147.0,5111355.5,-1.0024649863048962,-16.186571228432967,,,,,False,,False,,,,,,False,False,,,,,False,False,0.0,0.0,,0.7473684210526315,0.7919691676216837,0.7476044743178896,0.7697868209697867,0.8066798132485693,0.6694031363714056,0.7536154234767596,0.0,0.0036868231949339,0.0036868231949339,0.7390334757236607,0.8585834566044453,0.5,0.2684086788202511,0.0145678677326013,0.0,0.0,0.2430706443686836,0.1495755465702976,0.4693511971142668,0.3014461693907038,0.4068795894006192,digital_finance_business_informatics,0.5692641141286611,0.6144717331104025,5227403.0,1061611.0498579722,0.8927964353446256,4877883.0,990628.519116348,0.8894337957660868,4253147.0,863753.5410738916,0.8857574223654018,0.1942593208964659,0.2034551560439778,0.5,0.761660976917051,,0.544404201985492,0.2947919542972833,0.3230469936340072,0.761660976917051,0.4068795894006192,0.709453598176143,0.709453598176143,0.5,"Venezuela, RB",partner_embedded_branch,600,2141229.2437995104,1685131.080665025,0.7570757105211006,0.1551457700545976,157313757.18978187,5669.157190680772,25.0,132.80247711207411,0.0001251603877451,1061611.0498579722,0.08,842762.9933377283,795557.143361727,110850.42144493943,-2920380.811322012,-214557165.78893572,-2707593.8042804347,-198923938.44729885,-3893214.893443764,-1763749.8751743431,0.0,inf,0.1472355468778356,150.16245817652566,0.11,0.5325713235048781,0.1597713970514634,True,,48.92530160508401,48.92530160508401,55.0,45.0,46.0,41.0,51.0,0.0,0.0,0.0,I_MARKET=0.76; I_RUSCOMP=0.71; I_ECO=0.54,I_FIN=0.16; I_FEAS=0.29; I_HRSTRAT=0.32,C_watchlist,,,
GUY,Guyana,Latin America & Caribbean,High income,,70516.7215064805,2024.0,43.81931080243552,2024.0,194.35075731017207,2005.0,14.46084584830349,2024.0,26.477717988557,2024,83.00080109,2024.0,26.4315792489043,2024.0,-2.061408996582033,2023.0,-2.395630389451978,2023.0,-3.941265106201171,2023.0,-0.38620426133275,2023.0,37.02230653511271,2024.0,72100.04531388455,2024,71671.044972793,2024,75545.54642428573,2024,177766.5861776061,20.96616244753448,17.80302306577107,100.0,33.74267588251224,40.77362900154787,85.0,37.63067321471453,12693.00987116649,0.3702230653511271,2.116401517632029,0.6276672990133454,49.0,155.22450634859646,46.03537931191519,4.916003794080073,1.1423569045618036,90.0,360.5574158714912,83.78456786541909,14.242676784213526,2.866003794080072,226.0,1044.6091889906431,210.20303587149115,88.9637118153438,100.0,58605530526.656364,70.92947377467128,platform_snapshot_world_bank_217_economies,False,False,False,False,True,,831094.0,2024,143772.0,2024,177767.7,2024,2,un_wpp2024_population_by_single_age_sex,UN World Population Prospects 2024,840891.0,142392.0,175537.2,885943.0,154850.0,184971.65,940609.0,141425.0,173740.4,5.374615750963319,-1.0236006954651322,,,,,False,,False,,,,,,False,False,,,,,False,False,0.0,0.0,,0.7473684210526315,0.240608671346053,0.6093841996905183,0.4249964355182856,0.5055460728539897,0.9910692969924728,1.0,1.0,0.0,0.0,0.8160146735608774,0.0295752275715278,0.5,0.6174525292522429,0.4162052287402196,0.3013683313902885,0.3968940091294184,0.4467546664037576,0.5588369005293896,0.7090165446342238,1.0,0.887528209762145,energy_logistics,0.8201254861721811,0.9268933363453944,142392.0,19278.316842065604,0.4495474477763979,154850.0,20964.993559988336,0.4618638290770324,141425.0,19147.39563591444,0.4667721829199424,0.5288010279939327,0.3788611591780444,0.5,0.45580470169964,,0.8148381254815588,0.4590670389564238,0.7512576880125064,0.45580470169964,0.887528209762145,0.8089037435377153,0.8089037435377153,0.5,Guyana,partner_embedded_branch,600,2235965.850122295,1816520.722120857,0.8694155274107683,0.1190052514295867,164273951.44604987,6864.92460852254,25.0,3.289977513769504,0.0001707457766451,19278.316842065604,0.08,141682.0296919316,705193.5793431439,-507096.0633037607,-5516445.346162892,-405287171.4927069,-5475478.345996162,-402277371.05415744,-6171238.670414095,-4790209.481338617,0.0,inf,-22.4523362290554,135.86156867319593,0.11,0.0869730400054227,0.0260919120016268,True,,48.56298070361997,48.56298070361997,56.0,46.0,47.0,40.0,56.0,0.0,0.0,0.0,I_PROGRAM=0.89; I_ECO=0.81; I_RUSCOMP=0.81,I_FIN=0.03; I_MARKET=0.46; I_FEAS=0.46,B_strategic_with_subsidy,,,
MDV,Maldives,South Asia,Upper middle income,,23034.40984048391,2024.0,3.494404226542855,2024.0,156.47395574101117,2024.0,72.09732607678175,2024.0,41.9982152717385,2024,85.23999786,2024.0,48.4968654322788,2022.0,-0.8958143740892428,2023.0,-0.5502106696367267,2023.0,-4.704275727272037,2023.0,3.7108463644981393,2023.0,51.099805843591305,2024.0,32353.01097211538,2024,31999.502724446786,2024,55546.48266439235,2024,89348.43089553872,15.631327313194207,8.149188304396949,100.0,20.65310065305006,58.36876343716086,75.59101753601938,45.647068963363125,4146.193771287104,0.5109980584359131,2.3697965051846435,0.7332485438269347,177.0,173.8094069576604,53.77908789902517,5.549491262961609,1.367596893497461,330.0,407.019667394151,100.30447951792036,15.931976701230958,3.499491262961609,844.0,1168.5085263844028,256.66528739415105,46.65809234226502,100.0,12157538479.397568,71.94905962968363,platform_snapshot_world_bank_217_economies,False,False,False,False,True,,527801.0,2024,64353.0,2024,89348.7,2024,2,un_wpp2024_population_by_single_age_sex,UN World Population Prospects 2024,531517.0,66410.0,85769.0,551602.0,74778.0,90994.2,589963.0,52268.0,66767.45,6.092177826487433,-22.154333150672155,,,,,False,,False,,,,,,False,False,,,,,False,False,0.0,0.0,,0.7473684210526315,0.4752984180146304,0.6290901901777938,0.5521943040962121,0.3095886004161138,0.6681485364481929,0.5500175770595014,0.7894645262079362,0.8241041526338456,0.8241041526338456,0.8432811702410519,0.234431151951894,0.5,0.7976278830665962,0.4674640115554591,0.2671028607553864,0.4766679951266565,0.6229130978435807,0.6310100793781126,0.7497794032164469,0.6936857465485622,0.7233780907020269,digital_finance_business_informatics,0.5680793835538075,0.8201957589563175,66410.0,10257.048863433623,0.3797766762839157,74778.0,11549.489533350992,0.3957478598200896,52268.0,8072.811775243917,0.3717797458799598,0.6122755808827713,0.1774982785707708,0.5,0.4004451328783535,,0.620034357091055,0.5344256979677362,0.6973205090645812,0.4004451328783535,0.7233780907020269,0.7860162701579526,0.7860162701579526,0.5,Maldives,partner_embedded_branch,600,1948636.1015468668,1606898.611187731,0.7050336196607652,0.102426346447098,143164150.88093662,5767.25750425762,25.0,1.594594187003736,0.0001555442304001,10257.048863433623,0.08,128828.57787959315,561473.2991044559,-387726.85729650623,-4523609.706794372,-332344629.18750507,-4617188.600636139,-339219767.5812764,-5501384.89525103,-3938731.667278914,0.0,inf,-42.16055950132238,127.96359634977306,0.11,0.225148036654864,0.0675444109964592,True,,48.372777246174806,48.372777246174806,58.0,47.0,48.0,45.0,53.0,0.0,0.0,0.0,I_RUSCOMP=0.79; I_PROGRAM=0.72; I_HRSTRAT=0.70,I_FIN=0.07; I_MARKET=0.40; I_FEAS=0.53,B_strategic_with_subsidy,,,
BRN,Brunei Darussalam,East Asia & Pacific,High income,,79071.7333801445,2024.0,4.052517093067266,2024.0,132.5874396422447,2024.0,38.95329126072233,2024.0,74.8983133873697,2024,96.29828801,2024.0,36.4182725443167,2023.0,9.8125092983246,2023.0,6.207976698875427,2023.0,6.83824145793915,2023.0,9.562004566192613,2023.0,36.8866370863808,2024.0,31882.96630066656,2024,36035.46155312636,2024,40091.95456975314,2024,85959.80741018183,17.93702728939871,13.466621477196991,100.0,23.1792711081888,66.65252619691115,73.18406044147385,91.53517948271224,14000.0,0.368866370863808,2.1139594675548548,0.6266497781478559,45.0,155.04539760455623,45.96075066856508,4.909898668887136,1.140186193382093,81.0,360.1096440113905,83.62536009293886,14.226396450365698,2.859898668887136,204.0,1043.4151306970416,209.75526401139047,89.1263221668917,100.0,36588151541.393845,73.925481763295,platform_snapshot_world_bank_217_economies,False,False,False,False,True,,462734.0,2024,67920.0,2024,85961.85,2024,2,un_wpp2024_population_by_single_age_sex,UN World Population Prospects 2024,469780.0,66650.0,83819.3,495300.0,67917.0,83107.65,519557.0,60502.0,75998.2,-0.8490288036287708,-9.330905889216456,,,,,False,,False,,,,,,False,False,,,,,False,False,0.0,0.0,,0.7473684210526315,0.3468286632409724,0.6672893821068683,0.5070590226739203,0.4468534264342838,1.0,0.6129500336771728,0.6337786810162647,0.011450618564863,0.011450618564863,0.9779369699023654,0.6686814139577263,0.5,1.0,0.938378707666237,0.7854570916671647,0.7688115864806999,0.5408859491804724,0.6246512907093391,0.6495232227550193,0.625447222080628,0.6357345172042401,digital_finance_business_informatics,0.8381363298497304,0.763227436182756,66650.0,10904.503695761392,0.3865445324508608,67917.0,11111.795611478266,0.3914637062955038,60502.0,9898.63889873902,0.3942050636343741,0.3803772426114302,0.2953970763054999,0.5,0.3928732544171888,,0.6524061895198521,0.83790294299165,0.6348388429389978,0.3928732544171888,0.6357345172042401,0.7697541128731039,0.7697541128731039,0.5,Brunei Darussalam,partner_embedded_branch,600,2085748.96671588,1830845.014766124,0.8975437413045317,0.0356613525418369,153237682.26075232,6857.407860460935,25.0,1.605138553631668,0.0001472762700049,10904.503695761392,0.08,130566.8061454106,671654.1082646555,-487354.9734580724,-5233005.762473213,-384463177.06256825,-5213671.935501303,-383042742.0621517,-5641864.134170683,-4899208.289438561,0.0,inf,-44.27646046321692,131.1751119617571,0.11,0.1291209278119527,0.0387362783435858,True,,48.06562679118636,48.06562679118636,59.0,48.0,49.0,45.0,57.0,0.0,0.0,0.0,I_FEAS=0.84; I_RUSCOMP=0.77; I_ECO=0.65,I_FIN=0.04; I_MARKET=0.39; I_HRSTRAT=0.63,B_strategic_with_subsidy,,,
KWT,Kuwait,Middle East & North Africa,High income,,46137.46742548454,2024.0,-2.5601109996751745,2024.0,96.07978815819996,2023.0,55.8544139729526,2024.0,100.0,2024,100.0,2025.0,51.8967176944636,2021.0,0.0527818948030471,2023.0,2.391679406166077,2023.0,2.246450781822205,2023.0,2.857254356145861,2023.0,62.38648869100397,2024.0,281429.6758922721,2024,238777.0572932683,2024,425066.79949984,2024,711486.7929604684,14.701779726296277,16.213896107536154,100.0,68.19199465505,81.69907855225836,52.29801174399752,59.75720261258114,8304.744136587216,0.6238648869100397,2.5729567964380715,0.8178986651825297,98.0,188.7099140952353,59.987632539681385,6.057391991095178,1.5481838190560635,186.0,444.2709352380882,113.54937475132031,17.286378642920475,4.0073919910951785,483.0,1267.845240634902,293.91655523808834,54.84680169635948,100.0,225947312136.53067,78.56901530833908,platform_snapshot_world_bank_217_economies,False,False,False,False,True,,4934509.0,2024,524163.0,2024,716897.55,2024,2,un_wpp2024_population_by_single_age_sex,UN World Population Prospects 2024,5102772.0,561345.0,757469.4,5569674.0,572933.0,814064.15,6367757.0,614712.0,859262.7,7.471555946682473,13.4386022722502,,,,,False,,False,,,,,,False,False,,,,,False,False,0.0,0.0,,0.7473684210526315,0.5114597648238977,0.7570370256389324,0.6342483952314151,0.6736703630001388,0.8686304087336145,0.0,0.3958316922735237,0.4258466683533611,0.4258466683533611,1.0,1.0,0.5,0.7600896009793969,0.5091799642444886,0.5792478145888456,0.6038403100166272,0.5291348697860369,0.572805525069912,0.5941730167153727,0.2374990153641142,0.5554035482218429,digital_finance_business_informatics,0.7399747530678534,0.7110123063441979,561345.0,114403.33509689088,0.6464525299644763,572933.0,116764.99476626136,0.6523098860411475,614712.0,125279.64607163148,0.6733831748141277,0.3839176902566169,0.4783525588372295,0.5,0.6093215794705293,,0.5329517749777483,0.7040072867648115,0.480760568816357,0.6093215794705293,0.5554035482218429,0.7432316230801473,0.7432316230801473,0.5,Kuwait,partner_embedded_branch,600,2137643.0577080417,1824503.1503335328,0.8865788408844779,0.0651183969117414,157050284.04244637,6263.49841008304,25.0,15.901570003996644,0.0001390680850752,114403.33509689088,0.08,215615.48010034283,703165.9248708345,-431297.1707808249,-5100123.68224279,-374700476.7983274,-5284447.43528706,-388242540.1783616,-5649166.639377203,-4978877.6393383015,0.0,inf,-4.33031642486212,149.42610630583448,0.11,0.1177268682899465,0.0353180604869839,True,,47.91068954833261,47.91068954833261,60.0,49.0,50.0,47.0,56.0,0.0,0.0,0.0,I_RUSCOMP=0.74; I_FEAS=0.70; I_MARKET=0.61,I_FIN=0.04; I_HRSTRAT=0.48; I_ECO=0.53,C_watchlist,,,
BGD,Bangladesh,South Asia,Lower middle income,"The reporting period for national accounts data is designated as either calendar year basis (CY) or fiscal year basis (FY). For this country, it is fiscal year-based (fiscal year-end: June 30). Also, an estimate (PA.NUS.ATLS) of the exchange rate covers the same period and thus differs from the official exchange rate (CY).",8486.784956605168,2024.0,4.223259112501609,2024.0,26.77807580404776,2024.0,51.41665550465746,2024.0,32.6783196323307,2024,53.42171316,2024.0,23.7295608009814,2024.0,-4.881338775157929,2023.0,-3.5186006426811245,2023.0,-6.399070858955383,2023.0,-6.360597014427186,2023.0,26.883777251779083,2024.0,17076594.49999997,2024,16086765.499999994,2024,15117536.000000004,2024,39966251.199999966,22.87150631598398,21.63602433235954,100.0,88.2581785440736,26.02818678538656,35.155346902889065,21.22164810653211,3000.0,0.2688377725177908,1.933907990532024,0.551628329388343,184.0,141.83977409438452,40.45840753932688,4.459769976330058,0.9801404360284652,327.0,327.0955852359612,71.88702808389735,13.026053270213492,2.4097699763300584,803.0,955.3776406292302,176.74120523596125,74.03354571480067,100.0,1472986459828.0305,54.71886824029441,platform_snapshot_world_bank_217_economies,False,False,False,False,True,,173562367.0,2024,33163361.0,2024,39966252.2,2024,2,un_wpp2024_population_by_single_age_sex,UN World Population Prospects 2024,177818039.0,33268946.0,40091832.5,195130370.0,31003615.0,38267775.1,214709098.0,30969574.0,38053506.4,-4.549698245895839,-5.084143010923736,,,,,False,,False,,,,,,False,False,,,,,False,False,0.0,0.0,,0.7473684210526315,0.2118695913374443,0.2960745976761432,0.2539720945067938,0.907235829367324,0.3799857873969059,0.6322027966492578,0.0,0.317037945377449,0.317037945377449,0.4558327933208784,0.111417320532437,0.5,0.3547175946805243,0.2921945604642149,0.1909925797014125,0.3483501400602262,0.240650865610964,0.244784616132352,0.387287147073687,0.2528811186597031,0.3502269735021084,digital_finance_business_informatics,0.3025041255057857,0.5776475327763705,33268946.0,717106.5319168705,0.8494150974112633,31003615.0,668277.7034636403,0.8457794560847186,30969574.0,667543.955437689,0.8574132545743341,0.1915968663840767,0.3179874386123935,0.5,0.7126012673147062,,0.4708775645461109,0.3208403970611333,0.3042145792670914,0.7126012673147062,0.3502269735021084,0.7015284468622619,0.7015284468622619,0.5,Bangladesh,partner_embedded_branch,600,1710591.8314211103,1352934.6064795428,0.4924646626543241,0.1494151126465506,125675300.20349444,5055.336902513481,25.0,86.16669922634304,0.000120221441989,717106.5319168705,0.08,538177.6265920433,477569.5443732582,98813.64576864574,-2128072.810605376,-156347168.5150853,-2151087.9023560914,-158038061.98940945,-2672545.5008323733,-1659096.187806954,0.0,inf,0.2268440344620408,100.86564338313713,0.11,0.6221625152317879,0.1866487545695363,True,,47.79421397352352,47.79421397352352,61.0,50.0,51.0,46.0,58.0,0.0,0.0,0.0,I_MARKET=0.71; I_RUSCOMP=0.70; I_ECO=0.47,I_FIN=0.19; I_HRSTRAT=0.30; I_FEAS=0.32,C_watchlist,,,
MDA,Moldova,Europe & Central Asia,Upper middle income,"Excluding Transnistria. For 1950-94, World Bank estimates using UN World Population Prospects' growth rates of whole Moldova.",16376.61137042646,2024.0,0.1030593643712052,2024.0,88.66611542868309,2024.0,62.26595667893283,2024.0,43.516471862793,2024,77.3687973,2024.0,74.7109378669046,2024.0,-1.154663965106008,2023.0,-1.0686100721359282,2023.0,0.7384863719344161,2023.0,-4.785897254943847,2023.0,40.69943996741589,2024.0,146848.50660614512,2024,119562.7835691116,2024,124177.48715589744,2024,322291.15939541056,12.973384277589492,9.88243256273406,100.0,34.8760849181118,70.40928003132333,41.77321772426078,42.37320701890057,3000.0,0.4069943996741589,2.1825899194134863,0.6552457997556191,218.0,160.07900201349497,48.058085838956224,5.081474798533715,1.2011910394786542,400.0,372.6936550337373,88.09967512310662,14.683932796089907,3.031474798533715,1010.0,1076.9724934232995,222.33927503373727,51.63142275397283,100.0,39341631754.84371,79.81328136007139,platform_snapshot_world_bank_217_economies,False,False,False,False,True,,3034969.0,2024,336570.0,2024,407166.0,2024,2,un_wpp2024_population_by_single_age_sex,UN World Population Prospects 2024,2961262.0,349138.0,410289.4,2702010.0,401658.0,476254.95,2351807.0,242742.0,301862.1,16.07780995560695,-26.4270293115055,,,,,False,,False,,,,,,False,False,,,,,False,False,0.0,0.0,,0.7473684210526315,0.7541152875401902,0.7810855104806329,0.7676003990104115,0.4558931804638469,0.5696941419630179,0.1676116584443899,0.3475113805086413,0.5830503059842401,0.5830503059842401,0.7474342724544731,0.2544707068535329,0.5,0.4239679194208363,0.4560807100956722,0.5115277740303427,0.4542585745314934,0.5565390123947829,0.4943545755282836,0.5280183969675784,0.2755514916829407,0.5240159122567976,diplomatic_analytic,0.4737692215865666,0.6906103429669184,349138.0,64711.28163466596,0.5834471048106524,401658.0,74445.64601623616,0.6023947861001985,242742.0,44991.22389015829,0.5607391770776721,0.6652081371809129,0.0878443255377661,0.5,0.5609024617407604,,0.4469319895129884,0.4828502097016898,0.4421791789503986,0.5609024617407604,0.5240159122567976,0.7354630926997278,0.7354630926997278,0.5,Moldova,partner_embedded_branch,600,1818610.3806012925,1484397.837498983,0.6047636792260607,0.1137729538656282,133611304.19135831,5443.418292139244,25.0,8.800066002096841,0.0001360605062395,64711.28163466596,0.08,165986.34263793274,493751.223652843,-288264.7831226828,-3873546.667405263,-284585212.7529305,-3867916.204334693,-284171548.8246451,-4269620.019760858,-3659251.924234148,0.0,inf,-6.017747355483448,114.70919251146474,0.11,0.3457724661184173,0.1037317398355251,True,,47.6234291835142,47.6234291835142,63.0,51.0,52.0,51.0,54.0,0.0,0.0,0.0,I_RUSCOMP=0.74; I_MARKET=0.56; I_PROGRAM=0.52,I_FIN=0.10; I_HRSTRAT=0.44; I_ECO=0.45,C_watchlist,,,
SLV,El Salvador,Latin America & Caribbean,Upper middle income,,11669.0817135644,2024.0,2.602020161210689,2024.0,84.6596461582312,2024.0,61.03668716152938,2024.0,75.0674905102199,2024,66.47769928,2024.0,32.8347079463918,2024.0,0.3530731573700905,2023.0,-2.585501223802567,2023.0,-2.155337840318677,2023.0,0.0163267988245933,2023.0,42.0661059675436,2024.0,557956.9996370971,2024,602759.999642774,2024,630178.9996721275,2024,1444297.5491323285,22.342268183383577,19.017566096433328,100.0,56.67548174001864,50.74405757183206,45.66537414872057,44.36351136897068,3000.0,0.420661059675436,2.207189907415785,0.6654957947565769,222.0,161.88325369354035,48.80985737230847,5.142974768539462,1.2230576954806978,408.0,377.2042842338509,89.7034543942581,14.847932716105232,3.092974768539462,1031.0,1089.0008379569356,226.84990423385088,49.3565496942384,100.0,73960892033.34187,67.25041238391753,platform_snapshot_world_bank_217_economies,False,False,False,False,True,,6338199.0,2024,1160718.0,2024,1444299.0,2024,2,un_wpp2024_population_by_single_age_sex,UN World Population Prospects 2024,6391257.0,1116395.0,1398278.6,6578186.0,1020129.0,1250108.7,6663348.0,852305.0,1045678.1,-10.596593554388956,-25.21675580245597,,,,,False,,False,,,,,,False,False,,,,,False,False,0.0,0.0,,0.7473684210526315,0.3087133240304091,0.5382773395748318,0.4234953318026204,0.5345379628139836,0.4718835374839168,0.4493929098169275,0.321398298465799,0.5529100341921905,0.5529100341921905,0.6148143562486346,0.6709143924024984,0.5,0.6351545746523795,0.5223857257607171,0.3815711969798673,0.3886862539406507,0.4344519918956536,0.4275299907405099,0.5113139915791803,0.3725961430062504,0.4851196547833567,digital_finance_business_informatics,0.3818772641417101,0.6653277756091819,1116395.0,59501.65623379863,0.5741663740046665,1020129.0,54370.86790260504,0.5675458868589475,852305.0,45426.17901042887,0.5617974458043514,0.1522854060892523,0.1544412281661473,0.5,0.4975632996605121,,0.4736505306596399,0.5281728545183828,0.4445634367557002,0.4975632996605121,0.4851196547833567,0.7318595778890198,0.7318595778890198,0.5,El Salvador,partner_embedded_branch,600,1737061.6206313835,1430643.3290537656,0.5637542688418214,0.1038019720059557,127620006.50000508,5227.450782536248,25.0,7.892709763230663,0.0001327159843975,59501.65623379863,0.08,159608.40175500634,455378.3686014412,-259339.6973583195,-3614717.5750411833,-265569324.0489432,-3582618.008273702,-263211004.1880598,-4032230.457337612,-3269805.771991156,0.0,inf,-6.285689359644974,109.59375598713896,0.11,0.3917022672117336,0.11751068016352,True,,47.60189895242998,47.60189895242998,64.0,52.0,52.0,51.0,54.0,0.0,0.0,0.0,I_RUSCOMP=0.73; I_FEAS=0.53; I_MARKET=0.50,I_FIN=0.12; I_HRSTRAT=0.44; I_ECO=0.47,C_watchlist,,,
GTM,Guatemala,Latin America & Caribbean,Upper middle income,"The World Bank systematically assesses the appropriateness of official exchange rates as conversion factors. In this country, multiple or dual exchange rate activity exists and must be accounted for appropriately in underlying statistics. An alternative estimate (“alternative conversion factor” - PA.NUS.ATLS) is thus calculated as a weighted average of the different exchange rates in use in the country. Doing so better reflects economic reality and leads to more accurate cross-country comparisons and country classifications by income level. For this country, this applies to the period 1985-2003. Alternative conversion factors are used in the Atlas methodology and elsewhere in World Development Indicators as single-year conversion factors.",12640.887502314612,2024.0,3.651863828948194,2024.0,47.344196760267046,2024.0,61.83986165460102,2024.0,55.9547027274763,2024,60.22140121,2024.0,27.2948879201171,2023.0,-6.280170857906343,2023.0,-7.52693963050841,2023.0,-2.032484561204909,2023.0,-1.710554525256157,2023.0,42.80166328101531,2024.0,1891680.499999996,2024,1852203.5000000023,2024,1715112.0000000002,2024,4515684.399999999,24.352830645558377,22.921009444272705,100.0,79.03783708806043,38.59000713163368,44.49754302063381,24.823918980260444,3000.0,0.428016632810153,2.220429939058276,0.6710124746076147,224.0,162.85432527831455,49.21447053263105,5.176074847645689,1.234826612496245,412.0,379.6319631957863,90.5666291362796,14.936199593721838,3.1260748476456888,1042.0,1095.474648522097,229.27758319578632,48.17015947795599,100.0,232672713446.2161,65.58846637603513,platform_snapshot_world_bank_217_economies,False,False,False,False,True,,18406367.0,2024,3743885.0,2024,4515685.4,2024,2,un_wpp2024_population_by_single_age_sex,UN World Population Prospects 2024,18967983.0,3771237.0,4567460.7,21394241.0,3907547.0,4743238.4,24670861.0,3686543.0,4495737.05,3.848477557781728,-1.5703178354660063,,,,,False,,False,,,,,,False,False,,,,,False,False,0.0,0.0,,0.7473684210526315,0.249790953944154,0.5061561679631489,0.3779735609536515,0.6773245658957894,0.4949697187889629,0.5677726230220126,0.0781863016133528,0.5726029470765469,0.5726029470765469,0.5386319801210393,0.4186436218671673,0.5,0.5592117850759026,0.2306788082970985,0.3870883225763185,0.1750772662236285,0.3018015603814399,0.3483073686841829,0.4898924304453539,0.2740208301768167,0.442157021387162,digital_finance_business_informatics,0.4030661211010518,0.6374020639016553,3771237.0,164780.5636859744,0.6868000493027946,3907547.0,170736.49767687317,0.6944471158536168,3686543.0,161079.94103594738,0.7010309195215754,0.4175148479547564,0.3635588434701493,0.5,0.6204191689085709,,0.4975420386327411,0.3983949389295046,0.3826554318364414,0.6204191689085709,0.442157021387162,0.7201343539590893,0.7201343539590893,0.5,Guatemala,partner_embedded_branch,600,1812591.216216756,1455208.7833814526,0.5776964040180603,0.1323531134355089,133169082.8051072,5273.787526273852,25.0,21.1772732221648,0.0001285849706152,164780.5636859744,0.08,227217.0617851641,491178.7087005825,-224667.35021937173,-3598150.290111129,-264352143.8491456,-3492577.64173235,-256595837.50266987,-4048738.015408773,-3076220.1397467,0.0,inf,-2.0116262525713147,114.60685125644076,0.11,0.4061977536280918,0.1218593260884275,True,,47.54517662452329,47.54517662452329,65.0,53.0,53.0,49.0,56.0,0.0,0.0,0.0,I_RUSCOMP=0.72; I_MARKET=0.62; I_ECO=0.50,I_FIN=0.12; I_HRSTRAT=0.38; I_FEAS=0.40,C_watchlist,,,
QAT,Qatar,Middle East & North Africa,High income,,110889.79270169129,2024.0,2.359705869265966,2024.0,100.21364084561216,2022.0,46.06970587350455,2024.0,99.3219891728394,2024,98.08540344,2024.0,43.0178909301758,2024.0,8.38188827037814,2023.0,6.530195355415346,2023.0,6.839286208152769,2023.0,6.953667998313904,2023.0,60.84165961178818,2024.0,113330.02759285038,2024,149005.17777279345,2024,329320.6076852326,2024,410529.4788239985,13.348243119829672,7.313394621316862,100.0,40.11298305730209,76.52542527947263,62.633413891077495,90.26899718278078,14000.0,0.6084165961178818,2.545149873012188,0.8063124470884113,58.0,186.67045422625665,59.1378575942736,5.987874682530468,1.523466553788611,109.0,439.1722855656416,111.73652153445036,17.10099915341458,3.937874682530469,281.0,1254.2488415083776,288.81790556564164,62.73892623194469,100.0,316903289158.3328,75.90536727905274,platform_snapshot_world_bank_217_economies,False,False,False,False,True,,3048431.0,2024,279830.0,2024,437907.35,2024,2,un_wpp2024_population_by_single_age_sex,UN World Population Prospects 2024,3173568.0,328980.0,487015.0500000001,3511260.0,389541.0,598425.6,4164466.0,472750.0,689966.8,22.87620269640536,41.67258280827255,,,,,False,,False,,,,,,False,False,,,,,False,False,0.0,0.0,,0.7473684210526315,0.4170232101965236,0.7055555123671238,0.5612893612818237,0.7158168778092487,1.0,0.4220697023076341,0.4227750249419018,0.185936902961821,0.185936902961821,0.9996985129663916,0.9910508966173142,0.5,0.9402369422629546,0.8754649886533683,0.7855040095694545,0.7827404864045816,0.545733376665048,0.6188656221964999,0.6384705490285852,0.4224928958881947,0.6097425706991841,digital_finance_business_informatics,0.8828999753809816,0.7463326709544698,328980.0,67244.79280694255,0.5876936416484293,389541.0,79623.69698707886,0.6098519109529619,472750.0,96631.9405419238,0.6448239841605324,0.7381607782695675,0.8123454141713417,0.5,0.6187885152008626,,0.6507951433246866,0.8552358281174285,0.5677957750368424,0.6187885152008626,0.6097425706991841,0.7591097500743397,0.7591097500743397,0.5,Qatar,partner_embedded_branch,600,2360347.8675991115,2079541.3120217707,1.0972634260545835,0.0318481178141657,173412161.44985238,7247.43233979467,25.0,9.709913454112428,0.0001444717234171,67244.79280694255,0.08,187557.06315258413,832770.2739534685,-578591.588884607,-6130121.659297753,-450373295.1747807,-6277903.083501173,-461230633.85143936,-7073300.771781605,-5616288.111067384,0.0,inf,-8.221907516534433,158.3801522009365,0.11,0.0,0.0,True,,47.50999221070786,47.50999221070786,66.0,54.0,52.0,43.0,63.0,0.0,0.0,0.0,I_FEAS=0.86; I_RUSCOMP=0.76; I_ECO=0.65,I_FIN=0.00; I_HRSTRAT=0.57; I_PROGRAM=0.61,B_strategic_with_subsidy,,,
SEN,Senegal,Sub-Saharan Africa,Lower middle income,,4460.923721763184,2024.0,6.060551411989763,2024.0,68.14051476562113,2024.0,48.40904299438117,2024.0,55.2368169057304,2024,60.11780167,2024.0,15.3302400879779,2024.0,0.4877263456583022,2023.0,-1.9154299795627567,2023.0,-2.4155563712120047,2023.0,-0.9701396524906172,2023.0,34.97024605453855,2024.0,2049572.9436702607,2024,1791010.9518440245,2024,1555725.958570232,2024,4540660.576870889,24.75988543580958,26.63539124439737,100.0,89.51031841524322,31.3449090373138,37.259291697180814,44.00354007367366,3000.0,0.3497024605453855,2.079464428981694,0.612276845409039,204.0,152.51540729346175,44.9065880389424,4.823661072454235,1.1095239368726169,370.0,353.78466823365443,81.37647981641045,13.996429526544627,2.7736610724542348,925.0,1026.5485286230785,203.4302882336544,61.17063737533095,100.0,82535939325.28288,52.19907202639337,platform_snapshot_world_bank_217_economies,False,False,False,False,True,,18501989.0,2024,3840584.0,2024,4540661.15,2024,2,un_wpp2024_population_by_single_age_sex,UN World Population Prospects 2024,19366552.0,3976662.0,4718354.25,23476598.0,4420028.0,5294600.3,30364953.0,5363668.0,6391463.95,12.212861083925608,35.459603314015695,,,,,False,,False,,,,,,False,False,,,,,False,False,0.0,0.0,,0.7473684210526315,0.1225331361498298,0.2473733725886245,0.1849532543692271,0.5482046266049454,0.1943871710713459,0.8393747234524592,0.2137310722341937,0.2432947530005859,0.2432947530005859,0.5373704578862257,0.4091682061681692,0.5,0.5917728939938296,0.5283073029545822,0.3698852385112045,0.4176521598975297,0.2878384270720142,0.2760146766917058,0.4228693605572515,0.4639885327215,0.4285297585101912,energy_logistics,0.1750837164338159,0.6285443430316243,3976662.0,33268.69013723598,0.5098797805398525,4420028.0,36977.88294049302,0.5247937717209147,5363668.0,44872.35995692071,0.5604481946589094,0.5808203093825929,0.7261669750259723,0.5,0.5212487512148413,,0.427539627517897,0.48507987678391,0.3911487070468623,0.5212487512148413,0.4285297585101912,0.7197908206966427,0.7197908206966427,0.5,Senegal,partner_embedded_branch,600,1580752.6878802977,1290820.606776885,0.45,0.1132824271075397,116136161.1506088,4761.082175796968,25.0,4.238754534268459,0.0001274760857453,33268.69013723598,0.08,139373.81631425678,363850.78162453725,-195368.9027803175,-3054808.2173009925,-224433399.4360649,-2896743.7767748195,-212820578.8614916,-3177617.161278764,-2700670.577639513,0.0,inf,-9.680805455509958,94.22424756882356,0.11,0.5021203051198333,0.1506360915359499,True,,47.20747192424508,47.20747192424508,67.0,55.0,56.0,51.0,58.0,0.0,0.0,0.0,I_RUSCOMP=0.72; I_MARKET=0.52; I_FEAS=0.49,I_FIN=0.15; I_HRSTRAT=0.39; I_ECO=0.43,C_watchlist,,,
CHI,Channel Islands,Europe & Central Asia,High income,,42197.20251358284,,3.7150059036726617,2023.0,105.33256455543818,,91.18101004117474,2023.0,32.7056211227456,2024,91.60810962,,75.1643373416554,,5.076377660036088,,4.309919238090515,,5.203724116086962,,3.7608208060264574,,54.32500044070311,,8750.523734683904,2024,9088.024758984398,2024,9772.525181587818,2024,22236.18482538282,13.101487224767302,12.126941695377427,40.0,10.9621168693472,74.00222924903797,76.58368447326791,75.87124949023124,7595.496452444911,0.5432500044070311,2.427850007932656,0.7574375033052733,100.0,178.06725984180954,55.55319326742064,5.69462501983164,1.4192000070512498,187.0,417.6642996045238,104.08923763716405,16.319000052884373,3.64462501983164,480.0,1196.8942122787305,267.3099196045238,62.97138748313523,40.0,7094446869.798628,85.54930120249661,platform_snapshot_world_bank_217_economies,False,False,False,False,True,,168163.0,2024,17843.0,2024,22240.85,2024,2,un_wpp2024_population_by_single_age_sex,UN World Population Prospects 2024,168756.0,18276.0,22721.55,169721.0,18277.0,22965.55,167604.0,16052.0,20127.65,1.0738704005668565,-11.416034557501565,,,,,False,,False,,,,,,False,False,,,,,False,False,0.0,0.0,,0.7473684210526315,0.7589377134532113,0.8919481238583808,0.8254429186557961,0.2424824098075838,0.8428651821247809,0.574892483746767,0.4561387838484216,1.0,1.0,0.9208250915655808,0.1117776744536974,0.5,0.7998256012561812,0.7301001703886536,0.7120537805823605,0.6867621710156004,0.751007362415522,0.7440257621492605,0.8099809425376114,0.5036402638077598,0.7722448666040859,digital_finance_business_informatics,0.7204403338255594,0.8519591632926559,18276.0,6852.512733919383,0.335180838984214,18277.0,6852.887679899571,0.3378675995065225,16052.0,6018.632873980846,0.3394847657471772,0.3392947038795927,0.2666355044806275,0.5,0.3642992435496043,,0.6559061754843248,0.6762035699419877,0.6982921848021506,0.3642992435496043,0.7722448666040859,0.7910195488366668,0.7910195488366668,0.5,Channel Islands,partner_embedded_branch,600,2070836.441356622,1757390.494049434,0.8316653523169946,0.0712352146127627,152142075.42638552,6288.68224757156,25.0,1.0952493058541852,0.0001599150321427,6852.512733919383,0.08,126612.16787173468,642957.5862509286,-464908.8114791196,-5089587.598427683,-373926402.3101236,-5326988.694694916,-391367999.71167135,-5699449.938771777,-4847541.412648427,0.0,inf,-67.49865818256464,137.50699971784954,0.11,0.1108782039456256,0.0332634611836877,True,,47.06173809381484,47.06173809381484,68.0,56.0,56.0,49.0,62.0,0.0,0.0,0.0,I_RUSCOMP=0.79; I_PROGRAM=0.77; I_HRSTRAT=0.70,I_FIN=0.03; I_MARKET=0.36; I_ECO=0.66,B_strategic_with_subsidy,,,
CPV,Cabo Verde,Sub-Saharan Africa,Upper middle income,,9848.952763509347,2024.0,7.243885389909451,2024.0,96.50535366786292,2024.0,68.72455454046235,2024.0,76.7721471004354,2024,74.73519897,2024.0,24.2905954414767,2018.0,0.0957366535440084,2023.0,2.800740420818326,2023.0,1.700317516922948,2023.0,6.322718977928163,2023.0,46.38164956549471,2024.0,47997.00198112163,2024,42240.00394957308,2024,43556.00269442232,2024,109837.20714318476,20.43903929771308,16.860830116482564,100.0,26.09515479819313,50.18980642627548,63.219749660528464,63.5539152691405,3000.0,0.4638164956549471,2.284869692178905,0.6978623717412102,233.0,167.58056875529272,51.18373864803863,5.337174230447262,1.2921063930479155,431.0,391.4475718882318,94.76773444914907,15.365797947859368,3.287174230447261,1096.0,1126.982938368618,241.09319188823176,42.54317812616411,100.0,5169488779.652495,64.68717863244301,platform_snapshot_world_bank_217_economies,False,False,False,False,True,,524878.0,2024,90235.0,2024,109835.2,2024,2,un_wpp2024_population_by_single_age_sex,UN World Population Prospects 2024,529643.0,93144.0,111553.95,548596.0,95191.0,115974.25,566142.0,58360.0,71783.5,3.96247734840407,-35.65131490189276,,,,,False,,False,,,,,,False,False,,,,,False,False,0.0,0.0,,0.7473684210526315,0.2178368412772773,0.4887365778283787,0.353286709552828,0.2030464023354529,0.4229440645775374,0.9728067202695228,0.3986054130531616,0.7414076817965298,0.7414076817965298,0.7153651836258671,0.69341425147068,0.5,0.9124897959938588,0.5110689645939198,0.5547219261747567,0.6215232399780298,0.5045737800896964,0.5433646742315152,0.6780541074095858,0.6282859359397062,0.6467345383623999,digital_finance_business_informatics,0.3384951920777818,0.77037744993556,93144.0,3625.692151855444,0.2648051953191116,95191.0,3705.3729883542856,0.269690177158959,58360.0,2271.701816351925,0.2323416822969804,0.3868077623768589,0.02073841818143,0.5,0.2711509382035879,,0.5575214517952926,0.6604084096171212,0.6227168260152007,0.2711509382035879,0.6467345383623999,0.7693994729580642,0.7693994729580642,0.5,Cabo Verde,partner_embedded_branch,600,1679492.4349054317,1420672.6386867657,0.5615960809725656,0.0747101498842333,123390461.75082366,5193.669227113112,25.0,0.5368736913605968,0.0001481519426023,3625.692151855444,0.08,122676.81059487951,435055.6511823502,-277574.38849288266,-3603353.54871447,-264734421.53514856,-3647837.267851336,-268002591.448043,-3996498.779861371,-3225196.5714133764,0.0,inf,-99.54810155896072,107.0527804517643,0.11,0.381202699877583,0.1143608099632749,True,,46.97976426227924,46.97976426227924,70.0,57.0,55.0,50.0,62.0,0.0,0.0,0.0,I_RUSCOMP=0.77; I_FEAS=0.66; I_PROGRAM=0.65,I_FIN=0.11; I_MARKET=0.27; I_ECO=0.56,B_strategic_with_subsidy,,,
ECU,Ecuador,Latin America & Caribbean,Upper middle income,,13935.539112540237,2024.0,-2.001254763410259,2024.0,57.2031395531255,2024.0,57.15664402450104,2024.0,63.2376932397602,2024,77.17273115,2024.0,67.8851161961618,2023.0,-3.459714949131014,2023.0,-6.7045355439186105,2023.0,-5.027406871318818,2023.0,-2.366979867219926,2023.0,43.4001889105821,2024.0,1577530.0444846745,2024,1556936.543760959,2024,1544896.5431825598,2024,3829670.0326777855,20.866222444265663,18.92040245489045,100.0,73.43907548457871,72.50765723196318,30.137826274433223,25.80304686554885,3000.0,0.434001889105821,2.231203400390478,0.6755014168293658,225.0,163.64448971687904,49.54370571536627,5.203008500976194,1.2444030225693137,415.0,381.6073742921976,91.2689975261147,15.008022669269852,3.1530085009761946,1051.0,1100.7424114458602,231.2529942921976,47.23194720281417,100.0,252727662993.6129,77.76553485884854,platform_snapshot_world_bank_217_economies,False,False,False,False,True,,18135478.0,2024,3134468.0,2024,3829670.75,2024,2,un_wpp2024_population_by_single_age_sex,UN World Population Prospects 2024,18444505.0,3147533.0,3843657.35,19800129.0,2994296.0,3697840.85,21337231.0,2591824.0,3188867.8,-3.793691443385294,-17.035585911423667,,,,,False,,False,,,,,,False,False,,,,,False,False,0.0,0.0,,0.7473684210526315,0.6815148079724912,0.741507800692809,0.7115113043326501,0.6876252270354826,0.5231100226323339,0.0,0.1424442216489067,0.4577758483531634,0.4577758483531634,0.7450467926672147,0.5147722269257239,0.5,0.5303442706021111,0.3547126139427383,0.2525916070168504,0.2106282313418803,0.418720415848786,0.3268322158674336,0.4359150510555025,0.085466532989344,0.3942015270651699,digital_finance_business_informatics,0.4293837168679775,0.6062309925923605,3147533.0,410903.0195628179,0.7878385277759445,2994296.0,390898.2901417928,0.7863084875751717,2591824.0,338356.51851001434,0.7826700696424395,0.2336582439762539,0.213047627800315,0.5,0.6843141026692467,,0.3870193463353005,0.4361564418362916,0.2980556450792342,0.6843141026692467,0.3942015270651699,0.7051868301160252,0.7051868301160252,0.5,Ecuador,partner_embedded_branch,600,1821550.156430384,1473209.550403524,0.5937585237636159,0.1240455827960158,133827286.28776826,5332.050988686168,25.0,50.88939645704016,0.0001239122154371,410903.0195628179,0.08,380491.0624247072,530392.8063471258,-107470.31941464852,-3170497.085913994,-232932933.35530663,-3109390.579468521,-228443505.5439148,-3854111.856118846,-2265452.6646756376,0.0,inf,-0.3960654376304501,116.09774385075248,0.11,0.4678865613187913,0.1403659683956374,True,,46.96174998052698,46.96174998052698,71.0,58.0,57.0,51.0,61.0,0.0,0.0,0.0,I_RUSCOMP=0.71; I_MARKET=0.68; I_FEAS=0.44,I_FIN=0.14; I_HRSTRAT=0.30; I_ECO=0.39,C_watchlist,,,
BIH,Bosnia and Herzegovina,Europe & Central Asia,Upper middle income,,20527.6935527158,2024.0,2.9715174617652025,2024.0,95.15629571081716,2024.0,56.55885660469075,2024.0,52.1224302754935,2024,86.10091103,2024.0,45.5027618408203,2023.0,-6.77468776702881,2023.0,-2.462736815214157,2023.0,-0.9890377819538088,2023.0,-2.473613232374193,2023.0,37.370740583123535,2024.0,163666.499783841,2024,168461.9997660996,2024,171292.4997325066,2024,409210.1244295685,12.69669633976832,10.932585172583346,100.0,38.48964235779869,60.19632289332871,54.26757095215039,31.292760321364973,3694.984839488844,0.3737074058312353,2.122673330496224,0.6302805543734264,171.0,155.68450368258283,46.22704486774284,4.93168332624056,1.1479318493299766,311.0,361.7074092064571,84.19345438451806,14.284488869974826,2.881683326240559,780.0,1047.6758378838856,211.35302920645705,64.32779961116682,100.0,64954815907.26162,71.05082855224609,platform_snapshot_world_bank_217_economies,False,False,False,False,True,,3164258.0,2024,332130.0,2024,409211.4,2024,2,un_wpp2024_population_by_single_age_sex,UN World Population Prospects 2024,3114247.0,323685.0,402714.0,2881546.0,268495.0,335724.55,2455171.0,213228.0,262043.1,-16.634497434904183,-34.9307200643633,,,,,False,,False,,,,,,False,False,,,,,False,False,0.0,0.0,,0.7473684210526315,0.4434526759046402,0.6117296775928629,0.5275911767487516,0.5183612542607421,0.6348965423194314,0.4910571935706807,0.3898126185164118,0.4431187897896289,0.4431187897896289,0.8537644320991528,0.3680612403039767,0.5,0.5256548718004576,0.2089316808189697,0.4339476899116404,0.3939931259256707,0.421037053004802,0.4641741250007679,0.5999284567269082,0.4303104485381194,0.5575553791586676,digital_finance_business_informatics,0.5364361642492487,0.712410996453134,323685.0,37992.83893048954,0.524561884713431,268495.0,31514.85947338242,0.5070656530125527,213228.0,25027.8420670418,0.4962303991821719,0.0,0.052184305398412,0.5,0.4429962904421421,,0.53613482182348,0.4696518404208406,0.5083167547524294,0.4429962904421421,0.5575553791586676,0.7467535484861584,0.7467535484861584,0.5,Bosnia and Herzegovina,partner_embedded_branch,600,1854510.379574548,1509764.3617432322,0.6244761703731027,0.116676595107415,136248837.6259245,5609.884455314913,25.0,5.295740829345881,0.0001394604719941,37992.83893048954,0.08,148520.154391607,507539.9605551845,-318416.6093191628,-4055009.1979926606,-297917065.266403,-3979052.705678222,-292336625.3282027,-4616397.156970875,-3590143.920748373,0.0,inf,-10.718032614730609,115.28619630395126,0.11,0.3278807392467053,0.0983642217740115,True,,46.839543817661145,46.839543817661145,73.0,59.0,57.0,55.0,59.0,0.0,0.0,0.0,I_RUSCOMP=0.75; I_PROGRAM=0.56; I_ECO=0.54,I_FIN=0.10; I_MARKET=0.44; I_FEAS=0.47,C_watchlist,,,
CIV,Côte d'Ivoire,Sub-Saharan Africa,Lower middle income,,6747.037967773879,2024.0,6.019534619400616,2024.0,51.26403794091189,2024.0,51.85812090743068,2024.0,53.9733113940142,2024,41.43219902,2024.0,12.3354902267456,2024.0,-2.516584217548373,2023.0,-3.228379964828494,2023.0,-0.812569655478,2023.0,-4.422517359256745,2023.0,35.56931824866844,2024.0,3401505.5008775783,2024,2779997.5023611067,2024,2313535.4999021813,2024,7222593.978194667,22.721460291896832,23.59971287379765,100.0,94.09344045449744,20.39942836191264,41.22349398990768,35.483666229164115,3000.0,0.3556931824866843,2.090247728476032,0.6167698868650132,206.0,153.3062932982547,45.23612387427278,4.85061932119008,1.119109091978695,373.0,355.76188324563674,82.0794895984486,14.068318189840213,2.80061932119008,934.0,1031.8211019883645,205.40750324563672,60.161872851411935,100.0,215461462281.6237,51.30064706802367,platform_snapshot_world_bank_217_economies,False,False,False,False,True,,31934229.0,2024,6181505.0,2024,7222595.75,2024,2,un_wpp2024_population_by_single_age_sex,UN World Population Prospects 2024,33494339.0,6709040.0,7813664.0,41033848.0,8664404.0,10305462.65,55746987.0,10455512.0,12603989.3,31.8902713246948,61.30702958304837,,,,,False,,False,,,,,,False,False,,,,,False,False,0.0,0.0,,0.7473684210526315,0.0906805202160318,0.2300091127804599,0.1603448164982459,0.6677501038164922,0.3137824636865218,0.8347496956578355,0.1037347652194509,0.3278621682496447,0.3278621682496447,0.3098375633013145,0.3924911252190431,0.5,0.439948220191752,0.3961882113791631,0.4418725644006304,0.3608958281996389,0.2482236743909849,0.2994345981346265,0.3831589704692427,0.3961407373948047,0.3736003025907182,energy_logistics,0.2515621737074283,0.5928401966839668,6709040.0,60151.46712354841,0.5753674061362885,8664404.0,77682.74035497497,0.6071150721174589,10455512.0,93741.33800482126,0.6414834108626992,0.970860142030192,0.9309252213516608,0.5,0.6187501226539769,,0.4655697413525521,0.4030499318012503,0.3619361888465264,0.6187501226539769,0.3736003025907182,0.7107923729206551,0.7107923729206551,0.5,Côte d'Ivoire,partner_embedded_branch,600,1641832.1594196802,1319310.8906312396,0.4691829095042467,0.1313290150037249,120623602.73718856,4942.70542325894,25.0,7.369983756215934,0.0001225875768442,60151.46712354841,0.08,154970.55233393164,387881.658179407,-201880.5731911228,-3177698.084868861,-233461982.82742187,-3188261.7544313427,-234238084.0101409,-3594725.9499552064,-2829177.3631420983,0.0,inf,-5.541958514490781,96.24554293654384,0.11,0.4551891891374959,0.1365567567412487,True,,46.72998380859494,46.72998380859494,74.0,60.0,59.0,55.0,62.0,0.0,0.0,0.0,I_RUSCOMP=0.71; I_MARKET=0.62; I_ECO=0.47,I_FIN=0.14; I_HRSTRAT=0.36; I_PROGRAM=0.37,C_watchlist,,,
BWA,Botswana,Sub-Saharan Africa,Upper middle income,,18068.505071428324,2024.0,-2.989868794679282,2024.0,71.10525790521241,2024.0,63.49448699832582,2024.0,67.4623537838418,2024,57.45950036,2024.0,21.4087908549348,2024.0,3.015798956155776,2023.0,2.733054667711256,2023.0,3.482043564319614,2023.0,7.269079923629791,2023.0,37.47056055413694,2024.0,245230.9999975761,2024,246031.999999173,2024,246564.9999993988,2024,602217.2499964786,23.581474078430777,21.220244867168493,100.0,53.95103671174853,37.457918711417946,39.14602408123596,71.9126754942653,3252.330912857098,0.3747056055413694,2.124470089974465,0.631029204156027,194.0,155.81628449105114,46.28195353793798,4.936175224936163,1.149528968866191,353.0,362.0368612276279,84.31059288093435,14.296467266496434,2.8861752249361623,887.0,1048.5543766070075,211.6824812276279,59.795788167857566,100.0,45553212807.27573,63.82263725648044,platform_snapshot_world_bank_217_economies,False,False,False,False,True,,2521145.0,2024,491262.0,2024,602216.25,2024,2,un_wpp2024_population_by_single_age_sex,UN World Population Prospects 2024,2603392.0,487357.0,595769.65,2954419.0,508401.0,613543.05,3437433.0,555870.0,684038.55,2.9832671066745364,14.81594438387388,,,,,False,,False,,,,,,False,False,,,,,False,False,0.0,0.0,,0.7473684210526315,0.1871855284983179,0.47202720112722,0.3296063648127689,0.4741570998614074,0.5980688292188704,0.0,0.2330544653801416,0.613172453493024,0.613172453493024,0.5050005631029199,0.570533761183323,0.5,0.9541077631121676,0.6394831117495023,0.6347361224002643,0.6185973135545729,0.457591921552879,0.529843516679592,0.4257651792884465,0.1398326792280849,0.4802886993072724,economic_legal,0.5010551688295853,0.6621876545497272,487357.0,20989.6078864832,0.4589511606751467,508401.0,21895.935913705853,0.4666818935825904,555870.0,23940.34216366937,0.4913441152733025,0.432762729733211,0.522804688786861,0.5,0.4613099407366678,,0.4096212968157343,0.6577232636718607,0.3712089304876816,0.4613099407366678,0.4802886993072724,0.7225739415892491,0.7225739415892491,0.5,Botswana,partner_embedded_branch,600,1744756.257404577,1475068.1216287687,0.6049943209045769,0.0753008819921906,128185322.99963114,5497.309428711041,25.0,2.7645135288659803,0.0001317772828574,20989.6078864832,0.08,134589.49083651282,471156.3170709456,-298874.3208687571,-3808822.098523609,-279829969.8742212,-3606016.571462636,-264930070.88713127,-3785053.0114503466,-3480410.5053402213,0.0,inf,-19.66616595802916,109.45953640281635,0.11,0.3879353616792942,0.1163806085037882,True,,46.71814811738386,46.71814811738386,75.0,61.0,58.0,55.0,61.0,0.0,0.0,0.0,I_RUSCOMP=0.72; I_FEAS=0.66; I_PROGRAM=0.48,I_FIN=0.12; I_HRSTRAT=0.37; I_ECO=0.41,C_watchlist,,,
LKA,Sri Lanka,South Asia,Lower middle income,,13752.83674038602,2024.0,5.008719309571589,2024.0,42.39750087110473,2024.0,57.46951134715525,2024.0,20.2996997058686,2024,54.59,2024.0,20.7412633848006,2023.0,-1.7659522593021395,2023.0,-0.6347377002239225,2023.0,-3.554332852363587,2023.0,-3.559789001941684,2023.0,28.885598326474305,2024.0,1715707.7718628026,2024,1615179.6019052975,2024,1557857.2345636284,2024,4031923.1293217335,18.30932059786992,17.606298956282036,100.0,72.2470286575957,24.06980337875195,47.86012876626522,37.40086307194805,3000.0,0.288855983264743,1.9699407698765368,0.5666419874485573,189.0,144.4825478495168,41.559563270632005,4.549851924691344,1.012169573223589,337.0,333.70251962379206,74.23616031068161,13.266271799176916,2.4998519246913435,833.0,972.996132330112,183.348139623792,72.01004788553065,100.0,301407170002.3,53.82237901544018,platform_snapshot_world_bank_217_economies,False,False,False,False,True,,23103561.0,2024,3511375.0,2024,4250397.4,2024,2,un_wpp2024_population_by_single_age_sex,UN World Population Prospects 2024,23348314.0,3543720.0,4278238.8,24196478.0,3366455.0,4148784.95,24813695.0,2985234.0,3665227.2,-3.025867794009063,-14.32859708532398,,,,,False,,False,,,,,,False,False,,,,,False,False,0.0,0.0,,0.7473684210526315,0.180085604592588,0.2787477506528403,0.2294166776227141,0.709570853931,0.5193012685583208,0.7207707956005097,0.0459450770150878,0.4654469945144765,0.4654469945144765,0.4700589165768313,0.0,0.5,0.4778882900666252,0.4291983847099513,0.3187447812265443,0.4730140522961734,0.3099186580631679,0.3610027700510941,0.4720111122028664,0.3158753644492566,0.4344529145989219,digital_finance_business_informatics,0.4257947208412236,0.6323943944892991,3543720.0,101197.40729654464,0.632889606558118,3366455.0,96135.28094219894,0.630750268729569,2985234.0,85248.81790138417,0.6310376858118136,0.2307593944484937,0.2315617109865484,0.5,0.5453020173757493,,0.5258337787626036,0.3959799876900851,0.3918678852312518,0.5453020173757493,0.4344529145989219,0.7204694376876425,0.7204694376876425,0.5,Sri Lanka,partner_embedded_branch,600,1776884.0687578411,1425872.8865493222,0.5541214286978215,0.1328844027081812,130545717.95916297,5324.048299252142,25.0,12.94536503269322,0.0001279885354662,101197.40729654464,0.08,186164.87873808813,463819.9289956935,-240549.45593794988,-3586722.866338533,-263512583.59473905,-3465544.588353778,-254609748.8073049,-4062329.948972609,-2895244.890960727,0.0,inf,-3.490182134460669,107.69764673508487,0.11,0.4105497712074718,0.1231649313622415,True,,46.64124794581401,46.64124794581401,76.0,62.0,59.0,56.0,61.0,0.0,0.0,0.0,I_RUSCOMP=0.72; I_MARKET=0.55; I_ECO=0.53,I_FIN=0.12; I_HRSTRAT=0.39; I_FEAS=0.40,C_watchlist,,,
GRD,Grenada,Latin America & Caribbean,Upper middle income,,17751.509866248107,2024.0,3.963325163981878,2024.0,78.03680761820395,,65.71008968246683,2024.0,36.5628000454229,2024,70.16159821,2024.0,99.9891967773438,2018.0,-0.0423923619091511,2023.0,4.234645068645474,2023.0,2.202856242656706,2023.0,7.1261343955993794,2023.0,58.00971756561666,2024.0,8575.962765187942,2024,8348.463841682904,2024,9063.46067602182,2024,21002.983911080664,17.446704949936162,14.024699719019356,93.33333333333331,5.7310250368526265,69.84530790018778,57.57645037427106,66.83067861653934,3195.27177592466,0.5800971756561666,2.4941749161811,0.7850728817421249,246.0,182.9317673824201,57.580071409341706,5.860437290452749,1.4781554810498667,463.0,429.82556845605023,108.413244339929,16.761166107874,3.810437290452749,1193.0,1229.3242625494674,279.47118845605024,27.55123413541217,93.33333333333331,2080601216.8933413,87.39675903320314,platform_snapshot_world_bank_217_economies,False,False,False,False,True,,117218.0,2024,16924.0,2024,21002.8,2024,2,un_wpp2024_population_by_single_age_sex,UN World Population Prospects 2024,117373.0,16790.0,20772.05,117257.0,15181.0,18917.8,113256.0,11710.0,14558.95,-8.926658659111641,-29.91086580284564,,,,,False,,False,,,,,,False,False,,,,,False,False,0.0,0.0,,0.7473684210526315,1.0,0.9276547651957152,0.9638273825978576,0.0896593362170717,0.5929605419395155,0.6028928077207684,0.2782324298473376,0.667496477751154,0.667496477751154,0.659672860552811,0.1626887979369489,0.5,0.9478214700098372,0.5049945326542339,0.5772900601875752,0.6835082117808614,0.6698023335272383,0.5520640341142965,0.5948455954378941,0.4080965809967099,0.6300422643993671,diplomatic_analytic,0.4961386371269517,0.7595274718595886,16790.0,5252.538507751599,0.3057829042051409,15181.0,4749.183268980168,0.2972078470219715,11710.0,3663.324950909543,0.2848843495432959,0.1314753887842841,0.0899717096359186,0.5,0.3159684840173457,,0.4961908540580268,0.6164252929246248,0.5259864227084595,0.3159684840173457,0.6300422643993671,0.756122597164952,0.756122597164952,0.5,Grenada,partner_embedded_branch,600,1895999.7091417613,1589503.5595268146,0.694725560510135,0.0843864355565825,139297013.03096515,5542.632688729044,25.0,0.7661009721520622,0.0001459294423166,5252.538507751599,0.08,124076.36763947245,543290.8808411981,-375751.2427344299,-4397171.691681159,-323055367.2989539,-4167747.705810239,-306199839.4234019,-4495756.578220076,-3663092.5252411566,0.0,inf,-88.49083913141294,129.93071832749524,0.11,0.297502966295368,0.0892508898886104,True,,45.2972599093107,45.2972599093107,77.0,63.0,64.0,62.0,68.25,0.0,0.0,0.0,I_RUSCOMP=0.76; I_PROGRAM=0.63; I_FEAS=0.62,I_FIN=0.09; I_MARKET=0.32; I_ECO=0.50,C_watchlist,,,
NGA,Nigeria,Sub-Saharan Africa,Lower middle income,"The World Bank systematically assesses the appropriateness of official exchange rates as conversion factors. In this country, multiple or dual exchange rate activity exists and must be accounted for appropriately in underlying statistics. An alternative estimate (“alternative conversion factor” - PA.NUS.ATLS) is thus calculated as a weighted average of the different exchange rates in use in the country. Doing so better reflects economic reality and leads to more accurate cross-country comparisons and country classifications by income level. For this country, this applies to 1970-2020. Alternative conversion factors are used in the Atlas methodology and elsewhere in World Development Indicators as single-year conversion factors.",7994.215638614593,2024.0,4.062364088883186,2024.0,26.166512865529874,1960.0,53.72956173652699,2024.0,62.9755675573659,2024,41.21139908,2024.0,9.74153350922586,2011.0,-5.935346961021423,2023.0,-6.213825047016146,2023.0,-6.558056056499479,2023.0,-12.3790683746338,2023.0,11.931058341527942,2024.0,26066987.555601098,2024,21861939.546663377,2024,17733608.537897244,2024,55909050.94431824,24.366959343265528,27.343774034112016,100.0,100.0,21.599501211715936,34.866371009082066,11.370068541465402,3000.0,0.25,1.9,0.5375,179.0,139.35284,39.422185,4.375,0.95,317.0,320.87825,69.67642,12.8,2.325,775.0,938.79808,170.52387,75.11538786306906,100.0,1860089921812.2805,50.6,platform_snapshot_world_bank_217_economies,False,False,False,False,True,,232679482.0,2024,47928928.0,2024,55909051.6,2024,2,un_wpp2024_population_by_single_age_sex,UN World Population Prospects 2024,242431835.0,51333389.0,59830723.25,287685762.0,61024673.0,73008791.3,359185557.0,69406474.0,83755558.75,22.025587079962293,39.98754185208684,,,,,False,,False,,,,,,False,False,,,,,False,False,0.0,0.0,,0.7473684210526315,0.0630908012409544,0.2164673944547924,0.1397790978478734,0.9363056459377276,0.3627305195878241,0.6140603747464602,0.0,0.3737477404802533,0.3737477404802533,0.3071489023887711,0.5113124151689893,0.5,0.0900442221061095,0.2458429596228206,0.1838528329306721,0.2318407131899197,0.1879591730934704,0.2329440932574491,0.3506534209922189,0.2456241498985841,0.316928046903593,digital_finance_business_informatics,0.2886730887890044,0.5560032304873355,51333389.0,385820.23574969935,0.7808737804514422,61024673.0,458659.6400913315,0.8040371064072879,69406474.0,521657.0088765303,0.8302886619997273,0.7483557815743217,0.7293767358941162,0.5,0.7369851113177146,,0.4652534786341977,0.2630940084174155,0.2838318413436975,0.7369851113177146,0.316928046903593,0.6957526256516031,0.6957526256516031,0.5,Nigeria,partner_embedded_branch,600,1722473.848378705,1347439.3655232787,0.4855276287889892,0.1621193181481686,126548258.91915023,5025.104047649466,25.0,45.22306947807408,0.000117273851558,385820.23574969935,0.08,338160.60430214694,442482.67856436817,-68923.45997707179,-2787204.630876336,-204772858.30539045,-2794035.6072728084,-205274722.6271653,-3289319.84837056,-2345547.366618762,0.0,inf,-0.3032927131350899,100.98325555714904,0.11,0.5186551653503463,0.1555965496051038,True,,45.19070355357498,45.19070355357498,78.0,64.0,65.0,61.0,70.0,0.0,0.0,0.0,I_MARKET=0.74; I_RUSCOMP=0.70; I_ECO=0.47,I_FIN=0.16; I_FEAS=0.26; I_HRSTRAT=0.28,C_watchlist,,,
RWA,Rwanda,Sub-Saharan Africa,Low income,,3264.6445147439244,2024.0,8.890655295731136,2024.0,69.95441356805613,2024.0,47.550146937663165,2024.0,29.8849714294083,2024,31.70330048,2024.0,9.41173924647801,2024.0,2.7185385227203347,2023.0,1.4360531866550448,2023.0,0.8730221614241609,2023.0,0.7566403150558489,2023.0,26.93861942326729,2024.0,1592959.554678162,2024,1358984.0473687106,2024,1088140.0378914005,2024,3441606.6190980026,24.2686387838638,25.34960883586212,100.0,84.04502955348471,6.683174208595134,33.56426722859946,58.70565587492027,3000.0,0.2693861942326729,1.9348951496188111,0.5520396456745047,184.0,141.91217589558224,40.4885749564926,4.4622378740470285,0.9810179107722768,327.0,327.27658973895564,71.95138524051755,13.032634330792074,2.412237874047028,804.0,955.8603193038816,176.9222097389556,74.03354571480067,100.0,46542623255.62925,39.4,platform_snapshot_world_bank_217_economies,False,False,False,False,True,,14256573.0,2024,2951944.0,2024,3441607.0,2024,2,un_wpp2024_population_by_single_age_sex,UN World Population Prospects 2024,14889701.0,3081080.0,3603036.8,17746323.0,3424323.0,4117743.3,22707906.0,4023046.0,4843772.2,14.285352289490906,34.435823691836866,,,,,False,,False,,,,,,False,False,,,,,False,False,0.0,0.0,,0.7473684210526315,0.0595830592006376,0.0,0.0297915296003188,0.4768341070678176,0.1043012608513741,1.0,0.2255535735559263,0.2222356115966069,0.2222356115966069,0.1913696451189103,0.0745477590882948,0.5,0.6677112262298697,0.6264106355189203,0.5175695407067151,0.5625304053725505,0.2770461056634178,0.3027034234585237,0.3299883295086444,0.5353321441335558,0.4744095189286736,energy_logistics,0.1304583644752635,0.6583661873036379,3081080.0,9322.494506713796,0.3692137952339404,3424323.0,10361.052733688744,0.3837065685933849,4023046.0,12172.62266324046,0.4169494468127033,0.5806284297748151,0.6841081114584646,0.5,0.404685246251342,,0.4295499148626822,0.4765616044368914,0.3834060020810815,0.404685246251342,0.4744095189286736,0.7234496721425973,0.7234496721425973,0.5,Rwanda,partner_embedded_branch,600,1583988.3157410573,1291289.1117559709,0.45,0.1151564470238838,116373879.17034817,4640.42900118909,25.0,1.2239524033758034,0.0001313586110456,9322.494506713796,0.08,125452.47765955215,362219.4734952449,-207789.4379560732,-3109855.388869842,-228477654.5793396,-3010244.3497791803,-221159341.1094916,-3248150.344233135,-2789104.7256454043,0.0,inf,-36.58481022629526,97.3276772795672,0.11,0.4838479892971518,0.1451543967891455,True,,45.10241927273045,45.10241927273045,79.0,65.0,65.0,64.0,67.0,0.0,0.0,0.0,I_RUSCOMP=0.72; I_FEAS=0.48; I_PROGRAM=0.47,I_FIN=0.15; I_HRSTRAT=0.38; I_MARKET=0.40,C_watchlist,,,
HND,Honduras,Latin America & Caribbean,Lower middle income,"The World Bank systematically assesses the appropriateness of official exchange rates as conversion factors. In this country, multiple or dual exchange rate activity exists and must be accounted for appropriately in underlying statistics. An alternative estimate (“alternative conversion factor” - PA.NUS.ATLS) is thus calculated as a weighted average of the different exchange rates in use in the country. Doing so better reflects economic reality and leads to more accurate cross-country comparisons and country classifications by income level. For this country, this applies to the period 1988-1989. Alternative conversion factors are used in the Atlas methodology and elsewhere in World Development Indicators as single-year conversion factors.",6585.855357178611,2024.0,3.553970032966689,2024.0,91.1101585856976,2024.0,58.40900330016356,2024.0,58.7850728104829,2024,58.62269974,2024.0,23.3177890777588,2024.0,-5.566559314727782,2023.0,-7.66505694389344,2023.0,-3.856208503246308,2023.0,-3.21452012658119,2023.0,45.7711231077315,2024.0,1062319.9517564245,2024,1058579.9518148347,2024,987700.4548821358,2024,2565365.1082682204,23.42137695476112,21.276673672175413,100.0,72.20612977108189,36.40445466285285,41.67167295099754,21.62574866412761,3000.0,0.457711231077315,2.273880215939167,0.6932834233079862,231.0,166.77456100575588,50.84790208573161,5.309700539847917,1.282337969723704,427.0,389.43255251438967,94.05128311622744,15.29253477292778,3.259700539847917,1087.0,1121.609553371706,239.07817251438968,43.55247219629934,100.0,71296514097.77455,54.595336723327634,platform_snapshot_world_bank_217_economies,False,False,False,False,True,,10825705.0,2024,2120899.0,2024,2565364.0,2024,2,un_wpp2024_population_by_single_age_sex,UN World Population Prospects 2024,11184763.0,2121601.0,2580403.45,12714116.0,2166263.0,2637485.45,14846781.0,2268146.0,2775691.55,2.2121346954484977,7.568122729025162,,,,,False,,False,,,,,,False,False,,,,,False,False,0.0,0.0,,0.7473684210526315,0.2074899245338834,0.2936870489608891,0.2505884867473863,0.5299670536582632,0.3068047830938786,0.5567341800147578,0.3634409921360303,0.4884822544059983,0.4884822544059983,0.519164736818279,0.4560018372074167,0.5,0.4930721253326454,0.2620609529984945,0.3051880744585619,0.1691067173530135,0.3025096394636904,0.3365442496654641,0.4627795044301976,0.4407582672875214,0.4357834482037299,digital_finance_business_informatics,0.2465377244075699,0.6332592413324244,2121601.0,40058.54348952732,0.5304161523964939,2166263.0,40901.81923710156,0.5359783024930177,2268146.0,42825.500733454326,0.5553127536355225,0.3848015584909764,0.4529602873290215,0.5,0.5011568660654308,,0.436167913645213,0.3778075015632587,0.4183025568579747,0.5011568660654308,0.4357834482037299,0.7237746516433301,0.7237746516433301,0.5,Honduras,partner_embedded_branch,600,1719319.638855803,1374828.1464463775,0.5124860472258854,0.1368823496560831,126316522.61513312,4931.352428725275,25.0,5.136257577473813,0.0001282855660549,40058.54348952732,0.08,144315.54842806474,423841.395472641,-245618.53540676492,-3495516.1334424443,-256811725.2562696,-3403345.815724435,-250040073.4008769,-3828485.296832829,-3055261.161301725,0.0,inf,-9.697243501953832,107.88184628535312,0.11,0.4205630741114391,0.1261689222334317,True,,44.847385513116016,44.847385513116016,81.0,66.0,66.0,65.0,68.0,0.0,0.0,0.0,I_RUSCOMP=0.72; I_MARKET=0.50; I_ECO=0.44,I_FIN=0.13; I_FEAS=0.38; I_HRSTRAT=0.42,C_watchlist,,,
TJK,Tajikistan,Europe & Central Asia,Lower middle income,,4755.932967047187,2024.0,8.399999809839812,2024.0,65.63470103673535,2023.0,34.70826662007408,2023.0,26.1788063651548,2024,55.79339981,2024.0,35.6398418742497,2024.0,-5.406226038932802,2023.0,-8.940618515014622,2023.0,-8.24756026268006,2023.0,-3.30975052714348,2023.0,24.80960457586042,2024.0,929794.4559810058,2024,877335.9593118074,2024,872636.959161877,2024,2199817.046915658,20.226615811449825,16.266048520972546,100.0,68.09540548144827,33.31822104215595,35.229678693679915,14.047156966812874,3000.0,0.25,1.9,0.5375,179.0,139.35284,39.422185,4.375,0.95,317.0,320.87825,69.67642,12.8,2.325,775.0,938.79808,170.52387,75.11538786306906,100.0,50369738870.89017,58.2919525622749,platform_snapshot_world_bank_217_economies,False,False,False,False,True,,10590930.0,2024,1807132.0,2024,2199818.65,2024,2,un_wpp2024_population_by_single_age_sex,UN World Population Prospects 2024,10978602.0,1881138.0,2284520.25,12695590.0,2502267.0,2926673.7,15574648.0,2537372.0,3098600.75,28.108897261908727,35.63463707533343,,,,,False,,False,,,,,,False,False,,,,,False,False,0.0,0.0,,0.7473684210526315,0.3385491559987447,0.3651331917249277,0.3518411738618362,0.4866790827981321,0.2128657329079717,1.0,0.1973988567423488,0.0,0.0,0.4847126072948147,0.0256298760919429,0.5,0.4888841929192611,0.269111850800729,0.1079801580743577,0.1139666157161765,0.2019703742678884,0.1281610377762714,0.3798210558048639,0.5184393140454093,0.444469835045279,energy_logistics,0.1855988528105701,0.6389053927794313,1881138.0,44025.112506210746,0.540856386176609,2502267.0,58561.67181545343,0.5757803139125107,2537372.0,59383.249804165855,0.5912676016184124,1.0,0.7262284881932316,0.5,0.5893500532036404,,0.4355719716602788,0.2891278451670465,0.3459085278684498,0.5893500532036404,0.444469835045279,0.715956006848742,0.715956006848742,0.5,Tajikistan,partner_embedded_branch,600,1655673.0454978112,1301597.9685158124,0.45,0.1563918740632497,121640477.41237415,4787.501281167077,25.0,5.655490694266159,0.0001285274739175,44025.112506210746,0.08,145992.6421866506,378870.1690369855,-202567.91332737607,-3182961.258630364,-233848662.4141884,-3189233.784056886,-234309497.95749697,-3477422.0529529783,-2927466.549318447,0.0,inf,-7.481547870272117,97.22871353650324,0.11,0.4550327032992592,0.1365098109897777,True,,44.82561459494661,44.82561459494661,82.0,67.0,67.0,63.0,70.0,0.0,0.0,0.0,I_RUSCOMP=0.72; I_MARKET=0.59; I_PROGRAM=0.44,I_FIN=0.14; I_FEAS=0.29; I_HRSTRAT=0.35,C_watchlist,,,
DJI,Djibouti,Middle East & North Africa,Lower middle income,,6871.124404531289,2024.0,6.980484672763339,2024.0,241.23746309828667,2024.0,76.08475938762741,2024.0,72.9052635052978,2024,65.29889679,2024.0,5.16012001037598,2011.0,-5.120327889919285,2023.0,-7.876174092292799,2023.0,-6.531374454498292,2023.0,-3.616906881332395,2023.0,45.487792324711485,2024.0,115161.5000000001,2024,114351.00000000004,2024,99624.5,2024,274343.52500000014,23.448433921834305,23.241158527189977,100.0,48.213173535411286,33.92056455523554,70.5966047346825,17.95767128103833,3000.0,0.4548779232471148,2.2687802618448067,0.6911584424353361,230.0,166.40051201264075,50.69204833860032,5.296950654612017,1.277804677195384,426.0,388.4974300316019,93.71879512234736,15.258535078965378,3.246950654612017,1082.0,1119.115893417605,238.14305003160192,43.952767318855344,100.0,8030434256.312617,50.6,platform_snapshot_world_bank_217_economies,False,False,False,False,True,,1168727.0,2024,229512.0,2024,274343.25,2024,2,un_wpp2024_population_by_single_age_sex,UN World Population Prospects 2024,1199459.0,232457.0,279131.0,1335502.0,229058.0,281976.65,1530546.0,241806.0,295412.25,1.0194675618258264,5.832834762172601,,,,,False,,False,,,,,,False,False,,,,,False,False,0.0,0.0,,0.7473684210526315,0.0143621890446976,0.2164673944547924,0.115414791749745,0.2579217834180211,0.3190416110318961,0.9431058206860936,1.0,0.921871421764067,0.921871421764067,0.600460184873081,0.6423750354649151,0.5,0.4753764260287578,0.2816846534241845,0.1850510569456677,0.1599805244011612,0.4616249440057987,0.5554859375124632,0.7338958180338613,0.9772423282744376,0.8739293033132084,energy_logistics,0.2553937877565204,0.9180540471535854,232457.0,1351.9328837609912,0.1557711927234049,229058.0,1332.1648411900917,0.1562946640233811,241806.0,1406.3051785522064,0.1796210494309919,0.3074847294558682,0.4247768859801268,0.5,0.2043958008708744,,0.645127704341306,0.3882506951299577,0.7533768069496147,0.2043958008708744,0.8739293033132084,0.8077981471652746,0.8077981471652746,0.5,Djibouti,partner_embedded_branch,600,1720288.934569531,1378388.7872851314,0.5157940604138234,0.1345848470714093,126387735.70499542,5099.44165349481,25.0,0.2290795509471431,0.0001695342095507,1351.9328837609912,0.08,121121.4506919012,421547.6905999428,-266702.4246600461,-3578016.111841713,-262872907.91928765,-3656441.516206283,-268634736.1100078,-4251689.736894926,-3220846.5744178817,0.0,inf,-228.30636203860965,104.1816673685996,0.11,0.3798175126560846,0.1139452537968253,True,,44.75150391396487,44.75150391396487,83.0,68.0,66.0,60.0,76.0,0.0,0.0,0.0,I_PROGRAM=0.87; I_RUSCOMP=0.81; I_HRSTRAT=0.75,I_FIN=0.11; I_MARKET=0.20; I_FEAS=0.39,C_watchlist,,,
NIC,Nicaragua,Latin America & Caribbean,Lower middle income,"The World Bank systematically assesses the appropriateness of official exchange rates as conversion factors. In this country, multiple or dual exchange rate activity exists and must be accounted for appropriately in underlying statistics. An alternative estimate (“alternative conversion factor” - PA.NUS.ATLS) is thus calculated as a weighted average of the different exchange rates in use in the country. Doing so better reflects economic reality and leads to more accurate cross-country comparisons and country classifications by income level. For this country, this applies to the period 1988-2006. Alternative conversion factors are used in the Atlas methodology and elsewhere in World Development Indicators as single-year conversion factors.",7661.602027228183,2024.0,3.5878302292344983,2024.0,98.52583771001588,2024.0,46.82840693825443,2024.0,59.2628402709961,2024,61.39550018,2024.0,30.3635101318359,2023.0,-7.594618916511549,2023.0,-8.947308421134931,2023.0,-6.146411955356597,2023.0,-0.8788503259420362,2023.0,32.69726849636607,2024.0,651709.045684516,2024,619331.0434754028,2024,605266.5426350359,2024,1543410.0333456849,21.97922866937196,19.4032884132798,100.0,62.96948338227445,41.96602991522944,39.49771615359155,16.009698716392847,3000.0,0.3269726849636607,2.0385508329345896,0.5952295137227455,198.0,149.51465687042136,43.65627536267555,4.721377082336473,1.0731562959418572,358.0,346.2827921760533,78.70914610704119,13.72367221956393,2.6713770823364733,890.0,1006.543525802809,195.9284121760533,65.11016605371441,100.0,52988712244.593925,56.70905303955077,platform_snapshot_world_bank_217_economies,False,False,False,False,True,,6916138.0,2024,1271040.0,2024,1543408.8,2024,2,un_wpp2024_population_by_single_age_sex,UN World Population Prospects 2024,7097333.0,1285714.0,1559414.8,7836704.0,1313166.0,1600449.15,8756437.0,1238929.0,1519963.0,2.6313941614508174,-2.5299105792762844,,,,,False,,False,,,,,,False,False,,,,,False,False,0.0,0.0,,0.7473684210526315,0.2824292874561156,0.3345397867813716,0.3084845371187436,0.4929940979446989,0.3504664270687369,0.5605522344988979,0.4117743810390418,0.2045393786408577,0.2045393786408577,0.5529288771586771,0.4623079170305388,0.5,0.5957875104124464,0.1728739709567699,0.2023390485484126,0.1136774237933668,0.254884011120441,0.2675094535566602,0.4199650968904591,0.4712855224229842,0.4300294469241124,energy_logistics,0.2790746508264425,0.629519140500673,1285714.0,36948.91406882252,0.5214811339516101,1313166.0,37737.83103559531,0.5270497696650426,1238929.0,35604.40436860158,0.5350007943251693,0.385452802101955,0.3499524490503001,0.5,0.489055234315693,,0.4239162319533616,0.3647295968929747,0.389624531550077,0.489055234315693,0.4300294469241124,0.7197578884784206,0.7197578884784206,0.5,Nicaragua,partner_embedded_branch,600,1674734.3929420242,1335795.689250186,0.4806846536634397,0.1397594886835455,123040893.64161828,5003.99748151139,25.0,4.712006725313258,0.0001275940365712,36948.91406882252,0.08,142635.71499487897,398199.9568351259,-223708.2452934369,-3316972.6212913063,-243694329.81638888,-3186811.051207642,-234131502.4400692,-3515542.6599302595,-2851648.8026826703,0.0,inf,-9.487657691850504,98.35239412255838,0.11,0.4554227360418576,0.1366268208125572,True,,44.417510979559,44.417510979559,84.0,69.0,69.0,68.0,71.0,0.0,0.0,0.0,I_RUSCOMP=0.72; I_MARKET=0.49; I_PROGRAM=0.43,I_FIN=0.14; I_FEAS=0.36; I_HRSTRAT=0.39,C_watchlist,,,
LBY,Libya,Middle East & North Africa,Upper middle income,,12583.83387268161,2024.0,1.899950520254421,2024.0,128.81617584293642,2024.0,28.339991463935128,2024.0,87.8854066107749,2024,81.95449829,2024.0,58.543701171875,2003.0,-11.451223373413107,2023.0,-12.388432741165182,2023.0,-13.6214282512665,2023.0,-15.1761083602905,2023.0,45.92597811336495,2024.0,677171.0012360364,2024,605957.0006786666,2024,548329.5003308896,2024,1529876.2770636033,20.7350578403762,20.7999983689435,100.0,67.26002414508476,77.02677185005493,42.75838142012123,0.0,3000.0,0.4592597811336494,2.276667606040569,0.6944448358502371,231.0,166.97899823039708,50.933084262665446,5.316669015101422,1.2848156498138392,428.0,389.9436455759927,94.23300509368627,15.311117373603794,3.2666690151014226,1089.0,1122.9724682026472,239.58926557599267,43.297091260031145,100.0,92881567242.44205,74.9631103515625,platform_snapshot_world_bank_217_economies,False,False,False,False,True,,7381029.0,2024,1283129.0,2024,1529877.05,2024,2,un_wpp2024_population_by_single_age_sex,UN World Population Prospects 2024,7539849.0,1335142.0,1589590.45,8283957.0,1388737.0,1699894.45,9260611.0,1191542.0,1474028.15,6.939145866156915,-7.269941763930454,,,,,False,,False,,,,,,False,False,,,,,False,False,0.0,0.0,,0.7473684210526315,0.582158094111795,0.6873440925456248,0.6347510933287099,0.5629170614284916,0.4936641958639911,0.3702279776461118,0.6091986045577148,0.0,0.0,0.803273938934569,0.8400987943903523,0.5,0.0,0.0032739689956897,0.0,0.0,0.3129937011442545,0.2450806223159346,0.4603790249599166,0.5136103537930736,0.467902303909151,energy_logistics,0.4018573746994114,0.6541364975409482,1335142.0,146325.21145069844,0.6736654643363835,1388737.0,152198.96848006322,0.6817010992949231,1191542.0,130587.33460739611,0.6779473246648389,0.4261781617929436,0.2804422145077533,0.5,0.6173453921543278,,0.4486118527204166,0.2480011858617059,0.4117589028166691,0.6173453921543278,0.467902303909151,0.7262012987289155,0.7262012987289155,0.5,Libya,partner_embedded_branch,600,1897711.7573178527,1480293.1878480702,0.5911466024563711,0.1654397391104247,139422795.32720965,5271.132442123836,25.0,19.15857435826129,0.0001309996643456,146325.21145069844,0.08,216947.88753088604,514728.0524734523,-256601.92074469003,-3853912.6375861536,-283142722.1795534,-3840989.581636568,-282193279.4742989,-4228195.268287221,-3356675.8564136345,0.0,inf,-2.5409304956379084,121.43296313312683,0.11,0.350107349555168,0.1050322048665503,True,,44.04255376733484,44.04255376733484,85.0,70.0,71.5,68.0,76.0,0.0,0.0,0.0,I_RUSCOMP=0.73; I_MARKET=0.62; I_PROGRAM=0.47,I_FIN=0.11; I_FEAS=0.25; I_HRSTRAT=0.41,C_watchlist,,,
MRT,Mauritania,Sub-Saharan Africa,Lower middle income,National account data were adjusted to reflect the new banknote (1 new ouguiya = 10 old ouguiya),6482.690167243336,2024.0,6.307602132908443,2024.0,93.59883558814715,2024.0,42.42948331538044,2024.0,60.6068586411829,2024,45.77939987,2024.0,5.97194330025359,2020.0,-5.345190346240997,2023.0,-4.473955452442168,2023.0,-6.979757964611054,2023.0,-3.523967921733853,2023.0,28.6360587760366,2024.0,561139.9467786287,2024,461235.9553026676,2024,387931.4617787081,2024,1196945.0598817149,23.312153246769867,24.654536545074084,100.0,74.20261978567896,20.87580123020852,44.37732314790404,21.589292718764817,3000.0,0.286360587760366,1.9654490579686588,0.5647704408202745,188.0,144.15310952803011,41.42229730334588,4.538622644921647,1.0081769404165857,336.0,332.8789238200753,73.94332624713789,13.236327053124391,2.488622644921647,830.0,970.7998768535342,182.5245438200753,72.43255941443755,100.0,33511586137.096867,50.6,platform_snapshot_world_bank_217_economies,False,False,False,False,True,,5169403.0,2024,1022376.0,2024,1196945.4,2024,2,un_wpp2024_population_by_single_age_sex,UN World Population Prospects 2024,5461322.0,1095737.0,1280717.6,6856325.0,1397603.0,1648819.1,9415604.0,1812849.0,2165518.05,28.741816306733025,69.08630364726773,,,,,False,,False,,,,,,False,False,,,,,False,False,0.0,0.0,,0.7473684210526315,0.022996865280376,0.2164673944547924,0.1197321298675842,0.4359107093563923,0.3022485096441774,0.8672320077207825,0.3796615150843493,0.0966828413161995,0.0966828413161995,0.362773035133286,0.4800476917674712,0.5,0.4794635881016963,0.2717959875111198,0.1649149388174822,0.3070519679436405,0.2182775998370455,0.2516817880256818,0.380491830776165,0.5746897121389226,0.4982481443333585,energy_logistics,0.2432935107838315,0.673861293816683,1095737.0,5157.000358155703,0.3037534990399516,1397603.0,6577.70904109242,0.3333231751908315,1812849.0,8532.031812635885,0.3778646573797626,0.9362671278659762,1.0,0.5,0.4155496682592342,,0.461337290228803,0.356467447706471,0.4001081823598473,0.4155496682592342,0.4982481443333585,0.7278377963165177,0.7278377963165177,0.5,Mauritania,partner_embedded_branch,600,1649160.1958158738,1313302.8517098485,0.4623268490669632,0.1415771615045763,121161985.51037686,4923.990831297291,25.0,0.6882545520451282,0.0001335297651693,5157.000358155703,0.08,123253.40073971408,380527.9034939224,-226832.2704746945,-3277738.9136721496,-240811872.4746878,-3279283.3474848093,-240925340.3280267,-3548182.37428084,-3034308.1250720154,0.0,inf,-66.93272580827039,95.85884985840232,0.11,0.4405357362875916,0.1321607208862774,True,,44.007475644531205,44.007475644531205,86.0,71.0,72.0,70.0,73.0,0.0,0.0,0.0,I_RUSCOMP=0.73; I_PROGRAM=0.50; I_ECO=0.46,I_FIN=0.13; I_FEAS=0.36; I_HRSTRAT=0.40,C_watchlist,,,
TTO,Trinidad and Tobago,Latin America & Caribbean,High income,,31960.156888898287,2024.0,2.509208139795689,2024.0,78.03680761820395,,59.181769491509215,2024.0,53.961056681951,2024,82.15989685,2024.0,23.8493010569383,2024.0,-0.3055027835071086,2023.0,-1.9850994646549225,2023.0,-0.915145277976993,2023.0,2.809536725282672,2023.0,51.566688229882175,2024.0,85862.17872962696,2024,85766.43591407199,2024,90250.46311723166,2024,212241.3230464532,15.086858534445208,12.032549864381398,93.33333333333331,31.734268590549053,46.29687272026947,56.5366752555836,48.92855348498413,5752.828240001692,0.5156668822988217,2.37820038813788,0.7367501617241163,128.0,174.42577798742934,54.0359091614289,5.570500970344698,1.375067011678115,239.0,408.56059496857335,100.852364877715,15.98800258758586,3.520500970344698,612.0,1172.6176665828625,258.20621496857336,57.38641315125814,93.33333333333331,43732137356.25686,70.15479031708148,platform_snapshot_world_bank_217_economies,False,False,False,False,True,,1507779.0,2024,189117.0,2024,233868.6,2024,2,un_wpp2024_population_by_single_age_sex,UN World Population Prospects 2024,1513272.0,188433.0,231871.95,1497862.0,180616.0,221940.4,1399800.0,138993.0,173714.1,-4.283204587704558,-25.081882478669804,,,,,False,,False,,,,,,False,False,,,,,False,False,0.0,0.0,,0.7473684210526315,0.2131431669486108,0.5944115470484027,0.4037773569985068,0.469074284888287,0.762669394312493,0.4389274845210167,0.2782324298473376,0.5074295907786294,0.5074295907786294,0.8057750586348945,0.3923293745791044,0.5,0.7579911301990379,0.4934238547385511,0.4372660728479138,0.4146404805118051,0.4129151248676845,0.4860580733240554,0.6011675972049526,0.3425104517168092,0.5519909223056506,digital_finance_business_informatics,0.6542806775745346,0.7087940994986729,188433.0,13889.855984572436,0.413300088519991,180616.0,13313.645850299768,0.4115108973757442,138993.0,10245.5130092058,0.3979932601801251,0.2492644951110024,0.1292234728458952,0.5,0.3823516754423879,,0.5475368838191638,0.5586492531400192,0.4890375963942404,0.3823516754423879,0.5519909223056506,0.743883603797874,0.743883603797874,0.5,Trinidad and Tobago,partner_embedded_branch,600,2027819.5213534508,1680318.163341778,0.764835097811583,0.0970971643091957,148981669.63236454,5942.086297463336,25.0,1.9273641405856687,0.0001388328330397,13889.855984572436,0.08,130994.46148799644,606583.1511933511,-427062.0376098866,-4836011.584471583,-355296451.4983844,-4952810.723915966,-363877555.79430974,-5364813.252610464,-4588465.5543605015,0.0,inf,-37.28964411336556,135.99573862756355,0.11,0.1711166492237862,0.0513349947671358,True,,43.723726332612,43.723726332612,87.0,72.0,73.0,68.0,79.0,0.0,0.0,0.0,I_RUSCOMP=0.74; I_FEAS=0.56; I_PROGRAM=0.55,I_FIN=0.05; I_MARKET=0.38; I_HRSTRAT=0.49,C_watchlist,,,
PAK,Pakistan,Middle East & North Africa,Lower middle income,"The reporting period for national accounts data is designated as either calendar year basis (CY) or fiscal year basis (FY). For this country, it is fiscal year-based (fiscal year-end: June 30). Also, an estimate (PA.NUS.ATLS) of the exchange rate covers the same period and thus differs from the official exchange rate (CY).",5500.323948242852,2024.0,3.048982873354646,2024.0,27.578468352069503,2024.0,50.73193893423793,2024.0,39.1734368360905,2024,57.253,2024.0,10.8564126844434,2024.0,-4.044532656669617,2023.0,-6.019198596477508,2023.0,-6.307057321071626,2023.0,-13.52911555767058,2023.0,23.65235888339882,2024.0,26514612.500016887,2024,23422309.00001228,2024,20279379.000011805,2024,59062642.05003448,23.4636001107101,23.120401374478536,100.0,92.93791153077233,22.36394637116519,24.536245042575253,15.161389663026082,3000.0,0.25,1.9,0.5375,179.0,139.35284,39.422185,4.375,0.95,317.0,320.87825,69.67642,12.8,2.325,775.0,938.79808,170.52387,75.11538786306906,100.0,1382061800204.1606,50.85692380533301,platform_snapshot_world_bank_217_economies,False,False,False,False,True,,251269160.0,2024,49936921.0,2024,59062641.1,2024,2,un_wpp2024_population_by_single_age_sex,UN World Population Prospects 2024,259299792.0,51977615.0,61482020.45,300643514.0,58639742.0,70205001.65,371863799.0,65025758.0,78333663.35,14.187857094081568,27.40905841522323,,,,,False,,False,,,,,,False,False,,,,,False,False,0.0,0.0,,0.7473684210526315,0.0749488260598222,0.221433075411386,0.1481909507356041,0.8992978228115666,0.2548274118265354,0.4997921447725439,0.0,0.3002494842297611,0.3002494842297611,0.5024860268835796,0.1971467410824393,0.5,0.0394687772237731,0.328994372558682,0.195124746532779,0.2402540446251749,0.1887783803350121,0.1959135532055026,0.3516051024196577,0.1999168579090176,0.3104620322863317,digital_finance_business_informatics,0.2112688226093332,0.5518003209861155,51977615.0,317829.1637331264,0.7594376636627034,58639742.0,358566.282069431,0.7767340468729806,65025758.0,397615.0557553026,0.800421758044445,0.6169741816752963,0.6306883881657049,0.5,0.7021867839091467,,0.4005186896636937,0.2645328551601963,0.2593911643022192,0.7021867839091467,0.3104620322863317,0.6921731429448996,0.6921731429448996,0.5,Pakistan,partner_embedded_branch,600,1665148.8993603468,1302950.6929661892,0.45,0.1618027718647567,122336657.9722154,4849.738456078201,25.0,37.03081585544072,0.0001165723870506,317829.1637331264,0.08,292406.180845518,403919.47885684593,-79199.73970278027,-2716835.4606093056,-199602912.77195904,-2726813.2160761403,-200335967.4905764,-3062611.6416424224,-2453703.7247558604,0.0,inf,-0.4410036214583059,96.1922193010994,0.11,0.5294772143478802,0.158843164304364,True,,43.72103026464743,43.72103026464743,88.0,73.0,73.0,67.0,81.0,0.0,0.0,0.0,I_MARKET=0.70; I_RUSCOMP=0.69; I_ECO=0.40,I_FIN=0.16; I_HRSTRAT=0.26; I_FEAS=0.26,C_watchlist,,,
BEN,Benin,Sub-Saharan Africa,Lower middle income,,3901.3258849439226,2024.0,7.453115662262007,2024.0,40.63980224015232,2024.0,48.87953999339777,2024.0,52.5455354818423,2024,33.98379898,2024.0,10.2350101470947,2022.0,-1.532888889312746,2023.0,-3.5399675369262686,2023.0,-2.0708540976047543,2023.0,-2.425916045904162,2023.0,33.49551648586414,2024.0,1537331.5000000014,2024,1302824.5000000002,2024,1128043.4999999995,2024,3347775.5750000016,23.1845625002083,23.49121247274097,100.0,84.93298238386397,15.218995747060823,31.313161125127472,37.26086890699847,3000.0,0.3349551648586413,2.0529192967455545,0.6012163736439811,200.0,150.56849173278724,44.09537322199469,4.757298241863886,1.0859282637738263,362.0,348.91737933196805,79.64588820692201,13.819461978303696,2.707298241863886,902.0,1013.5690915519148,198.5629993319681,63.7373003627999,100.0,56423799507.99971,50.6705030441284,platform_snapshot_world_bank_217_economies,False,False,False,False,True,,14462722.0,2024,2840156.0,2024,3347774.9,2024,2,un_wpp2024_population_by_single_age_sex,UN World Population Prospects 2024,15170420.0,2994661.0,3525025.6,18492632.0,3761013.0,4436013.9,24433814.0,4569105.0,5477191.95,25.843452030532777,55.38020347994068,,,,,False,,False,,,,,,False,False,,,,,False,False,0.0,0.0,,0.7473684210526315,0.0683394939687904,0.2178300382283288,0.1430847660985596,0.5008195579151922,0.155709565878215,0.9963993944895766,0.034488873196139,0.2548307971527732,0.2548307971527732,0.219139069232269,0.373645829932471,0.5,0.5277524435009401,0.4394476981796075,0.3853652138980428,0.3474264898444978,0.2190348567145152,0.2210273364520072,0.3317837154275347,0.419253081713514,0.3767356647656966,energy_logistics,0.1546024084671046,0.5948781820977028,2994661.0,13569.350534706751,0.4107188377675075,3761013.0,17041.830031041594,0.4388883374961582,4569105.0,20703.44101548766,0.4753661494489106,0.8938187999449081,0.8990141030904804,0.5,0.4853200139699228,,0.4131643417047459,0.4010760503453844,0.3247976116206703,0.4853200139699228,0.3767356647656966,0.7066492798710502,0.7066492798710502,0.5,Benin,partner_embedded_branch,600,1612745.5674076548,1295440.817231004,0.45,0.1317632689240154,118486642.81731626,4707.663143648046,25.0,1.662830082698281,0.0001226069151554,13569.350534706751,0.08,127514.92213868922,367925.9504677844,-210976.95229167247,-3159489.035244963,-232124183.9815087,-3135197.8572004456,-230339537.85087383,-3392420.987377061,-2879598.7551662186,0.0,inf,-26.95142683611798,97.08901772793844,0.11,0.46373187983341,0.139119563950023,True,,43.6556746787181,43.6556746787181,89.0,74.0,74.0,72.0,75.0,0.0,0.0,0.0,I_RUSCOMP=0.71; I_MARKET=0.49; I_ECO=0.41,I_FIN=0.14; I_HRSTRAT=0.32; I_PROGRAM=0.38,C_watchlist,,,
KEN,Kenya,Sub-Saharan Africa,Lower middle income,Fiscal year end: June 30; reporting period for national accounts data: CY.,5845.201177178245,2024.0,4.724739947101384,2024.0,40.18601399687559,2024.0,55.303535805589554,2024.0,31.8937831721599,2024,34.97622513,2024.0,10.4185962462804,2024.0,-2.125236392021176,2023.0,-2.283551514148709,2023.0,-2.735646098852156,2023.0,-6.564403414726256,2023.0,32.09501050867591,2024.0,6498132.442087834,2024,5572195.45104546,2024,4671292.459493896,2024,14172409.499905547,25.3505290049547,27.386295409501976,100.0,98.3408832305973,9.33444881118635,34.06127067605841,32.321175137175075,3000.0,0.3209501050867591,2.027710189156166,0.5907125788150693,197.0,148.7195650293942,43.32498709558092,4.694275472890416,1.063520168138815,355.0,344.2950625734855,78.00239780390596,13.65140126104111,2.644275472890416,881.0,1001.2429135292948,193.9406825734855,66.15117233608771,100.0,329861910700.434,50.72557887388412,platform_snapshot_world_bank_217_economies,False,False,False,False,True,,56432946.0,2024,12070328.0,2024,14172410.3,2024,2,un_wpp2024_population_by_single_age_sex,UN World Population Prospects 2024,58636406.0,12648305.0,14885324.3,68715912.0,13384391.0,16254177.8,83593235.0,15114089.0,18145751.15,9.19599380176084,21.90363329873839,,,,,False,,False,,,,,,False,False,,,,,False,False,0.0,0.0,,0.7473684210526315,0.070292143698855,0.2188945133501731,0.1445933285245141,0.7208099359253172,0.2723766566527036,0.6887494608832809,0.0315312042794806,0.4123397705953335,0.4123397705953335,0.231223752761128,0.1010621792746535,0.5,0.3457548325286488,0.4133983226878561,0.3555105694566715,0.4017389658257326,0.2554120693812451,0.285374396219849,0.3383481533737582,0.2944185069210008,0.32261219820883,digital_finance_business_informatics,0.222748083899874,0.5596979288357395,12648305.0,79169.85170825166,0.6057457452420669,13384391.0,83777.25321102377,0.6154911062062627,15114089.0,94603.99514680564,0.6424910188076196,0.4653091610390189,0.575908937538703,0.5,0.5692136653697912,,0.4252883765152805,0.338779941534318,0.3092771322917582,0.5692136653697912,0.32261219820883,0.6993744756958942,0.6993744756958942,0.5,Kenya,partner_embedded_branch,600,1638924.351439834,1300717.8651556417,0.4514806095520233,0.14546841286245,120409969.28349803,4876.720947447636,25.0,9.330638952232476,0.0001179173492136,79169.85170825166,0.08,163682.80553416605,379303.6738551892,-185276.574412608,-3093100.8817523657,-227246719.3713764,-3153054.772130588,-231651465.74818492,-3598887.353670447,-2886007.973743814,0.0,inf,-4.071751098884617,94.58480924335312,0.11,0.4608571173490851,0.1382571352047255,True,,43.38365528520892,43.38365528520892,90.0,75.0,76.0,73.0,79.0,0.0,0.0,0.0,I_RUSCOMP=0.70; I_MARKET=0.57; I_ECO=0.43,I_FIN=0.14; I_HRSTRAT=0.31; I_PROGRAM=0.32,C_watchlist,,,
JAM,Jamaica,Latin America & Caribbean,Upper middle income,,11340.263880045086,2024.0,-0.5350390638674867,2024.0,78.03680761820395,,59.95832658230936,2024.0,58.9301585439922,2024,90.10870361,2024.0,26.2334142821948,2015.0,2.8510332107543936,2023.0,-1.221616014838219,2023.0,0.686234049499035,2023.0,2.693861305713656,2023.0,60.152371506119366,2024.0,222571.50221387303,2024,234203.00229154585,2024,259374.00246274183,2024,573492.8056136527,19.63093128517547,15.552003709986243,93.33333333333331,43.321691936506696,52.985994936354246,32.50952853300161,57.33731755107421,3000.0,0.6015237150611936,2.532742687110149,0.8011427862958952,267.0,185.7604665463319,58.758696060971616,5.956856717775372,1.51243794409791,504.0,436.89731636582974,110.92764359673946,17.018284580734324,3.906856717775371,1302.0,1248.182256975546,286.5429363658297,23.43956107255142,93.33333333333331,32196993701.627007,65.27002428465843,platform_snapshot_world_bank_217_economies,False,False,False,False,True,,2839185.0,2024,456776.0,2024,573493.85,2024,2,un_wpp2024_population_by_single_age_sex,UN World Population Prospects 2024,2833411.0,437771.0,546893.3,2755939.0,339011.0,427474.25,2454944.0,249852.0,308768.25,-21.83589559425944,-43.54140926575624,,,,,False,,False,,,,,,False,False,,,,,False,False,0.0,0.0,,0.7473684210526315,0.2385009585591379,0.5000014956591268,0.3692512271091324,0.430925041590625,0.4636344823887885,0.0956600800781537,0.2782324298473376,0.5264698756367449,0.5264698756367449,0.9025669601044952,0.4579168320371674,0.5,0.7529040903862837,0.632237289406175,0.5091812137458972,0.4476444185215811,0.4292356803984377,0.441323558238551,0.5207684029508799,0.205203489939664,0.478195935926731,digital_finance_business_informatics,0.3744092675714862,0.6608273583523752,437771.0,17618.69714774754,0.4395938153230503,339011.0,13643.964855495322,0.4142286194839578,249852.0,10055.638038515614,0.3959358222821794,0.0,0.0,0.5,0.3649873441677934,,0.3799959384424975,0.6162842549782452,0.4022654756338165,0.3649873441677934,0.478195935926731,0.7260914506687312,0.7260914506687312,0.5,Jamaica,partner_embedded_branch,600,1816573.268188917,1522873.1542754874,0.6414150306394326,0.084417463904786,133461639.78324474,5211.2059512581145,25.0,2.3212545350199583,0.0001318181247776,17618.69714774754,0.08,131612.67402938966,503261.0602575833,-331387.50140758697,-4074101.640917352,-299319766.0463929,-3948443.636026888,-290087810.65089583,-4310347.701388098,-3652361.782654949,0.0,inf,-27.39524079864351,126.96518778343209,0.11,0.3328084552300082,0.0998425365690024,True,,43.302374269778326,43.302374269778326,91.0,76.0,76.0,72.0,80.0,0.0,0.0,0.0,I_RUSCOMP=0.73; I_FEAS=0.62; I_PROGRAM=0.48,I_FIN=0.10; I_MARKET=0.36; I_ECO=0.38,C_watchlist,,,
SYC,Seychelles,Sub-Saharan Africa,High income,,29241.77580488251,2024.0,3.4656806641534104,2024.0,188.3691852974113,2024.0,65.76557570278855,2024.0,45.2898622460415,2024,87.81800079,2024.0,14.5342502593994,2024.0,4.373209238052368,2023.0,3.030545830726624,2023.0,1.477525785565375,2023.0,5.344503581523897,2023.0,53.72919847938198,2024.0,7516.550695071521,2024,7955.7476315330305,2024,9846.986640952158,2024,19903.442315033026,15.84369525668446,11.918969199015615,100.0,17.47699079928754,40.82325520168504,75.55378230850168,69.65250728237643,5263.519644878851,0.5372919847938198,2.417125572628876,0.7529689885953648,143.0,177.2806911486632,55.22545631194299,5.667813931572189,1.4096671756701118,268.0,415.697877871658,103.3900654654784,16.24750381752584,3.617813931572189,687.0,1191.650420991088,265.343497871658,51.08519977970818,100.0,3548606461.025712,67.36027507781981,platform_snapshot_world_bank_217_economies,False,False,False,False,True,,130436.0,2024,16630.0,2024,21392.35,2024,2,un_wpp2024_population_by_single_age_sex,UN World Population Prospects 2024,134980.0,16927.0,21561.1,141908.0,17253.0,21002.85,141756.0,16991.0,20912.3,-2.589153614611494,-3.0091229111687268,,,,,False,,False,,,,,,False,False,,,,,False,False,0.0,0.0,,0.7473684210526315,0.1140668670216003,0.5404007048513326,0.3272337859364664,0.1561751177455726,0.7370140334830739,0.5467787261882867,0.9973489975363844,0.668856931019928,0.668856931019928,0.8746732789088064,0.2778777871563848,0.5,0.8694709706850934,0.6991772777041336,0.5447167397229381,0.6314572909450096,0.6204695714746603,0.7300778855645215,0.7585217878065057,0.8171208889971452,0.7871702145593922,energy_logistics,0.6316124941248084,0.8616606394636049,16927.0,856.8149835159445,0.1053877283757678,17253.0,873.3165304307078,0.1095092504426567,16991.0,860.0545510084135,0.1255825041622864,0.3809178260266442,0.389187275375762,0.5,0.1807567268257693,,0.6321452256440105,0.6609182938440173,0.7675683474911023,0.1807567268257693,0.7871702145593922,0.8008252231548716,0.8008252231548716,0.5,Seychelles,partner_embedded_branch,600,1969847.7737018915,1666456.4278328395,0.7582455471954085,0.0745979753543161,144722549.10132688,5980.656370498291,25.0,0.1385910968728279,0.0001618357384171,856.8149835159445,0.08,120795.71109735056,586835.9655185202,-419093.3771796881,-4713659.069830234,-346307346.83545053,-4823297.057883937,-354362329.2159692,-5252909.633059871,-4314124.69275103,0.0,inf,-505.62276111533714,130.65036012816407,0.11,0.1919668929401735,0.057590067882052,True,,43.17561958370638,43.17561958370638,92.0,77.0,76.0,66.0,86.0,0.0,0.0,0.0,I_RUSCOMP=0.80; I_PROGRAM=0.79; I_HRSTRAT=0.77,I_FIN=0.06; I_MARKET=0.18; I_ECO=0.63,C_watchlist,,,
AGO,Angola,Sub-Saharan Africa,Lower middle income,"The World Bank systematically assesses the appropriateness of official exchange rates as conversion factors. In this country, multiple or dual exchange rate activity exists and must be accounted for appropriately in underlying statistics. An alternative estimate (“alternative conversion factor” - PA.NUS.ATLS) is thus calculated as a weighted average of the different exchange rates in use in the country. Doing so better reflects economic reality and leads to more accurate cross-country comparisons and country classifications by income level. For this country, this applies to the period 1994-2024. Alternative conversion factors are used in the Atlas methodology and elsewhere in World Development Indicators as single-year conversion factors.",8901.887366115625,2024.0,4.423906644068751,2024.0,50.84223055620905,2024.0,41.05518599093585,2024.0,70.6551379036435,2024,40.70479965,2024.0,9.9549065722902,2024.0,-7.062367081642181,2023.0,-7.69346213340761,2023.0,-5.329717278480532,2023.0,-2.39053535461426,2023.0,26.346254205551634,2024.0,4016959.946387901,2024,3228954.9570882423,2024,2700706.464280988,2024,8461232.812402587,22.44988971896216,23.434222747392905,100.0,97.02187580288896,23.88702224193496,33.99595116172569,17.973132899771322,3000.0,0.2634625420555163,1.9242325756999288,0.5475969065416373,183.0,141.13014433910533,40.16272847462722,4.435581439249823,0.971540067288826,324.0,325.3215108477633,71.25624607920474,12.961550504666196,2.385581439249824,795.0,950.6467755940356,174.96713084776334,74.35459584566178,100.0,337255560567.6643,50.6,platform_snapshot_world_bank_217_economies,False,False,False,False,True,,37885854.0,2024,7245916.0,2024,8461233.7,2024,2,un_wpp2024_population_by_single_age_sex,UN World Population Prospects 2024,40215180.0,7867405.0,9153258.4,51821718.0,10657535.0,12518884.4,74295397.0,14690948.0,17529419.3,36.76970378111471,91.51015446040503,,,,,False,,False,,,,,,False,False,,,,,False,False,0.0,0.0,,0.7473684210526315,0.0653602696584635,0.2164673944547924,0.140913832056628,0.7235715989293527,0.3937668490287174,0.6548276864039536,0.1009855388808748,0.0629866548449524,0.0629866548449524,0.3009800869182694,0.6126754999610935,0.5,0.529308374621528,0.1962805487498571,0.2390153761058223,0.1678788150139299,0.1307927052501328,0.1917577080209686,0.3002706904724071,0.3225223978901063,0.2923571150215104,energy_logistics,0.3138151979401897,0.5400321247639818,7867405.0,63802.307503174765,0.5818828855649505,10657535.0,86429.42943649752,0.6189474679355862,14690948.0,119139.20559690906,0.6678552457258153,1.0,1.0,0.5,0.6326147791482261,,0.4260114982652699,0.3492195773188045,0.2743923079622853,0.6326147791482261,0.2923571150215104,0.6921627884576254,0.6921627884576254,0.5,Angola,partner_embedded_branch,600,1708211.3898808467,1358430.631959319,0.4981101669694825,0.143171692989863,125500411.78201696,5079.941036774271,25.0,7.342566771098546,0.0001151430351008,63802.307503174765,0.08,155807.81400552831,416021.0406809311,-226931.5434209284,-3390708.707604317,-249111638.9681109,-3450185.195627591,-253481311.11904395,-3744626.0171585386,-3182884.288905699,0.0,inf,-6.083987189233529,101.10981762337636,0.11,0.4130224607041733,0.1239067382112519,True,,43.16055283663719,43.16055283663719,93.0,78.0,78.0,73.0,83.0,0.0,0.0,0.0,I_RUSCOMP=0.69; I_MARKET=0.63; I_ECO=0.43,I_FIN=0.12; I_HRSTRAT=0.27; I_PROGRAM=0.29,C_watchlist,,,
LAO,Lao PDR,East Asia & Pacific,Lower middle income,"The World Bank systematically assesses the appropriateness of official exchange rates as conversion factors. In this country, multiple or dual exchange rate activity exists and must be accounted for appropriately in underlying statistics. An alternative estimate (“alternative conversion factor” - PA.NUS.ATLS) is thus calculated as a weighted average of the different exchange rates in use in the country. Doing so better reflects economic reality and leads to more accurate cross-country comparisons and country classifications by income level. For this country, this applies to the period 1960-2020. Alternative conversion factors are used in the Atlas methodology and elsewhere in World Development Indicators as single-year conversion factors.",8600.324546655535,2024.0,4.130192644369373,2024.0,75.09189092041244,2016.0,43.53465035847397,2024.0,39.5552154401406,2024,65.59269714,2024.0,14.8841695785522,2023.0,-4.502950191497799,2023.0,-5.830338716506956,2023.0,-6.494585394859316,2023.0,5.701232373714445,2023.0,21.726845607222327,2024.0,737087.4999954022,2024,714349.9999967834,2024,690983.9999980129,2024,1762380.2999912917,22.342003538260748,19.73691654733385,100.0,65.1950554276202,28.76024981386933,37.32690595695475,32.34216589991722,3000.0,0.25,1.9,0.5375,179.0,139.35284,39.422185,4.375,0.95,317.0,320.87825,69.67642,12.8,2.325,775.0,938.79808,170.52387,75.11538786306906,100.0,66822965068.77056,52.06525087356565,platform_snapshot_world_bank_217_economies,False,False,False,False,True,,7769823.0,2024,1451438.0,2024,1762380.8,2024,2,un_wpp2024_population_by_single_age_sex,UN World Population Prospects 2024,7974025.0,1452984.0,1769642.25,8788764.0,1529070.0,1849236.45,9757285.0,1453907.0,1785560.15,4.497756538079933,0.8994981895351861,,,,,False,,False,,,,,,False,False,,,,,False,False,0.0,0.0,,0.7473684210526315,0.1177886622289649,0.244786951492593,0.181287806860779,0.5218938569010483,0.3838210541305853,0.6217086801011749,0.2590382600814748,0.1237802634704677,0.1237802634704677,0.6040377651801073,0.2021858585420376,0.5,0.8851587769190385,0.3088347695517621,0.1867031891807024,0.2484180981781082,0.2136136524123482,0.242884565155919,0.4147044472141551,0.4041064280893548,0.3811474363154814,digital_finance_business_informatics,0.3056288088100077,0.597745833605063,1452984.0,19541.94823063936,0.4510492667712767,1529070.0,20565.268978201915,0.4597290543889417,1453907.0,19554.362144499995,0.4690854796457313,0.4526710749274139,0.3861147563774016,0.5,0.438698648792203,,0.4199155949680452,0.441126709377012,0.3599790768592442,0.438698648792203,0.3811474363154814,0.7113122328546575,0.7113122328546575,0.5,Lao PDR,partner_embedded_branch,600,1665448.114043995,1348270.9616611036,0.4940263445414713,0.1229521239370573,122358640.94588688,5062.14299611983,25.0,2.4066507617114703,0.0001232172093639,19541.94823063936,0.08,131695.497885604,401394.677325622,-237587.60525396824,-3369837.2941477383,-247578239.1800108,-3456242.019313052,-253926299.29270867,-3885668.785235051,-3076696.131589916,0.0,inf,-19.501871854857782,98.75919100777026,0.11,0.4120473802060442,0.1236142140618132,True,,43.12642122866685,43.12642122866685,94.0,79.0,78.0,77.0,79.0,0.0,0.0,0.0,I_RUSCOMP=0.71; I_FEAS=0.44; I_MARKET=0.44,I_FIN=0.12; I_HRSTRAT=0.36; I_PROGRAM=0.38,C_watchlist,,,
NPL,Nepal,South Asia,Lower middle income,"The reporting period for national accounts data is designated as either calendar year basis (CY) or fiscal year basis (FY). For this country, it is fiscal year-based (fiscal year-end: July 14). Also, an estimate (PA.NUS.ATLS) of the exchange rate covers the same period and thus differs from the official exchange rate (CY).",5046.815929729462,2024.0,3.6653743074496674,2024.0,40.52982267719089,2024.0,55.218460045243646,2024.0,66.772343163029,2024,46.32189941,2024.0,21.2915596292014,2024.0,-5.654626250267029,2023.0,-3.238686233758927,2023.0,-4.629896104335781,2023.0,-1.5832949578762052,2023.0,25.229311086879108,2024.0,2942525.948124314,2024,2895589.9508136427,2024,2656562.956742557,2024,7033569.229472108,23.35469572568517,20.560901947306515,100.0,77.94130534054334,31.925392304677885,27.971301653513223,28.14703668307568,3000.0,0.2522931108687911,1.904127599563824,0.5392198331515933,180.0,139.65557301136928,39.5483237547372,4.385318998909559,0.9536689773900656,318.0,321.63508252842314,69.94551601010602,12.827517330425492,2.3353189989095595,778.0,940.8163000757952,171.28070252842315,75.00568381665272,100.0,149643411660.4685,53.98746788876041,platform_snapshot_world_bank_217_economies,False,False,False,False,True,,29651054.0,2024,5838116.0,2024,7033569.8,2024,2,un_wpp2024_population_by_single_age_sex,UN World Population Prospects 2024,29629406.0,5696057.0,6880697.3,31798004.0,5434814.0,6676063.85,34642022.0,4920031.0,6059349.55,-2.974021978847985,-11.936984206528024,,,,,False,,False,,,,,,False,False,,,,,False,False,0.0,0.0,,0.7473684210526315,0.185938639314993,0.2819384969261536,0.2339385681205733,0.6223354646789833,0.2299962537878196,0.5692960561001151,0.0337720561792638,0.4102538110043422,0.4102538110043422,0.3693790029984532,0.5614262718432713,0.5,0.5648082591429748,0.2581880765842608,0.270443119350975,0.3604503077879343,0.2562185949178756,0.2549315980723572,0.3501959588842333,0.2479816561476043,0.3246935564766828,digital_finance_business_informatics,0.1957763144588876,0.5610508117098438,5696057.0,68322.0217566765,0.5894509664112996,5434814.0,65188.51204464598,0.5876689663415878,4920031.0,59013.887154837605,0.5905812990119863,0.2397723102763766,0.2524244605598999,0.5,0.5154823835254184,,0.3749934267958555,0.4051387160980756,0.2909523598196818,0.5154823835254184,0.3246935564766828,0.6973836388260302,0.6973836388260302,0.5,Nepal,partner_embedded_branch,600,1611193.9773359094,1295217.370614606,0.45,0.1308694824584233,118372649.2014942,4812.527330889078,25.0,8.056112047146827,0.0001179752599415,68322.0217566765,0.08,157219.4490312949,372383.3755115357,-185373.25643931792,-3056030.046032913,-224523165.84898743,-2996072.6867346186,-220118164.61443704,-3356173.899805187,-2460643.81547431,0.0,inf,-4.78132618331115,94.49367711777424,0.11,0.486129467672357,0.1458388403017071,True,,42.94567093173804,42.94567093173804,95.0,80.0,80.0,76.0,82.0,0.0,0.0,0.0,I_RUSCOMP=0.70; I_MARKET=0.52; I_FEAS=0.41,I_FIN=0.15; I_HRSTRAT=0.29; I_PROGRAM=0.32,C_watchlist,,,
BOL,Bolivia,Latin America & Caribbean,Lower middle income,,11329.151806153595,2024.0,-1.1233559551721155,2024.0,46.977871614840325,2024.0,53.36246116287,2024.0,71.2361453773988,2024,79.70469666,2024.0,33.28544998168945,,-4.476367473602298,2023.0,-8.53536558151242,2023.0,-8.23983144760132,2023.0,-2.1922854483127567,2023.0,34.33212743052562,2024.0,1179044.999997527,2024,1122624.4999982608,2024,1075134.9999989776,2024,2785480.249995328,22.27427767007952,20.964615030860887,93.33333333333331,72.11198014815528,56.04138090752868,23.72228066314306,17.43135530364102,3000.0,0.3433212743052561,2.0679782937494613,0.6074909557289421,202.0,151.67297278544297,44.55557366060123,4.794945734373653,1.09931403888841,366.0,351.6785819636074,80.62764914261598,13.919855291663074,2.744945734373653,915.0,1020.9322985696198,201.32420196360744,62.32788427114246,93.33333333333331,140632330052.60352,57.58563499450683,platform_snapshot_world_bank_217_economies,False,False,False,False,True,,12413320.0,2024,2301671.0,2024,2785481.3,2024,2,un_wpp2024_population_by_single_age_sex,UN World Population Prospects 2024,12749297.0,2331617.0,2823298.25,14183827.0,2419621.0,2944188.7,16110163.0,2478737.0,3023855.3,4.281887328056833,7.10364376133481,,,,,False,,False,,,,,,False,False,,,,,False,False,0.0,0.0,,0.7473684210526315,0.3135074850124039,0.3514818771220348,0.3324946810672193,0.6145979394499739,0.4633515531641186,0.029321836579063,0.0757986934898028,0.3647468575100075,0.3647468575100075,0.7758783078326867,0.6203442505775456,0.5,0.5380267797069647,0.3100037846938621,0.1083272456230887,0.1314849295693421,0.2499107760269549,0.2408347190129449,0.4098821485536832,0.0572079507255069,0.3502340110628145,digital_finance_business_informatics,0.3741541621080331,0.5776521071908294,2331617.0,91762.73593005523,0.6220678996032655,2419621.0,95226.20690868876,0.6296965934030901,2478737.0,97552.76650112662,0.6458671926475972,0.4209807386638516,0.4471242880275745,0.5,0.5766770513852554,,0.3418339876923975,0.4112416701950636,0.2533656603430088,0.5766770513852554,0.3502340110628145,0.6954272803474426,0.6954272803474426,0.5,Bolivia,partner_embedded_branch,600,1730164.4369693892,1392509.425668531,0.5281021740234076,0.129526832557086,127113278.00326036,5210.651656607469,25.0,10.995599222880728,0.0001198888246607,91762.73593005523,0.08,175002.46781385146,439065.234401227,-228937.54783527736,-3454835.026140857,-253822929.05204004,-3347723.6931375857,-245953577.238756,-3692913.359270456,-2924723.829663315,0.0,inf,-3.995821545056536,103.9697124128158,0.11,0.4295176103197784,0.1288552830959335,True,,42.90567282029563,42.90567282029563,96.0,81.0,80.0,75.0,83.0,0.0,0.0,0.0,I_RUSCOMP=0.70; I_MARKET=0.58; I_FEAS=0.41,I_FIN=0.13; I_HRSTRAT=0.25; I_ECO=0.34,C_watchlist,,,
GAB,Gabon,Sub-Saharan Africa,Upper middle income,,18923.66166116509,2024.0,3.3940389959240065,2024.0,92.04680551512556,2024.0,36.82191091358106,2024.0,91.8632094677575,2024,68.72090149,2024.0,7.65526008605957,2003.0,-5.458665072917938,2023.0,-6.108853518962859,2023.0,-4.933736920356749,2023.0,-2.348691105842592,2023.0,38.261167374423344,2024.0,236497.0472062016,2024,205982.5410714149,2024,190352.53752360103,2024,528138.230163237,20.562097799444867,18.69524518886337,100.0,57.622028565009785,42.38232056596028,47.35639207128669,23.37526244778052,3406.259099009716,0.3826116737442334,2.13870101273962,0.636958755308175,187.0,156.8600315979696,46.71684816582066,4.9717525318490505,1.1621786779907737,341.0,364.646228994924,85.2383680870841,14.391340084930802,2.9217525318490507,858.0,1055.512690653131,214.291848994924,60.05968073925325,100.0,48046268621.93842,60.4,platform_snapshot_world_bank_217_economies,False,False,False,False,True,,2538954.0,2024,442479.0,2024,528137.85,2024,2,un_wpp2024_population_by_single_age_sex,UN World Population Prospects 2024,2647400.0,476146.0,562973.05,3151470.0,620517.0,736387.95,4084539.0,718725.0,876339.3,30.803410571784905,55.66274442444448,,,,,False,,False,,,,,,False,False,,,,,False,False,0.0,0.0,,0.7473684210526315,0.0409008791572245,0.405876364602736,0.2233886218799802,0.4807954113435629,0.6114148274777661,0.5387004566333464,0.3695458032458307,0.0,0.0,0.6421296268096605,0.8926020400275303,0.5,0.531148552597362,0.2668057651323373,0.2567981604584772,0.2363784327770226,0.216770459233321,0.3001873501444937,0.4352991525219588,0.437207664600837,0.4057631368093474,energy_logistics,0.513896786911888,0.6137460389260758,476146.0,6596.6772931034775,0.3309740856718496,620517.0,8596.838792901106,0.3630081622025363,718725.0,9957.443488942035,0.3948565194846655,0.9963381802579164,0.8831061403064865,0.5,0.4371178344508582,,0.465725694537771,0.4518345299285843,0.3953381654323827,0.4371178344508582,0.4057631368093474,0.7180168935328207,0.7180168935328207,0.5,Gabon,partner_embedded_branch,600,1848662.8547399072,1499739.4156320868,0.615672251822527,0.1205964034157114,135819226.40860078,5528.340555880691,25.0,0.8278234066312566,0.0001255563312481,6596.6772931034775,0.08,124393.4301235074,497583.43201056565,-333383.327326213,-4098635.764825453,-301122261.1423848,-4183941.49575493,-307389579.35746944,-4940931.30999676,-3343013.175262399,0.0,inf,-72.84695220727903,115.75442322572442,0.11,0.2948959482301448,0.0884687844690434,True,,42.790002606972784,42.790002606972784,97.0,82.0,81.0,78.0,82.0,0.0,0.0,0.0,I_RUSCOMP=0.72; I_ECO=0.47; I_FEAS=0.45,I_FIN=0.09; I_HRSTRAT=0.40; I_PROGRAM=0.41,C_watchlist,,,
BTN,Bhutan,South Asia,Lower middle income,,14610.29591195358,2023.0,4.632157045239268,2023.0,81.73662786885451,2023.0,52.790780093676815,2023.0,42.5645249803412,2024,91.27739716,2024.0,13.011259392916,2024.0,3.964137375354766,2023.0,4.673852801322936,2023.0,-2.807215869426724,2023.0,6.879602968692781,2023.0,23.62805697546114,2023.0,67772.4560427909,2024,72906.45256155555,2024,74424.45404406177,2024,174169.91292417425,21.408708184302995,17.106015515891276,100.0,32.1256180160309,40.71360101753764,51.97254129781671,66.99042516668771,3000.0,0.25,1.9,0.5375,179.0,139.35284,39.422185,4.375,0.95,317.0,320.87825,69.67642,12.8,2.325,775.0,938.79808,170.52387,75.11538786306906,100.0,11564399861.413149,51.50337781787479,platform_snapshot_world_bank_217_economies,False,False,False,False,True,,791531.0,2024,140680.0,2024,174171.25,2024,2,un_wpp2024_population_by_single_age_sex,UN World Population Prospects 2024,802219.0,139425.0,171977.55,843207.0,117749.0,149291.3,882345.0,99887.0,123928.7,-13.191402017298191,-27.93902459943173,,,,,False,,False,,,,,,False,False,,,,,False,False,0.0,0.0,,0.7473684210526315,0.0978681040568643,0.2339273803872579,0.1658977422220611,0.3033570962197948,0.5367563655106119,0.6783098709643826,0.3023468565974797,0.3507298965751526,0.3507298965751526,0.916798035831358,0.2419059059320449,0.5,0.9369797960531612,0.6811877251090833,0.352296496409395,0.7024943270479066,0.3911610876243805,0.4402058302836045,0.6021648345927849,0.4527320623442408,0.5564552262842486,digital_finance_business_informatics,0.4423011622030184,0.7116958970847616,139425.0,2794.035045157683,0.2360025121463976,117749.0,2359.654527755224,0.2196613304844349,99887.0,2001.705422669288,0.2184303538452097,0.0022216973376492,0.1085121936167464,0.5,0.2138619674816722,,0.4932290176597678,0.6546294177298095,0.5087473016254676,0.2138619674816722,0.5564552262842486,0.746695198823481,0.746695198823481,0.5,Bhutan,partner_embedded_branch,600,1683350.7889834887,1422253.8762156772,0.5626067953526533,0.0759815280994419,123673930.78074904,5385.2417186685725,25.0,0.3891959865379557,0.0001393678686196,2794.035045157683,0.08,122012.07788490488,436216.54506166594,-279307.1435718278,-3612220.040656648,-265385832.9449992,-3763487.859336503,-276499313.1888076,-4271115.247062246,-2947675.5125417057,0.0,inf,-133.2626633593919,102.75894969165944,0.11,0.3625842552586673,0.1087752765776001,True,,42.60060879523681,42.60060879523681,99.0,83.0,81.0,73.0,86.0,0.0,0.0,0.0,I_RUSCOMP=0.75; I_FEAS=0.65; I_PROGRAM=0.56,I_FIN=0.11; I_MARKET=0.21; I_ECO=0.49,C_watchlist,,,
LBN,Lebanon,Middle East & North Africa,Lower middle income,"The World Bank systematically assesses the appropriateness of official exchange rates as conversion factors. In this country, multiple or dual exchange rate activity exists and must be accounted for appropriately in underlying statistics. An alternative estimate (“alternative conversion factor” - PA.NUS.ATLS) is thus calculated as a weighted average of the different exchange rates in use in the country. Doing so better reflects economic reality and leads to more accurate cross-country comparisons and country classifications by income level. For this country, this applies to the period 1984-2024. Alternative conversion factors are used in the Atlas methodology and elsewhere in World Development Indicators as single-year conversion factors.",11330.26873874222,2023.0,-0.7605844702573137,2023.0,104.20641006918235,2023.0,42.38046233722557,2023.0,90.703695784554,2024,80.63400269,2024.0,54.4012561547071,2023.0,-11.06267309188846,2023.0,-8.15552628040311,2023.0,-7.101231455802891,2023.0,-10.633274078369109,2023.0,27.65623148127534,2023.0,523244.5479112824,2024,475281.0441266579,2024,418014.5367794163,2024,1186632.1335886775,20.486954804060503,20.89033816170376,100.0,58.57354897124021,74.87219413721117,28.635304703340097,3.251278643860008,3000.0,0.2765623148127534,1.947812166662956,0.557421736109565,186.0,142.85955642686116,40.88331684452549,4.494530416657391,0.9924997037004056,331.0,329.645041067153,72.79350126832105,13.11874777775304,2.4445304166573902,815.0,962.176189512408,179.29066106715297,73.6100167706615,100.0,65783109746.925255,63.920376846412125,platform_snapshot_world_bank_217_economies,False,False,False,False,True,,5805965.0,2024,998526.0,2024,1186632.3,2024,2,un_wpp2024_population_by_single_age_sex,UN World Population Prospects 2024,5897463.0,1031713.0,1230264.7,6357727.0,1026882.0,1260916.2,6999263.0,921621.0,1120033.65,2.4914557005496496,-8.959945774271183,,,,,False,,False,,,,,,False,False,,,,,False,False,0.0,0.0,,0.7473684210526315,0.5380984175869485,0.4739162577671835,0.5060073376770661,0.519939901104973,0.4633800043993516,0.070227721581681,0.4487988137881504,0.095480903430177,0.095480903430177,0.7871943833653704,0.8772975531241541,0.5,0.1668187444987342,0.0203610540843954,0.1594597770800071,0.1479046604102633,0.2904569955899934,0.2751517888300848,0.400959784474527,0.2973703769055626,0.3712185176659572,digital_finance_business_informatics,0.3741798122388697,0.5912920364828722,1031713.0,75407.25738396532,0.600361596379647,1026882.0,75054.16261786087,0.6032975865181222,921621.0,67360.70201448222,0.6051324264477721,0.3290274039979318,0.2812686636652674,0.5,0.5475000444725757,,0.3502017782861181,0.3326299442647962,0.332140563510505,0.5475000444725757,0.3712185176659572,0.7069787193878565,0.7069787193878565,0.5,Lebanon,partner_embedded_branch,600,1762130.0468096363,1396849.0551909578,0.5281149617004173,0.1468214122617448,129461756.19605248,5210.707387628909,25.0,9.20898043898103,0.0001221868754886,75407.25738396532,0.08,166065.89030969143,444095.1638544808,-242501.6604364309,-3551533.4330074466,-260927254.6362808,-3456892.1198125137,-253974061.4612936,-3879147.578355605,-3108589.1687660515,0.0,inf,-5.053665357467248,105.56335706120932,0.11,0.4119427213366814,0.1235828164010044,True,,42.22320638118972,42.22320638118972,102.0,84.0,84.0,81.0,87.0,0.0,0.0,0.0,I_RUSCOMP=0.71; I_MARKET=0.55; I_PROGRAM=0.37,I_FIN=0.12; I_HRSTRAT=0.33; I_FEAS=0.33,C_watchlist,,,
GIN,Guinea,Sub-Saharan Africa,Lower middle income,,4016.341913860717,2024.0,5.350046590517081,2024.0,97.77781773127477,2024.0,36.3402000064846,2024.0,38.0713036688655,2024,33.30469894,2024.0,10.8547201156616,2014.0,-6.355570197105409,2023.0,-7.79776275157929,2023.0,-7.532402038574208,2023.0,-6.145126044750215,2023.0,37.12688028712607,2024.0,1600487.4445047022,2024,1392843.4518030258,2024,1245919.457037083,2024,3553994.6519744154,24.05444549807958,23.787583395614707,100.0,83.39356956718488,10.733022413735636,35.475998832782935,11.73280540775766,3000.0,0.3712688028712607,2.118283845168269,0.6284516021534454,209.0,155.36256302648349,46.09290292770144,4.920709612920673,1.144030084594017,381.0,360.9025575662087,83.90728491242974,14.25522563445513,2.870709612920673,957.0,1045.5295668432232,210.54817756620864,57.54682345504442,100.0,59260261425.5034,50.85641603469848,platform_snapshot_world_bank_217_economies,False,False,False,False,True,,14754780.0,2024,2993330.0,2024,3553993.55,2024,2,un_wpp2024_population_by_single_age_sex,UN World Population Prospects 2024,15441992.0,3124366.0,3707363.5,18486019.0,3743434.0,4437252.55,23404593.0,4381343.0,5279610.95,19.687550195711843,42.40877513089829,,,,,False,,False,,,,,,False,False,,,,,False,False,0.0,0.0,,0.7473684210526315,0.074930823640306,0.2214232615019005,0.1481770425711032,0.50693019959485,0.1640934107427518,0.7592586456196249,0.4068989893272894,0.0,0.0,0.2108697294251352,0.182599622865628,0.5,0.3641933277733749,0.2273630085517703,0.1400966613715404,0.1633700975854828,0.1816511556685858,0.1774649931750685,0.2728354585216109,0.5478428518442235,0.4593298688795756,energy_logistics,0.158869069065596,0.6485644147717241,3124366.0,16882.717613559627,0.434875747170693,3743434.0,20227.892355440425,0.4578947153823939,4381343.0,23674.87568266528,0.4901176366737376,0.7686226601546335,0.7784495269654397,0.5,0.483523976388586,,0.4015201643608427,0.2482236510819176,0.326726536914432,0.483523976388586,0.4593298688795756,0.7151401713176895,0.7151401713176895,0.5,Guinea,partner_embedded_branch,600,1671441.319917471,1303847.6991904946,0.45,0.1653907967619781,122798955.18888468,4719.030730533079,25.0,2.187960774482348,0.0001296651687952,16882.717613559627,0.08,129912.05196670385,379211.1790259341,-218962.23273715551,-3269080.9291588794,-240175779.8762808,-3244866.9149421426,-238396802.8871928,-3595655.177864564,-2758778.731908124,0.0,inf,-21.206884723140814,99.68574329037646,0.11,0.446076394878676,0.1338229184636028,True,,41.799254459506,41.799254459506,104.0,85.0,85.0,83.0,89.0,0.0,0.0,0.0,I_RUSCOMP=0.72; I_MARKET=0.48; I_PROGRAM=0.46,I_FIN=0.13; I_FEAS=0.25; I_HRSTRAT=0.33,C_watchlist,,,
TZA,Tanzania,Sub-Saharan Africa,Lower middle income,,3713.26293945313,2024.0,5.526313830594503,2024.0,41.513120720824354,2024.0,29.563074223197432,2024.0,36.1684458862992,2024,31.16209984,2024.0,4.01880979537964,2024.0,-3.185566484928128,2023.0,-2.614488035440442,2023.0,-4.118762910366055,2023.0,-0.3692612051963806,2023.0,28.11594803379892,2024.0,7472678.998607362,2024,6375319.999096338,2024,5390953.499248756,2024,16273928.07236564,23.78231079315059,24.16166181988301,100.0,100.0,6.344121023194735,25.040458832334355,35.21979359128025,3000.0,0.2811594803379892,1.9560870646083808,0.5608696102534919,187.0,143.4664672318112,41.13619634658801,4.515217661520952,0.9998551685407828,333.0,331.16231807952806,73.33297753938776,13.173913764055872,2.465217661520952,822.0,966.2222615454082,180.80793807952804,73.40016202523844,100.0,254581890111.18808,50.6,platform_snapshot_world_bank_217_economies,False,False,False,False,True,,68560162.0,2024,13847999.0,2024,16273927.4,2024,2,un_wpp2024_population_by_single_age_sex,UN World Population Prospects 2024,72563779.0,14566183.0,17148965.2,92091425.0,18392218.0,21733960.3,129621093.0,24845763.0,29707219.65,26.736278524840685,73.23039205887478,,,,,False,,False,,,,,,False,False,,,,,False,False,0.0,0.0,,0.7473684210526315,0.002223039658565,0.2164673944547924,0.1093452170566787,0.6885359539160875,0.1414537428037008,0.7791344290043892,0.0401809266217096,0.0,0.0,0.184779493841643,0.1574836950123108,0.5,0.6181976313788362,0.3667687064422506,0.2933972158796873,0.3874332091829324,0.1601941190988638,0.15383499738275,0.2215308139927002,0.3357623275747815,0.2944862105029038,energy_logistics,0.1475628495161784,0.5414160368268874,14566183.0,22481.51035491107,0.4665436622226163,18392218.0,28386.62945651457,0.4954724036260346,24845763.0,38347.05894881084,0.5431632647968222,0.9084691073077584,1.0,0.5,0.5350538075723502,,0.3636874152659378,0.3719038706636045,0.2354915230843395,0.5350538075723502,0.2944862105029038,0.6877076038204112,0.6877076038204112,0.5,Tanzania,partner_embedded_branch,600,1623899.7439320728,1297045.2871135017,0.45,0.138181148454007,119306127.89697108,4688.597030729617,25.0,2.5857513789855897,0.0001150767093502,22481.51035491107,0.08,131638.6043882082,370690.612497995,-209396.75910994725,-3168800.800949552,-232808309.16488257,-3090159.2448069127,-227030600.5407946,-3421210.303817679,-2809939.887639758,0.0,inf,-17.271906668570733,98.11506647128654,0.11,0.4709825899231146,0.1412947769769343,True,,41.531468415322806,41.531468415322806,107.0,86.0,87.0,84.0,92.0,0.0,0.0,0.0,I_RUSCOMP=0.69; I_MARKET=0.54; I_FEAS=0.37,I_FIN=0.14; I_HRSTRAT=0.24; I_PROGRAM=0.29,C_watchlist,,,
BLZ,Belize,Latin America & Caribbean,Upper middle income,,12621.408196189694,2024.0,3.5046643502389543,2024.0,108.97244652147604,2024.0,62.440963096945154,2024.0,41.7532107338224,2024,80.00582262,2024.0,24.8098643151325,2024.0,-2.63418245315552,2023.0,-4.449283242225647,2023.0,-3.014079958200458,2023.0,4.09728044271469,2023.0,53.540821367537504,2024.0,38612.54585381081,2024,40117.047643245525,2024,39239.04649989476,2024,96387.16442200898,22.837679210724605,20.71704197709966,100.0,33.93818492286355,42.02330735748839,55.24183327932196,40.29948804047021,3000.0,0.535408213675375,2.413734784615676,0.7515561602565313,251.0,177.03199854893825,55.12183439539092,5.659336961539188,1.4066531418806,469.0,415.07614637234553,103.16900537683398,16.2248985641045,3.609336961539188,1203.0,1189.9924703262548,264.72176637234554,31.78788967285353,100.0,5264035959.201228,64.84295929453975,platform_snapshot_world_bank_217_economies,False,False,False,False,True,,417079.0,2024,78730.0,2024,96387.55,2024,2,un_wpp2024_population_by_single_age_sex,UN World Population Prospects 2024,428659.0,75922.0,94007.05,473134.0,72849.0,88980.6,516630.0,68172.0,82860.45,-5.34688621757623,-11.85719581669673,,,,,False,,False,,,,,,False,False,,,,,False,False,0.0,0.0,,0.7473684210526315,0.223359864155765,0.4917474201525328,0.3575536421541489,0.2053044117553426,0.4945246494598193,0.5511745021693232,0.4798625490864083,0.5873412616530882,0.5873412616530882,0.7795450914305635,0.2311973231526986,0.5,0.8146220340125514,0.3910166514713536,0.3430065924899136,0.3081185006847834,0.4184855279991432,0.4555716177956307,0.6084654739309068,0.5083873303195743,0.5697071786840493,digital_finance_business_informatics,0.4026539110956643,0.720309666144632,75922.0,3365.3452584844613,0.256567950231759,72849.0,3229.1303803289507,0.2544378956713041,68172.0,3021.81603436952,0.2637148975572265,0.2514502633444635,0.2857904884656594,0.5,0.2758201865901585,,0.477974082114221,0.5019429355441385,0.5325738740069241,0.2758201865901585,0.5697071786840493,0.7508795827492359,0.7508795827492359,0.5,Belize,partner_embedded_branch,600,1842587.0578953016,1509661.6595556196,0.6258148168084378,0.1095725541802895,135372844.29780415,5302.28651987288,25.0,0.4732618203389785,0.0001407012637147,3365.3452584844613,0.08,122408.99497953973,500447.2877336124,-338002.5097353837,-4121646.2256002906,-302812814.3840052,-4509052.427205115,-331275121.86908984,-5147507.984621394,-4081585.72606644,0.0,inf,-134.69617500322371,123.2153304610232,0.11,0.2425567444744449,0.0727670233423335,True,,41.46611828128851,41.46611828128851,108.0,87.0,87.0,84.0,92.0,0.0,0.0,0.0,I_RUSCOMP=0.75; I_PROGRAM=0.57; I_HRSTRAT=0.53,I_FIN=0.07; I_MARKET=0.28; I_ECO=0.48,C_watchlist,,,
VCT,St. Vincent and the Grenadines,Latin America & Caribbean,Upper middle income,,18714.198849352968,2024.0,4.061834900502092,2024.0,78.03680761820395,,66.40187424386933,2024.0,47.8487050456749,2024,76.19010162,2024.0,41.4983277591973,2022.0,0.5168423429131508,2023.0,4.00548720359802,2023.0,2.223244726657864,2023.0,7.1261343955993794,2023.0,54.06723969774333,2024.0,7365.499069810617,2024,7158.998251458909,2024,7227.997498573496,2024,17777.0961956276,17.32524831552273,14.767423132490196,93.33333333333331,2.399427587791198,51.855977515839896,58.99313883697651,67.49674977455655,3368.555792883534,0.5406723969774333,2.42321031455938,0.7555042977330749,224.0,177.72696802691732,55.41140501121555,5.683025786398449,1.4150758351638937,420.0,416.81357006729326,103.78675602392651,16.2880687637292,3.6330257863984494,1079.0,1194.6256001794488,266.4591900672933,35.075615874899164,93.33333333333331,1882947831.4264984,69.84949832775919,platform_snapshot_world_bank_217_economies,False,False,False,False,True,,100630.0,2024,14525.0,2024,17778.5,2024,2,un_wpp2024_population_by_single_age_sex,UN World Population Prospects 2024,99254.0,14405.0,17532.95,94497.0,14091.0,17101.95,88952.0,10073.0,12405.35,-2.458228649485683,-29.24550631810391,,,,,False,,False,,,,,,False,False,,,,,False,False,0.0,0.0,,0.7473684210526315,0.4008609047235699,0.5885110326308567,0.4946859686772133,0.0772234499086541,0.60820246384221,0.6140007037966698,0.2782324298473376,0.6844582378916455,0.6844582378916455,0.7330814016946354,0.3116520984750677,0.5,0.9478214700098372,0.5295877228801165,0.5782056712951262,0.6736021529471112,0.5275927344502863,0.5577219999473046,0.625077313097122,0.4125397394270705,0.5920567848687854,digital_finance_business_informatics,0.5108068652074472,0.7348369101647105,14405.0,1488.9442727588262,0.1664378866433972,14091.0,1456.4882851402024,0.1661824283119814,10073.0,1041.1756792432943,0.1465817553742584,0.2919318532316048,0.0917612234153083,0.5,0.2023166154373823,,0.4941723837876312,0.6448205301565887,0.5411094470511614,0.2023166154373823,0.5920567848687854,0.754138812133018,0.754138812133018,0.5,St. Vincent and the Grenadines,partner_embedded_branch,600,1868918.970983304,1575878.8844693431,0.6850752109023645,0.0781394833655504,137307420.98727527,5561.483808983961,25.0,0.212389479935308,0.0001427186445089,1488.9442727588262,0.08,121133.9526277044,532036.8560099552,-368339.9549014544,-4320952.074487501,-317455595.8653148,-4335086.586497033,-318494042.91469187,-4785121.739853426,-3875542.5067481934,0.0,inf,-311.8352108070408,126.35803194056278,0.11,0.2705632884031195,0.0811689865209358,True,,41.32455669582573,41.32455669582573,109.0,88.0,87.5,82.0,95.0,0.0,0.0,0.0,I_RUSCOMP=0.75; I_FEAS=0.64; I_PROGRAM=0.59,I_FIN=0.08; I_MARKET=0.20; I_ECO=0.49,C_watchlist,,,
TGO,Togo,Sub-Saharan Africa,Low income,,2960.7754256910853,2024.0,6.532045055637909,2024.0,61.57509239689401,2022.0,49.160730242495966,2024.0,43.8148491605996,2024,39.48320007,2024.0,14.9029897765252,2020.0,-4.046364307403565,2023.0,-3.69249814748764,2023.0,-3.452611356973646,2023.0,-6.67936599254608,2023.0,33.260898669220815,2024.0,1008173.5527043504,2024,846816.0442264562,2024,723949.537805221,2024,2180766.888943156,23.00483964615477,23.72668008142764,100.0,79.14974870070522,17.799835411288417,32.086576523285885,26.09263239252867,3000.0,0.3326089866922082,2.0486961760459748,0.5994567400191562,200.0,150.25875285744556,43.96631535726898,4.746740440114937,1.082174378707533,361.0,348.1430321436139,79.37056476217381,13.791307840306498,2.6967404401149366,899.0,1011.5041657163036,197.78865214361383,64.12276400616321,100.0,28172476918.45114,40.87089693295756,platform_snapshot_world_bank_217_economies,False,False,False,False,True,,9515238.0,2024,1854989.0,2024,2180766.05,2024,2,un_wpp2024_population_by_single_age_sex,UN World Population Prospects 2024,9930921.0,1966634.0,2308153.85,11937683.0,2363583.0,2808606.9,15584784.0,2868742.0,3433598.2,21.681962404715783,48.75950318476387,,,,,False,,False,,,,,,False,False,,,,,False,False,0.0,0.0,,0.7473684210526315,0.1179888367228658,0.0284286809454346,0.0732087588341502,0.4142894858493698,0.0761119340814541,0.8925400508515131,0.170939426676122,0.2617252579793913,0.2617252579793913,0.2861047792459685,0.2584090057392602,0.5,0.3406991412458749,0.3289138229530532,0.3233129154267347,0.3408328815393416,0.2090227586663389,0.2237524369914499,0.3367799844881502,0.4595796763462785,0.4062760895681501,energy_logistics,0.1186300862859,0.6140794582192975,1966634.0,8289.992483650716,0.3562356173109351,2363583.0,9963.259714051832,0.3793652927331409,2868742.0,12092.666768464862,0.4162246094210933,0.776641636121492,0.8335300144230479,0.5,0.4257839333485883,,0.3755875926193782,0.3343068464329534,0.3397116277965786,0.4257839333485883,0.4062760895681501,0.7113930042924046,0.7113930042924046,0.5,Togo,partner_embedded_branch,600,1638308.6280917155,1299113.1234461877,0.45,0.1464524937847502,120364732.76640745,4605.301780528178,25.0,1.03755071090623,0.0001252222058624,8289.992483650716,0.08,124587.10477087177,372220.989389107,-217856.20546710663,-3222730.920554884,-236770495.7291548,-3370674.1653336696,-247639723.1854829,-3784629.2427395936,-2971805.8129718374,0.0,inf,-45.59345550083793,100.97636250285456,0.11,0.4258228423979424,0.1277468527193827,True,,41.16434377996585,41.16434377996585,110.0,89.0,89.0,88.0,92.0,0.0,0.0,0.0,I_RUSCOMP=0.71; I_MARKET=0.43; I_PROGRAM=0.41,I_FIN=0.13; I_FEAS=0.33; I_HRSTRAT=0.34,C_watchlist,,,
COG,"Congo, Rep.",Sub-Saharan Africa,Lower middle income,,6181.4707163596695,2024.0,2.579669439217213,2024.0,93.18812208397524,2024.0,45.01837302083081,2024.0,63.8866111699904,2024,47.25159836,2024.0,10.3812103271484,2023.0,-9.34001183509828,2023.0,-7.144111275672911,2023.0,-8.67584443092346,2023.0,0.1341340467333797,2023.0,35.32765480340379,2024.0,674090.0000000009,2024,539595.5000000007,2024,453197.50000000064,2024,1417624.375000002,22.595080348719254,24.404166520161866,100.0,75.99712940496079,25.10352291132087,30.91425441340906,14.071235364954047,3000.0,0.3532765480340379,2.085897786461268,0.6149574110255285,205.0,152.98725289110067,45.10319037129194,4.839744466153171,1.1152424768544609,372.0,354.96428222775165,81.79589812542281,14.039318576408457,2.7897444661531705,930.0,1029.6941659406712,204.6099022277517,60.54843300795195,100.0,39147012969.34785,50.71436309814452,platform_snapshot_world_bank_217_economies,False,False,False,False,True,,6332970.0,2024,1213685.0,2024,1417623.65,2024,2,un_wpp2024_population_by_single_age_sex,UN World Population Prospects 2024,6637787.0,1324674.0,1539384.3,8160735.0,1656534.0,1966165.05,11006470.0,2034295.0,2428205.65,27.724119961467707,57.73875633264544,,,,,False,,False,,,,,,False,False,,,,,False,False,0.0,0.0,,0.7473684210526315,0.06989450136523,0.2186777410509641,0.144286121208097,0.4552753417019062,0.2885181725703383,0.4468726564298529,0.3769845956556538,0.1601594331109213,0.1601594331109213,0.380699863082463,0.5233373315108942,0.5,0.6403353655462084,0.0961176829518055,0.0887466661869955,0.191626208174379,0.1937485426729349,0.2302093015795431,0.3237811015392872,0.4049398199653334,0.3640702749812129,energy_logistics,0.2336933166484403,0.5866456787377884,1324674.0,9083.09280723209,0.3663373936541103,1656534.0,11358.607521801896,0.3938998192876181,2034295.0,13948.858573723195,0.4319307643962234,0.8821495192887735,0.9087272576684908,0.5,0.4518439218001213,,0.3592130816197562,0.3376274586616303,0.3200571770791778,0.4518439218001213,0.3640702749812129,0.7048138887476227,0.7048138887476227,0.5,"Congo, Rep.",partner_embedded_branch,600,1650845.9358625696,1309889.3851947442,0.458767116336907,0.1457219590944413,121285834.97729357,4902.05096240482,25.0,1.1030179939494102,0.0001214996424827,9083.09280723209,0.08,125190.76840203795,379281.0295284733,-223747.77876415744,-3264947.2672321275,-239872084.28155047,-3256516.0651065893,-239252653.13570952,-3713277.934390813,-2842982.290424158,0.0,inf,-41.38074577345021,95.83331925986344,0.11,0.4442010127089099,0.1332603038126729,True,,41.00779474375392,41.00779474375392,111.0,90.0,91.0,88.0,94.0,0.0,0.0,0.0,I_RUSCOMP=0.70; I_MARKET=0.45; I_PROGRAM=0.36,I_FIN=0.13; I_HRSTRAT=0.32; I_FEAS=0.34,C_watchlist,,,
IRQ,Iraq,Middle East & North Africa,Upper middle income,,12725.043126039314,2024.0,-1.5452519831830358,2024.0,70.70874347489435,2024.0,45.76618170303999,2024.0,69.8861494108913,2024,81.47450256,2024.0,15.5580997467041,2005.0,-9.72724449634553,2023.0,-11.852167963981657,2023.0,-10.06829118728636,2023.0,-16.89168667793271,2023.0,41.9902966217353,2024.0,4779561.502048682,2024,4256617.501586615,2024,3843765.500994895,2024,10765873.479083002,23.358103333887417,23.156553540207103,100.0,95.3522515308812,46.12348856791665,25.81494720947341,0.0,3000.0,0.419902966217353,2.2058253391912355,0.6649272246630147,222.0,161.78317134750628,48.76815639479428,5.139563347978088,1.2218447459477648,407.0,376.9540783687657,89.61449230889448,14.838835594608238,3.089563347978088,1030.0,1088.333622316709,226.5996983687657,49.52956919819766,100.0,585886626484.749,62.06742992401123,platform_snapshot_world_bank_217_economies,False,False,False,False,True,,46042015.0,2024,9036179.0,2024,10765873.25,2024,2,un_wpp2024_population_by_single_age_sex,UN World Population Prospects 2024,48007435.0,9504450.0,11311603.2,57035917.0,11145021.0,13312293.9,71928759.0,12090402.0,14563687.95,17.687065790992396,28.7499896566386,,,,,False,,False,,,,,,False,False,,,,,False,False,0.0,0.0,,0.7473684210526315,0.1249566862066032,0.4381035263069024,0.2815301062567528,0.7923781573555454,0.4968846844420551,0.0,0.2304700916707437,0.1784948401238992,0.1784948401238992,0.7974290743144119,0.6025255772075665,0.5,0.0,0.0790885422035496,0.02621432112756,0.0,0.1745451506921745,0.2056689682405262,0.3913364099256064,0.1382820550024462,0.3339790175394601,digital_finance_business_informatics,0.4048412604859195,0.567086361400649,9504450.0,200172.71542876764,0.7083144377484725,11145021.0,234724.6939150229,0.7297456582305702,12090402.0,254635.3128235093,0.7514016512219936,0.7132873066010372,0.6512429735429646,0.5,0.6804857307199493,,0.371251515570312,0.2383838804557451,0.2597198709431343,0.6804857307199493,0.3339790175394601,0.6945642862671222,0.6945642862671222,0.5,Iraq,partner_embedded_branch,600,1875819.397957937,1460564.6533772354,0.5749406134418411,0.167555546299736,137814387.7666319,5277.689665290445,25.0,23.71961840381772,0.0001185574832963,200172.71542876764,0.08,240177.3935178833,505819.7371791364,-225176.7646869221,-3686061.60516744,-270810891.46388614,-3909251.0757200695,-287208376.35697025,-4367841.610304373,-3595970.3844420942,0.0,inf,-1.7987550551034166,117.36917957498308,0.11,0.3391180166786377,0.1017354050035913,True,,40.726738325153214,40.726738325153214,115.0,91.0,92.0,87.0,99.0,0.0,0.0,0.0,I_RUSCOMP=0.69; I_MARKET=0.68; I_ECO=0.37,I_FIN=0.10; I_FEAS=0.24; I_HRSTRAT=0.26,C_watchlist,,,
CMR,Cameroon,Sub-Saharan Africa,Lower middle income,,4916.9335401949365,2024.0,3.524723080522449,2024.0,34.40317859154232,2024.0,50.71914395875753,2024.0,55.4031748609078,2024,46.25880051,2024.0,16.6614294830602,2024.0,-6.343838036060335,2023.0,-7.26738512516023,2023.0,-6.394311070442198,2023.0,-9.803054809570328,2023.0,32.743116312708175,2024.0,3144387.054267316,2024,2633140.545348409,2024,2251622.0386664146,2024,6790757.517015612,23.338868855614585,23.520574913088485,100.0,93.25304145951944,25.6418014800238,24.89238731890501,9.873607488435391,3000.0,0.3274311631270817,2.039376093628748,0.5955733723453113,199.0,149.5751844606694,43.681495191945565,4.723440234071868,1.0738898610033307,358.0,346.4341111516734,78.76294840948388,13.72917395752498,2.673440234071868,891.0,1006.9470430711292,196.07973115167343,65.0533841200257,100.0,143199513689.65103,52.59842884491805,platform_snapshot_world_bank_217_economies,False,False,False,False,True,,29123749.0,2024,5777530.0,2024,6790760.35,2024,2,un_wpp2024_population_by_single_age_sex,UN World Population Prospects 2024,30640816.0,6124948.0,7189662.4,37893824.0,7641143.0,9046165.4,51096324.0,9577358.0,11485907.9,25.821838310516497,59.75587254277752,,,,,False,,False,,,,,,False,False,,,,,False,False,0.0,0.0,,0.7473684210526315,0.1366918694335684,0.2550919199068204,0.1958918946701944,0.6168516803927819,0.2224726452650844,0.5534363120093878,0.0,0.2999357661776235,0.2999357661776235,0.3686106533962998,0.4113639742588491,0.5,0.2033291672785303,0.2278789480416735,0.1912063334671176,0.1862973140278422,0.1808697881281697,0.1790080326808728,0.3159131296185535,0.2213745248037551,0.283845513334803,digital_finance_business_informatics,0.191255301901981,0.534499583667622,6124948.0,52128.10013049338,0.5595373046708182,7641143.0,65032.105973049656,0.5874025684622776,9577358.0,81510.81067293661,0.6261056461463207,0.8756953729611084,0.9360453626083918,0.5,0.6008630021723688,,0.349241980499425,0.2748072420395798,0.2464800190928098,0.6008630021723688,0.283845513334803,0.6879621536246175,0.6879621536246175,0.5,Cameroon,partner_embedded_branch,600,1661188.4686092618,1302385.6016878232,0.45,0.1595424067512924,122045689.481407,4801.472034183031,25.0,5.952637400456948,0.0001142519671157,52128.10013049338,0.08,147438.16512760898,380111.5730572581,-202264.4820850684,-3188895.840276421,-234284669.5996844,-3312446.148875674,-243361774.867132,-3651961.0415006415,-2988725.283311012,0.0,inf,-7.07678162510521,97.15546352879872,0.11,0.4351968982135718,0.1305590694640715,True,,40.351353809971485,40.351353809971485,117.0,92.0,95.0,90.0,101.0,0.0,0.0,0.0,I_RUSCOMP=0.69; I_MARKET=0.60; I_ECO=0.35,I_FIN=0.13; I_HRSTRAT=0.25; I_FEAS=0.27,C_watchlist,,,
PRK,"Korea, Dem. People's Rep.",East Asia & Pacific,Low income,,13592.463593743454,,3.264209418402281,,98.42496729666526,,59.1528957274226,,63.8589748211522,2024,0.0,2004.0,26.7206192016602,2018.0,-10.388698220253008,2023.0,-11.50007879734042,2023.0,-16.70431256294248,2023.0,-2.5631870031356816,2023.0,60.172862740966,,1640715.0021204718,2024,1800083.0021462631,2024,1956794.0021815184,2024,4321355.305248419,15.87787779279966,12.765695783856303,66.66666666666667,67.98615925096513,22.54900602869448,51.79983253230427,8.582542250977255,3000.0,0.6017286274096599,2.533111529337388,0.801296470557245,267.0,185.78751876310963,58.769967817962346,5.957778823343469,1.512765803855456,504.0,436.9649469077741,110.951690011653,17.02074352891592,3.907778823343469,1303.0,1248.3626050873977,286.61056690777406,23.41868750516293,66.66666666666667,360184286904.5517,44.41618576049806,platform_snapshot_world_bank_217_economies,False,False,False,False,True,,26498834.0,2024,3440799.0,2024,4321356.75,2024,2,un_wpp2024_population_by_single_age_sex,UN World Population Prospects 2024,26633694.0,3323378.0,4178474.3,26757717.0,3285289.0,3998113.75,25787131.0,2912998.0,3646546.6,-4.316421187513342,-12.730189581398166,,,,,False,,False,,,,,,False,False,,,,,False,False,0.0,0.0,,0.7473684210526315,0.2436829443342044,0.0969500590782363,0.1703165017062204,0.7317661665488643,0.5159160753351565,0.5240609549390789,0.4111169349932312,0.5067216393612151,0.5067216393612151,0.0,0.5229725577743025,0.5,0.5217157001100508,0.0500001163290432,0.0,0.0033260137271689,0.2321922815896271,0.3191664799966621,0.3511206775443546,0.4562945429715703,0.4154841763654645,energy_logistics,0.4226113816006736,0.620064714637552,3323378.0,98190.46841374174,0.6295541975629376,3285289.0,97065.11440603902,0.6318177478450994,2912998.0,86065.63505815255,0.632086597362109,0.3143360613848521,0.2648840722959249,0.5,0.5499630157512586,,0.5233125860625437,0.2097328509677886,0.3730865779082116,0.5499630157512586,0.4154841763654645,0.716318806985532,0.716318806985532,0.5,"Korea, Dem. People's Rep.",partner_embedded_branch,600,2034591.8031305864,1575682.658609206,0.6657743723299475,0.1738587727870864,149479221.72502074,5316.966520944462,25.0,12.388701729015102,0.0001262358240804,98190.46841374174,0.08,183235.4998378945,576307.3953066235,-346967.3038441992,-4465913.791561959,-328105773.76088643,-4655803.707071803,-342056776.9744876,-5099493.950339405,-4339241.56803607,0.0,inf,-5.267430676507829,140.47223064711883,0.11,0.2189314387854259,0.0656794316356277,True,,40.249158239424965,40.249158239424965,118.0,93.0,94.0,90.0,100.0,0.0,0.0,0.0,I_RUSCOMP=0.72; I_MARKET=0.55; I_ECO=0.52,I_FIN=0.07; I_FEAS=0.21; I_HRSTRAT=0.37,C_watchlist,,,
KNA,St. Kitts and Nevis,Latin America & Caribbean,High income,,30656.441010936665,2024.0,0.3122268558581709,2024.0,78.03680761820395,,66.13110264152189,2024.0,31.795061903951,2024,76.88400269,2024.0,93.92236328125,2015.0,2.6628757417202014,2023.0,3.356832921504972,2023.0,3.793502211570743,2023.0,6.463752746582032,2023.0,68.76036975062814,2024.0,3103.500000000002,2024,3219.0,2024,3549.999999999998,2024,7920.000000000001,16.44981017340557,13.150111610303991,93.33333333333331,0.077610333945447,71.52193500625067,50.84916161428368,71.66192889127161,5518.1593819686,0.6876036975062815,2.687686655511307,0.8657027731297111,157.0,197.12461498715908,63.49375791131627,6.344216638778267,1.6501659160100504,299.0,465.30768746789767,121.02910887747473,18.051244370075377,4.294216638778266,778.0,1323.9432465810603,314.9533074678976,32.05715117910313,93.33333333333331,1436039666.2753062,91.176708984375,platform_snapshot_world_bank_217_economies,False,False,False,False,True,,46867.0,2024,6325.0,2024,7922.95,2024,2,un_wpp2024_population_by_single_age_sex,UN World Population Prospects 2024,47017.0,5862.0,7449.15,46955.0,5785.0,7089.1,44274.0,4792.0,5981.35,-4.833437372049154,-19.70426156004376,,,,,False,,False,,,,,,False,False,,,,,False,False,0.0,0.0,,0.7473684210526315,0.958450936131604,1.0,0.979225468065802,0.0434671673543484,0.7506494163137203,0.1911972535334342,0.2782324298473376,0.6778192302755134,0.6778192302755134,0.7415309723062994,0.0997591516534412,0.5,0.9186920159534496,0.6239627807097791,0.6487231847512335,0.645562061546159,0.6843058791722247,0.5949811135910256,0.5765256854040993,0.2434183593217762,0.6284815372422446,diplomatic_analytic,0.6437400827461642,0.7585129992074591,5862.0,2328.605522124677,0.2158613935111908,5785.0,2298.018243857259,0.2167272655061262,4792.0,1903.561525421605,0.2129033295102829,0.3107067614842602,0.2072089564096301,0.5,0.2750525608032477,,0.4550206438810479,0.6396658502855145,0.4821301160354803,0.2750525608032477,0.6284815372422446,0.7507037676484822,0.7507037676484822,0.5,St. Kitts and Nevis,partner_embedded_branch,600,2092963.202944321,1762939.4199440612,0.8344968333678116,0.0792735129371868,153767704.26079604,5944.3505812725725,25.0,0.3385251321329612,0.0001454524857369,2328.605522124677,0.08,121931.81958333116,648934.3587451498,-475087.7904622067,-5171680.273602338,-379957660.8532628,-5369120.734288432,-394463394.3153634,-6081365.771462372,-4840821.501086093,0.0,inf,-236.0905142380153,149.7735892941418,0.11,0.1040954193893145,0.0312286258167943,True,,39.99052269140107,39.99052269140107,119.0,94.0,96.0,89.0,100.0,0.0,0.0,0.0,I_RUSCOMP=0.75; I_FEAS=0.64; I_PROGRAM=0.63,I_FIN=0.03; I_MARKET=0.28; I_ECO=0.46,C_watchlist,,,
WSM,Samoa,East Asia & Pacific,Upper middle income,"The reporting period for national accounts data is designated as either calendar year basis (CY) or fiscal year basis (FY). For this country, it is fiscal year-based (fiscal year-end: June 30). Also, an estimate (PA.NUS.ATLS) of the exchange rate covers the same period and thus differs from the official exchange rate (CY).",7686.249425718686,2024.0,4.748384455647141,2024.0,79.5241461770504,2024.0,69.36299757149685,2024.0,17.5029115108018,2024,21.20000076,2014.0,16.0263900756836,2024.0,3.4480397403240177,2023.0,6.3047112226486215,2023.0,-1.893741816282274,2023.0,7.687318801879851,2023.0,61.725891644662354,2024.0,22123.450330559783,2024,16547.96336584262,2024,13820.466967119575,2024,44890.623831606215,20.58623362788757,20.553475164371225,100.0,23.781755830324784,5.797596542581678,51.59816290147027,70.2482382334963,3000.0,0.6172589164466236,2.5610660496039226,0.8129441873349676,271.0,187.83780391573023,59.62425329822093,6.027665124009806,1.5376142663145975,513.0,442.0906597893256,112.77416570287131,17.20710699735948,3.977665124009806,1326.0,1262.0311727715348,291.7362797893256,21.844678259596865,100.0,1675748413.5457623,62.20791702270508,platform_snapshot_world_bank_217_economies,False,False,False,False,True,,218032.0,2024,38671.0,2024,44890.0,2024,2,un_wpp2024_population_by_single_age_sex,UN World Population Prospects 2024,220544.0,41672.0,47752.85,235187.0,52781.0,61377.8,272728.0,47801.0,57319.85,28.53222373114903,20.03440632339222,,,,,False,,False,,,,,,False,False,,,,,False,False,0.0,0.0,,0.7473684210526315,0.129937493514616,0.4408187831112569,0.2853781383129364,0.0626994775297556,0.3513933178801338,0.6914156008301495,0.2879264999102435,0.7570615690903154,0.7570615690903154,0.0634719137613142,0.0,0.5,0.9725005887688776,0.6584915526362529,0.3933190162530068,0.7729932360328704,0.5123636069960922,0.5046923502433557,0.41469915300701,0.4493221402782059,0.497630603968368,diplomatic_analytic,0.2797932126257686,0.6734598925794392,41672.0,743.7007681849267,0.0897514867016134,52781.0,941.9579152804906,0.1178910167639344,47801.0,853.0821755617121,0.1246881815534627,0.9169571513690996,0.5291500120037809,0.5,0.2246941938861826,,0.4226620464267445,0.5283551369087426,0.4520840083592725,0.2246941938861826,0.497630603968368,0.7340131413999496,0.7340131413999496,0.5,Samoa,partner_embedded_branch,600,1793990.7395482908,1477583.8129775445,0.6013146764060202,0.1037618698800766,131802526.24479944,5005.581725672872,25.0,0.0994926963760414,0.0001338502310566,743.7007681849267,0.08,120478.09806990511,477968.6259542624,-319253.0378080163,-3965034.019309141,-291306687.8612214,-3871431.0595094487,-284429781.3679938,-4121008.8886428815,-3451130.47932048,0.0,inf,-641.0461275372194,125.32027188126304,0.11,0.3452066139634536,0.103561984189036,True,,39.92578551007817,39.92578551007817,120.0,95.0,96.0,92.0,99.0,0.0,0.0,0.0,I_RUSCOMP=0.73; I_FEAS=0.53; I_PROGRAM=0.50,I_FIN=0.10; I_MARKET=0.22; I_ECO=0.42,C_watchlist,,,
TKM,Turkmenistan,Europe & Central Asia,Upper middle income,"The World Bank systematically assesses the appropriateness of official exchange rates as conversion factors. In this country, multiple or dual exchange rate activity exists and must be accounted for appropriately in underlying statistics. An alternative estimate (“alternative conversion factor” - PA.NUS.ATLS) is thus calculated by using an inflation-adjustment method. Doing so better reflects economic reality and leads to more accurate cross-country comparisons and country classifications by income level. For this country, this applies to the period 2019-2024. Alternative conversion factors are used in the Atlas methodology and elsewhere in World Development Indicators as single-year conversion factors.",18662.29879905601,2024.0,6.2994265836888985,2024.0,28.734607630305213,2024.0,50.35063691273102,2024.0,47.0875253910294,2024,17.99029922,2016.0,20.4250351701637,2024.0,-8.4454970359802,2023.0,-10.40604758262636,2023.0,-14.47668313980105,2023.0,-0.779971748590468,2023.0,32.322774472474286,2024.0,544483.9656105732,2024,522266.9664535195,2024,649477.4576596415,2024,1359015.788010931,17.289411253098013,11.701021685565577,100.0,56.15759973948521,13.63504184135991,52.70188055349868,11.165007987056356,3359.213783830082,0.3232277447247428,2.0318099405045373,0.5924208085435572,176.0,149.02025555238856,43.450274813495234,4.704524851261343,1.0671643915595888,318.0,345.04678888097146,78.26967826878985,13.678732936696914,2.654524851261342,790.0,1003.2475170159236,194.69240888097136,69.70233126869864,100.0,139864561024.92767,63.527510551049104,platform_snapshot_world_bank_217_economies,False,False,False,False,True,,7494495.0,2024,1066750.0,2024,1359014.65,2024,2,un_wpp2024_population_by_single_age_sex,UN World Population Prospects 2024,7736632.0,1106137.0,1379258.65,8538675.0,1544080.0,1786089.1,9639708.0,1310439.0,1632825.75,29.496313109944985,18.38430377072495,,,,,False,,False,,,,,,False,False,,,,,False,False,0.0,0.0,,0.7473684210526315,0.1767221531074897,0.4663231556844746,0.3215226543959821,0.6139159149834884,0.6074009564910098,0.8663101379208822,0.0,0.2909003981258841,0.2909003981258841,0.0243876682151933,0.3016052450188383,0.5,0.6001358781252241,0.1354553213796072,0.0,0.0506189031799152,0.1814426136660327,0.2080590071115178,0.3356866598126576,0.3465240551683529,0.3190154652383035,energy_logistics,0.5100357697268303,0.5573600524048973,1106137.0,38760.88177483708,0.5267748971747463,1544080.0,54107.133502351375,0.5670066478239476,1310439.0,45919.96393949007,0.5629866382378522,1.0,0.565896291284329,0.5,0.5654259826944528,,0.5211068460317024,0.2261822750274086,0.3006495826090242,0.5654259826944528,0.3190154652383035,0.6979794964369134,0.6979794964369134,0.5,Turkmenistan,partner_embedded_branch,600,1919457.5557229004,1491114.270713291,0.5988434366718385,0.1702398994939701,141020435.2156502,5518.954941277084,25.0,4.554277944095463,0.0001175579591093,38760.88177483708,0.08,144129.4605729743,509069.19196504407,-324214.19603486627,-4148102.838856008,-304756552.6576282,-4330381.363252538,-318148355.3386644,-5040129.183571008,-3646678.77434375,0.0,inf,-12.898988241041568,117.0665539015158,0.11,0.2713207764303943,0.0813962329291183,True,,39.88961922396194,39.88961922396194,121.0,96.0,96.0,93.0,103.0,0.0,0.0,0.0,I_RUSCOMP=0.70; I_MARKET=0.57; I_ECO=0.52,I_FIN=0.08; I_FEAS=0.23; I_HRSTRAT=0.30,C_watchlist,,,
ZMB,Zambia,Sub-Saharan Africa,Lower middle income,"National accounts data were rebased to reflect the January 1, 2013, introduction of the new Zambian kwacha at a rate of 1,000 old kwacha = 1 new kwacha.",3708.069042956468,2024.0,3.8200482551859096,2024.0,62.53488740644427,2024.0,57.18829340581525,2024.0,45.4703838491279,2024,17.10099983,2024.0,3.96159738763825,2012.0,-4.612790405750275,2023.0,-3.703891932964328,2023.0,-3.48670029640198,2023.0,1.4120910018682462,2023.0,28.1646413328316,2024.0,2401579.555979856,2024,2006485.0469659164,2024,1715741.040201166,2024,5180148.071036297,24.392835490705643,25.14739522547995,100.0,91.07087609285664,4.768585736499442,29.39620098028529,34.25759650879603,3000.0,0.2816464133283159,1.9569635439909687,0.561234809996237,187.0,143.530751385056,41.16298141044,4.517408859977422,1.0006342613253056,334.0,331.32302846264,73.39011900893868,13.179756959939793,2.467408859977421,822.0,966.65082256704,180.96864846264,73.2449165653309,100.0,79037328495.57922,50.6,platform_snapshot_world_bank_217_economies,False,False,False,False,True,,21314964.0,2024,4408064.0,2024,5180147.9,2024,2,un_wpp2024_population_by_single_age_sex,UN World Population Prospects 2024,22521914.0,4683162.0,5503694.25,28266898.0,5647411.0,6737955.85,38083384.0,7128428.0,8529235.7,22.42605682537688,54.97292023444069,,,,,False,,False,,,,,,False,False,,,,,False,False,0.0,0.0,,0.7473684210526315,0.0016145197704684,0.2164673944547924,0.1090409571126304,0.542808397864322,0.1410498596187845,0.5867369933901163,0.1771951107053345,0.4585518547060057,0.4585518547060057,0.0135587499218196,0.2802605020395582,0.5,0.6965358784466907,0.3040043803425996,0.3217820408612966,0.340340349854916,0.255092218252945,0.2829752484593965,0.2611618793453231,0.3410118637792473,0.3214288173172405,energy_logistics,0.1473673254053192,0.5589287312562063,4683162.0,7345.836810245352,0.3428668809863521,5647411.0,8858.32256206053,0.3663306772866098,7128428.0,11181.39171815616,0.4076072961805242,0.7854306850709012,0.8954877199107422,0.5,0.4231144147592756,,0.3561782658484608,0.362763502530683,0.2916608854097224,0.4231144147592756,0.3214288173172405,0.6971421879808909,0.6971421879808909,0.5,Zambia,partner_embedded_branch,600,1627399.2853940465,1297548.0073608125,0.45,0.1401920294432497,119563235.35868669,4688.061651054077,25.0,0.8641847226816023,0.0001177040652337,7345.836810245352,0.08,123889.2972075172,370063.874696204,-216569.4675129905,-3201284.732990736,-235194867.91962308,-3341724.8092862447,-245512845.8409702,-3674146.793373725,-2983575.910922077,0.0,inf,-53.45610729121712,98.30185353387736,0.11,0.4304833631562075,0.1291450089468622,True,,39.86292277819432,39.86292277819432,122.0,97.0,97.0,94.0,101.0,0.0,0.0,0.0,I_RUSCOMP=0.70; I_MARKET=0.42; I_FEAS=0.36,I_FIN=0.13; I_HRSTRAT=0.29; I_PROGRAM=0.32,C_watchlist,,,
BRB,Barbados,Latin America & Caribbean,High income,,21837.725410205665,2024.0,2.482262139618598,2024.0,78.03680761820395,,75.53430558611906,2024.0,59.5397032429174,2024,70.36470032,2024.0,50.801079116886,2025.0,2.663102716207507,2023.0,2.8993677198886894,2023.0,3.521754086017608,2023.0,8.30989980697632,2023.0,106.93860012158748,2024.0,18204.96952623184,2024,18738.96866764823,2024,17953.469480327374,2024,45022.99946002739,15.85279704891831,15.163647757569205,93.33333333333331,19.282537692422466,58.18808700001733,58.20451172853867,71.85423340695789,3930.79057383702,1.069386001215875,3.374894802188575,1.152039500911906,293.0,247.526934413798,84.49472433908247,8.062237005471438,2.2610176019454,575.0,591.3134860344949,165.83117059004263,22.6326320145905,6.012237005471437,1530.0,1659.9587094253195,440.9591060344949,0.0,93.33333333333331,6168436783.444564,78.2403237350658,platform_snapshot_world_bank_217_economies,False,False,False,False,True,,282476.0,2024,36946.0,2024,45025.3,2024,2,un_wpp2024_population_by_single_age_sex,UN World Population Prospects 2024,282728.0,36083.0,44440.85,280353.0,32058.0,39992.85,264225.0,28880.0,35557.55,-10.008809462465273,-19.9890416137405,,,,,False,,False,,,,,,False,False,,,,,False,False,0.0,0.0,,0.7473684210526315,0.4998063859338586,0.750684257027708,0.6252453214807834,0.2250570688936095,0.6527511211185281,0.4358890704494601,0.2782324298473376,0.9083749289677004,0.9083749289677004,0.6621460165890497,0.4659622471080353,0.5,0.999879736139946,0.6239727622554425,0.636519452379642,0.6257867106077749,0.6132096462614525,0.6191306893720286,0.6333303078361582,0.3412950860881866,0.6047742014298125,digital_finance_business_informatics,0.5534799880777599,0.7431032309293781,36083.0,5603.777621263191,0.3129391723654647,32058.0,4978.685336098865,0.302440519544474,28880.0,4485.134210073468,0.3071418838774445,0.0974097321927494,0.1905150241762195,0.5,0.3099409488439424,,0.5175018647366377,0.6772058091474978,0.5414598557725279,0.3099409488439424,0.6047742014298125,0.7554526028356847,0.7554526028356847,0.5,Barbados,partner_embedded_branch,600,2240957.256927118,1902153.003231476,0.9475194581876708,0.0710147219875504,164640664.61345276,5674.872728904498,25.0,0.8055965615173235,0.0001438344330018,5603.777621263191,0.08,124388.79163915574,731920.7235326903,-548978.2740109194,-5768009.540903949,-423769316.15971816,-5854269.023744097,-430106705.4785527,-6311326.026654283,-5299942.652112653,0.0,inf,-120.08297189334422,188.0980195215843,0.11,0.0259920007799034,0.007797600233971,True,,39.78110075570262,39.78110075570262,123.0,98.0,97.0,88.0,104.0,0.0,0.0,0.0,I_RUSCOMP=0.76; I_FEAS=0.68; I_PROGRAM=0.60,I_FIN=0.01; I_MARKET=0.31; I_ECO=0.52,C_watchlist,,,
ETH,Ethiopia,Sub-Saharan Africa,,"The reporting period for national accounts data is designated as either calendar year basis (CY) or fiscal year basis (FY). For this country, it is fiscal year-based (fiscal year-end: July 7). Also, an estimate (PA.NUS.ATLS) of the exchange rate covers the same period and thus differs from the official exchange rate (CY). The World Bank systematically assesses the appropriateness of official exchange rates as conversion factors. In this country, multiple or dual exchange rate activity exists and must be accounted for appropriately in underlying statistics. An alternative estimate (“alternative conversion factor” - PA.NUS.ATLS) is thus calculated by using an inflation-adjustment method. Doing so better reflects economic reality and leads to more accurate cross-country comparisons and country classifications by income level. For this country, this applies to the period 2015-2024. Alternative conversion factors are used in the Atlas methodology and elsewhere in World Development Indicators as single-year conversion factors.",2892.2222016826404,2024.0,7.612774475110726,2024.0,17.400435858318723,2024.0,37.471940643257376,2024.0,23.6222839355469,2024,21.94129944,2024.0,5.9192507771213,2014.0,-5.380634665489196,2023.0,-4.691422879695894,2023.0,-7.147555947303799,2023.0,-13.78697443008424,2023.0,34.49036508695578,2024.0,14634804.94520059,2024,13178178.45035394,2024,11357733.457132775,2024,32923963.45126428,24.972587188357355,25.316957099177767,100.0,99.21298272110812,0.1397297247210518,25.0,13.517167194753515,3000.0,0.3449036508695577,2.0708265715652043,0.6086777381521683,203.0,151.88187573424972,44.642616555937366,4.80206642891301,1.1018458413912926,367.0,352.2008393356242,80.8133406526664,13.938843810434694,2.75206642891301,917.0,1022.324984894998,201.84645933562425,62.03940402273594,100.0,381946190066.4365,57.6,platform_snapshot_world_bank_217_economies,False,False,False,False,True,,132059771.0,2024,27812983.0,2024,32923963.3,2024,2,un_wpp2024_population_by_single_age_sex,UN World Population Prospects 2024,138902185.0,28994639.0,34383494.3,170532958.0,33373630.0,40222045.45,225021872.0,42359810.0,51404900.45,16.980680029370966,49.50458496593235,,,,,False,,False,,,,,,False,False,,,,,False,False,0.0,0.0,,0.7473684210526315,0.0224364195738271,0.3517595159890378,0.1870979677814324,0.7390748216091875,0.0693529363371434,1.0,0.0,0.0,0.0,0.0724986407859506,0.0,0.5,0.0281289579697996,0.2702372700742703,0.1573794253006657,0.2976512645099897,0.1480573857866045,0.0912502119322522,0.2100324713494814,0.4,0.3343172560434796,energy_logistics,0.1159354768009927,0.5673062164282617,28994639.0,61768.12657605743,0.5783000413190351,33373630.0,71096.81904101332,0.5972904761120715,42359810.0,90240.34083741286,0.6372966834358927,0.6665085240237871,0.835724328424873,0.5,0.5886495437206334,,0.3981961815705448,0.174319934244306,0.2313880521194682,0.5886495437206334,0.3343172560434796,0.6911982918586842,0.6911982918586842,0.5,Ethiopia,partner_embedded_branch,600,1700043.6062380562,1307912.4036165632,0.45,0.1816496144662526,124900333.70234314,4597.056140562047,25.0,7.309682221180856,0.0001184023226717,61768.12657605743,0.08,152258.8987588192,388281.9141362927,-204960.46224657007,-3255907.96277506,-239207976.52632463,-3156249.805957684,-231886201.3689245,-3476172.2419537148,-2881919.141668625,0.0,inf,-6.099465614985223,104.30086846311072,0.11,0.4603427528343737,0.1381028258503121,True,,39.60032028440882,39.60032028440882,124.0,99.0,99.0,93.0,106.0,0.0,0.0,0.0,I_RUSCOMP=0.69; I_MARKET=0.59; I_ECO=0.40,I_FIN=0.14; I_FEAS=0.17; I_HRSTRAT=0.23,C_watchlist,,,
KIR,Kiribati,East Asia & Pacific,Lower middle income,,3257.136291253097,2024.0,5.266897479170993,2024.0,107.60377850993824,2023.0,67.10602287184929,2023.0,62.4620431275642,2024,89.44029999,2024.0,4.96087980270386,2024.0,-0.676011748611927,2023.0,4.115557730197907,2023.0,-1.952036917209624,2023.0,7.699225783348048,2023.0,61.816132533443245,2024.0,12382.498624052194,2024,10895.996929496405,2024,11573.498927692324,2024,28486.570071010145,20.772700642208648,17.73699992638362,100.0,17.031335796397567,42.03049332378557,46.19270605507937,60.30672571785082,3000.0,0.6181613253344325,2.5626903856019787,0.8136209940008243,271.0,187.95693856543727,59.673892735598855,6.031725964004946,1.539058120535092,513.0,442.3884964135932,112.88006316927756,17.21793590401319,3.981725964004946,1327.0,1262.8254037695815,292.03411641359315,21.753700079131907,100.0,438143459.62678415,50.6,platform_snapshot_world_bank_217_economies,False,False,False,False,True,,134522.0,2024,23277.0,2024,28485.3,2024,2,un_wpp2024_population_by_single_age_sex,UN World Population Prospects 2024,138456.0,24283.0,29389.6,155452.0,29686.0,35106.7,182635.0,30571.0,37189.15,19.45279962980102,26.538469390532725,,,,,False,,False,,,,,,False,False,,,,,False,False,0.0,0.0,,0.7473684210526315,0.0122430398310338,0.2164673944547924,0.1143552171429131,0.0,0.1036369072150577,0.7498828039996812,0.4709419415234632,0.7017231506946117,0.7017231506946117,0.8944278696369136,0.5045343770791322,0.5,0.9730242202283884,0.477130163770082,0.3907010853699723,0.6783602925472273,0.4424445354719147,0.4617995628602293,0.6342044098620093,0.5825182865139504,0.5978174609472652,digital_finance_business_informatics,0.1301684229950092,0.7385813496157223,24283.0,55.67229782249006,0.0,29686.0,68.05945859895563,0.0,30571.0,70.08844939798804,0.0,0.8214184001500497,0.6384170113273833,0.5,0.1411204236620664,,0.3864360248052421,0.6561641998222377,0.5669771187570577,0.1411204236620664,0.5978174609472652,0.7578190003455736,0.7578190003455736,0.5,Kiribati,partner_embedded_branch,600,1668769.38345839,1410376.7145103952,0.5531725964004947,0.0756438760391077,122602650.9563661,4675.893866870737,25.0,0.0079803579702621,0.0001434198884088,55.67229782249006,0.08,120035.82269461305,428419.3192621171,-274109.95102653466,-3578714.013895618,-262924182.01549572,-3569035.902210233,-262213141.7958934,-4127244.737090222,-3232604.465568074,0.0,inf,-7345.77774865925,119.79789173971822,0.11,0.3938888335431594,0.1181666500629478,True,,39.48228994558311,39.48228994558311,126.0,100.0,99.0,91.0,104.0,0.0,0.0,0.0,I_RUSCOMP=0.76; I_FEAS=0.66; I_PROGRAM=0.60,I_FIN=0.12; I_MARKET=0.14; I_ECO=0.39,C_watchlist,,,
LSO,Lesotho,Sub-Saharan Africa,Lower middle income,Fiscal year end: March 31; reporting period for national accounts data: CY.,2640.2854455253578,2024.0,2.854522531795453,2024.0,141.51375589724964,2023.0,48.04396286850516,2024.0,43.6780334209246,2024,51.79660034,2024.0,9.93844298033582,2018.0,-6.675244152545927,2023.0,-3.360120296478274,2023.0,-4.131046235561371,2023.0,-2.14032560586929,2023.0,32.38436831137288,2024.0,241090.5501490541,2024,220985.0461925687,2024,202993.0427976268,2024,553422.4656005548,23.38838163338448,21.15528122200419,100.0,50.83090898994681,20.66670347439247,32.91275535746022,26.320011583233125,3000.0,0.3238436831137288,2.032918629604712,0.5928827623352966,198.0,149.10157080227614,43.484156167615055,4.70729657401178,1.0681498929819662,356.0,345.25007700569034,78.34195849091213,13.686124197364746,2.6572965740117795,886.0,1003.7896186818408,194.89569700569035,65.69343652358873,100.0,6171463926.936218,50.6,platform_snapshot_world_bank_217_economies,False,False,False,False,True,,2337429.0,2024,462076.0,2024,553422.4,2024,2,un_wpp2024_population_by_single_age_sex,UN World Population Prospects 2024,2389341.0,476719.0,568027.15,2626567.0,528655.0,631890.4,2993088.0,498789.0,606410.55,11.24299252245249,6.75731785003586,,,,,False,,False,,,,,,False,False,,,,,False,False,0.0,0.0,,0.7473684210526315,0.0651851603853311,0.2164673944547924,0.1408262774200618,0.2251181937264809,0.0430578814216058,0.4778649186807293,0.6919579937658693,0.2343434090812955,0.2343434090812955,0.4360439413963381,0.2566031670274248,0.5,0.5403118095617011,0.2133048638611487,0.2928455932585129,0.3552009441255958,0.3109530097338055,0.3234209305126337,0.3567222194791539,0.6063207637318133,0.5338824772282018,energy_logistics,0.1059531840830545,0.6970236101983311,476719.0,1681.962991258946,0.1799080639411251,528655.0,1865.2039149771624,0.1935961113642869,498789.0,1759.8305048614773,0.2042722995331121,0.5752993342724968,0.4307129326211562,0.5,0.2476358445248005,,0.3262541773645935,0.3738987357136068,0.4216113960649956,0.2476358445248005,0.5338824772282018,0.7339816152506198,0.7339816152506198,0.5,Lesotho,partner_embedded_branch,600,1623136.272437134,1296935.5695357516,0.45,0.1377422781430065,119250036.48605657,4577.987876410853,25.0,0.2299119600205908,0.0001367638388384,1681.962991258946,0.08,121010.43279899147,368799.2077486494,-218284.838329766,-3204567.2161628064,-235436028.34754363,-3171347.596884152,-232995419.4607221,-3617933.586356572,-2757624.9339661696,0.0,inf,-207.3897888169632,100.92861991106356,0.11,0.4579121782854449,0.1373736534856334,True,,39.05631361458721,39.05631361458721,128.0,101.0,101.0,99.0,104.0,0.0,0.0,0.0,I_RUSCOMP=0.73; I_PROGRAM=0.53; I_HRSTRAT=0.42,I_FIN=0.14; I_MARKET=0.25; I_ECO=0.33,C_watchlist,,,
GMB,"Gambia, The",Sub-Saharan Africa,Low income,,3057.6841774689096,2024.0,5.55126069510321,2024.0,42.17061722748818,2024.0,56.78981923120492,2024.0,64.2994103409645,2024,49.49430084,2024.0,13.4765901565552,2024.0,-4.134154200553895,2023.0,-2.620201826095581,2023.0,-4.47711473703384,2023.0,-0.0841395063325761,2023.0,25.0701222461677,2024.0,304410.0558213047,2024,257238.0470682272,2024,227697.5414751427,2024,664111.996553346,24.10649462422232,24.47485076111998,100.0,64.7565723688496,28.09313219861739,29.822177847918617,33.443499583931214,3000.0,0.250701222461677,1.9012622004310185,0.5380259168462578,179.0,139.44541432353245,39.46075763480519,4.378155501077546,0.9511219559386832,317.0,321.1096858088311,69.7587082875844,12.808414669540124,2.3281555010775463,776.0,939.415242156883,170.7553058088311,75.11538786306906,100.0,8439171637.604061,40.44297704696656,platform_snapshot_world_bank_217_economies,False,False,False,False,True,,2759999.0,2024,561649.0,2024,664113.55,2024,2,un_wpp2024_population_by_single_age_sex,UN World Population Prospects 2024,2884087.0,593870.0,699990.8,3433432.0,710299.0,845155.0,4301899.0,771419.0,935354.0,20.738015413916862,33.623756197938604,,,,,False,,False,,,,,,False,False,,,,,False,False,0.0,0.0,,0.7473684210526315,0.1028174329768701,0.0201580824850897,0.0614877577309799,0.2641068826498363,0.0854044253077597,0.7819474217924213,0.0444663108496681,0.44878172719952,0.44878172719952,0.4080090484764465,0.5287858911936426,0.5,0.6307363836825174,0.3250531298960263,0.2773042629710959,0.3871862128759027,0.224927987576389,0.2393378489427103,0.3838917831870701,0.3394587552267694,0.3534460918782277,digital_finance_business_informatics,0.1224230313554693,0.579739959720848,593870.0,2182.4007147676293,0.208694311191386,710299.0,2610.263265190584,0.23085065423477,771419.0,2834.8719029170184,0.2566927697275139,0.7640914853960976,0.6775088435220672,0.5,0.3012713564684414,,0.3249894697101643,0.4357656582720015,0.327195694525672,0.3012713564684414,0.3534460918782277,0.7046080925309035,0.7046080925309035,0.5,"Gambia, The",partner_embedded_branch,600,1599511.251753638,1293532.8887950398,0.45,0.1241315551801596,117514332.20396286,4616.748984246746,25.0,0.2631588882651747,0.0001206451040057,2182.4007147676293,0.08,121166.34098889,364414.0193529086,-214094.5568157859,-3155695.450466734,-231845473.48079544,-3152568.024414337,-231615704.9288945,-3746421.648043505,-2813802.664742186,0.0,inf,-176.2184271160334,98.71549611016287,0.11,0.4609354782574213,0.1382806434772263,True,,38.74328416687975,38.74328416687975,130.0,102.0,103.0,101.0,106.0,0.0,0.0,0.0,I_RUSCOMP=0.70; I_FEAS=0.44; I_PROGRAM=0.35,I_FIN=0.14; I_MARKET=0.30; I_ECO=0.32,C_watchlist,,,
COD,"Congo, Dem. Rep.",Sub-Saharan Africa,Low income,"The World Bank systematically assesses the appropriateness of official exchange rates as conversion factors. In this country, multiple or dual exchange rate activity exists and must be accounted for appropriately in underlying statistics. An alternative estimate (“alternative conversion factor” - PA.NUS.ATLS) is thus calculated as a weighted average of the different exchange rates in use in the country. Doing so better reflects economic reality and leads to more accurate cross-country comparisons and country classifications by income level. For this country, this applies to the period 1999-2004. Alternative conversion factors are used in the Atlas methodology and elsewhere in World Development Indicators as single-year conversion factors.",1602.0749798949962,2024.0,6.12675551779212,2024.0,100.55408831727506,2024.0,46.57245937410286,2024.0,44.7455804408753,2024,19.67350006,2024.0,6.37987995147705,2020.0,-11.82346403598787,2023.0,-11.69515335559844,2023.0,-9.86002957820895,2023.0,-14.314034223556549,2023.0,35.65985594608824,2024.0,11387176.551825449,2024,9463750.043153957,2024,8039589.036743746,2024,24468741.66151409,22.38111288187364,22.2944908388586,100.0,100.0,4.718508740361775,37.54407698644939,0.0,3000.0,0.3565985594608824,2.0918774070295885,0.6174489195956618,206.0,153.42581979021531,45.28592657925638,4.8546935175739705,1.120557695137412,374.0,356.06069947553823,82.18573536908028,14.079182713530589,2.8046935175739707,935.0,1032.617945268102,205.7063194755383,59.95893877568452,100.0,175068770052.87527,39.4,platform_snapshot_world_bank_217_economies,False,False,False,False,True,,109276265.0,2024,20850925.0,2024,24468739.6,2024,2,un_wpp2024_population_by_single_age_sex,UN World Population Prospects 2024,116452162.0,22303361.0,26115385.25,151560102.0,30660942.0,35751520.65,218246073.0,44421508.0,52820092.9,36.89830844061548,102.25661001880108,,,,,False,,False,,,,,,False,False,,,,,False,False,0.0,0.0,,0.7473684210526315,0.0273357416736764,0.0,0.0136678708368382,0.6418858250469685,0.0,0.8468398568801551,0.4249939693936605,0.198263839356083,0.198263839356083,0.0448838527090316,0.2706937807237068,0.5,0.0049505319646451,0.0,0.0355669852362247,0.0,0.1211320487770888,0.1444295661504248,0.2592930664939574,0.5937323243882584,0.4838023738607193,energy_logistics,0.0636936471575754,0.6644715430094675,22303361.0,22541.10239673268,0.4668363692869279,30660942.0,30987.770551814207,0.5051952062020583,44421508.0,44895.01651546059,0.5605037179937259,1.0,1.0,0.5,0.5409312309149872,,0.4168978478089109,0.086497849712901,0.3251657937591879,0.5409312309149872,0.4838023738607193,0.7174001326371745,0.7174001326371745,0.5,"Congo, Dem. Rep.",partner_embedded_branch,600,1734221.6355957242,1312742.6182657904,0.45,0.2009704730631618,127411355.92341872,4434.45,25.0,2.9682669037201017,0.0001317510096976,22541.10239673268,0.08,132636.12592435355,391318.3714484766,-227376.7758082449,-3391992.403833501,-249205950.71800312,-3253969.9402597174,-239065592.14394715,-3530574.380035472,-3042520.675258141,0.0,inf,-17.27441670672353,110.71460003450332,0.11,0.444610910175456,0.1333832730526368,True,,38.71033337278833,38.71033337278833,131.0,103.0,103.0,96.0,111.0,0.0,0.0,0.0,I_RUSCOMP=0.72; I_MARKET=0.54; I_PROGRAM=0.48,I_FEAS=0.09; I_FIN=0.13; I_HRSTRAT=0.33,C_watchlist,,,
UGA,Uganda,Sub-Saharan Africa,Low income,"The reporting period for national accounts data is designated as either calendar year basis (CY) or fiscal year basis (FY). For this country, it is fiscal year-based (fiscal year-end: June 30). Also, an estimate (PA.NUS.ATLS) of the exchange rate covers the same period and thus differs from the official exchange rate (CY). In addition, the World Bank systematically assesses the appropriateness of official exchange rates as conversion factors. In this country, multiple or dual exchange rate activity exists and must be accounted for appropriately in underlying statistics. An alternative estimate (“alternative conversion factor” - PA.NUS.ATLS) is thus calculated as a weighted average of the different exchange rates in use in the country. Doing so better reflects economic reality and leads to more accurate cross-country comparisons and country classifications by income level. For this country, this applies to 1960-2009. Alternative conversion factors are used in the Atlas methodology and elsewhere in World Development Indicators as single-year conversion factors.",2879.670092903761,2024.0,6.055580758755895,2024.0,42.652788908856174,2024.0,43.1413581135321,2024.0,31.2777698213557,2024,8.949831061,2024.0,4.61899995803833,2014.0,-3.846560001373292,2023.0,-3.324480921030045,2023.0,-3.621557354927064,2023.0,-4.86854267120361,2023.0,32.93079138315558,2024.0,5806601.441511174,2024,5024400.449587392,2024,4244925.457505183,2024,12741218.346975898,25.54498188613027,26.13175708049605,100.0,100.0,0.3296051356012048,25.22374589153914,28.74084490799136,3000.0,0.3293079138315558,2.042754244896801,0.5969809353736668,199.0,149.822950236013,43.78473093167207,4.731885612242001,1.0768926621304893,359.0,347.0535255900324,78.98318465423375,13.75169496597867,2.681885612242001,894.0,1008.5988149067532,196.6991455900324,64.72397154997994,100.0,144026964626.23016,39.4,platform_snapshot_world_bank_217_economies,False,False,False,False,True,,50015091.0,2024,10831001.0,2024,12741217.25,2024,2,un_wpp2024_population_by_single_age_sex,UN World Population Prospects 2024,52761470.0,11258971.0,13286193.55,65205569.0,13355168.0,15785491.1,85431201.0,16131215.0,19395132.5,18.811238452867475,45.97960226162743,,,,,False,,False,,,,,,False,False,,,,,False,False,0.0,0.0,,0.7473684210526315,0.0086067536995582,0.0,0.0043033768497791,0.6175694999944105,0.0680980338096314,0.8388142357128557,0.0476089753316242,0.1141371909071034,0.1141371909071034,0.0,0.0929313841005589,0.5,0.4203334348914396,0.3377005188855139,0.3157258465552263,0.3567415665690592,0.1407738200277052,0.1631543910870162,0.1925002072270072,0.3640910794841168,0.3119546577244374,energy_logistics,0.1154410741494893,0.5527705275208843,11258971.0,12421.433664921104,0.4009456804301739,13355168.0,14734.058147576456,0.4227523166483737,16131215.0,17796.72556729032,0.4587261128304595,0.7426970350688754,0.8081706726694858,0.5,0.450961177730252,,0.3557872370035343,0.2944216594843332,0.2351737240621428,0.450961177730252,0.3119546577244374,0.689416312659901,0.689416312659901,0.5,Uganda,partner_embedded_branch,600,1653635.5730634378,1301306.8087283615,0.45,0.1552272349134467,121490786.5538404,4595.532642242652,25.0,1.446882905463791,0.0001165434353232,12421.433664921104,0.08,126383.22971669926,375367.9346692636,-218955.27017902324,-3247802.977399502,-238612512.1662663,-3371272.21148905,-247683660.978668,-3697644.148202386,-2900518.96000523,0.0,inf,-32.92957776875276,102.00928477005858,0.11,0.425726563692572,0.1277179691077715,True,,38.693290404779965,38.693290404779965,132.0,104.0,104.0,100.0,109.0,0.0,0.0,0.0,I_RUSCOMP=0.69; I_MARKET=0.45; I_ECO=0.36,I_FIN=0.13; I_HRSTRAT=0.24; I_FEAS=0.29,C_watchlist,,,
ATG,Antigua and Barbuda,Latin America & Caribbean,High income,,29371.63777858605,2024.0,3.6563876595697735,2024.0,117.70352776835269,2022.0,69.06171407890508,2023.0,24.3906919254799,2024,72.73040009,2024.0,25.1156271899089,2012.0,2.6628757417202014,2023.0,2.6501522362232186,2023.0,3.822257459163669,2023.0,6.463752746582032,2023.0,70.51553797176369,2024.0,6501.032632253731,2024,6693.033634522828,2024,7202.536595541171,2024,16435.207734770087,17.170624712755416,14.51730886144019,100.0,5.74366048988824,35.167078888915,71.78214023458423,70.76214550407803,5286.894800145489,0.7051553797176369,2.7192796834917465,0.8788665347882276,166.0,199.4417613941453,64.45923558089385,6.423199208729366,1.678248607548219,317.0,471.1005534853631,123.08879457257356,18.261864556611645,4.373199208729366,827.0,1339.3908892943018,320.7461734853631,28.336508932615263,100.0,2754237217.773571,70.53468815697266,platform_snapshot_world_bank_217_economies,False,False,False,False,True,,93784.0,2024,13194.0,2024,16435.8,2024,2,un_wpp2024_population_by_single_age_sex,UN World Population Prospects 2024,94634.0,12896.0,16058.15,97022.0,10825.0,13718.95,95064.0,10085.0,12463.25,-14.56705784912956,-22.38676310782997,,,,,False,,False,,,,,,False,False,,,,,False,False,0.0,0.0,,0.7473684210526315,0.2266120046911548,0.6017540020091393,0.414183003350147,0.1246034364973769,0.7382929204750843,0.5682827273242322,0.5367693729085453,0.7496744450913776,0.7496744450913776,0.6909529288663457,0.0020284521327748,0.5,0.9186920159534496,0.6239627807097791,0.6500145325579152,0.6150135990544777,0.5639508018333435,0.6607795193742892,0.6733369478771929,0.5493747146748201,0.6518201896991443,digital_finance_business_informatics,0.6327573388313105,0.7736831233044439,12896.0,1062.4921318487234,0.1291534606292097,10825.0,891.8639366673722,0.1118372430538133,10085.0,830.895870788956,0.1217930524892782,0.0,0.1725904594080774,0.5,0.1513221043476774,,0.5695757826371368,0.6177270262566208,0.6323810493656099,0.1513221043476774,0.6518201896991443,0.7710677448937877,0.7710677448937877,0.5,Antigua and Barbuda,partner_embedded_branch,600,2103894.356461338,1764257.114179871,0.8345856804991884,0.0841000542235434,154570804.0854224,5920.888112739244,25.0,0.1578855283098084,0.0001486766463842,1062.4921318487234,0.08,120897.42964583336,651654.9735198123,-478625.145992394,-5202327.911927188,-382209309.12858737,-5085813.094929663,-373649093.6900779,-5488078.406770148,-4803680.702129684,0.0,inf,-511.9957227689008,151.2513674498982,0.11,0.1497047632394366,0.0449114289718309,True,,38.67706558146333,38.67706558146333,133.0,105.0,102.0,96.0,110.0,0.0,0.0,0.0,I_RUSCOMP=0.77; I_PROGRAM=0.65; I_HRSTRAT=0.63,I_FIN=0.04; I_MARKET=0.15; I_ECO=0.57,C_watchlist,,,
LCA,St. Lucia,Latin America & Caribbean,Upper middle income,,24252.468858849097,2024.0,3.891750242188977,2024.0,78.03680761820395,,75.89818771458503,2024.0,29.0973354237452,2024,68.20500183,2024.0,15.0396404266357,2023.0,0.5168423429131508,2023.0,4.235196650028232,2023.0,2.7802520096302,2023.0,7.1261343955993794,2023.0,51.4436157724174,2024.0,12405.033208608742,2024,13837.537389904452,2024,15691.042546469527,2024,33303.53974442448,17.93071558945863,13.72128448070706,93.33333333333331,9.91078375975771,27.163329299860926,65.05575182734228,68.5689447057328,4365.444394592837,0.5144361577241741,2.375985083903513,0.7358271182931305,169.0,174.2632995997857,53.968209833244046,5.564962709758783,1.3730978523586783,315.0,408.15439899946426,100.70793964425395,15.97323389269009,3.514962709758783,805.0,1171.5344773319048,257.80001899946427,47.90691428706828,93.33333333333331,4359235762.564972,61.91189212799071,platform_snapshot_world_bank_217_economies,False,False,False,False,True,,179752.0,2024,26241.0,2024,33302.4,2024,2,un_wpp2024_population_by_single_age_sex,UN World Population Prospects 2024,180498.0,24896.0,31614.5,181186.0,20737.0,26118.55,172089.0,17891.0,22232.6,-17.384269876164417,-29.67593983773269,,,,,False,,False,,,,,,False,False,,,,,False,False,0.0,0.0,,0.7473684210526315,0.1194422738634497,0.4350973779637058,0.2772698259135778,0.1818074914590644,0.6830204442171398,0.5948220644521253,0.2782324298473376,0.9172968993712294,0.9172968993712294,0.6358475632790431,0.0641517067536689,0.5,0.9478214700098372,0.5295877228801165,0.6032198928158284,0.683532055595378,0.5051692956106223,0.6319141632764691,0.6610833999754473,0.4048682836892526,0.6224697849573225,digital_finance_business_informatics,0.5820693453462219,0.7546053602222597,24896.0,967.2958494504496,0.1187840429214448,20737.0,805.7042910529392,0.1005833929227591,17891.0,695.127331399341,0.1021944182675743,0.0,0.1106693015580763,0.5,0.1313093146306379,,0.5529554715178857,0.6106614929317177,0.5754680940798954,0.1313093146306379,0.6224697849573225,0.7613031497853198,0.7613031497853198,0.5,St. Lucia,partner_embedded_branch,600,1929199.061203812,1615447.063792816,0.7152267567232484,0.0856544715550221,141736132.90767676,5759.567737913872,25.0,0.1408114343639639,0.0001456480761643,967.2958494504496,0.08,120778.57247471236,559238.3461350122,-393720.7059694989,-4526873.133804061,-332584389.58013725,-4606877.067027239,-338462190.54971755,-5001858.845012624,-4005038.477020848,0.0,inf,-485.4678145028807,128.55009083848984,0.11,0.2268080776020649,0.0680424232806194,True,,38.45721814427345,38.45721814427345,134.0,106.0,105.0,98.0,111.0,0.0,0.0,0.0,I_RUSCOMP=0.76; I_PROGRAM=0.62; I_FEAS=0.61,I_FIN=0.07; I_MARKET=0.13; I_ECO=0.55,C_watchlist,,,
PLW,Palau,East Asia & Pacific,High income,Fiscal year ends on September 30; reporting period for national accounts data: FY.,16425.97227144462,2023.0,2.215998001704847,2023.0,106.69759028159368,2023.0,74.76885391016678,2023.0,79.2095042878667,2024,83.92549896,2024.0,71.8428437792329,2024.0,3.096127897500995,2023.0,6.5482744574546805,2023.0,2.809487491846084,2023.0,7.565450191497801,2023.0,85.63133354930899,2023.0,1185.9642454715909,2024,986.4711650108324,2024,974.4732857851296,2024,2610.948389085732,14.550071137333836,12.97815131110322,100.0,2.177371160943137,82.99138852181726,58.54292997652341,76.45391164616554,3000.0,0.8563133354930899,2.991364003887562,0.9922350016198174,331.0,219.3974049555278,72.77408706480323,7.103410009718904,1.920101336788944,640.0,520.9896623888194,140.82714440491358,20.07576002591708,5.053410009718904,1684.0,1472.428513036852,370.6352823888194,0.0,100.0,290657579.3432126,84.55285313376986,platform_snapshot_world_bank_217_economies,False,False,False,False,True,,17719.0,2024,2175.0,2024,2613.75,2024,2,un_wpp2024_population_by_single_age_sex,UN World Population Prospects 2024,17642.0,2285.0,2682.35,17036.0,2163.0,2679.6,15537.0,1732.0,2139.7,-0.1025220422390837,-20.23039498946819,,,,,False,,False,,,,,,False,False,,,,,False,False,0.0,0.0,,0.7473684210526315,0.7236098017167393,0.8726893276845603,0.7981495647006498,0.0,0.5705627226534054,0.4058652933370471,0.4650356519813122,0.8896069360822886,0.8896069360822886,0.827274635945746,0.725585067299979,0.5,0.9671411919735314,0.6430156981897063,0.6045328071183314,0.7835220116139647,0.7307045636822098,0.6591658721702729,0.6796562515289334,0.4413675085236062,0.6946612085351258,diplomatic_analytic,0.4746029865116024,0.8015297855478318,2285.0,501.6163964610904,0.0462775729663743,2163.0,474.834251879798,0.0420404131776433,1732.0,380.2186427442488,0.0359588362199761,0.2234566820724391,0.1491111044143098,0.5,0.1262625221916606,,0.4846134841680413,0.7439566963177927,0.602022514819737,0.1262625221916606,0.6946612085351258,0.7717088226318811,0.7717088226318811,0.5,Palau,partner_embedded_branch,600,2002449.8104909663,1723334.3122817364,0.8074015444633721,0.0563295268100856,147117784.88197976,5519.553981302695,25.0,0.0763174088125317,0.0001522222184126,501.6163964610904,0.08,120404.38853534777,614176.7768239615,-444638.2461426968,-4907694.419214018,-360562910.5157928,-4911407.868867115,-360835733.5770112,-5608998.004316997,-4118262.8823239096,0.0,inf,-1055.55098373378,154.81304159199877,0.11,0.1777820432688387,0.0533346129806516,True,,38.38639633987301,38.38639633987301,135.0,107.0,105.0,97.0,113.0,0.0,0.0,0.0,I_RUSCOMP=0.77; I_FEAS=0.74; I_PROGRAM=0.69,I_FIN=0.05; I_MARKET=0.13; I_ECO=0.48,C_watchlist,,,
SWZ,Eswatini,Sub-Saharan Africa,Lower middle income,Fiscal year end: March 31; reporting period for national accounts data: CY. Authorities revised national accounts from 1999 to 2015.,10380.396663051582,2024.0,2.9739107597398515,2024.0,107.48062105387932,2024.0,51.363374494612856,2024.0,26.2498461258639,2024,63.40309906,2024.0,6.43545771863543,2013.0,-6.194708287715913,2023.0,-4.184222519397739,2023.0,-5.022303283214567,2023.0,-2.5031388998031643,2023.0,33.13409358045631,2024.0,129434.55295545969,2024,119546.04952214516,2024,107485.54452297428,2024,297349.0975129433,23.66484439367614,21.63542796749352,100.0,43.29210861649274,19.886895438698616,44.94320461583004,24.3957973074438,3000.0,0.3313409358045631,2.046413684448213,0.5985057018534223,200.0,150.091346706696,43.89656279445666,4.7410342111205335,1.080145497287301,360.0,347.72451676673995,79.22175929484088,13.776091229654757,2.6910342111205336,897.0,1010.3881247113064,197.37013676674,64.37587809904716,100.0,12900985341.567093,50.6,platform_snapshot_world_bank_217_economies,False,False,False,False,True,,1242831.0,2024,248982.0,2024,297349.8,2024,2,un_wpp2024_population_by_single_age_sex,UN World Population Prospects 2024,1269864.0,250833.0,300474.75,1379423.0,262390.0,315713.65,1505338.0,250805.0,305680.7,5.071607514441734,1.73257486693974,,,,,False,,False,,,,,,False,False,,,,,False,False,0.0,0.0,,0.7473684210526315,0.0279268752754075,0.2164673944547924,0.1221971348651,0.3169832611895623,0.4381108586546718,0.4913270603485257,0.4701392345669983,0.3157315564193208,0.3157315564193208,0.5773752272651226,0.0265675339248264,0.5,0.5243564261473628,0.2344371538142172,0.2528208002200504,0.3195765718022895,0.274762629394985,0.3673954841461657,0.4634349757733227,0.4786143648796093,0.4497174894137282,energy_logistics,0.3516910937668551,0.6423163681189233,250833.0,1752.8655088000744,0.1844711650250973,262390.0,1833.627875335588,0.1917036273489917,250805.0,1752.6698398320902,0.2038240703093082,0.4390364674794235,0.3853852583587162,0.5,0.2345832758725472,,0.4236247776783724,0.3585847853709621,0.4391769450170616,0.2345832758725472,0.4497174894137282,0.7276729823434203,0.7276729823434203,0.5,Eswatini,partner_embedded_branch,600,1734014.232421538,1381439.750617939,0.5169295310506734,0.1411113472183883,127396118.24035472,5161.959247142662,25.0,0.2271020028654658,0.0001296279112891,1752.8655088000744,0.08,121125.39963238656,424903.0935453657,-269785.4464293499,-3608595.436004524,-265119537.2282728,-3588899.778088191,-263672518.9063835,-3961424.606772878,-3210579.358697739,0.0,inf,-230.13516365110425,103.5233417078184,0.11,0.3906909729165821,0.1172072918749746,True,,38.32919054130817,38.32919054130817,136.0,108.0,106.0,104.0,108.0,0.0,0.0,0.0,I_RUSCOMP=0.73; I_PROGRAM=0.45; I_HRSTRAT=0.44,I_FIN=0.12; I_MARKET=0.23; I_FEAS=0.36,C_watchlist,,,
NRU,Nauru,East Asia & Pacific,High income,"The reporting period for national accounts data is designated as either calendar year basis (CY) or fiscal year basis (FY). For this country, it is fiscal year-based (fiscal year-end: June 30). Also, an estimate (PA.NUS.ATLS) of the exchange rate covers the same period and thus differs from the official exchange rate (CY).",12468.76145246149,2024.0,1.388888888889042,2024.0,165.84677419354838,2024.0,59.1528957274226,,100.0,2024,83.01170349,2024.0,38.093350068095845,,-0.4746564850211142,2023.0,-0.1288763042539357,2023.0,0.0671010017395019,2023.0,6.836046397686003,2023.0,96.0216683528763,2024.0,1219.0487293898025,2024,883.5374154994919,2024,856.5352375386454,2024,2488.0270017816847,20.51048145838164,18.10471158419445,86.66666666666667,5.450708123016421,67.5740290945293,53.01601235100949,57.032232305914896,3000.0,0.960216683528763,3.178390030351774,1.070162512646572,357.0,233.1145670301084,78.48957126254513,7.570975075879433,2.086346693646021,695.0,555.2825675752707,153.02017736009628,21.32260020234516,5.520975075879433,1840.0,1563.876260200722,404.9281875752708,0.0,86.66666666666667,148964293.07255742,74.42800502042874,platform_snapshot_world_bank_217_economies,False,False,False,False,True,,11968.0,2024,2104.0,2024,2489.65,2024,2,un_wpp2024_population_by_single_age_sex,UN World Population Prospects 2024,12125.0,2306.0,2669.6,13254.0,2853.0,3372.3,15779.0,2708.0,3290.3,26.32229547497753,23.25067425831586,,,,,False,,False,,,,,,False,False,,,,,False,False,0.0,0.0,,0.7473684210526315,0.3646450430712127,0.6770018731894288,0.5208234581303208,0.0,0.4910129609977472,0.312600988780677,0.8505540194005707,0.5067216393612151,0.5067216393612151,0.8161474311002722,1.0,0.5,0.9350643155505264,0.4859850654022063,0.4813770329373428,0.4948814787061897,0.5707849271162465,0.573440556331596,0.6011513882989786,0.6353728071526132,0.6213079215528992,energy_logistics,0.3994063530419427,0.7538501490093845,2306.0,187.0115577871229,0.0,2853.0,231.37206173749425,0.0,2708.0,219.6128787890412,0.0,0.8532915994214203,0.5557667468950266,0.5,0.1582081731428815,,0.4347174116988939,0.6759806415572696,0.6031045643648543,0.1582081731428815,0.6213079215528992,0.7645033398790726,0.7645033398790726,0.5,Nauru,partner_embedded_branch,600,2046902.5879068747,1736999.791675731,0.8153429815691047,0.0712842588574007,150383681.5406714,5316.855665183632,25.0,0.0272445163031143,0.0001457594793591,187.0115577871229,0.08,120139.06095441736,628930.8057233902,-458477.2803111016,-5037887.811941642,-370128075.86675936,-4906315.5249594655,-360461604.6716945,-5491078.674027464,-4558141.5784833385,0.0,inf,-3165.0738407686194,167.3095645654614,0.11,0.1786018533693102,0.053580556010793,True,,38.27228355763461,38.27228355763461,137.0,109.0,106.0,100.0,112.0,0.0,0.0,0.0,I_RUSCOMP=0.76; I_FEAS=0.68; I_PROGRAM=0.62,I_FIN=0.05; I_MARKET=0.16; I_ECO=0.43,C_watchlist,,,
PNG,Papua New Guinea,East Asia & Pacific,Lower middle income,,4288.528289881756,2024.0,3.799795600868876,2024.0,131.0829110162487,2004.0,42.02738070464117,2023.0,15.4061816403333,2024,18.81159973,2024.0,1.94981002807617,1999.0,-5.616729855537415,2023.0,-3.778639137744905,2023.0,-4.498957693576815,2023.0,-3.351913750171658,2023.0,61.67993600257322,2024.0,1045604.548393814,2024,972267.545063408,2024,893282.0418084001,2024,2419849.012271002,22.73541900441294,21.584961989558,100.0,75.09733907810435,0.0,36.300138713698985,25.666495271938903,3000.0,0.6167993600257322,2.5602388480463185,0.8125995200192991,271.0,187.77713397557,59.598974156487465,6.025597120115795,1.5368789760411716,512.0,441.9389849389248,112.72023686717328,17.201592320308787,3.975597120115795,1325.0,1261.6267065037996,291.5846049389248,21.89102957606817,100.0,45357628034.990974,50.6,platform_snapshot_world_bank_217_economies,False,False,False,False,True,,10576509.0,2024,2017872.0,2024,2419848.9,2024,2,un_wpp2024_population_by_single_age_sex,UN World Population Prospects 2024,10947853.0,2074524.0,2488285.95,12540605.0,2308542.0,2776973.55,14906594.0,2476029.0,3017009.55,11.601865935062628,21.248506426682965,,,,,False,,False,,,,,,False,False,,,,,False,False,0.0,0.0,,0.7473684210526315,0.0,0.2164673944547924,0.1082336972273962,0.4736210362007267,0.1830144832524786,0.5844533167977157,0.6239725707495042,0.0868237487377274,0.0868237487377274,0.0343885702928345,0.0,0.5,0.4870299874624968,0.2598546277414474,0.2763233340490944,0.3371091703007626,0.2627871381864911,0.3008633735560228,0.2393874345920396,0.6081648691687889,0.5187874113162553,energy_logistics,0.1688486657870715,0.6872118173555659,2074524.0,2256.176844306793,0.2123689194100833,2308542.0,2510.6863090085685,0.2265388718158438,2476029.0,2692.839078088324,0.2510409067328166,0.583667442707093,0.5745327397161222,0.5,0.2825917532087657,,0.4061456024526307,0.2813398658474583,0.3684634466542593,0.2825917532087657,0.5187874113162553,0.7260943547301367,0.7260943547301367,0.5,Papua New Guinea,partner_embedded_branch,600,1821987.3639678268,1430225.9473928642,0.5525597120115795,0.1581052295135591,133859407.44461589,4752.246064274427,25.0,0.3045860273634607,0.0001350712730935,2256.176844306793,0.08,121389.56903978017,461021.7485578423,-302750.43963343475,-3901161.156475797,-286614018.8890047,-3871761.090727565,-284454028.39855444,-4296416.525965671,-3399154.3170516863,0.0,inf,-209.15867706298425,126.2162840872564,0.11,0.3451534826488783,0.1035460447946634,True,,38.01992753087212,38.01992753087212,139.0,110.0,107.0,105.0,109.0,0.0,0.0,0.0,I_RUSCOMP=0.73; I_PROGRAM=0.52; I_ECO=0.41,I_FIN=0.10; I_FEAS=0.28; I_MARKET=0.28,C_watchlist,,,
NER,Niger,Sub-Saharan Africa,Low income,,1803.4369300531985,2024.0,10.300000000779292,2024.0,49.97598373513892,2024.0,45.02858336126775,2024.0,18.0497398450803,2024,15.55760002,2024.0,4.15170730347346,2019.0,-4.486411511898043,2023.0,-4.9566208720207205,2023.0,-5.718477010726928,2023.0,-11.68201720714567,2023.0,35.86801309861662,2024.0,3066397.4431319134,2024,2480574.453959896,2024,1953341.463698174,2024,6425975.555755988,24.13297338298057,27.33959253970397,100.0,94.22683422731788,0.0,27.99784602938665,16.63935489165192,3000.0,0.3586801309861662,2.0956242357751,0.6190100982396247,206.0,153.70062569899457,45.40042904124773,4.864060589437749,1.1238882095778662,375.0,356.74771424748644,82.43000728799518,14.104161571833997,2.814060589437748,938.0,1034.4499846599638,206.3933342474864,59.61411385648482,100.0,48751250109.21324,39.4,platform_snapshot_world_bank_217_economies,False,False,False,False,True,,27032418.0,2024,5546972.0,2024,6425975.9,2024,2,un_wpp2024_population_by_single_age_sex,UN World Population Prospects 2024,28814879.0,5979191.0,6944364.05,37353471.0,7842636.0,9223175.7,52513882.0,10655574.0,12693046.2,32.81526765579059,82.78198131044124,,,,,False,,False,,,,,,False,False,,,,,False,False,0.0,0.0,,0.7473684210526315,0.0036365578086683,0.0,0.0018182789043341,0.4826101642482202,0.0,1.0,0.0953395766180957,0.1604097788906725,0.1604097788906725,0.0,0.0,0.5,0.1206983321473814,0.3095620829498299,0.2215568574149218,0.2861872594931069,0.1408765878391847,0.141457209597731,0.2254304863999341,0.4572037459708574,0.3816171374892317,energy_logistics,0.0720038267490539,0.5980511393680006,5979191.0,4001.132028015423,0.2756977172909607,7842636.0,5248.104983377645,0.3082839626258683,10655574.0,7130.456011237709,0.358128019234432,1.0,1.0,0.5,0.3949951689080205,,0.3665982889300995,0.1963396023442211,0.2697704812305502,0.3949951689080205,0.3816171374892317,0.7005341714965894,0.7005341714965894,0.5,Niger,partner_embedded_branch,600,1691506.3272146154,1306701.321871068,0.45,0.1768052874842713,124273109.20349789,4444.444998521231,25.0,0.4904987631563597,0.0001226538510559,4001.132028015423,0.08,122092.79498370348,381649.10847654747,-229024.3848147202,-3340897.904806999,-245452094.0784749,-3245348.5276241465,-238432186.4411657,-3440401.485690998,-3087412.5343051013,0.0,inf,-105.05730906954533,108.1914936665021,0.11,0.4459988606531048,0.1337996581959314,True,,37.41708725089632,37.41708725089632,141.0,111.0,111.0,105.0,113.0,0.0,0.0,0.0,I_RUSCOMP=0.70; I_MARKET=0.39; I_PROGRAM=0.38,I_FIN=0.13; I_FEAS=0.20; I_HRSTRAT=0.27,C_watchlist,,,
TLS,Timor-Leste,East Asia & Pacific,Lower middle income,,3890.9576343418657,2024.0,-9.100693697727351,2024.0,95.44850212862212,2024.0,71.63052024185393,2024.0,28.6641074179574,2024,35.04199982,2021.0,30.9611108169641,2023.0,-5.893680870532988,2023.0,-5.838153898715972,2023.0,-3.415493100881576,2023.0,1.821291685104367,2023.0,30.1161456791842,2024.0,157331.00000000015,2024,146956.99999999997,2024,121412.49999999996,2024,358923.6250000001,25.851960881321684,27.78903270950241,100.0,55.435764907706734,20.81320307175578,27.16752494977088,29.82395479881181,3000.0,0.301161456791842,1.992090622225316,0.5758710925938815,192.0,146.10709776024464,42.2364590667686,4.605226555563289,1.0318583308669471,344.0,337.7638944006116,75.68020467577303,13.413937481502105,2.555226555563289,852.0,983.8264650682976,187.4095144006116,69.73020062706203,100.0,5449823119.049322,56.88833324508923,platform_snapshot_world_bank_217_economies,False,False,False,False,True,,1400640.0,2024,304289.0,2024,358924.4,2024,2,un_wpp2024_population_by_single_age_sex,UN World Population Prospects 2024,1436937.0,306608.0,365211.5,1618802.0,316176.0,384095.85,1889249.0,295103.0,359240.15,5.1707982908533845,-1.6350388747342182,,,,,False,,False,,,,,,False,False,,,,,False,False,0.0,0.0,,0.7473684210526315,0.2887854594194496,0.3380048152608564,0.313395137340153,0.2096256641830217,0.1549416903335465,0.0,0.3917171408393112,0.8126586115709238,0.8126586115709238,0.2320246852162621,0.0584335057209421,0.5,0.7145312328165653,0.2476752888407946,0.3249798312979142,0.2480802627093454,0.4012308943588184,0.3975805584998281,0.3328833661790746,0.2350302845035867,0.3803885278930964,diplomatic_analytic,0.1542163419703098,0.5972525431305127,306608.0,4725.363649726204,0.2940898622250781,316176.0,4872.823205251763,0.3000574878808921,295103.0,4548.051548312999,0.3086738532217468,0.4068109342772804,0.3488437144742846,0.5,0.3205546312392376,,0.2520807570096742,0.3517731515528772,0.3229365993726543,0.3205546312392376,0.3803885278930964,0.7067912447140282,0.7067912447140282,0.5,Timor-Leste,partner_embedded_branch,600,1631610.068209063,1298152.4766645918,0.45,0.142609906658367,119872596.94024484,4706.627750472073,25.0,0.5804684814301202,0.0001229050029039,4725.363649726204,0.08,122622.76710045444,370636.6076047728,-218362.9118959365,-3213490.687872335,-236091625.9982238,-3155765.2095603007,-231850598.6046648,-3409400.0836681626,-2812894.56625423,0.0,inf,-79.92642403657435,98.04530646614778,0.11,0.4604207674045661,0.1381262302213698,True,,37.31053747414228,37.31053747414228,142.0,112.0,111.0,108.0,113.0,0.0,0.0,0.0,I_RUSCOMP=0.71; I_PROGRAM=0.38; I_FEAS=0.35,I_FIN=0.14; I_ECO=0.25; I_MARKET=0.32,C_watchlist,,,
BFA,Burkina Faso,Sub-Saharan Africa,Low income,,2547.672328522092,2024.0,4.799809516671587,2024.0,60.50242229123484,2024.0,43.947133130068536,2024.0,28.3352514896662,2024,28.25270081,2024.0,10.0419678526515,2024.0,-5.783592402935026,2023.0,-5.192452788352963,2023.0,-3.399434864521024,2023.0,-14.246621131897,2023.0,33.90985618324973,2024.0,2686934.5000000065,2024,2199991.9999999995,2024,1825645.0000000005,2024,5708466.750000006,24.508412584730152,26.82719141067584,100.0,92.19313790158252,5.424369623585397,23.94547634756778,17.332107209505352,3000.0,0.3390985618324973,2.060377411298495,0.604323921374373,201.0,151.1154967033123,44.32329195971346,4.775943528246238,1.0925576989319956,364.0,350.2848917582807,80.1321148473887,13.869182741989968,2.725943528246238,909.0,1017.2157913554154,199.9305117582808,63.03609742084818,100.0,59994577724.12679,39.41259035579545,platform_snapshot_world_bank_217_economies,False,False,False,False,True,,23548784.0,2024,4886925.0,2024,5708464.8,2024,2,un_wpp2024_population_by_single_age_sex,UN World Population Prospects 2024,24601699.0,5215907.0,6090475.25,29469752.0,6334557.0,7520311.05,37304388.0,6844265.0,8222365.25,23.476588300724146,35.003672332467,,,,,False,,False,,,,,,False,False,,,,,False,False,0.0,0.0,,0.7473684210526315,0.0662862667048118,0.0002433394209196,0.0332648030628657,0.5084644949817287,0.0327560111923694,0.6972142584424275,0.1639480533288799,0.1338938656296253,0.1338938656296253,0.1493520048171757,0.0540929176618816,0.5,0.0079151469403303,0.2525165953655262,0.3257009785680382,0.2759926941109437,0.149553815328358,0.1737484854800246,0.2235377883627371,0.377254535374299,0.3260737276410185,energy_logistics,0.1022532767614639,0.561947922966662,5215907.0,11268.874835509265,0.3901787145863892,6334557.0,13685.69837832597,0.4145672941344264,6844265.0,14786.91349866032,0.4383480644183651,0.804009217818027,0.690422571203087,0.5,0.4404228154179966,,0.3157408742403687,0.2070761794145849,0.2547160216013919,0.4404228154179966,0.3260737276410185,0.693173295356269,0.693173295356269,0.5,Burkina Faso,partner_embedded_branch,600,1687348.3135754776,1306110.8101321978,0.45,0.1744432405287913,123967624.5152454,4553.56388197978,25.0,1.3274376640951575,0.000117858181309,11268.874835509265,0.08,125802.78931469118,381505.232396919,-225182.0244904743,-3318086.973882026,-243776200.0754412,-3294154.168715124,-242017883.20591456,-3733191.430945776,-2898431.0707911146,0.0,inf,-37.25359164144663,104.85749777256716,0.11,0.4381417013072351,0.1314425103921705,True,,36.89925798862305,36.89925798862305,144.0,113.0,114.0,109.0,116.0,0.0,0.0,0.0,I_RUSCOMP=0.69; I_MARKET=0.44; I_PROGRAM=0.33,I_FIN=0.13; I_FEAS=0.21; I_HRSTRAT=0.25,C_watchlist,,,
SLB,Solomon Islands,East Asia & Pacific,Lower middle income,,2353.2480822924267,2024.0,2.997559876041038,2024.0,111.35297206445496,2024.0,46.92086349881877,2024.0,30.6617188562194,2024,29.04070091,2024.0,38.093350068095845,,-5.135224759578704,2023.0,-1.840405941009524,2023.0,-5.460424959659578,2023.0,3.1210907101631173,2023.0,72.28533262384427,2024.0,83443.00002989317,2024,75944.99998978087,2024,64740.99996931975,2024,188521.450005868,23.139636129627466,24.210496680828854,93.33333333333331,52.49173126601133,22.2780428748046,27.516521811922782,35.076093457005335,3000.0,0.7228533262384427,2.7511359872291967,0.892139994678832,297.0,201.7782173929433,65.43275891372637,6.502839968072992,1.7065653219815085,569.0,476.9416934823583,125.16564434928296,18.47423991486131,4.452839968072992,1484.0,1354.967262619622,326.5873134823583,11.540449687027822,93.33333333333331,1927776122.5177915,59.02800502042875,platform_snapshot_world_bank_217_economies,False,False,False,False,True,,819207.0,2024,159388.0,2024,188521.9,2024,2,un_wpp2024_population_by_single_age_sex,UN World Population Prospects 2024,858293.0,167143.0,198728.95,1039667.0,200190.0,238825.2,1309113.0,228546.0,274543.2,20.176350753123785,38.14957508707211,,,,,False,,False,,,,,,False,False,,,,,False,False,0.0,0.0,,0.7473684210526315,0.3646450430712127,0.3793592058140892,0.372002124442651,0.0801547552628738,0.0098534172791317,0.493993719863005,0.495378170101487,0.206806306946583,0.206806306946583,0.1589474108120795,0.0848000924527604,0.5,0.771692291005837,0.28102954109631,0.2331455230690311,0.4208953064493618,0.3619568159311356,0.2672374481035547,0.2426035313809478,0.4948243900060942,0.4412152947283628,energy_logistics,0.0944356975039005,0.6367899415734358,167143.0,2147.095979918182,0.2068917116553042,200190.0,2571.613194808164,0.2291969148779391,228546.0,2935.870469157433,0.2605421175101304,0.7677014550249883,0.7443162798784276,0.5,0.3209979670259776,,0.2577677201460111,0.3730266372859603,0.3256599639852738,0.3209979670259776,0.4412152947283628,0.7132007251510692,0.7132007251510692,0.5,Solomon Islands,partner_embedded_branch,600,1858613.3021100871,1484838.530958396,0.6002839968072993,0.1379341397970887,136550274.83139578,4527.311182891982,25.0,0.2749177443799317,0.000128108358825,2147.095979918182,0.08,121194.85265136644,492092.5279413711,-331530.273054695,-4113390.2962577417,-302206260.3367304,-4018972.167681423,-295269464.2901697,-4824963.256535188,-3440394.8889263896,0.0,inf,-266.36678737627943,146.5604439863611,0.11,0.3214541547997175,0.0964362464399152,True,,36.85282157893492,36.85282157893492,145.0,114.0,113.0,112.0,115.0,0.0,0.0,0.0,I_RUSCOMP=0.71; I_PROGRAM=0.44; I_FEAS=0.37,I_FIN=0.10; I_ECO=0.26; I_MARKET=0.32,C_watchlist,,,
MOZ,Mozambique,Sub-Saharan Africa,Low income,,1500.3142744635054,2024.0,2.14854964610538,2024.0,95.65942035119404,2024.0,41.096446399804535,2024.0,36.4332337447237,2024,20.52729988,2024.0,7.4630510423433,2018.0,-5.016402363777161,2023.0,-7.1842640638351085,2023.0,-4.959698796272277,2023.0,-8.880839109420812,2023.0,38.512069719408025,2024.0,3767480.5,2024,3219884.500000002,2024,2715651.9999999986,2024,8209408.400000001,23.702562425834326,23.68370895667985,100.0,96.27520220051846,2.749840444257302,19.185276122678424,15.243107163710084,3000.0,0.3851206971940802,2.1432172549493447,0.6388405228955601,213.0,157.19126906010274,46.8548637750428,4.983043137373361,1.1661931155105285,389.0,365.4743226502568,85.532801386758,14.421448366328963,2.933043137373361,978.0,1057.7209404006849,215.11994265025683,55.173223936652015,100.0,51958532879.67989,39.4,platform_snapshot_world_bank_217_economies,False,False,False,False,True,,34631768.0,2024,6987363.0,2024,8209406.85,2024,2,un_wpp2024_population_by_single_age_sex,UN World Population Prospects 2024,36639856.0,7434496.0,8739130.6,46411777.0,9632084.0,11317948.25,63530959.0,12728854.0,15195002.05,29.50885812371313,73.8731544989155,,,,,False,,False,,,,,,False,False,,,,,False,False,0.0,0.0,,0.7473684210526315,0.0388565144749676,0.0,0.0194282572374838,0.4905481225330408,0.0,0.3982598590829864,0.3930918487126428,0.0639983125163963,0.0639983125163963,0.0552804959471171,0.1609786449815381,0.5,0.2438853027141018,0.2862549352963553,0.2556322580814409,0.1898904794801381,0.1631620674317288,0.1758293809778274,0.1478446473220833,0.3951590528607802,0.3340279598613438,energy_logistics,0.0594810167602143,0.5671181739098735,7434496.0,7005.509394161928,0.337622190630362,9632084.0,9076.291781898435,0.3690261779774922,12728854.0,11994.37141050525,0.4153269207207838,0.9798358122616108,1.0,0.5,0.4400559919266862,,0.2637096188580721,0.2316302107828225,0.2304343890804156,0.4400559919266862,0.3340279598613438,0.6910549226757844,0.6910549226757844,0.5,Mozambique,partner_embedded_branch,600,1677850.671388203,1304760.3384069446,0.45,0.169041353627779,123269843.19115277,4434.45,25.0,0.8288227393376367,0.0001183717565599,7005.509394161928,0.08,123528.35807659756,379384.7994593586,-225505.6574260124,-3309167.0760936453,-243120864.99681643,-3318524.526398096,-243808346.5774891,-3524660.359082801,-2955784.502558822,0.0,inf,-61.35585630178784,107.77113075942115,0.11,0.434218347790087,0.1302655043370261,True,,36.42827000085332,36.42827000085332,146.0,115.0,116.0,112.0,118.0,0.0,0.0,0.0,I_RUSCOMP=0.69; I_MARKET=0.44; I_PROGRAM=0.33,I_FIN=0.13; I_HRSTRAT=0.23; I_FEAS=0.23,C_watchlist,,,
SUR,Suriname,Latin America & Caribbean,Upper middle income,"The World Bank systematically assesses the appropriateness of official exchange rates as conversion factors. In this country, multiple or dual exchange rate activity exists and must be accounted for appropriately in underlying statistics. An alternative estimate (“alternative conversion factor” - PA.NUS.ATLS) is thus calculated as a weighted average of the different exchange rates in use in the country. Doing so better reflects economic reality and leads to more accurate cross-country comparisons and country classifications by income level. For this country, this applies to 1989-2021. Alternative conversion factors are used in the Atlas methodology and elsewhere in World Development Indicators as single-year conversion factors.",19179.101832163906,2024.0,1.7209573701173897,2024.0,90.9613941465855,2010.0,50.84586814803813,2024.0,65.7641857200885,2024,87.4,2023.0,2.56642457392281,2024.0,-6.770666897296905,2023.0,-0.4358021505177017,2023.0,-5.096388757228852,2023.0,2.889169305562974,2023.0,31.934043097565706,2024.0,54416.5,2024,55202.99999999999,2024,51064.00000000001,2024,132598.3,20.83011414278336,20.26326011198089,100.0,36.23042265725143,42.10183795062167,44.98960026405075,34.424591217323,3452.238329789502,0.319340430975657,2.0248127757561827,0.5895053232317428,171.0,148.50705829995115,43.236442624979645,4.687031939390456,1.0609446895610517,307.0,343.76379574987783,77.81350293328993,13.632085171707883,2.6370319393904564,764.0,999.8262019996744,193.4094157498779,71.41213704534282,100.0,12167816754.48158,60.4,platform_snapshot_world_bank_217_economies,False,False,False,False,True,,634438.0,2024,109619.0,2024,132598.25,2024,2,un_wpp2024_population_by_single_age_sex,UN World Population Prospects 2024,645265.0,108559.0,132615.55,688197.0,106410.0,129905.4,733907.0,101814.0,124413.45,-2.043614040736541,-6.184870477104676,,,,,False,,False,,,,,,False,False,,,,,False,False,0.0,0.0,,0.7473684210526315,0.0,0.405876364602736,0.202938182301368,0.3096938832109063,0.6152845312910582,0.350044822353514,0.3624713857965429,0.3030428972448709,0.3030428972448709,0.8695833210696634,0.5481195445441195,0.5,0.7614931197123463,0.209108504634333,0.2494937513373671,0.4816136578960342,0.3046432339742406,0.4064731936127829,0.5400599427561531,0.3575007604193313,0.491798211733219,digital_finance_business_informatics,0.5176175598916004,0.6696688376265924,108559.0,554.1457083811805,0.0572692960600743,106410.0,543.1760133092733,0.0569236067937161,101814.0,519.715464891179,0.0702591940735067,0.2962715735256235,0.3248075545247141,0.5,0.1257842722702935,,0.4427969187637129,0.5214981902625617,0.4452161633120954,0.1257842722702935,0.491798211733219,0.7326057607707734,0.7326057607707734,0.5,Suriname,partner_embedded_branch,600,1799588.7739703152,1480171.5464996411,0.6030831575712656,0.1052703981422364,132213807.6759477,5537.432415815133,25.0,0.073827581280104,0.0001332971366958,554.1457083811805,0.08,120392.4626320912,480003.8372926789,-321211.06767717336,-3970598.359927722,-291715493.8456938,-3805508.719808967,-279586539.584773,-4172511.791646658,-3343487.2766664377,0.0,inf,-785.7120646798891,111.07319269212104,0.11,0.3558193692905215,0.1067458107871564,True,,36.37455052046867,36.37455052046867,147.0,116.0,115.0,111.0,120.0,0.0,0.0,0.0,I_RUSCOMP=0.73; I_FEAS=0.52; I_PROGRAM=0.49,I_FIN=0.11; I_MARKET=0.13; I_ECO=0.44,C_watchlist,,,
GNQ,Equatorial Guinea,Sub-Saharan Africa,Upper middle income,,15454.42849356404,2024.0,0.907248245986736,2024.0,60.54145109759066,2024.0,51.09751501646961,2024.0,71.3574028749806,2024,63.29930115,2024.0,1.84452998638153,2000.0,-9.24244368076323,2023.0,-9.370805263519278,2023.0,-10.32098138332366,2023.0,-1.647599354386328,2023.0,38.39865815631987,2024.0,180645.45453139688,2024,146636.961649126,2024,135418.963869296,2024,388220.9499217061,20.47078327952583,20.12224527979481,100.0,60.08455804298424,32.49416969502039,33.651759288575285,9.621504940572551,3000.0,0.3839865815631987,2.141175846813758,0.6379899361723991,213.0,157.04154483836953,46.792478682653964,4.977939617034394,1.164378530501118,388.0,365.1000120959238,85.3997131896618,14.407838978758384,2.927939617034394,976.0,1056.7227789224637,214.74563209592367,55.397327962901365,100.0,29247753194.92584,60.4,platform_snapshot_world_bank_217_economies,False,False,False,False,True,,1892524.0,2024,327282.0,2024,388220.55,2024,2,un_wpp2024_population_by_single_age_sex,UN World Population Prospects 2024,1984472.0,358595.0,419991.2,2414274.0,471091.0,560773.3,3143733.0,583988.0,704952.05,33.52024994809415,67.84924303175876,,,,,False,,False,,,,,,False,False,,,,,False,False,0.0,0.0,,0.7473684210526315,0.0,0.405876364602736,0.202938182301368,0.4189561037531554,0.5529669989862253,0.2582914921128896,0.1642024325225305,0.3092129884272862,0.3092129884272862,0.5761112894967486,0.6219447351691112,0.5,0.5619803547670849,0.1004083898032564,0.0148664469919526,0.0953704604443322,0.1826165834559875,0.2464578001140567,0.4046816905608996,0.2018380563586742,0.3536575852824263,digital_finance_business_informatics,0.4577465271443207,0.5798774304335771,358595.0,1007.4227578803886,0.1232740309846987,471091.0,1323.4646172775142,0.1555685565263303,583988.0,1640.633030379823,0.1965621795455478,1.0,0.9994172100224242,0.5,0.2897346307424918,,0.3815935423458557,0.3346783240804921,0.2963614331661791,0.2897346307424918,0.3536575852824263,0.7009291305081843,0.7009291305081843,0.5,Equatorial Guinea,partner_embedded_branch,600,1852448.553736427,1469022.227134028,0.585943627966764,0.1463707687022917,136097357.5496062,5396.081363696706,25.0,0.1212915052544164,0.0001204605336215,1007.4227578803886,0.08,120628.31887783496,483747.4914647376,-324419.37326972367,-4045217.606502697,-297197687.810386,-4110140.708731805,-301967516.71574616,-4748407.720250069,-3698595.0160244736,0.0,inf,-495.6760163121246,114.78299083843254,0.11,0.3067770449748914,0.0920331134924674,True,,36.07833168481788,36.07833168481788,150.0,117.0,117.0,116.0,118.0,0.0,0.0,0.0,I_RUSCOMP=0.70; I_ECO=0.38; I_PROGRAM=0.35,I_FIN=0.09; I_MARKET=0.29; I_HRSTRAT=0.30,C_watchlist,,,
TON,Tonga,East Asia & Pacific,Upper middle income,"The reporting period for national accounts data is designated as either calendar year basis (CY) or fiscal year basis (FY). For this country, it is fiscal year-based (fiscal year-end: June 30). Also, an estimate (PA.NUS.ATLS) of the exchange rate covers the same period and thus differs from the official exchange rate (CY).",7030.419174397146,2023.0,2.7901436686266834,2023.0,79.62392050240447,2023.0,49.98900877489875,2023.0,21.1505271125521,2024,67.4417038,2024.0,42.8611738148984,2023.0,-0.806676350533963,2023.0,3.839706540107725,2023.0,-2.752452015876773,2023.0,7.613018035888649,2023.0,72.43153728842634,2023.0,11556.447359563344,2024,9498.95457357289,2024,6260.465790311574,2024,23872.611538776444,23.179641135013966,25.4541952557386,100.0,14.818124964356176,43.01512321169,33.41920168819575,58.61784806138195,3000.0,0.7243153728842634,2.7537676711916745,0.8932365296631976,298.0,201.97123456881368,65.51318273700569,6.5094191779791855,1.7089045966148215,570.0,477.4242364220341,125.33721517227882,18.49178447461116,4.459419177979186,1486.0,1356.2540437920911,327.0698564220341,11.402406306418095,100.0,732393917.4928226,70.25835214446951,platform_snapshot_world_bank_217_economies,False,False,False,False,True,,104192.0,2024,21056.0,2024,23873.45,2024,2,un_wpp2024_population_by_single_age_sex,UN World Population Prospects 2024,103307.0,21894.0,24804.15,101850.0,22156.0,26229.85,105211.0,18302.0,21957.8,5.747828488377937,-11.475297480461943,,,,,False,,False,,,,,,False,False,,,,,False,False,0.0,0.0,,0.7473684210526315,0.4153563430742293,0.5964131326680157,0.5058847378711224,0.0,0.3256554910487739,0.4706055984670708,0.2885768019512338,0.2820336929748931,0.2820336929748931,0.6265529521578513,0.0,0.5,0.9692330756176514,0.4713839906818454,0.3547558451574324,0.6664357700446831,0.4489581541019833,0.3693688216392194,0.4251080238316959,0.3613883205575686,0.4322448406777051,diplomatic_analytic,0.2602665138591749,0.6309591464405082,21894.0,1028.5615242323656,0.1255680079587751,22156.0,1040.870061701484,0.1289534337332892,18302.0,859.8124151137646,0.1255515677901752,0.3651124618740037,0.2252476733903613,0.5,0.1899527467992001,,0.3133882205421374,0.5563829334884242,0.3892703521917148,0.1899527467992001,0.4322448406777051,0.7199369263307763,0.7199369263307763,0.5,Tonga,partner_embedded_branch,600,1839806.6565161063,1523831.974444608,0.6395464286291771,0.0975957546325466,135168571.2669162,4962.245477204594,25.0,0.1313625844753267,0.0001277813770952,1028.5615242323656,0.08,120625.77925505913,505552.3009451287,-344482.3376144592,-4161899.247326449,-305770159.6119021,-4255506.963261422,-312647415.5331571,-4461580.704334804,-4012177.809969026,0.0,inf,-528.4659749205514,136.28505549212906,0.11,0.2833747127891023,0.0850124138367307,True,,35.88498708341969,35.88498708341969,151.0,118.0,118.0,115.0,121.0,0.0,0.0,0.0,I_RUSCOMP=0.72; I_FEAS=0.56; I_PROGRAM=0.43,I_FIN=0.09; I_MARKET=0.19; I_ECO=0.31,C_watchlist,,,
MLI,Mali,Sub-Saharan Africa,Low income,,2916.185295371537,2024.0,4.992269174829218,2024.0,49.8960414309506,2024.0,36.31495770028896,2024.0,31.6075621182225,2024,36.80149841,2024.0,5.12750941173932,2015.0,-7.97018659114839,2023.0,-6.843548238277436,2023.0,-4.756928801536561,2023.0,-19.1039535999298,2023.0,33.02245391223352,2024.0,2778269.943043739,2024,2215685.4545426606,2024,1724710.964588722,2024,5770075.331651324,23.82813535566984,26.05192492926072,100.0,92.63810151967088,7.575097346842823,22.01036823614958,9.582846306332776,3000.0,0.3302245391223352,2.0444041704202034,0.5976684043417514,199.0,149.9439617136312,43.83515238067967,4.736010426050509,1.0783592625957366,359.0,347.3560542840781,79.09075041211666,13.762694469468023,2.686010426050508,895.0,1009.4055580908748,197.00167428407804,64.61067713796388,100.0,71384118790.35522,39.4,platform_snapshot_world_bank_217_economies,False,False,False,False,True,,24478597.0,2024,4993956.0,2024,5770075.95,2024,2,un_wpp2024_population_by_single_age_sex,UN World Population Prospects 2024,25932278.0,5380304.0,6223599.05,33118347.0,6955422.0,8164710.6,46154083.0,9404460.0,11137900.95,31.18953413298693,78.96237949326121,,,,,False,,False,,,,,,False,False,,,,,False,False,0.0,0.0,,0.7473684210526315,0.0140153377476355,0.0,0.0070076688738177,0.5301200421387107,0.0717336110032091,0.7189158887292957,0.0948185343219874,0.0,0.0,0.2534499405157356,0.0972843313415846,0.5,0.0,0.156357815601263,0.2647383034081817,0.204618976854056,0.077879156818734,0.1152378012270832,0.2252256041423628,0.3444574760849107,0.2906423628040874,energy_logistics,0.1168784620949773,0.5389175358226568,5380304.0,6504.140469604073,0.3294121908761773,6955422.0,8408.268698827147,0.3605487941476191,9404460.0,11368.86110538972,0.4094360709919386,0.9736868013690344,1.0,0.5,0.4329773492126391,,0.3106313535623154,0.1892831837242568,0.2279988248505433,0.4329773492126391,0.2906423628040874,0.686424095262474,0.686424095262474,0.5,Mali,partner_embedded_branch,600,1694240.7766522483,1307089.424895166,0.45,0.1783576995806635,124474006.19578636,4599.95274283297,25.0,0.7456796981139309,0.000114706640746,6504.140469604073,0.08,123292.88771770948,382341.56183998456,-228461.34917507632,-3339024.822569125,-245314480.7868488,-3208719.20557798,-235741070.44268805,-3528797.661523662,-2853299.8452250743,0.0,inf,-66.60503303180762,103.93156654827249,0.11,0.4518957695680276,0.1355687308704082,True,,35.78657558885152,35.78657558885152,153.0,119.0,119.0,116.0,122.0,0.0,0.0,0.0,I_RUSCOMP=0.69; I_MARKET=0.43; I_ECO=0.31,I_FIN=0.14; I_FEAS=0.19; I_HRSTRAT=0.23,C_watchlist,,,
ZWE,Zimbabwe,Sub-Saharan Africa,Lower middle income,"National Accounts data are reported in Zimbabwe Gold (ZIG). 
The World Bank systematically assesses the appropriateness of official exchange rates as conversion factors. In this country, multiple or dual exchange rate activity exists and must be accounted for appropriately in underlying statistics. An alternative estimate (“alternative conversion factor” - PA.NUS.ATLS) is thus calculated as a weighted average of the different exchange rates in use in the country. Doing so better reflects economic reality and leads to more accurate cross-country comparisons and country classifications by income level. Alternative conversion factors are used in the Atlas methodology and elsewhere in World Development Indicators as single-year conversion factors.",5215.253010757424,2024.0,1.7423952488079095,2024.0,41.48653126563136,2024.0,50.605296083734366,2024.0,39.8933716820696,2024,41.64279938,2024.0,7.74912957845971,2024.0,-8.19234454631803,2023.0,-8.93999767303468,2023.0,-9.36851048469546,2023.0,-6.541132271289826,2023.0,42.12498918183216,2024.0,1887675.5539153137,2024,1607878.046882215,2024,1135983.0348445857,2024,4006745.966477592,24.36036712605577,26.72730805183445,100.0,84.07424356665041,13.422478215707669,18.87517278188924,5.0545635176514825,3000.0,0.4212498918183216,2.208249805272979,0.6659374188637412,222.0,161.96099041801924,48.842247674174686,5.145624513182447,1.2239998269093146,408.0,377.3986260450481,89.772553704906,14.85499870181986,3.095624513182448,1032.0,1089.519082786795,227.0442460450481,49.28863097061694,100.0,86752463870.312,50.6,platform_snapshot_world_bank_217_economies,False,False,False,False,True,,16634366.0,2024,3495553.0,2024,4006745.35,2024,2,un_wpp2024_population_by_single_age_sex,UN World Population Prospects 2024,17273584.0,3735129.0,4324232.55,20409151.0,4335109.0,5155598.05,25866387.0,4860825.0,5815180.95,19.22573521167357,34.478913489516195,,,,,False,,False,,,,,,False,False,,,,,False,False,0.0,0.0,,0.7473684210526315,0.0418992893844118,0.2164673944547924,0.1291833419196021,0.5544120817573224,0.2394699276519948,0.3524621441025496,0.0400076237512621,0.297144347495581,0.297144347495581,0.3124020248500794,0.206649201968567,0.5,0.3467782239595207,0.1465880842084015,0.0576402468661122,0.1139934535346319,0.1432830720224524,0.1567438164887546,0.2709646457058164,0.1649894318917771,0.2405253542433007,digital_finance_business_informatics,0.2015834782722159,0.5063414802581455,3735129.0,14201.397785398018,0.4157526887133574,4335109.0,16482.59199402725,0.4351882401697098,4860825.0,18481.42577945964,0.4628784512462048,0.6873240537468333,0.6798640339861407,0.5,0.4534779992815123,,0.3002701518473514,0.2287006579714541,0.2049058327964861,0.4534779992815123,0.2405253542433007,0.6786412353599085,0.6786412353599085,0.5,Zimbabwe,partner_embedded_branch,600,1714431.709094109,1332472.5386770477,0.4720408598923818,0.1696858552462801,125957411.7922642,4826.592264276739,25.0,1.566558155768599,0.0001103675962616,14201.397785398018,0.08,127258.69197712546,398760.593285594,-239601.05384562103,-3427440.9896357064,-251810319.3234468,-3530666.591402202,-259394190.73706925,-4011553.632779315,-3131262.247190126,0.0,inf,-31.68849324598094,103.13239898525326,0.11,0.4000658610807739,0.1200197583242321,True,,35.303555018376166,35.303555018376166,158.0,120.0,120.0,118.0,124.0,0.0,0.0,0.0,I_RUSCOMP=0.68; I_MARKET=0.45; I_ECO=0.30,I_FIN=0.12; I_HRSTRAT=0.20; I_FEAS=0.23,C_watchlist,,,
MDG,Madagascar,Sub-Saharan Africa,Low income,,1657.0497062296852,2024.0,4.199999999886472,2024.0,54.979588143715205,2024.0,47.71761506144672,2024.0,32.4339893339844,2024,18.67790031,2024.0,6.1466638463036,2023.0,-7.159432888030992,2023.0,-6.824622154235838,2023.0,-5.5968261957168615,2023.0,-4.835219562053679,2023.0,28.9342538137932,2024.0,3408798.500612444,2024,3041950.50030222,2024,2695221.500110723,2024,7663598.675964489,23.973758015703105,23.96352067100973,100.0,93.215700304018,0.7319559432471485,22.46474053797744,15.822608629783373,3000.0,0.289342538137932,1.9708165686482777,0.567006903603449,189.0,144.5467820843118,41.58632753512992,4.552041421620694,1.0129480610206911,338.0,333.8631052107795,74.29325740827717,13.272110457655184,2.502041421620694,834.0,973.4243605620788,183.50872521077952,71.8447050924441,100.0,52967520949.44481,39.4,platform_snapshot_world_bank_217_economies,False,False,False,False,True,,31964962.0,2024,6450751.0,2024,7663601.35,2024,2,un_wpp2024_population_by_single_age_sex,UN World Population Prospects 2024,33522055.0,6699738.0,7980408.3,40733849.0,7841380.0,9354925.75,53185474.0,9774875.0,11756971.55,17.223648193539166,47.32293271260319,,,,,False,,False,,,,,,False,False,,,,,False,False,0.0,0.0,,0.7473684210526315,0.0248552196361499,0.0,0.0124276098180749,0.4929442637632444,0.0,0.6295801137056931,0.1279517155391918,0.2263417369791047,0.2263417369791047,0.032760524539816,0.1081923910595843,0.5,0.4217988800444552,0.1920119334075614,0.2270199824545039,0.2054371154851248,0.1328346012447351,0.1508080613273373,0.1890478436947624,0.3286030748057924,0.28370518696762,energy_logistics,0.0659662068844697,0.5344083715289529,6699738.0,5433.902912184217,0.309535865016743,7841380.0,6359.845357765195,0.3295883529756184,9774875.0,7928.029682464703,0.3697893503089497,0.7084977746654237,0.8338103556321363,0.5,0.3818530478439964,,0.2867969459781098,0.240863850327893,0.2194424783178439,0.3818530478439964,0.28370518696762,0.6847036160949034,0.6847036160949034,0.5,Madagascar,partner_embedded_branch,600,1674283.1983873989,1304252.4882319658,0.45,0.1670099529278635,123007744.87400398,4434.45,25.0,0.6195268191946119,0.0001140707747994,5433.902912184217,0.08,122637.37027524244,378571.2234118797,-225648.1552636869,-3304928.8509388515,-242809487.2567414,-3435503.5265724272,-252402665.043397,-3698336.507727821,-3115603.2540573394,0.0,inf,-82.1356906486049,107.58386077981264,0.11,0.4153860443115418,0.1246158132934625,True,,35.03199427120714,35.03199427120714,162.0,121.0,122.0,120.0,124.0,0.0,0.0,0.0,I_RUSCOMP=0.68; I_MARKET=0.38; I_ECO=0.29,I_FIN=0.12; I_HRSTRAT=0.22; I_FEAS=0.24,C_watchlist,,,
STP,São Tomé and Principe,Sub-Saharan Africa,Lower middle income,National account data were adjusted to reflect the new banknote (1 new Dobra STN = 1000 old Dobra STD),5491.29829852275,2024.0,1.0999994010075085,2024.0,60.50242229123484,,80.34174930688846,2024.0,68.8710170184884,2024,59.11759949,2024.0,12.8210802078247,2015.0,-6.317046701908111,2023.0,-4.863875508308411,2023.0,-6.581653058528898,2023.0,3.08493521809578,2023.0,55.921968625621446,2024.0,27398.941766154992,2024,22305.95338140297,2024,16907.46448293406,2024,57313.25416487829,24.78321320386472,28.81973916520656,93.33333333333331,38.7844997652452,33.675831650147856,31.45371226439844,27.480407907079417,3000.0,0.5592196862562144,2.4565954352611863,0.7694147646921607,256.0,180.1755529656224,56.43164873567596,5.766488588152965,1.4447514980099432,482.0,422.9350324140558,105.96327596944208,16.510636235074575,3.716488588152965,1239.0,1210.9494997708157,272.5806524140557,28.320629061470008,93.33333333333331,1293398436.0408545,51.4463240623474,platform_snapshot_world_bank_217_economies,False,False,False,False,True,,235548.0,2024,49704.0,2024,57312.6,2024,2,un_wpp2024_population_by_single_age_sex,UN World Population Prospects 2024,245000.0,51972.0,60298.8,290097.0,56747.0,68486.15,365122.0,67171.0,80271.4,13.57796506729818,33.12271554326121,,,,,False,,False,,,,,,False,False,,,,,False,False,0.0,0.0,,0.7473684210526315,0.0958453292602998,0.2328246770120012,0.1643350031361505,0.0304335789918866,0.2543534983527256,0.2800259914031335,0.1639480533288799,1.0,1.0,0.5251910863428874,0.5891267871546539,0.5,0.770102286592786,0.2290571373985379,0.182793132897957,0.29019646523999,0.3526389278865273,0.3940097222855701,0.5033523533905749,0.2103792285585813,0.4549623000144834,digital_finance_business_informatics,0.2109649162342445,0.6457254950094142,51972.0,443.6394647136861,0.0327248744074774,56747.0,484.3994594032853,0.0442476203937205,67171.0,573.3800216324753,0.0810484964054786,0.5383060740368187,0.6711370613993372,0.5,0.1543652602810513,,0.3119632091604606,0.4411196282121897,0.3826576266094754,0.1543652602810513,0.4549623000144834,0.7214151451945855,0.7214151451945855,0.5,São Tomé and Principe,partner_embedded_branch,600,1735314.3130027305,1404829.50627742,0.5392728686632722,0.1229536817933182,127491633.7305663,4849.017730191995,25.0,0.0575026342964402,0.0001296832012729,443.6394647136861,0.08,120267.67804150672,436067.6522742117,-280914.56205076794,-3681500.96862801,-270475826.5140344,-3634101.664223266,-266993451.75865272,-3867879.66344644,-3377381.223098,0.0,inf,-1007.471431166868,115.79993371031334,0.11,0.383413977590671,0.1150241932772013,True,,34.88207071631184,34.88207071631184,164.0,122.0,122.0,119.0,124.0,0.0,0.0,0.0,I_RUSCOMP=0.72; I_PROGRAM=0.45; I_FEAS=0.44,I_FIN=0.12; I_MARKET=0.15; I_ECO=0.31,C_watchlist,,,
SOM,"Somalia, Fed. Rep.",Sub-Saharan Africa,Low income,"The World Bank systematically assesses the appropriateness of official exchange rates as conversion factors. In this country, multiple or dual exchange rate activity exists and must be accounted for appropriately in underlying statistics. An alternative estimate (“alternative conversion factor” - PA.NUS.ATLS) is thus calculated as a weighted average of the different exchange rates in use in the country. Doing so better reflects economic reality and leads to more accurate cross-country comparisons and country classifications by income level. For this country, this applies to the period 1977-2017. Alternative conversion factors are used in the Atlas methodology and elsewhere in World Development Indicators as single-year conversion factors.",1409.3349223328275,2024.0,4.111393357794711,2024.0,130.32506058327067,2024.0,47.880788964975935,,54.6176465524521,2024,27.94020081,2024.0,2.41033005714417,1987.0,-13.861417889595009,2023.0,-15.48403263092042,2023.0,-13.15872740745542,2023.0,-16.643206357955936,2023.0,39.29792665226086,2024.0,2048095.498854361,2024,1737428.999523211,2024,1440345.0000040166,2024,4433679.74837938,23.4157277231196,24.18764342443836,93.33333333333331,89.54572534075086,10.5961564855808,35.70146842874107,0.0,3000.0,0.3929792665226086,2.157362679740696,0.6447344498919565,215.0,158.22874543782967,47.287145599095695,5.018406699351739,1.178766826436174,393.0,368.06801359457415,86.45500261140415,14.515751198271303,2.968406699351739,989.0,1064.6374495855312,217.7136335945742,53.888547421039085,93.33333333333331,26790260348.19799,39.4,platform_snapshot_world_bank_217_economies,False,False,False,False,True,,19009157.0,2024,3785525.0,2024,4433680.25,2024,2,un_wpp2024_population_by_single_age_sex,UN World Population Prospects 2024,20305912.0,3927144.0,4626475.05,26294952.0,5274998.0,6122065.85,37206509.0,7452149.0,8832047.0,32.326788404489506,90.90229396136051,,,,,False,,False,,,,,,False,False,,,,,False,False,0.0,0.0,,0.7473684210526315,0.0,0.0,0.0,0.4080219669161579,0.0,0.6195888843434267,0.6190331067984113,0.2303425730301999,0.2303425730301999,0.1455467205622531,0.4009957415392689,0.5,0.0,0.0,0.0,0.0,0.1592579399678645,0.1887501510730246,0.2791727506799511,0.6192554178164175,0.5115791942901814,energy_logistics,0.0557095581908623,0.6825264762886178,3927144.0,1347.1699507335736,0.1553812251672151,5274998.0,1809.53863565474,0.1902378250043237,7452149.0,2556.389885674996,0.2453232564910038,1.0,1.0,0.5,0.3057586119833566,,0.3602936544489176,0.107908829331155,0.3540707709388131,0.3057586119833566,0.5115791942901814,0.7236464119416759,0.7236464119416759,0.5,"Somalia, Fed. Rep.",partner_embedded_branch,600,1728897.763439419,1313865.8518057538,0.4518406699351739,0.1962600575471459,127020216.89235434,4438.557788649607,25.0,0.1808922865087111,0.0001343457139346,1347.1699507335736,0.08,120770.78483250228,389308.502901202,-237393.0378366036,-3425521.781082166,-251669317.1821476,-3545237.8113218024,-260464722.2362204,-3856238.686554725,-3067667.947201042,0.0,inf,-295.669176030997,110.70289725610333,0.11,0.3977200585421166,0.1193160175626349,True,,34.668864681984545,34.668864681984545,167.0,123.0,123.0,120.0,125.0,0.0,0.0,0.0,I_RUSCOMP=0.72; I_PROGRAM=0.51; I_ECO=0.36,I_FEAS=0.11; I_FIN=0.12; I_MARKET=0.31,C_watchlist,,,
TUV,Tuvalu,East Asia & Pacific,Upper middle income,,5812.399245377526,2023.0,3.852809195170323,2023.0,98.42496729666526,,59.1528957274226,,64.7254793441291,2024,35.20000076,2017.0,19.3509615384615,2023.0,-3.1482590138912223,2023.0,7.075768589973439,2023.0,-1.334358707070354,2023.0,8.32357335090638,2023.0,103.15012548563736,2023.0,854.5460262302943,2024,750.0391194043906,2024,737.0388862026856,2024,1936.252644425893,19.72685768402654,17.123385831154522,86.66666666666667,0.0,24.91341865557401,42.8514419211656,60.92494670454845,3000.0,1.0315012548563738,3.306702258741473,1.1236259411422802,375.0,242.5254477842311,82.41077157676294,7.891755646853682,2.2004020077701982,733.0,578.8097694605776,161.3854046970943,22.17801505827649,5.841755646853682,1947.0,1626.615465228207,428.4553894605777,0.0,86.66666666666667,56066403.12091162,63.20528846153845,platform_snapshot_world_bank_217_economies,False,False,False,False,True,,9669.0,2024,1607.0,2024,1939.1,2024,2,un_wpp2024_population_by_single_age_sex,UN World Population Prospects 2024,9386.0,1582.0,1873.6,8999.0,1920.0,2217.0,9802.0,1518.0,1893.3,18.328351836037584,1.0514517506404752,,,,,False,,False,,,,,,False,False,,,,,False,False,0.0,0.0,,0.7473684210526315,0.1652981422683501,0.4600954256708898,0.31269678396962,0.0,0.270752685936335,0.5904310964255157,0.4111169349932312,0.5067216393612151,0.5067216393612151,0.233948648381846,0.5344096001444948,0.5,1.0,0.368409358791158,0.4184399319690425,0.806324580097079,0.4670495062990619,0.468258809853416,0.3883773539074179,0.482842599566145,0.4719189133102729,energy_logistics,0.2216673942175445,0.6567472936516774,1582.0,26.760003121180777,0.0,1920.0,32.47737420522572,0.0,1518.0,25.67742398100659,0.0,0.8022421014223557,0.3459802757149094,0.5,0.1290328266123131,,0.3570741464744602,0.5774908880992679,0.4406813643888355,0.1290328266123131,0.4719189133102729,0.7300736550576877,0.7300736550576877,0.5,Tuvalu,partner_embedded_branch,600,2008005.4631280384,1670210.1320289278,0.75757770469951,0.092952004618161,147525952.57000753,4874.199872025269,25.0,0.0035184456110534,0.0001315499952047,26.760003121180777,0.08,120016.46362286124,596161.5691921731,-428452.180033938,-4829574.317859066,-354823512.6013559,-4605467.424243274,-338358625.6449867,-5124480.253875914,-4274758.460033365,0.0,inf,-24983.2066914592,173.84584974297417,0.11,0.2270350142373961,0.0681105042712188,True,,34.2399182372718,34.2399182372718,171.0,124.0,124.0,121.0,126.0,0.0,0.0,0.0,I_RUSCOMP=0.73; I_FEAS=0.58; I_PROGRAM=0.47,I_FIN=0.07; I_MARKET=0.13; I_ECO=0.36,C_watchlist,,,
MMR,Myanmar,East Asia & Pacific,Lower middle income,"The reporting period for national accounts data is designated as either calendar year basis (CY) or fiscal year basis (FY). For this country, it is fiscal year-based (fiscal year-end: September 30). Also, an estimate (PA.NUS.ATLS) of the exchange rate covers the same period and thus differs from the official exchange rate (CY). 	  

In addition, the World Bank systematically assesses the appropriateness of official exchange rates as conversion factors. In this country, multiple or dual exchange rate activity exists and must be accounted for appropriately in underlying statistics. An alternative estimate (“alternative conversion factor” - PA.NUS.ATLS) is thus calculated as a weighted average of the different exchange rates in use in the country. Doing so better reflects economic reality and leads to more accurate cross-country comparisons and country classifications by income level. For this country, this applies to the period 1960-2014. Alternative conversion factors are used in the Atlas methodology and elsewhere in World Development Indicators as single-year conversion factors.",5276.294339878527,2024.0,-0.9720464136336204,2024.0,98.42496729666526,,41.353452684918935,2024.0,30.4499084074136,2024,45.4477005,2020.0,20.3723297119141,2018.0,-12.269614100456227,2023.0,-11.31858599185944,2023.0,-10.05794548988341,2023.0,-14.87689089775084,2023.0,22.66040699880472,2024.0,4395052.500000001,2024,4504093.499999999,2024,4392217.0,2024,10875643.65,19.64052896450315,17.244855411075704,93.33333333333331,82.67570756087632,19.61735267593268,17.477745961469715,0.0,3000.0,0.25,1.9,0.5375,179.0,139.35284,39.422185,4.375,0.95,317.0,320.87825,69.67642,12.8,2.325,775.0,938.79808,170.52387,75.11538786306906,93.33333333333331,287558521666.1647,53.711698913574224,platform_snapshot_world_bank_217_economies,False,False,False,False,True,,54500087.0,2024,8899146.0,2024,10875643.2,2024,2,un_wpp2024_population_by_single_age_sex,UN World Population Prospects 2024,55184827.0,8802197.0,10781434.7,57444467.0,8648445.0,10538732.55,58623233.0,7917808.0,9757565.05,-2.25111181167752,-9.496599279129326,,,,,False,,False,,,,,,False,False,,,,,False,False,0.0,0.0,,0.7473684210526315,0.1761615698210617,0.2766085869681159,0.2263850783945888,0.7037109056745909,0.2428278283396539,0.0463834055373457,0.4111169349932312,0.0702998104189679,0.0702998104189679,0.3587339618851941,0.0820043943193924,0.5,0.0,0.0,0.0266789282781928,0.0111716026561138,0.1631056522611177,0.1672516604339073,0.2214550954540767,0.265223523210877,0.2438859340810682,energy_logistics,0.2036724573636691,0.5085258571526943,8802197.0,94769.7247004805,0.6256332730394041,8648445.0,93114.33858356578,0.6272094548961945,7917808.0,85247.8630495616,0.6310364537719574,0.3013177045002422,0.287357939544804,0.5,0.5505414261792121,,0.2842873128231439,0.1111209754091422,0.218324593275066,0.5505414261792121,0.2438859340810682,0.6805875446011149,0.6805875446011149,0.5,Myanmar,partner_embedded_branch,600,1724618.2547758282,1311388.346352497,0.45,0.1955533854099887,126705806.09829986,4831.61641506276,25.0,10.488388811292255,0.000110730003559,94769.7247004805,0.08,168648.83668627223,395146.9255652208,-194886.3348337309,-3244783.8767608856,-238390702.16335785,-3336133.5322595634,-245102060.86822465,-3546801.970271424,-3115600.3790152697,0.0,inf,-3.8457421427545686,99.42865408870988,0.11,0.4313834958778255,0.1294150487633476,True,,34.226587140850995,34.226587140850995,172.0,125.0,125.0,121.0,127.0,0.0,0.0,0.0,I_RUSCOMP=0.68; I_MARKET=0.55; I_ECO=0.28,I_FEAS=0.11; I_FIN=0.13; I_HRSTRAT=0.22,C_watchlist,,,
DMA,Dominica,Latin America & Caribbean,Upper middle income,,18739.364040498604,2024.0,2.052738472526002,2024.0,78.03680761820395,,56.94147248895148,2024.0,73.5449839980866,2024,82.04689789,2024.0,6.9480299949646,1993.0,1.825775057077405,2023.0,4.37396818399429,2023.0,2.157768636941911,2023.0,8.996849775314308,2023.0,48.84950339088111,2024.0,4343.498257400703,2024,4449.499616863012,2024,4859.5003873846645,2024,10979.773048586812,16.012289079135495,12.030844791854816,93.33333333333331,0.0,42.52053285720552,46.61894715894861,70.52518783806939,3373.0855272897484,0.4884950339088111,2.32929106103586,0.7163712754316083,212.0,170.83859186418968,52.5412482767457,5.44822765258965,1.3315920542540978,395.0,399.59262966047424,97.66375499039084,15.661940406905734,3.39822765258965,1007.0,1148.703092427931,249.23824966047425,42.84741578383908,93.33333333333331,1240639596.3012102,60.4,platform_snapshot_world_bank_217_economies,False,False,False,False,True,,66227.0,2024,8796.0,2024,10983.0,2024,2,un_wpp2024_population_by_single_age_sex,UN World Population Prospects 2024,65530.0,8565.0,10619.7,63786.0,8038.0,9976.6,63212.0,6811.0,8510.2,-6.055726621279323,-19.864026290761505,,,,,False,,False,,,,,,False,False,,,,,False,False,0.0,0.0,,0.7473684210526315,0.0333786721241458,0.405876364602736,0.2196275183634409,0.0252450863601566,0.6085902972931932,0.3874562512709657,0.2782324298473376,0.4525000902939584,0.4525000902939584,0.8043990805123006,0.6508187425513706,0.5,1.0,0.5871500146240649,0.5752652547825731,0.6895308851779142,0.4083267398139352,0.508426649423301,0.5515647217132053,0.3219219584167888,0.515163075183216,digital_finance_business_informatics,0.5111799646826674,0.6848559988690904,8565.0,119.54259626009444,0.0,8038.0,112.18720242132386,0.0,6811.0,95.06183574168162,0.0,0.2058190841883942,0.18547131792744,0.5,0.0654298949081644,,0.4094053935941433,0.7114064114423493,0.469730471037309,0.0654298949081644,0.515163075183216,0.7378839640427988,0.7378839640427988,0.5,Dominica,partner_embedded_branch,600,1805210.7734245297,1543126.6805205056,0.661803226519868,0.0634905894826831,132626849.79164945,5528.429324297494,25.0,0.0161889478031238,0.0001354946331432,119.54259626009444,0.08,120085.91947561374,506769.160446591,-346141.70813525,-4124729.750648686,-303039357.5774333,-4139570.0723990337,-304129659.6920774,-4345307.859373654,-3816811.8175679473,0.0,inf,-3867.528723100173,120.21670096087703,0.11,0.3020392483880189,0.0906117745164056,True,,33.897585834780976,33.897585834780976,174.0,126.0,125.0,120.0,128.25,0.0,0.0,0.0,I_RUSCOMP=0.74; I_FEAS=0.71; I_PROGRAM=0.52,I_MARKET=0.07; I_FIN=0.09; I_ECO=0.41,C_watchlist,,,
LBR,Liberia,Sub-Saharan Africa,Low income,National accounts data are provided in the US dollar.,1646.0586136660083,2024.0,4.021854649648347,2024.0,60.50242229123484,,41.92692282672556,2024.0,55.5387986654968,2024,32.23360062,2024.0,10.838520055325,2012.0,-9.48755025863645,2023.0,-7.221415281295812,2023.0,-6.465898990631102,2023.0,-0.8134660795331,2023.0,45.5092288485533,2024.0,640726.5013816218,2024,529815.0008305574,2024,428387.5003028796,2024,1363315.8773484752,24.671154894111503,28.054188130129663,93.33333333333331,75.62248104145321,15.682101096843343,20.148534049605026,15.935685473433848,3000.0,0.455092288485533,2.2691661192739594,0.6913192163641497,230.0,166.42881218558156,50.70384007732565,5.297915298184899,1.278147661576853,426.0,388.5681804639539,93.74395083162808,15.261107461826397,3.247915298184899,1083.0,1119.3045612372105,238.213800463954,43.92864265920625,93.33333333333331,9239025769.781004,39.651556016597496,platform_snapshot_world_bank_217_economies,False,False,False,False,True,,5612814.0,2024,1170541.0,2024,1363315.15,2024,2,un_wpp2024_population_by_single_age_sex,UN World Population Prospects 2024,5853955.0,1235069.0,1443923.0,7003564.0,1419558.0,1703419.8,8910535.0,1644526.0,1976823.1,17.971650842877352,36.9064070591022,,,,,False,,False,,,,,,False,False,,,,,False,False,0.0,0.0,,0.7473684210526315,0.0747585173296234,0.0048619353100256,0.0398102263198245,0.2753883544688284,0.0,0.6094925557977079,0.1639480533288799,0.0843606373523376,0.0843606373523376,0.197827061992911,0.4131540805518458,0.5,0.5986629031782426,0.0896294580894841,0.1879914453524491,0.1882845029807718,0.1055056017977537,0.1178923670958074,0.204879507848517,0.3421658543164111,0.289821596773285,energy_logistics,0.0655120586260821,0.5383840379026352,1235069.0,1778.5188348000536,0.186076830618609,1419558.0,2044.1859038572693,0.2037526329561003,1644526.0,2368.1433711949635,0.2369130468103678,0.6629277092389353,0.709307626788421,0.5,0.2769688768640519,,0.2401232932845555,0.3058719318322453,0.2199692695630724,0.2769688768640519,0.289821596773285,0.6853784720248973,0.6853784720248973,0.5,Liberia,partner_embedded_branch,600,1696449.9599518222,1337916.4560223387,0.4797915298184899,0.152708174996906,124636312.46270443,4434.45,25.0,0.2036894170063741,0.0001145872114444,1778.5188348000536,0.08,120867.12051383416,398364.1774295914,-245627.92272139,-3442761.014106705,-252935864.6693041,-3563042.384369782,-261772804.6330251,-3982543.22419761,-3274953.160853764,0.0,inf,-271.93775496082054,114.9076844616568,0.11,0.3948537225121814,0.1184561167536544,True,,33.08588126049006,33.08588126049006,178.0,127.0,127.0,126.0,128.0,0.0,0.0,0.0,I_RUSCOMP=0.69; I_FEAS=0.31; I_PROGRAM=0.29,I_FIN=0.12; I_HRSTRAT=0.22; I_ECO=0.24,C_watchlist,,,
MHL,Marshall Islands,East Asia & Pacific,Upper middle income,Fiscal year ends on September 30; reporting period for national accounts data: FY.,7209.266549975357,2024.0,2.501927178528732,2024.0,123.80913396677472,2024.0,66.99081209270345,2024.0,78.7325660244112,2024,65.915802,2024.0,37.6853055916775,2024.0,0.489827424287796,2023.0,4.73898071050644,2023.0,-2.9599119126796727,2023.0,8.29485356807709,2023.0,94.2852652244908,2024.0,4686.000000000007,2024,3214.0000000000014,2024,1915.5,2024,8761.97500000001,23.630616560244228,26.17087263102186,100.0,0.0,54.45200948478757,48.82277794821842,61.7129279051932,3000.0,0.942852652244908,3.1471347740408344,1.057139489183681,352.0,230.8221940133413,77.53441583889222,7.492836935102086,2.058564243591853,686.0,549.5516350333534,150.98251245630345,21.11423182693889,5.442836935102086,1814.0,1548.5937734222755,399.1972550333534,0.0,100.0,270693540.4184747,68.70559167750325,platform_snapshot_world_bank_217_economies,False,False,False,False,True,,37572.0,2024,7904.0,2024,8766.65,2024,2,un_wpp2024_population_by_single_age_sex,UN World Population Prospects 2024,35101.0,8065.0,8852.05,28165.0,7026.0,8377.35,25212.0,4033.0,4964.5,-5.362599623815944,-43.91694579221762,,,,,False,,False,,,,,,False,False,,,,,False,False,0.0,0.0,,0.7473684210526315,0.3603050198327066,0.5664022386951055,0.4633536292639061,0.0,0.3329049450624752,0.4381064878973029,0.5765640611535142,0.6988983151742741,0.6988983151742741,0.6079721838567376,0.7192899320958759,0.5,0.9992180500479676,0.5283997010585787,0.3454391845428755,0.7053096827414906,0.5822427328527827,0.5325397715230084,0.5471539177157145,0.5211810318510297,0.5694805535742806,diplomatic_analytic,0.2656762179899666,0.7201623598232825,8065.0,379.55542336871895,0.0155155668895535,7026.0,330.6579546917073,0.0020091816759684,4033.0,189.80124270874688,0.0,0.0599578386594611,0.0,0.5,0.0610234692521242,,0.3947320508955679,0.6477930785717658,0.5349778080984973,0.0610234692521242,0.5694805535742806,0.7511453923292478,0.7511453923292478,0.5,Marshall Islands,partner_embedded_branch,600,1949939.3583048345,1645193.4680737825,0.7406576699161834,0.0774855227142115,143259899.72136205,5001.9647662393,25.0,0.0533754614004867,0.000140699513349,379.55542336871895,0.08,120256.30289021472,574659.7293268269,-408430.648090466,-4650626.970314921,-341676447.8193699,-4757864.479046101,-349555069.6245901,-5499020.538791729,-4077006.778020701,0.0,inf,-1529.8049188534983,160.51017828113484,0.11,0.2025008022762217,0.0607502406828665,True,,32.47935637333317,32.47935637333317,184.0,128.0,128.0,125.0,135.0,0.0,0.0,0.0,I_RUSCOMP=0.75; I_FEAS=0.65; I_PROGRAM=0.57,I_FIN=0.06; I_MARKET=0.06; I_ECO=0.39,C_watchlist,,,
SYR,Syrian Arab Republic,Middle East & North Africa,Low income,"The World Bank systematically assesses the appropriateness of official exchange rates as conversion factors. In this country, multiple or dual exchange rate activity exists and must be accounted for appropriately in underlying statistics. An alternative estimate (“alternative conversion factor” - PA.NUS.ATLS) is thus calculated as a weighted average of the different exchange rates in use in the country. Doing so better reflects economic reality and leads to more accurate cross-country comparisons and country classifications by income level. For this country, this applies to the period 2011-2024. Alternative conversion factors are used in the Atlas methodology and elsewhere in World Development Indicators as single-year conversion factors.",4454.853732714638,2022.0,0.7327813018613654,2022.0,35.60946807999561,2022.0,44.93905348548575,2022.0,72.0761345758254,2024,33.77000046,2018.0,43.7606582641602,2016.0,-12.51713478565214,2023.0,-14.246260643005373,2023.0,-12.670790672302282,2023.0,-19.25424742698667,2023.0,18.22280723380996,2023.0,2923411.0581354657,2024,2874674.057613823,2024,2339527.5467069955,2024,6850872.511767436,28.76383947008297,38.49874750583002,100.0,95.3346961599274,40.762020348388354,9.951265338837969,0.0,3000.0,0.25,1.9,0.5375,179.0,139.35284,39.422185,4.375,0.95,317.0,320.87825,69.67642,12.8,2.325,775.0,938.79808,170.52387,75.11538786306906,100.0,109913536982.3724,49.52819747924806,platform_snapshot_world_bank_217_economies,False,False,False,False,True,,24672758.0,2024,5798084.0,2024,6850871.6,2024,2,un_wpp2024_population_by_single_age_sex,UN World Population Prospects 2024,26472497.0,5964582.0,7217509.8,32294790.0,4752389.0,6139735.4,37793375.0,6523547.0,7722559.85,-14.932773627823812,6.997566529109522,,,,,False,,False,,,,,,False,False,,,,,False,False,0.0,0.0,,0.7473684210526315,0.424923396760967,0.1957521891836093,0.3103377929722882,0.583893318723221,0.193994261472966,0.2386187089700064,0.0017025169907241,0.1582146095227069,0.1582146095227069,0.2165356639782473,0.6314313156743369,0.5,0.0,0.0,0.0,0.0,0.1269650215251083,0.0786469751080882,0.1774576884289665,0.096468993782437,0.1573071318777307,digital_finance_business_informatics,0.1748653135559125,0.452249635720525,5964582.0,97122.95429947706,0.6283454486874319,4752389.0,77384.47717884296,0.6066884553242629,6523547.0,106224.73748394952,0.6552348174423174,0.0,0.4770282503462122,0.5,0.5446083415594364,,0.2401936127394052,0.1419914653137067,0.1235178660387442,0.5446083415594364,0.1573071318777307,0.6605528571124225,0.6605528571124225,0.5,Syrian Arab Republic,partner_embedded_branch,600,1712601.1116814136,1309690.469407746,0.45,0.1887618776309845,125822919.81401062,4760.526826519943,25.0,9.996374475075358,0.0001029785534347,97122.95429947706,0.08,165684.48850227403,392581.15640018246,-195490.17538589385,-3232554.548813308,-237492226.89131007,-3208293.0448804884,-235709760.8850201,-3581445.665022038,-2870620.246488476,0.0,inf,-4.107971316371779,100.62657263077764,0.11,0.4519643766477071,0.1355893129943121,True,,32.08816227829102,32.08816227829102,186.0,129.0,129.0,127.0,132.0,0.0,0.0,0.0,I_RUSCOMP=0.66; I_MARKET=0.54; I_ECO=0.24,I_HRSTRAT=0.12; I_FIN=0.14; I_FEAS=0.14,C_watchlist,,,
BDI,Burundi,Sub-Saharan Africa,Low income,"The World Bank systematically assesses the appropriateness of official exchange rates as conversion factors. In this country, multiple or dual exchange rate activity exists and must be accounted for appropriately in underlying statistics. An alternative estimate (“alternative conversion factor” - PA.NUS.ATLS) is thus calculated as a weighted average of the different exchange rates in use in the country. Doing so better reflects economic reality and leads to more accurate cross-country comparisons and country classifications by income level. For this country, this applies to the period 1983-2024. Alternative conversion factors are used in the Atlas methodology and elsewhere in World Development Indicators as single-year conversion factors.",1051.25931339275,2024.0,4.112273762649437,2024.0,60.50242229123484,,43.22195252648998,2024.0,24.8302838651025,2024,8.595999718,2024.0,6.38454008102417,2025.0,-8.400793910026561,2023.0,-8.757394194602968,2023.0,-6.900111198425291,2023.0,-8.206820845603941,2023.0,18.3627278106685,2024.0,1616169.9999999984,2024,1188601.0000000002,2024,931980.5000000002,2024,3224162.2249999987,23.27097034994277,26.083104797542543,93.33333333333331,85.85655422675387,0.1793329921293444,20.92705387358203,5.540863335691518,3000.0,0.25,1.9,0.5375,179.0,139.35284,39.422185,4.375,0.95,317.0,320.87825,69.67642,12.8,2.325,775.0,938.79808,170.52387,75.11538786306906,93.33333333333331,14767865865.048286,39.4,platform_snapshot_world_bank_217_economies,False,False,False,False,True,,14047788.0,2024,2804770.0,2024,3224161.0,2024,2,un_wpp2024_population_by_single_age_sex,UN World Population Prospects 2024,14729164.0,3110878.0,3554480.35,18085841.0,3982256.0,4701118.4,24131721.0,4542415.0,5431229.8,32.25895031322934,52.79954494614098,,,,,False,,False,,,,,,False,False,,,,,False,False,0.0,0.0,,0.7473684210526315,0.0273853075217587,0.0,0.0136926537608793,0.333820934442833,0.0,0.6196881582423982,0.1639480533288799,0.1161132730250446,0.1161132730250446,0.0,0.0078306510893205,0.5,0.2735264983573487,0.1374212088161152,0.1684917355913893,0.1218870547436386,0.0968219268580822,0.1106323153567101,0.1559655102050078,0.3462440952942872,0.2871542486162693,energy_logistics,0.05,0.536650261600575,3110878.0,1994.7743456022413,0.1987588043639558,3982256.0,2553.524151837712,0.2284143762052392,4542415.0,2912.7123947254777,0.2596713236097673,0.9462705789768506,0.8349607101056594,0.5,0.3194422196873288,,0.253724072440694,0.1662226321284222,0.1994491272773023,0.3194422196873288,0.2871542486162693,0.6826493201349033,0.6826493201349033,0.5,Burundi,partner_embedded_branch,600,1703186.2694212117,1308357.7552329367,0.45,0.1834310209317471,125131221.70948006,4434.45,25.0,0.2277534674409757,0.0001142345243642,1994.7743456022413,0.08,120969.56290914588,383600.75773146097,-231943.1342037982,-3368078.08414239,-247448991.95604888,-3411548.582928084,-250642721.6842851,-3656364.1509239418,-3099739.5371464863,0.0,inf,-229.65545271507693,109.09767982613134,0.11,0.41924252084023,0.125772756252069,True,,31.917397798870084,31.917397798870084,188.0,130.0,130.0,129.0,130.0,0.0,0.0,0.0,I_RUSCOMP=0.68; I_MARKET=0.32; I_PROGRAM=0.29,I_FIN=0.13; I_FEAS=0.17; I_HRSTRAT=0.20,C_watchlist,,,
YEM,"Yemen, Rep.",Middle East & North Africa,Low income,"The World Bank systematically assesses the appropriateness of official exchange rates as conversion factors. In this country, multiple or dual exchange rate activity exists and must be accounted for appropriately in underlying statistics. An alternative estimate (“alternative conversion factor” - PA.NUS.ATLS) is thus calculated as a weighted average of the different exchange rates in use in the country. Doing so better reflects economic reality and leads to more accurate cross-country comparisons and country classifications by income level. Alternative conversion factors are used in the Atlas methodology and elsewhere in World Development Indicators as single-year conversion factors.",14138.417778599354,,0.7524475929625538,2018.0,56.07782272150765,2018.0,41.81186184279609,2018.0,36.8077517596594,2024,17.49099922,2019.0,8.80690002441406,2011.0,-15.927942991256728,2023.0,-12.872833847999582,2023.0,-12.9013550281525,2023.0,-17.94057083129885,2023.0,43.571742351282936,2013.0,4183460.9489288176,2024,3658906.955191445,2024,3273383.9596352368,2024,9315390.68595612,22.596954327027003,19.86188715213218,93.33333333333331,92.28176284557816,3.6500321879863824,26.81566269274802,0.0,3000.0,0.4357174235128294,2.234291362323093,0.6767880676346221,226.0,163.87097196168,49.63807331736666,5.210728405807732,1.2471478776205271,416.0,382.1735799041999,91.4703150770489,15.028609082153952,3.160728405807732,1054.0,1102.2522930778666,231.8191999042,46.95217263673761,93.33333333333331,573781727409.4133,39.4,platform_snapshot_world_bank_217_economies,False,False,False,False,True,,40583174.0,2024,7842369.0,2024,9315391.8,2024,2,un_wpp2024_population_by_single_age_sex,UN World Population Prospects 2024,42961661.0,8185723.0,9704656.6,53429322.0,10413472.0,12278071.3,70976407.0,13355237.0,16177244.15,26.51731850048151,66.69568864497484,,,,,False,,False,,,,,,False,False,,,,,False,False,0.0,0.0,,0.7473684210526315,0.0531498970552782,0.0,0.0265749485276391,0.7897771626125285,0.5272813153470444,0.2408362676141269,0.1351097111947896,0.0815394746380615,0.0815394746380615,0.0183077372440481,0.1659219295133999,0.5,0.0,0.0,0.0,0.0,0.0489263937585468,0.1653178891510878,0.1760158091791517,0.1774003337625245,0.1649805042076306,energy_logistics,0.4333228528885265,0.4572373277349599,8185723.0,53462.9857741781,0.5623332352758088,10413472.0,68012.9666488595,0.5923727517587842,13355237.0,87226.36299099994,0.6335601417023864,0.9290265096719418,1.0,0.5,0.604029412772098,,0.3749356662229588,0.0653085785167757,0.1732217905457444,0.604029412772098,0.1649805042076306,0.6672846652862525,0.6672846652862525,0.5,"Yemen, Rep.",partner_embedded_branch,600,1985443.238107652,1497097.1486468893,0.5965512963722496,0.2056321127263093,145868330.71620724,5340.857924603943,25.0,5.55181114859814,0.0001038981057482,53462.9857741781,0.08,148465.37718613909,523304.1090798754,-332974.40316734626,-4276412.827550164,-314183346.3860003,-4286142.67664065,-314898187.6958443,-4544681.205085005,-3988662.483202736,0.0,inf,-11.229622040501368,124.99400464900764,0.11,0.2784427074652446,0.0835328122395733,True,,31.17985456108278,31.17985456108278,191.0,131.0,132.0,129.0,136.0,0.0,0.0,0.0,I_RUSCOMP=0.67; I_MARKET=0.60; I_ECO=0.37,I_FEAS=0.07; I_FIN=0.08; I_PROGRAM=0.16,C_watchlist,,,
SLE,Sierra Leone,Sub-Saharan Africa,Low income,,3098.762906096628,2024.0,4.293223366901628,2024.0,40.545445045216574,2024.0,42.56504346784308,2024.0,45.3626823156371,2024,25.10499954,2024.0,1.98783004283905,2002.0,-8.0890861749649,2023.0,-5.83074301481247,2023.0,-7.449259281158449,2023.0,-1.670821055769922,2023.0,22.901323107033544,2024.0,941845.9459914,2024,841998.4517196132,2024,721107.458387537,2024,2108342.753985405,24.532143265213147,25.678662160525818,100.0,78.58274364634715,6.365469490181461,17.803549348492922,16.617273760428326,3000.0,0.25,1.9,0.5375,179.0,139.35284,39.422185,4.375,0.95,317.0,320.87825,69.67642,12.8,2.325,775.0,938.79808,170.52387,75.11538786306906,100.0,26779577207.270992,39.4,platform_snapshot_world_bank_217_economies,False,False,False,False,True,,8642029.0,2024,1783846.0,2024,2108344.15,2024,2,un_wpp2024_population_by_single_age_sex,UN World Population Prospects 2024,8996751.0,1851208.0,2195345.5,10563172.0,2083970.0,2496596.6,12948331.0,2309206.0,2795875.15,13.722263762127662,27.354676063517115,,,,,False,,False,,,,,,False,False,,,,,False,False,0.0,0.0,,0.7473684210526315,0.0,0.0,0.0,0.4079722762330244,0.089254893275706,0.6400919220733613,0.0338738785446484,0.1000066200169242,0.1000066200169242,0.1110227309549971,0.2788389433872882,0.5,0.5609591376416284,0.1511290269417558,0.1438304569886133,0.248400621131008,0.0905688383100783,0.1149574889837765,0.1888781375281872,0.2763610959561335,0.2383266989395772,energy_logistics,0.1240250199872755,0.5049123543107251,1851208.0,862.5407030156041,0.1061233520915695,2083970.0,970.9924270332824,0.1212542242587289,2309206.0,1075.9375319509486,0.1501908437338057,0.611690556022362,0.6271438539826996,0.5,0.2041042083185526,,0.272149301111369,0.2842424664021328,0.1929468304932479,0.2041042083185526,0.2383266989395772,0.6769862895531475,0.6769862895531475,0.5,Sierra Leone,partner_embedded_branch,600,1657553.9819874268,1301866.6643478828,0.45,0.1574666573915308,121778667.74723607,4621.53019196716,25.0,0.0949261598549303,0.0001101114465781,862.5407030156041,0.08,120421.15594922598,375089.6796685483,-224661.34934583845,-3274592.8372626123,-240580733.70156315,-3146020.6503821583,-231134676.56086177,-3650859.239932656,-2631539.406419734,0.0,inf,-512.1022171677325,101.51652471498612,0.11,0.4619895318446274,0.1385968595533882,True,,31.177824593197016,31.177824593197016,192.0,132.0,132.0,131.0,134.0,0.0,0.0,0.0,I_RUSCOMP=0.68; I_FEAS=0.28; I_ECO=0.27,I_FIN=0.14; I_HRSTRAT=0.19; I_MARKET=0.20,C_watchlist,,,
ERI,Eritrea,Sub-Saharan Africa,Low income,"The World Bank systematically assesses the appropriateness of official exchange rates as conversion factors. In this country, multiple or dual exchange rate activity exists and must be accounted for appropriately in underlying statistics. An alternative estimate (“alternative conversion factor” - PA.NUS.ATLS) is thus calculated as a weighted average of the different exchange rates in use in the country. Doing so better reflects economic reality and leads to more accurate cross-country comparisons and country classifications by income level. For this country, this applies to the period 1992-1997. Alternative conversion factors are used in the Atlas methodology and elsewhere in World Development Indicators as single-year conversion factors.",3710.665991204799,,8.679800101380494,2011.0,47.39379011886839,2011.0,47.880788964975935,,34.5365524291992,2024,14.34939957,2020.0,3.20262002944946,2016.0,-12.55629289150236,2023.0,-12.33439028263092,2023.0,-16.540951013565092,2023.0,-5.54937434196472,2023.0,32.75939599791569,2021.0,425776.9999706895,2024,359714.49997648096,2024,297512.4999806373,2024,919372.1249384572,26.41839673016717,30.09339695723428,86.66666666666667,68.37739397126987,1.348844632317971,31.375204187367626,5.193967455955558,3000.0,0.3275939599791569,2.039669127962483,0.5956954699843677,199.0,149.59667665362915,43.69045027234547,4.724172819906206,1.074150335966651,358.0,346.4878416340728,78.78205258100367,13.731127519749885,2.674172819906206,891.0,1007.0903243575276,196.1334616340728,65.03322686247733,86.66666666666667,13119441810.50166,39.4,platform_snapshot_world_bank_217_economies,False,False,False,False,True,,3535610.0,2024,785494.0,2024,919374.4,2024,2,un_wpp2024_population_by_single_age_sex,UN World Population Prospects 2024,3682667.0,821104.0,964404.25,4420924.0,856366.0,1040246.35,5696064.0,1046709.0,1246078.35,7.864139959980476,29.207057102869484,,,,,False,,False,,,,,,False,False,,,,,False,False,0.0,0.0,,0.7473684210526315,0.0,0.0,0.0,0.3190752387684989,0.1412518718576729,1.0,0.0785095376984235,0.2303425730301999,0.2303425730301999,0.0,0.1359442406672007,0.5,0.3903926071179183,0.0,0.0,0.0,0.0579097707616168,0.1000231072413991,0.2648320578288627,0.4471057226190541,0.3667324023168418,energy_logistics,0.1474650948702389,0.5883760615059471,821104.0,854.0192101545083,0.1050267495777316,856366.0,890.6947413764588,0.1116919249723153,1046709.0,1088.667931762134,0.1514834819955025,0.4322529112939232,0.6538607302773877,0.5,0.1897659957571944,,0.3795453659163471,0.1356291302870958,0.2700714720896811,0.1897659957571944,0.3667324023168418,0.699081816882446,0.699081816882446,0.5,Eritrea,partner_embedded_branch,600,1715075.741062099,1310040.3978342095,0.45,0.1901615913368389,126004728.11251728,4688.329401779147,25.0,0.1036192796965988,0.0001213945203825,854.0192101545083,0.08,120466.36926296903,385689.29290831054,-234367.78021267668,-3387912.9934085696,-248906240.92143488,-3438200.4095440693,-252600802.0687523,-3876699.675143238,-3095711.2905604425,0.0,inf,-482.4354580569986,102.60297018511224,0.11,0.4149518764823383,0.1244855629447014,True,,31.12353258602649,31.12353258602649,193.0,133.0,133.0,130.0,134.0,0.0,0.0,0.0,I_RUSCOMP=0.70; I_ECO=0.38; I_PROGRAM=0.37,I_FIN=0.12; I_FEAS=0.14; I_MARKET=0.19,C_watchlist,,,
TCD,Chad,Sub-Saharan Africa,Low income,,2412.8658553920027,2024.0,4.199258540858651,2024.0,47.86798929516993,2024.0,29.781004684500047,2024.0,26.9315292389497,2024,12.62689972,2024.0,4.39665967267065,2020.0,-10.3540412187576,2023.0,-9.47967457771299,2023.0,-8.09494495391848,2023.0,-10.91624033451077,2023.0,35.05939209622798,2024.0,2210761.001003901,2024,1845970.5003235908,2024,1552037.9999694994,2024,4755148.601313767,23.66484596548788,25.741067352118467,100.0,90.7886386481988,0.0,18.572421904502928,0.8400971772695175,3000.0,0.3505939209622798,2.081069057732104,0.6129454407217099,204.0,152.6330965426803,44.9556252261168,4.827672644330259,1.1109502735396477,370.0,354.07889135670075,81.4810924823825,14.00712705154736,2.77767264433026,926.0,1027.3331236178688,203.7245113567008,61.06218805804152,100.0,48979060781.10248,39.4,platform_snapshot_world_bank_217_economies,False,False,False,False,True,,20299131.0,2024,4056732.0,2024,4755149.1,2024,2,un_wpp2024_population_by_single_age_sex,UN World Population Prospects 2024,21560386.0,4234831.0,4978237.3,27697279.0,5424736.0,6336990.4,38857687.0,7867122.0,9291743.7,27.29385961573188,86.64726368106237,,,,,False,,False,,,,,,False,False,,,,,False,False,0.0,0.0,,0.7473684210526315,0.0062419085389965,0.0,0.0031209542694982,0.483190984706039,0.0170713537047132,0.6294965072509758,0.0816002395507339,0.0,0.0,0.0,0.0355651080178294,0.5,0.1543747817621236,0.051524210279375,0.1148338442962705,0.0906642469728042,0.0397154157173035,0.0561767026016118,0.1237002389393255,0.3007587466308307,0.2410239069003337,energy_logistics,0.0968399094540464,0.5066655394852169,4234831.0,3419.4361790618573,0.2583305932941014,5424736.0,4380.231121444824,0.2882411630991651,7867122.0,6352.348320840543,0.3454197162144484,0.948164300300444,1.0,0.5,0.3779526344708808,,0.2596369053009654,0.1192780546643621,0.1565607303454629,0.3779526344708808,0.2410239069003337,0.672889678331489,0.672889678331489,0.5,Chad,partner_embedded_branch,600,1721440.432981371,1310939.7069934602,0.45,0.1937588279738403,126472335.02666505,4535.506443789672,25.0,0.3763359684612774,0.0001101152274331,3419.4361790618573,0.08,121638.59924158652,387057.2897201068,-234454.10730091168,-3400080.586950103,-249800180.63457844,-3374916.99911201,-247951439.5160604,-3654528.8492610734,-3015897.2871260243,0.0,inf,-137.35874965434124,107.09362599700827,0.11,0.425139793874672,0.1275419381624016,True,,31.01305221161236,31.01305221161236,195.0,134.0,133.0,131.0,134.0,0.0,0.0,0.0,I_RUSCOMP=0.67; I_MARKET=0.38; I_ECO=0.26,I_FEAS=0.12; I_FIN=0.13; I_HRSTRAT=0.16,C_watchlist,,,
COM,Comoros,Sub-Saharan Africa,Lower middle income,,3482.534860374781,2024.0,3.3381010943571,2024.0,44.37317674990267,2024.0,50.070252624186026,2024.0,33.5392215673301,2024,32.51750183,2024.0,18.8190281456697,2017.0,-10.74571573734281,2023.0,-9.38899326324463,2023.0,-8.669026851654051,2023.0,-1.584217354655264,2023.0,42.0043721307738,2024.0,87343.0018128046,2024,78761.50110084991,2024,64871.49832465768,2024,195296.67715975048,22.4923295142187,22.142704352904925,100.0,46.48634542213717,13.585350988730475,19.98092718901506,9.74316933253147,3000.0,0.4200437213077379,2.206078698353928,0.6650327909808034,222.0,161.80175362059117,48.77589900857965,5.14019674588482,1.2220699540923807,407.0,377.0005340514778,89.63100988496993,14.840524655692857,3.0901967458848203,1030.0,1088.4575041372746,226.64615405147788,49.51332214469194,100.0,3018062220.976876,53.245708443700906,platform_snapshot_world_bank_217_economies,False,False,False,False,True,,866634.0,2024,166105.0,2024,195297.4,2024,2,un_wpp2024_population_by_single_age_sex,UN World Population Prospects 2024,899015.0,172285.0,204155.8,1047768.0,204258.0,242278.95,1307562.0,232278.0,280334.85,18.67355715585844,37.3141737829638,,,,,False,,False,,,,,,False,False,,,,,False,False,0.0,0.0,,0.7473684210526315,0.1596404176342174,0.26760218135613,0.2136212994951737,0.1359997954104985,0.1229435509166382,0.532392933953274,0.0588219975230282,0.2840256985231338,0.2840256985231338,0.2012841013668838,0.122780414025985,0.5,0.5647676950442604,0.0342997321503615,0.0890528317314924,0.0945842277950175,0.1530626083312581,0.134115342579485,0.2485986323872204,0.2482503720951265,0.2301914696485887,digital_finance_business_informatics,0.1388202058360682,0.4996244552715826,172285.0,1137.4943439687725,0.1366891351320525,204258.0,1348.5928531814932,0.1576528910220248,232278.0,1533.592078407166,0.1891454407654435,0.7414006710212524,0.7256131897211456,0.5,0.2566930872328134,,0.2307385322755539,0.2309496799094801,0.2141491673572716,0.2566930872328134,0.2301914696485887,0.6787170470477316,0.6787170470477316,0.5,Comoros,partner_embedded_branch,600,1700652.2461625263,1322322.3608405814,0.4640196745884821,0.1691910704199143,124945049.80809006,4664.327535852912,25.0,0.1245600361389622,0.0001095609108203,1137.4943439687725,0.08,120557.7492541726,390715.2824274349,-238900.3105790676,-3401331.135911065,-249892057.0911365,-3296488.675662513,-242189396.8633816,-3712608.16788204,-2889984.869310519,0.0,inf,-411.19606425315095,105.22820053737055,0.11,0.4377658719426441,0.1313297615827932,True,,30.97527591253155,30.97527591253155,196.0,135.0,133.0,132.0,134.0,0.0,0.0,0.0,I_RUSCOMP=0.68; I_MARKET=0.26; I_FEAS=0.23,I_FIN=0.13; I_HRSTRAT=0.21; I_PROGRAM=0.23,C_watchlist,,,
AFG,Afghanistan,Middle East & North Africa,Low income,"The reporting period for national accounts data is designated as either calendar year basis (CY) or fiscal year basis (FY). For this country, it is fiscal year-based (fiscal year-end: March 20). Also, an estimate (PA.NUS.ATLS) of the exchange rate covers the same period and thus differs from the official exchange rate (CY).

In addition, the World Bank systematically assesses the appropriateness of official exchange rates as conversion factors. In this country, multiple or dual exchange rate activity exists and must be accounted for appropriately in underlying statistics. An alternative estimate (“alternative conversion factor” - PA.NUS.ATLS) is thus calculated as a weighted average of the different exchange rates in use in the country. Doing so better reflects economic reality and leads to more accurate cross-country comparisons and country classifications by income level. For this country, this applies to the period 1960-2006. Alternative conversion factors are used in the Atlas methodology and elsewhere in World Development Indicators as single-year conversion factors.",1983.8126199290875,2023.0,2.266943736491882,2023.0,67.58466515163852,2023.0,46.37436986919928,2023.0,25.7007352636188,2024,16.09499931,2024.0,10.85435962677,2020.0,-13.90909588336947,2023.0,-11.54748642444614,2023.0,-8.864976763725249,2023.0,-17.38856387138367,2023.0,18.792459914254948,2023.0,4771935.000000001,2024,4264188.999999997,2024,3596081.4999999995,2024,10654360.674999995,25.04825131393996,25.59744815958466,100.0,98.10207880609154,2.783877166211388,16.575326922899485,0.0,3000.0,0.25,1.9,0.5375,179.0,139.35284,39.422185,4.375,0.95,317.0,320.87825,69.67642,12.8,2.325,775.0,938.79808,170.52387,75.11538786306906,100.0,84604632837.9248,39.656307888031,platform_snapshot_world_bank_217_economies,False,False,False,False,True,,42647502.0,2024,9036125.0,2024,10654361.9,2024,2,un_wpp2024_population_by_single_age_sex,UN World Population Prospects 2024,45047067.0,9417115.0,11146579.3,56647234.0,11553120.0,13674604.05,76885137.0,14763416.0,17706359.75,22.67982563942286,58.850166256835394,,,,,False,,False,,,,,,False,False,,,,,False,False,0.0,0.0,,0.7473684210526315,0.0749269894255152,0.0049537768482394,0.0399403831368773,0.5512887573409487,0.0,0.4116099024235682,0.2101081949341082,0.1934069130006993,0.1934069130006993,0.0013087725163798,0.0193197884937302,0.5,0.0,0.0,0.0802530643723384,0.0012766721382144,0.0883798284939658,0.1032583134039382,0.1432480948072716,0.2907088779298922,0.2437003431849984,energy_logistics,0.0794100177438515,0.5084052230702489,9417115.0,15546.880492511757,0.4257613990510006,11553120.0,19073.248649469333,0.4513767944285637,14763416.0,24373.18267996472,0.4933150063493537,0.8307819759500493,0.9400091453786592,0.5,0.4891789367340741,,0.2520891092124735,0.0603546966721643,0.1754893953230578,0.4891789367340741,0.2437003431849984,0.6754287617572668,0.6754287617572668,0.5,Afghanistan,partner_embedded_branch,600,1744435.5143212103,1314180.491683031,0.45,0.2067219667321238,128161758.35811356,4473.247185451126,25.0,1.7163134800696829,0.0001104535064831,15546.880492511757,0.08,127370.3946663106,392252.27998015983,-233501.70291543644,-3428535.4244768345,-251890726.24734613,-3537853.447170068,-259922201.124793,-3876199.59107833,-3172503.8475189647,0.0,inf,-30.413789891529348,110.07827385651936,0.11,0.398908858125754,0.1196726574377261,True,,30.61681637483312,30.61681637483312,198.0,136.0,135.0,132.0,137.0,0.0,0.0,0.0,I_RUSCOMP=0.68; I_MARKET=0.49; I_ECO=0.25,I_FEAS=0.06; I_FIN=0.12; I_HRSTRAT=0.18,C_watchlist,,,
MWI,Malawi,Sub-Saharan Africa,Low income,,1634.24660266597,2024.0,1.673434085291504,2024.0,42.43766839909665,2023.0,44.20655908107665,2024.0,17.268503531213,2024,18.96159935,2024.0,2.70813684546823,2022.0,-6.016545832157133,2023.0,-1.088468566536904,2023.0,-5.406174302101132,2023.0,-1.649309486150739,2023.0,28.131215069329173,2024.0,2571019.9981218223,2024,2119470.9986757142,2024,1767226.4995207211,2024,5485742.921581861,25.636665197116347,28.29124663588032,100.0,91.85312377581552,0.0,8.713598590079622,29.251596374146047,3000.0,0.2813121506932917,1.9563618712479247,0.5609841130199688,187.0,143.4866225400593,41.14459439169138,4.515904678119813,1.000099441109267,333.0,331.21270635014827,73.35089336894163,13.1757458083195,2.465904678119813,822.0,966.356630267062,180.8583263501483,73.39231517453598,100.0,35390077575.25994,39.4,platform_snapshot_world_bank_217_economies,False,False,False,False,True,,21655290.0,2024,4690490.0,2024,5485741.7,2024,2,un_wpp2024_population_by_single_age_sex,UN World Population Prospects 2024,22785535.0,4975828.0,5826854.05,28213790.0,5665332.0,6827902.5,37361679.0,6906190.0,8286982.6,17.179912889700756,42.22052807380683,,,,,False,,False,,,,,,False,False,,,,,False,False,0.0,0.0,,0.7473684210526315,0.0,0.0,0.0,0.4427056158089953,0.0,0.3446861265770505,0.0462068780880791,0.140254690951164,0.140254690951164,0.0362151021079717,0.0,0.5,0.5619051485702711,0.2422721167070506,0.2355818250839154,0.4534001295732764,0.1502580830782287,0.1562662300071415,0.1099156711912838,0.1655985774836677,0.1585674495184121,energy_logistics,0.0650238738130863,0.4530688421869679,4975828.0,1485.9111048990635,0.1662125491130892,5665332.0,1691.8148560882778,0.1827818035383147,6906190.0,2062.367190655076,0.2217126816928724,0.6395098313521422,0.7644173650839675,0.5,0.2623648153206281,,0.1856211149070999,0.3052206780274372,0.1405257107237563,0.2623648153206281,0.1585674495184121,0.6627198302386921,0.6627198302386921,0.5,Malawi,partner_embedded_branch,600,1649481.5819810703,1300712.8627084908,0.45,0.1528514508339638,121185597.39840908,4434.45,25.0,0.1532364367987654,0.0001031799637001,1485.9111048990635,0.08,120652.3385444758,373637.64812452736,-223094.2977300894,-3261722.9462775085,-239635196.9677677,-3391769.733683823,-249189591.38704345,-3703354.673847225,-3037417.243950087,0.0,inf,-328.3119288819411,106.27862228180396,0.11,0.4224266931349941,0.1267280079404982,True,,29.454257644979226,29.454257644979226,199.0,137.0,137.0,136.0,138.0,0.0,0.0,0.0,I_RUSCOMP=0.66; I_FEAS=0.31; I_MARKET=0.26,I_FIN=0.13; I_HRSTRAT=0.14; I_PROGRAM=0.16,D_not_recommended,,,
VUT,Vanuatu,East Asia & Pacific,Lower middle income,,3172.047727513907,2024.0,0.9421853622759072,2024.0,63.59961216742535,2022.0,59.05079620712888,2022.0,22.2866933360645,2024,22.35140038,2015.0,4.87792015075684,2004.0,-3.980238378047946,2023.0,0.989663735032084,2023.0,-0.836684964597223,2023.0,6.525782287120817,2023.0,94.5962742079442,2024.0,31717.95081603114,2024,26105.46052047105,2024,24638.464338487487,2024,68910.72028882155,20.81293797413685,19.158422033342305,100.0,33.69812374479292,0.332982771704909,17.27179275126189,51.01392151725405,3000.0,0.945962742079442,3.1527329357429954,1.0594720565595814,353.0,231.23278334596,77.70549472748331,7.506832339357488,2.063540387327107,688.0,550.5781083648998,151.34748075196438,21.151552904953306,5.456832339357488,1819.0,1551.3310356397328,400.22372836489984,0.0,100.0,1039724287.981326,50.6,platform_snapshot_world_bank_217_economies,False,False,False,False,True,,327787.0,2024,57824.0,2024,68911.55,2024,2,un_wpp2024_population_by_single_age_sex,UN World Population Prospects 2024,342576.0,62317.0,73359.1,411074.0,81846.0,96343.2,534391.0,92736.0,111779.1,31.33094599034065,52.37250729629999,,,,,False,,False,,,,,,False,False,,,,,False,False,0.0,0.0,,0.7473684210526315,0.0113606683296014,0.2164673944547924,0.1139140313921969,0.0032344406019153,0.0959991316350171,0.2622309794228791,0.1841346984469893,0.5042182767967623,0.5042182767967623,0.0774924028656657,0.0,0.5,0.921419879344508,0.3318218105036877,0.4407895881042892,0.5432338380492915,0.3079983886154681,0.338304372554212,0.2263114618578262,0.2153732108373452,0.3150967426234123,economic_legal,0.1268743026511117,0.554812882705218,62317.0,102.85740228517533,0.0,81846.0,135.0910176586238,0.0,92736.0,153.06552077792605,0.0,1.0,0.8622721150565815,0.5,0.1710547496235705,,0.1953418715829753,0.4410890579425605,0.2566278597605976,0.1710547496235705,0.3150967426234123,0.6923050174336131,0.6923050174336131,0.5,Vanuatu,partner_embedded_branch,600,1984555.7759471592,1606594.1442328454,0.7006832339357489,0.1229604072526366,145803129.84748426,4629.9586087089465,25.0,0.0120224157442968,0.0001169451848461,102.85740228517533,0.08,120053.43675578188,566538.3608531066,-401161.8552290762,-4648798.281685342,-341542096.07731223,-4803242.925270956,-352888974.15243936,-5159656.023157681,-4209809.69562147,0.0,inf,-7206.937909777604,172.26746607168502,0.11,0.1951953827614561,0.0585586148284368,True,,29.43103665089214,29.43103665089214,200.0,138.0,137.0,136.0,138.0,0.0,0.0,0.0,I_RUSCOMP=0.69; I_FEAS=0.44; I_PROGRAM=0.32,I_FIN=0.06; I_MARKET=0.17; I_ECO=0.20,D_not_recommended,,,
GNB,Guinea-Bissau,Sub-Saharan Africa,Low income,,2744.27981043716,2024.0,4.146311372173315,2024.0,38.80658478900153,2024.0,37.88481072220083,2024.0,46.113204421822,2024,29.77739906,2024.0,2.62031006813049,2006.0,-10.02809000015256,2023.0,-10.05505824089053,2023.0,-8.74912631511688,2023.0,-2.293656677007675,2023.0,32.30591465341305,2024.0,239916.0000000005,2024,207634.0,2024,180232.5,2024,528654.6250000005,24.106792759250105,24.875909761600425,100.0,62.1503481799448,8.80199628178444,17.053923512415906,8.888391672323165,3000.0,0.3230591465341305,2.031506463761435,0.5922943599005979,197.0,148.99799747553317,43.44100061480549,4.703766159403587,1.0668946344546089,356.0,344.9911436888329,78.24989331158504,13.676709758409569,2.653766159403588,885.0,1003.099129836888,194.63676368883293,65.79088779310733,100.0,6041125849.265463,39.4,platform_snapshot_world_bank_217_economies,False,False,False,False,True,,2201360.0,2024,447553.0,2024,528657.4,2024,2,un_wpp2024_population_by_single_age_sex,UN World Population Prospects 2024,2297816.0,469420.0,554605.45,2730146.0,546344.0,652188.5,3438610.0,617709.0,745457.25,17.595039861220265,34.4121753581758,,,,,False,,False,,,,,,False,False,,,,,False,False,0.0,0.0,,0.7473684210526315,0.0,0.0,0.0,0.2224588384224081,0.0542037300999752,0.6235262177339671,0.022540458152169,0.0,0.0,0.1679181175987214,0.2887451272566036,0.5,0.5335687930563852,0.0658584070922483,0.0854557051157384,0.0657915051263261,0.0247945440012489,0.0422621324297095,0.1716389028117513,0.2629347619848883,0.2148002501475922,energy_logistics,0.1100885660885763,0.4896201625959349,469420.0,248.16218858907635,0.0,546344.0,288.82860287697656,0.0,617709.0,326.55621266918706,0.0192708578690681,0.6943433794763212,0.6940438989197066,0.5,0.1310576290693919,,0.2148738855354106,0.2372189560454064,0.1602146294490798,0.1310576290693919,0.2148002501475922,0.6707057805486489,0.6707057805486489,0.5,Guinea-Bissau,partner_embedded_branch,600,1675691.1544122093,1304452.9574175023,0.45,0.1678118296700106,123111185.85439517,4578.818375950798,25.0,0.0267764753197348,0.0001079552959907,248.16218858907635,0.08,120117.7004325477,378390.9143460083,-228001.94076578,-3312808.440842848,-243388392.05943912,-3387679.0691306056,-248889054.7620496,-3679875.2590549146,-3126638.318740022,0.0,inf,-1859.6521558782704,103.57346750872895,0.11,0.4230852441243197,0.1269255732372959,True,,26.73577502222319,26.73577502222319,206.0,139.0,139.0,139.0,139.0,0.0,0.0,0.0,I_RUSCOMP=0.67; I_FEAS=0.24; I_ECO=0.21,I_FIN=0.13; I_MARKET=0.13; I_HRSTRAT=0.16,D_not_recommended,,,
SSD,South Sudan,Sub-Saharan Africa,Low income,"The reporting period for national accounts data is designated as either calendar year basis (CY) or fiscal year basis (FY). For this country, it is fiscal year-based (fiscal year-end: June 30). Also, an estimate (PA.NUS.ATLS) of the exchange rate covers the same period and thus differs from the official exchange rate (CY).",3710.665991204799,,-10.793364627114316,2015.0,65.55134918450028,2015.0,56.550451259454434,2015.0,21.3768190444906,2024,6.671000004,2019.0,9.74153350922586,,-16.29521775245665,2023.0,-14.96765065193174,2023.0,-14.82071471214292,2023.0,-15.302755117416408,2023.0,66.63672430156782,2021.0,1514552.9381021997,2024,1218358.9500863345,2024,783307.9678030038,2024,3085400.473699886,26.985119353999405,38.67553534356952,86.66666666666667,85.92642185389096,2.135438285949544,13.846664056616335,0.0,3000.0,0.6663672430156783,2.649461037428221,0.8497754322617587,283.0,194.32101054472045,62.32558939363352,6.248652593570553,1.6161875888250854,539.0,458.29867636180114,118.53701603975152,17.79640691618814,4.198652593570552,1400.0,1305.2525502981364,307.9442963618011,16.968562539635286,86.66666666666667,44317997884.68333,39.4,platform_snapshot_world_bank_217_economies,False,False,False,False,True,,11943412.0,2024,2732912.0,2024,3085400.6,2024,2,un_wpp2024_population_by_single_age_sex,UN World Population Prospects 2024,12436041.0,2945205.0,3365313.75,14798607.0,2976515.0,3653115.2,18341975.0,3415007.0,4062230.75,8.551994594857625,20.70882692586984,,,,,False,,False,,,,,,False,False,,,,,False,False,0.0,0.0,,0.7473684210526315,0.0630908012409544,0.0,0.0315454006204772,0.4707322178057402,0.1412518718576729,0.0,0.1968555919351307,0.4429127004118789,0.4429127004118789,0.0,0.0,0.5,0.0,0.0,0.0,0.0,0.1298144925089634,0.1735600364899294,0.1523010353582821,0.1181133551610784,0.1630205541763013,economic_legal,0.1474650948702389,0.4559633602145958,2945205.0,7220.74262016549,0.3409678796174781,2976515.0,7297.505171986971,0.3448380842416436,3415007.0,8372.553555037253,0.3757894177065085,0.3622170533781951,0.5412977092980811,0.5,0.3532340681677816,,0.2022431519673949,0.0454545454545454,0.1484224316386152,0.3532340681677816,0.1630205541763013,0.664112747214264,0.664112747214264,0.5,South Sudan,partner_embedded_branch,600,1958009.5752553008,1471081.574196319,0.5748652593570552,0.21,143852809.68347415,4688.329401779147,25.0,0.747631497080311,0.0001035933503196,7220.74262016549,0.08,123364.93702027948,501531.76311974623,-338044.2850498871,-4250367.84094415,-312269849.8695417,-4075027.969761593,-299387822.4076175,-4402242.158962148,-3680707.45625016,0.0,inf,-96.44237371816808,140.98669827945028,0.11,0.3124298010701267,0.093728940321038,True,,25.45215833955796,25.45215833955796,209.0,140.0,140.0,140.0,141.0,0.0,0.0,0.0,I_RUSCOMP=0.66; I_MARKET=0.35; I_ECO=0.20,I_FEAS=0.05; I_FIN=0.09; I_HRSTRAT=0.15,D_not_recommended,,,
SDN,Sudan,Sub-Saharan Africa,Low income,"The World Bank systematically assesses the appropriateness of official exchange rates as conversion factors. In this country, multiple or dual exchange rate activity exists and must be accounted for appropriately in underlying statistics. An alternative estimate (“alternative conversion factor” - PA.NUS.ATLS) is thus calculated as a weighted average of the different exchange rates in use in the country. Doing so better reflects economic reality and leads to more accurate cross-country comparisons and country classifications by income level. For this country, this applies to the period 2018-2020. Alternative conversion factors are used in the Atlas methodology and elsewhere in World Development Indicators as single-year conversion factors.",1861.39794921875,2024.0,-13.964337519717915,2024.0,1.99541210225008,2024.0,54.66663365270762,2024.0,34.8673015510839,2024,18.60000038,2017.0,15.8645696640015,2015.0,-13.839434742927573,2023.0,-11.7192401885986,2023.0,-11.2219741344452,2023.0,-17.268572807311983,2023.0,46.53559477085215,2024.0,5437544.554816028,2024,4804247.048213342,2024,4161209.041545904,2024,12114335.671725027,24.00003976716229,23.893230710261943,100.0,96.351744895124,7.155596527354108,5.995907568134187,0.0,3000.0,0.4653559477085215,2.2876407058753387,0.6990169607813911,233.0,167.78380487543848,51.26842036476603,5.344101764688347,1.2945695163336346,432.0,391.9556621885962,94.94838877816755,15.384271372502258,3.294101764688347,1098.0,1128.3378458362563,241.60128218859623,42.29032092355424,100.0,93905596268.4126,41.15937089920045,platform_snapshot_world_bank_217_economies,False,False,False,False,True,,50448962.0,2024,10241791.0,2024,12114334.6,2024,2,un_wpp2024_population_by_single_age_sex,UN World Population Prospects 2024,53282717.0,10620077.0,12616179.35,65148316.0,12436698.0,14712559.05,85206383.0,15674352.0,18746675.7,16.61659716338768,48.59233671246122,,,,,False,,False,,,,,,False,False,,,,,False,False,0.0,0.0,,0.7473684210526315,0.128216346954002,0.0340041459312059,0.081110246442604,0.5642831093172395,0.0,0.0,0.0,0.3967236638579346,0.3967236638579346,0.0318119441331326,0.1403098170959345,0.5,0.0,0.0,0.0,0.0,0.0997326389866764,0.0881608141906521,0.1027031985939648,0.0,0.0921842861160653,digital_finance_business_informatics,0.0743880370893979,0.4099197859754424,10620077.0,20088.62794318297,0.4540999904368804,12436698.0,23524.895249227266,0.4746395593882942,15674352.0,29649.14713692621,0.5148680533587693,0.7099160121031506,0.8503400301589302,0.5,0.4951053298640686,,0.1433403270761478,0.0645767522367783,0.0675295236947815,0.4951053298640686,0.0921842861160653,0.6473219714549804,0.6473219714549804,0.5,Sudan,partner_embedded_branch,600,1799835.6524575157,1356960.9992130206,0.4844101764688347,0.2057931145079087,132231945.56683595,4453.89652216189,25.0,1.9538809677556348,9.731369914910624e-05,20088.62794318297,0.08,128354.28830112492,422112.5795864938,-259989.2849184494,-3642974.41893712,-267645323.28744936,-3666211.707090765,-269352541.2870808,-4342482.008198373,-3214482.5482923896,0.0,inf,-29.8756404525929,120.97087833791632,0.11,0.3782446217995575,0.1134733865398672,True,,25.23691264207015,25.23691264207015,210.0,141.0,141.0,140.0,141.0,0.0,0.0,0.0,I_RUSCOMP=0.65; I_MARKET=0.50; I_ECO=0.14,I_FEAS=0.06; I_HRSTRAT=0.07; I_PROGRAM=0.09,D_not_recommended,,,
HTI,Haiti,Latin America & Caribbean,Lower middle income,"The reporting period for national accounts data is designated as either calendar year basis (CY) or fiscal year basis (FY). For this country, it is fiscal year-based (fiscal year-end: September 30). Also, an estimate (PA.NUS.ATLS) of the exchange rate covers the same period and thus differs from the official exchange rate (CY).",2809.64535578242,2024.0,-4.16963395808132,2024.0,22.24788537261069,2024.0,48.31296155859748,2024.0,55.0372652481002,2024,47.8614006,2024.0,1.05140995979309,1986.0,-15.57733750343323,2023.0,-9.545252680778502,2023.0,-9.73421227931978,2023.0,-10.041652560234049,2023.0,67.08966142498417,2024.0,1162803.5000000012,2024,1097786.5000000002,2024,1024655.0000000003,2024,2721684.7500000014,22.89522210986237,21.141216663850862,100.0,70.77299138610013,20.11492369218362,2.904784801036636,0.0963566849509739,3000.0,0.6708966142498417,2.6576139056497152,0.8531724606873813,284.0,194.91897125041044,62.57473968767101,6.269034764124288,1.6234345827997467,541.0,459.7935781260261,119.0685366670315,17.8507593709981,4.219034764124288,1406.0,1309.2389550027362,309.4391981260261,16.52633972345911,100.0,33076710100.73382,50.6,platform_snapshot_world_bank_217_economies,False,False,False,False,True,,11772563.0,2024,2260590.0,2024,2721685.2,2024,2,un_wpp2024_population_by_single_age_sex,UN World Population Prospects 2024,12037516.0,2287413.0,2756079.9,13165002.0,2367448.0,2865779.35,14710871.0,2306343.0,2815395.15,3.9802710364093663,2.152160029903349,,,,,False,,False,,,,,,False,False,,,,,False,False,0.0,0.0,,0.7473684210526315,0.0,0.2164673944547924,0.1082336972273962,0.4342834001482026,0.0609953572249577,0.0,0.0,0.2409389469322733,0.2409389469322733,0.3881253698424263,0.406534312515176,0.5,0.1928363913596517,0.0,0.0412172197695251,0.0878294302536042,0.0954671011059133,0.0886042870387951,0.181609924036241,0.0,0.1500435654393898,digital_finance_business_informatics,0.1126772089832007,0.4475283175356033,2287413.0,582.9715962894126,0.0628668932506549,2367448.0,603.3693695420011,0.0685584854292419,2306343.0,587.7961086611436,0.0837751750172566,0.4150108223666831,0.3935774962750911,0.5,0.1412577123314002,,0.1380721304364657,0.2008150550527327,0.0992252557261349,0.1412577123314002,0.1500435654393898,0.6569113872310752,0.6569113872310752,0.5,Haiti,partner_embedded_branch,600,1894944.3536836505,1465084.5174876358,0.5769034764124288,0.1758206878883988,139219477.22634873,4586.9532603730495,25.0,0.0595725589376136,0.0001022409825592,582.9715962894126,0.08,120262.32628170974,488457.93715291616,-329118.9758989731,-4131949.712327581,-303569800.2200239,-3978240.270904228,-292276936.63903564,-4260068.931965983,-3637213.22261872,0.0,inf,-1204.4321857640043,141.5005907003923,0.11,0.3280115321086512,0.0984034596325953,True,,23.23624931514188,23.23624931514188,213.0,142.0,142.0,142.0,142.0,0.0,0.0,0.0,I_RUSCOMP=0.66; I_FEAS=0.20; I_PROGRAM=0.15,I_FIN=0.10; I_HRSTRAT=0.10; I_ECO=0.14,D_not_recommended,,,
CAF,Central African Republic,Sub-Saharan Africa,Low income,,1111.2194163888284,2024.0,1.4999999984753458,2024.0,46.43189998022507,2024.0,42.08031552554489,2024.0,44.1243555638904,2024,13.78250027,2024.0,2.77519989013672,2012.0,-12.14506435394287,2023.0,-12.31650769710543,2023.0,-10.27890682220458,2023.0,-15.421749830245991,2023.0,40.86454302054141,2024.0,653286.5634258951,2024,542719.0508214096,2024,398119.03593999374,2024,1375159.180420302,26.07837471056629,28.509335907444544,100.0,70.30335065616215,4.347592575215856,7.849915929594122,0.0,3000.0,0.4086454302054141,2.185561774369745,0.6564840726540606,219.0,160.29696855466486,48.14890523111036,5.088904435924364,1.2038326883286627,401.0,373.2385713866621,88.2934231597021,14.703745162464967,3.038904435924364,1013.0,1078.4256036977656,222.8841913866621,51.35210961240339,100.0,5923566230.749764,39.4,platform_snapshot_world_bank_217_economies,False,False,False,False,True,,5330692.0,2024,1196006.0,2024,1375159.55,2024,2,un_wpp2024_population_by_single_age_sex,UN World Population Prospects 2024,5698991.0,1287415.0,1488932.2,7502588.0,1586472.0,1867320.15,10616753.0,2362661.0,2778075.35,25.413376781024688,86.58172279436232,,,,,False,,False,,,,,,False,False,,,,,False,False,0.0,0.0,,0.7473684210526315,0.0,0.0,0.0,0.2200105253480316,0.0,0.325129807776244,0.0722401981849918,0.0881216495371157,0.0881216495371157,0.0,0.2624941983198153,0.5,0.0,0.0,0.0167559418412889,0.0,0.0300678464478951,0.0384286231340165,0.086609201049834,0.1733960420214927,0.1414513271711286,energy_logistics,0.05,0.4419433626612336,1287415.0,295.5080266746485,0.0,1586472.0,364.1523596467208,0.0126789720354133,2362661.0,542.3156401091735,0.0749325903076253,0.8426397051992829,1.0,0.5,0.1718062812520171,,0.1396473514859631,0.0753379855669349,0.0981910799665863,0.1718062812520171,0.1414513271711286,0.6559280623131033,0.6559280623131033,0.5,Central African Republic,partner_embedded_branch,600,1753290.5699384324,1324469.465284364,0.4588904435924363,0.2034256431752743,128812329.55374973,4434.45,25.0,0.0299865714729101,0.0001015274985023,295.5080266746485,0.08,120127.65499379332,397635.8845128848,-245697.3587580608,-3498060.56493013,-256998661.83879524,-3616384.232505925,-265691771.53955457,-3957436.9240437015,-3398374.5779645024,0.0,inf,-1847.710437318378,113.60692166387642,0.11,0.3862662848463675,0.1158798854539102,True,,22.07106913452306,22.07106913452306,214.0,143.0,143.0,143.0,143.0,0.0,0.0,0.0,I_RUSCOMP=0.66; I_MARKET=0.17; I_PROGRAM=0.14,I_FEAS=0.08; I_HRSTRAT=0.10; I_FIN=0.12,D_not_recommended,,,
MAF,St. Martin (French part),Latin America & Caribbean,High income,,23134.759094596546,,4.899999671335337,2021.0,78.03680761820395,,59.95832658230936,,100.0,2024,79.525064825,,33.28544998168945,,-0.5311454385519029,,-1.9850994646549225,,0.686234049499035,,2.6895116567611668,,52.55375479870984,,1906.9930612649944,2024,1341.4960250885397,2024,969.0010464243892,2024,3684.5395572445095,13.894973404233433,12.335678377113258,33.333333333333336,0.0,63.12946809847392,61.9113787070513,50.61669046036428,4164.256637027377,0.5255375479870984,2.395967586376777,0.7441531609903238,179.0,175.72888826818377,54.57887177840991,5.614918965941943,1.3908600767793575,334.0,411.8183706704594,102.01068512727448,16.10645057584518,3.564918965941943,856.0,1181.3050684545583,261.46399067045945,44.67288397275446,33.333333333333336,604488120.3827132,72.98563499450682,platform_snapshot_world_bank_217_economies,False,False,False,False,True,,26155.0,2024,3250.0,2024,3686.5,2024,2,un_wpp2024_population_by_single_age_sex,UN World Population Prospects 2024,23923.0,3132.0,3413.25,19422.0,3036.0,3617.85,18821.0,1567.0,2143.45,5.994286969896723,-37.2020801289094,,,,,False,,False,,,,,,False,False,,St. Martin (French part),territory_or_special_case,1.0,True,False,0.0,0.0,,0.7473684210526315,0.3135074850124039,0.6491245444973744,0.4813160147548891,0.0,0.6694031363714056,0.7085116374137442,0.2782324298473376,0.5264698756367449,0.5264698756367449,0.7736909472137801,1.0,0.5,0.7527128065554124,0.4835008784090455,0.5091812137458972,0.4146404805118051,0.4394756367862624,0.481549269455281,0.6273260835097649,0.4503441128739003,0.582647775761053,digital_finance_business_informatics,0.5692641141286611,0.7287210542446845,3132.0,299.85569843437486,0.0,3036.0,290.66471917201847,0.0,1567.0,150.0235885845036,0.0,0.2727433764199448,0.0,0.5,0.07088527085134,,0.5019842753028185,0.6258332907751135,0.5304984481026603,0.07088527085134,0.582647775761053,0.7519245913484246,0.7519245913484246,0.5,St. Martin (French part),partner_embedded_branch,600,1917918.4643205733,1610953.8722878804,0.7122997626244092,0.082316676029475,140907359.86332178,5706.640649260736,25.0,0.0425020989631585,0.0001418156715925,299.85569843437486,0.08,120232.84243739718,555122.3687103232,-390479.7367761002,-4496664.239134239,-330364975.31852955,-4284336.223376678,-314765469.5616389,-4849131.818164765,-3663001.356388939,0.0,inf,-1609.9322421437407,128.99420012993758,0.11,0.2787335261253137,0.0836200578375941,False,non_sovereign_or_special_hard_exclusion,35.0701608207838,0.0,160.0,,,,,0.0,0.0,0.0,I_RUSCOMP=0.75; I_FEAS=0.63; I_PROGRAM=0.58,I_MARKET=0.07; I_FIN=0.08; I_ECO=0.50,D_excluded,,,
ALB,Albania,Europe & Central Asia,Upper middle income,,21641.073322392105,2024.0,4.0459284509534825,2024.0,79.45463607522235,2024.0,48.68999374748046,2024.0,58.5463634043555,2024,85.86389923,2024.0,84.1496200561523,2024.0,1.7559874951839431,2023.0,-1.148681581020358,2023.0,1.203675642609594,2023.0,1.2834427803754829,2023.0,42.610719221538254,2024.0,141597.50290789027,2024,161899.3094128784,2024,190869.5943399116,2024,389388.1297737289,15.646892278745431,10.789342334175595,100.0,36.80094632842065,84.12048049026376,52.489611681018665,54.70042409588352,3895.393198030579,0.4261071922153825,2.2169929459876885,0.6695803941615368,172.0,162.6022438333426,49.109436597226086,5.167482364969221,1.231771507544612,316.0,379.0017595833565,90.342556740749,14.913286306584592,3.117482364969221,800.0,1093.7941055556175,228.64737958335647,57.63284170891468,100.0,51443601344.7113,82.64488601684569,platform_snapshot_world_bank_217_economies,True,False,False,False,False,official_unfriendly_list,2791758.0,2024,356433.0,2024,457305.9,2024,2,un_wpp2024_population_by_single_age_sex,UN World Population Prospects 2024,2751026.0,329856.0,421067.4,2570587.0,296368.0,356983.9,2240171.0,194848.0,243229.3,-15.21929743314253,-42.23506735501253,state,,Распоряжение Правительства РФ от 05.03.2022 №430-р,1.0,True,,False,,,,,,False,False,,,,,False,False,0.0,0.0,,0.7473684210526315,0.8545065497912464,0.835813196389382,0.8451598730903143,0.489307270746585,0.6501403710183311,0.6122071025267459,0.287473451884834,0.2501833416613381,0.2501833416613381,0.8508783608326859,0.4528510982099294,0.5,0.690878335755149,0.5840810012558909,0.5324186094313238,0.4507972354334351,0.5224577159313859,0.4278242329362383,0.5657126173655106,0.4173669121415987,0.536882330645371,digital_finance_business_informatics,0.5509946574358058,0.6989735149194911,329856.0,83931.35719550088,0.6122037725141286,296368.0,75410.38656054826,0.6038226929345931,194848.0,49578.77706280606,0.5714191296464872,0.1191382159384819,0.0,0.5,0.5306062540914963,,0.5301732448659607,0.5928988044755067,0.4798423904695553,0.5306062540914963,0.536882330645371,0.0,0.0,0.5,Albania,partner_embedded_branch,600,1849437.553141716,1543103.0640134448,0.6565699986076782,0.0895622630153885,135876142.6480134,5637.863818303193,25.0,7.716964111681711,9.199164585485002e-05,83931.35719550088,0.08,161766.90504229878,523429.30306941736,-319788.0537815652,-4079853.3882701774,-299742340.59748286,-4110650.017506165,-302004935.0711587,-4631450.70772605,-3590614.4255510443,0.0,inf,-7.350234146374903,118.98086396843556,0.11,0.3066950519899221,0.0920085155969766,False,unfriendly_country_hard_exclusion,31.620770577391767,0.0,190.0,,,,,0.0,0.0,0.0,I_FEAS=0.59; I_PROGRAM=0.54; I_MARKET=0.53,I_RUSCOMP=0.00; I_FIN=0.09; I_HRSTRAT=0.48,D_excluded,,,
ASM,American Samoa,East Asia & Pacific,High income,,13592.463593743454,,1.7350157728706534,2022.0,124.68427095292766,2022.0,59.1528957274226,,80.9446986961818,2024,0.0,1990.0,19.6201190948486,1989.0,4.579174399375919,2023.0,8.48743808269504,2023.0,3.584094882011413,2023.0,7.799548506736769,2023.0,60.172862740966,,4689.499999999998,2024,3768.0,2024,2437.0000000000005,2024,9554.149999999998,20.52595759562757,21.32386814873292,80.0,2.068851249672222,23.75542561500948,50.57636906552886,82.59775561986339,3000.0,0.6017286274096599,2.533111529337388,0.801296470557245,267.0,185.78751876310963,58.769967817962346,5.957778823343469,1.512765803855456,504.0,436.9649469077741,110.951690011653,17.02074352891592,3.907778823343469,1303.0,1248.3626050873977,286.61056690777406,23.41868750516293,80.0,635651559.9614127,68.88603572845457,platform_snapshot_world_bank_217_economies,False,False,False,True,False,non_sovereign_or_special,46792.0,2024,8459.0,2024,9556.1,2024,2,un_wpp2024_population_by_single_age_sex,UN World Population Prospects 2024,45342.0,8630.0,9694.25,40863.0,7717.0,9323.05,37570.0,4613.0,5639.45,-3.829073935580374,-41.8268561260541,,,,,False,,False,,,,,,False,False,,American Samoa,territory_or_special_case,1.0,True,False,0.0,0.0,,0.7473684210526315,0.1681609430585803,0.5698897613338824,0.3690253521962313,0.0,0.5159160753351565,0.3516300390264302,0.5822679671054898,0.5067216393612151,0.5067216393612151,0.0,0.748487996762183,0.5,0.9774360969253028,0.7082349065470077,0.6393190683423715,0.8673483684179143,0.5706631561705643,0.6077569465271279,0.3408271079259176,0.4900127958738659,0.5708522658111622,economic_legal,0.4226113816006736,0.7210539727772554,8630.0,337.65734085083204,0.0026175350589224,7717.0,301.93530699256905,0.0,4613.0,180.48821707356765,0.0,0.1098821372242335,0.0,0.5,0.0535506061172114,,0.4150683171533507,0.6588087473722666,0.4656617658906651,0.0535506061172114,0.5708522658111622,0.7429646384879962,0.7429646384879962,0.5,American Samoa,partner_embedded_branch,600,1834143.8762090355,1550983.4843069597,0.6657743723299475,0.0750620755781013,134752533.026814,5347.104050964543,25.0,0.0473483135141213,0.000140298966873,337.65734085083204,0.08,120243.0493046378,515391.1340149162,-353916.7939890851,-4203761.873099922,-308845760.6785909,-4337923.01017012,-318702431.84188753,-4779530.030146565,-3889020.997363696,0.0,inf,-1397.9061686099378,127.7269983140018,0.11,0.2701066560902626,0.0810319968270787,False,non_sovereign_or_special_hard_exclusion,32.84138577427156,0.0,181.0,,,,,0.0,0.0,0.0,I_RUSCOMP=0.74; I_FEAS=0.66; I_PROGRAM=0.57,I_MARKET=0.05; I_FIN=0.08; I_ECO=0.42,D_excluded,,,
AND,Andorra,Europe & Central Asia,High income,,65928.30719710035,2024.0,3.3718203263899795,2024.0,105.33256455543818,,77.58903860013878,2024.0,88.8850044816278,2024,94.39759827,2024.0,67.6767676767677,2024.0,10.328070998191798,2023.0,10.338292360305772,2023.0,9.45382034778594,2023.0,11.08426153659818,2023.0,65.79129281071242,2024.0,4362.025945706811,2024,4685.528413547497,2024,5087.029368137735,2024,11336.717574916289,13.950622277982,14.930390011842364,93.33333333333331,12.860982410813486,88.52480851558651,80.66126069297972,100.0,11867.095295478062,0.6579129281071242,2.634243270592824,0.8434346960803432,71.0,193.2048847410518,61.86053697543825,6.210608176482059,1.602660684971399,135.0,455.5083618526295,117.54490421426829,17.69495513728549,4.160608176482059,351.0,1297.811711607012,305.1539818526295,57.79733195384803,93.33333333333331,5402033635.116009,83.3030303030303,platform_snapshot_world_bank_217_economies,True,False,False,False,False,official_unfriendly_list,81955.0,2024,9049.0,2024,11338.6,2024,2,un_wpp2024_population_by_single_age_sex,UN World Population Prospects 2024,83775.0,9165.0,11563.5,86189.0,7397.0,9578.6,82213.0,6244.0,7640.35,-17.165218143295714,-33.92701171790547,state,,Распоряжение Правительства РФ от 05.03.2022 №430-р,1.0,True,,False,,,,,,False,False,,,,,False,False,0.0,0.0,,0.7473684210526315,0.6792987813672157,0.848533444497033,0.7639161129321244,0.2085283590030406,0.9716504418900026,0.5361950933987374,0.4561387838484216,0.9587546143221904,0.9587546143221904,0.954792442730798,0.853292543411791,0.5,1.0,0.961051311581336,0.9029181586147388,0.9473572800165332,0.8017772013990455,0.838722315340904,0.8261644026179893,0.4881613076685479,0.8037167123364053,economic_legal,0.8088322389665311,0.8724158630186635,9165.0,3463.685804233754,0.2597519353526328,7397.0,2795.5137909347604,0.2384517115299694,6244.0,2359.7658659722383,0.2365233990774115,0.0,0.0741959952601083,0.5,0.2576855896283668,,0.6817977379241357,0.9034412755829142,0.7285308479500313,0.2576855896283668,0.8037167123364053,0.0,0.0,0.5,Andorra,partner_embedded_branch,600,2171984.8988264306,1933459.40397856,0.9825189393084964,0.0212429193717588,159573341.33338916,6747.260949044274,25.0,0.3683467399945292,0.0001064007024661,3463.685804233754,0.08,122385.91831149394,723038.3147602234,-542809.3312679116,-5637903.684228898,-414210581.9862445,-5564121.359880867,-408789875.7769515,-5971431.24275788,-5102013.249946195,0.0,inf,-218.4051966518969,148.7663287242505,0.11,0.0727025116521126,0.0218107534956337,False,unfriendly_country_hard_exclusion,28.81105740162648,0.0,201.0,,,,,0.0,0.0,0.0,I_FEAS=0.90; I_PROGRAM=0.80; I_HRSTRAT=0.73,I_RUSCOMP=0.00; I_FIN=0.02; I_MARKET=0.26,D_excluded,,,
ABW,Aruba,Latin America & Caribbean,High income,,44558.92875941765,2024.0,6.810776693245416,2024.0,160.36527878994727,2024.0,79.00359973156053,2022.0,61.7909396819594,2024,97.17,2017.0,14.0655418559377,2024.0,5.5680859684944135,2023.0,8.89144766330716,2023.0,6.626244366168974,2023.0,10.02767193317414,2023.0,77.98447943308882,2024.0,7013.419218108151,2024,6688.630847701042,2024,5768.732054838173,2024,16297.97949048637,15.20659988751758,16.182718878833334,100.0,10.602149857534773,49.52813512156467,95.3118673042744,88.98986626537533,8020.607176695176,0.7798447943308883,2.853720629795599,0.9348835957481662,117.0,209.30214438347647,68.5677284931152,6.7593015744889975,1.7977516709294217,224.0,495.7515109586912,131.8535794519791,19.15813753197066,4.709301574488997,587.0,1405.1267758898432,345.39713095869115,33.450199264962215,100.0,4812141511.373309,67.2196625567813,platform_snapshot_world_bank_217_economies,False,False,False,True,False,non_sovereign_or_special,108076.0,2024,13713.0,2024,16310.85,2024,2,un_wpp2024_population_by_single_age_sex,UN World Population Prospects 2024,108175.0,13963.0,16633.75,106689.0,12642.0,15735.3,100008.0,10157.0,12433.55,-5.401367701209892,-25.25107086495829,,,,,False,,False,,,,,,False,False,,Aruba,territory_or_special_case,1.0,True,False,0.0,0.0,,0.7473684210526315,0.1090816130096789,0.537683023953393,0.323382318481536,0.194122168020622,0.8585828450626175,0.923969655406132,0.8148271163522031,0.9934380229351184,0.9934380229351184,0.9885517280155632,0.495676444617574,0.5,1.0,0.7517237854134133,0.775936673573193,0.8848129344894894,0.6999745865353088,0.8694244867548779,0.9349307332899378,0.8584841319737746,0.9019511962619255,digital_finance_business_informatics,0.7324632915893713,0.9362682775702516,13963.0,860.0848780240997,0.1058084340404671,12642.0,778.7146765007999,0.0968095478862185,10157.0,625.645069547431,0.090628009663692,0.1341275441340042,0.1192577258204284,0.5,0.1367358104317626,,0.7754632490317459,0.808950146582142,0.8923448789345708,0.1367358104317626,0.9019511962619255,0.8272765050983412,0.8272765050983412,0.5,Aruba,partner_embedded_branch,600,2174748.3719730983,1897298.675092412,0.9494327465235436,0.0420309677519287,159776370.66565436,6403.375760580152,25.0,0.1489861556848451,0.0001733128470151,860.0848780240997,0.08,120915.8537644554,712556.9893989426,-534636.5764825718,-5596548.118529596,-411172234.0654391,-5638500.512236143,-414254430.2834261,-6046664.518111099,-5255489.228369234,0.0,inf,-560.4072760769574,155.50619263221503,0.11,0.0607283045932043,0.0182184913779613,False,non_sovereign_or_special_hard_exclusion,41.58874398765663,0.0,105.0,,,,,0.0,0.0,0.0,I_PROGRAM=0.90; I_HRSTRAT=0.89; I_RUSCOMP=0.83,I_FIN=0.02; I_MARKET=0.14; I_ECO=0.78,D_excluded,,,
AUS,Australia,East Asia & Pacific,High income,"The reporting period for national accounts data is designated as either calendar year basis (CY) or fiscal year basis (FY). For this country, it is fiscal year-based (fiscal year-end: June 30). Also, an estimate (PA.NUS.ATLS) of the exchange rate covers the same period and thus differs from the official exchange rate (CY).",60303.98171162445,2024.0,1.3734077336597466,2024.0,47.14538110651953,2024.0,66.13990541133012,2024.0,87.6021469990446,2024,96.13140106,2024.0,108.421989440918,2024.0,11.129157423973048,2023.0,10.66228759288791,2023.0,13.59543883800508,2023.0,6.41940051317215,2023.0,89.58941128496147,2024.0,1653291.4178362123,2024,1641004.433780312,2024,1862482.1967087856,2024,4132412.8401354775,14.947921436143616,13.07158048706913,100.0,74.78554428382695,97.94600879176984,58.37706512787963,98.77552956160356,10854.7167080924,0.8958941128496147,3.062609403129307,1.021920584637211,94.0,224.62279901935463,74.95133459139774,7.281523507823266,1.983430580559384,183.0,534.0531475483865,145.4719391283152,20.55072935419538,5.231523507823266,482.0,1507.264473462364,383.69876754838646,34.231996302565804,100.0,1640076053462.4883,94.5,platform_snapshot_world_bank_217_economies,True,False,False,False,False,official_unfriendly_list,26713206.0,2024,3235718.0,2024,4058931.8,2024,2,un_wpp2024_population_by_single_age_sex,UN World Population Prospects 2024,27227097.0,3337459.0,4138400.5,29296170.0,3556288.0,4446859.6,32506965.0,3628274.0,4561364.3,7.45358260999629,10.220465612257668,state,,Распоряжение Правительства РФ от 05.03.2022 №430-р,1.0,True,,False,,,,,,False,False,,,,,False,False,0.0,0.0,,0.7473684210526315,1.0,1.0,1.0,0.9206225889636144,0.9459143840184002,0.31085534343133,0.0768904750071188,0.6780350640457212,0.6780350640457212,0.975904802596167,0.8363600347010276,0.5,0.9167415447299064,0.9962802962754652,1.0,0.9613629779451146,0.7588391339715497,0.7048582570066836,0.6773973177368912,0.1704764223768033,0.695507911052051,diplomatic_analytic,0.7930423823737193,0.8020801421838332,3337459.0,1905835.9510483884,0.9574986350079736,3556288.0,2030796.939432656,0.9690429691637096,3628274.0,2071904.1131154392,0.9819974370586344,0.4812851181445774,0.4706038833769927,0.5,0.8687505878723625,,0.6735805657840084,0.911281500880021,0.5335593309098026,0.8687505878723625,0.695507911052051,0.0,0.0,0.5,Australia,partner_embedded_branch,600,2288388.7110643648,2040526.240098846,1.0685173781177977,0.0195180698063953,168125401.37431672,6596.872082146615,25.152472326667475,191.54618822910376,0.0001005574271968,1905835.9510483884,0.08,1333061.473507368,1122054.6088009214,300771.23341052025,-2609638.600976059,-191727277.41125,-2494433.31502581,-183263271.7782997,-3875367.537601845,-1257946.2326803668,0.0,inf,0.2380261762326471,171.6319673619835,0.11,0.5668877650652935,0.170066329519588,False,unfriendly_country_hard_exclusion,42.377357689054726,0.0,100.0,,,,,0.0,0.0,0.0,I_FEAS=0.91; I_MARKET=0.87; I_PROGRAM=0.70,I_RUSCOMP=0.00; I_FIN=0.17; I_HRSTRAT=0.53,D_excluded,,,
AUT,Austria,Europe & Central Asia,High income,"A simple multiplier is used to convert the national currencies of EMU members to euros. The following irrevocable euro conversion rate was adopted by the EU Council on January 1, 1999: 1 euro = 13.7603 Austrian schilling. Please note that historical data before 1999 are not actual euros and are not comparable or suitable for aggregation across countries.",63788.07867847896,2024.0,-0.6590895731713715,2024.0,108.82577783440472,2024.0,63.97068093736812,2024.0,69.4658181096788,2024,91.92573373,2025.0,92.6126708984375,2024.0,9.286770462989807,2023.0,12.225958228111253,2023.0,9.52958810329435,2023.0,5.095924377441407,2023.0,76.89782864039061,2024.0,440716.1918786154,2024,470593.7976354362,2024,558612.057410249,2024,1162685.4153486637,12.335538544861375,9.924208675225394,100.0,53.886781099642135,90.3922607618546,62.75843512590787,97.27371558729727,11481.854162126212,0.7689782864039061,2.834160915527031,0.9267337148029297,81.0,207.8675645240484,67.96998688502013,6.710402288817577,1.78036525824625,155.0,492.1650613101208,130.57839735470964,19.02773943684688,4.660402288817577,406.0,1395.5629101603224,341.81068131012086,47.24269566793782,100.0,585445837925.6637,90.78380126953124,platform_snapshot_world_bank_217_economies,True,False,False,False,False,official_unfriendly_list,9120816.0,2024,905633.0,2024,1155442.85,2024,2,un_wpp2024_population_by_single_age_sex,UN World Population Prospects 2024,9107266.0,910716.0,1142464.2,9014206.0,953884.0,1179866.8,8724335.0,805797.0,1027415.7,3.273853132553306,-10.070206138625617,eu_member,European Union,Государства-члены ЕС в перечне №430-р,1.0,True,,False,,,,,,False,False,,,,,False,False,0.0,0.0,,0.7473684210526315,0.9445208483465825,0.9931176408927044,0.9688192446196434,0.7922843911185292,0.9621255661866096,0.0816722224898081,0.4789066022913447,0.6248481800487253,0.6248481800487253,0.9246927716448348,0.5969776005103767,0.5,0.8585392419522151,0.9152585488580834,0.9063207558129298,1.0,0.8116173542396621,0.7768046478636392,0.6595331264135893,0.3200128503707301,0.7522484784084471,diplomatic_analytic,0.8030981783722022,0.8389615109654907,910716.0,490112.7747075358,0.8073308032848302,953884.0,513344.1533794544,0.8165286956420021,805797.0,433649.3522909538,0.8099641635342482,0.4419095041094638,0.2729693393960082,0.5,0.7350426986596001,,0.6563499499310423,0.8465517087988518,0.5928585000357466,0.7350426986596001,0.7522484784084471,0.0,0.0,0.5,Austria,partner_embedded_branch,600,2261997.47375863,1989208.401179694,1.0246149961309048,0.0337586240642526,166186466.19982544,6685.087972897391,25.0,50.75974112124212,0.000103621417834,490112.7747075358,0.08,445760.0014819208,848442.4705107393,-334807.0713879593,-5000231.795339003,-367361529.7485817,-5099687.817730477,-374668454.3120587,-5768064.337804691,-4655191.580858376,0.0,inf,-0.9866613060851148,161.33193511336415,0.11,0.1474710889040753,0.0442413266712226,False,unfriendly_country_hard_exclusion,35.79461312913699,0.0,152.0,,,,,0.0,0.0,0.0,I_FEAS=0.85; I_PROGRAM=0.75; I_MARKET=0.74,I_RUSCOMP=0.00; I_FIN=0.04; I_HRSTRAT=0.59,D_excluded,,,
BHS,"Bahamas, The",Latin America & Caribbean,High income,,36244.05001232444,2024.0,3.378665533361655,2024.0,79.24245869334547,2024.0,77.18596836946087,2024.0,81.3249262966481,2024,92.47270203,2024.0,14.8425798416138,1995.0,1.892472803592679,2023.0,1.2569657266139962,2023.0,0.0502862674184143,2023.0,7.05993628501889,2023.0,95.7704490977285,2024.0,28683.99999999999,2024,28483.5,2024,32009.00000000001,2024,71571.54999999999,17.51731266986485,15.118856715358042,100.0,22.906888781847982,54.466942835569206,68.59406857978524,63.09520664228213,6523.9290022184,0.957704490977285,3.173868083759113,1.0682783682329635,164.0,232.78291118799487,78.3513813283312,7.559670209397782,2.0823271855636563,319.0,554.4534279699872,152.72537216710657,21.292453891727423,5.509670209397783,845.0,1561.6652212532993,404.0990479699872,14.896323132445488,100.0,14544121121.095589,67.45277395248414,platform_snapshot_world_bank_217_economies,True,False,False,False,False,official_unfriendly_list,401282.0,2024,57168.0,2024,71571.15,2024,2,un_wpp2024_population_by_single_age_sex,UN World Population Prospects 2024,404634.0,57719.0,71455.25,415981.0,52272.0,66551.85,424272.0,46981.0,58804.3,-6.862196969431911,-17.704717288092898,state,,Распоряжение Правительства РФ от 23.07.2022 №2018-р,1.0,True,,False,,,,,,False,False,,,,,False,False,0.0,0.0,,0.7473684210526315,0.1173463074484753,0.5421884718503137,0.3297673896493945,0.3319189263895588,0.798972859097671,0.5369669546415476,0.2860905371520419,0.9488717968180376,0.9488717968180376,0.9313531551966164,0.7535066424374641,0.5,0.9449102860668116,0.5900831486973679,0.4806219126687622,0.5547887949539593,0.5123910395258641,0.6245540497299537,0.7666031458104101,0.3864411041478442,0.6986661119579979,digital_finance_business_informatics,0.6851778416794633,0.8041329727726987,57719.0,3024.7033805527685,0.2447711486556127,52272.0,2739.259084673233,0.2361980926834636,46981.0,2461.9898044274787,0.2411861490903056,0.1346394152551673,0.2037828559505472,0.5,0.2484582257587779,,0.6176484499153115,0.6941885508247497,0.6099398044875034,0.2484582257587779,0.6986661119579979,0.0,0.0,0.5,"Bahamas, The",partner_embedded_branch,600,2291055.0420221724,1951484.335349332,0.9877317645157544,0.067278518818555,168321293.77682278,6117.691082196357,25.0,0.3045136179085487,0.0001007279700457,3024.7033805527685,0.08,121788.40343489902,759509.407453811,-576960.2514226071,-5970868.231809042,-438673121.03595537,-6099531.067599826,-448125838.05238485,-6932877.112782811,-5376938.802044341,0.0,inf,-309.7074354461736,178.8764301539998,0.11,0.0,0.0,False,unfriendly_country_hard_exclusion,25.10163091593984,0.0,211.0,,,,,0.0,0.0,0.0,I_PROGRAM=0.70; I_FEAS=0.69; I_ECO=0.62,I_RUSCOMP=0.00; I_FIN=0.00; I_MARKET=0.25,D_excluded,,,
BEL,Belgium,Europe & Central Asia,High income,"A simple multiplier is used to convert the national currencies of EMU members to euros. The following irrevocable euro conversion rate was adopted by the EU Council on January 1, 1999: 1 euro = 40.3399 Belgian franc. Please note that historical data before 1999 are not actual euros and are not comparable or suitable for aggregation across countries.",63347.7858809235,2024.0,1.0704541301941362,2024.0,158.93182633806663,2024.0,70.98612253531435,2024.0,87.6126557010527,2024,95.77579144,2024.0,82.1475601196289,2023.0,7.25915396213532,2023.0,9.067624092102031,2023.0,8.177573680877721,2023.0,2.8269716203212747,2023.0,76.23075755749998,2024.0,688710.3019321144,2024,673698.5893476871,2024,712041.5950645845,2024,1682827.6090588644,14.138461282519648,13.71737337698829,100.0,63.88193985998186,97.20837686374205,79.02751742843199,88.90920681992347,11402.601458566229,0.7623075755749998,2.822153636035,0.9217306816812498,81.0,206.9869074198966,67.60304642495691,6.680384090087499,1.7696921209199998,155.0,489.9634185497415,129.7955910399081,18.9476909069,4.6303840900875,406.0,1389.6918627993105,339.6090385497415,47.8570405400483,100.0,751216687125.3782,87.64426803588867,platform_snapshot_world_bank_217_economies,True,False,False,False,False,official_unfriendly_list,11738761.0,2024,1348639.0,2024,1665819.7,2024,2,un_wpp2024_population_by_single_age_sex,UN World Population Prospects 2024,11774649.0,1394735.0,1708219.85,11863581.0,1396683.0,1751231.7,11870905.0,1152615.0,1457575.05,2.517934093787755,-14.67286543942221,eu_member,European Union,Государства-члены ЕС в перечне №430-р,1.0,True,,False,,,,,,False,False,,,,,False,False,0.0,0.0,,0.7473684210526315,0.8332123351858627,0.9324384820631656,0.8828254086245141,0.8233460232717854,0.9601264883755846,0.2766944852056526,0.8054842613460419,0.7968587224967185,0.7968587224967185,0.971574576394935,0.8364987396551684,0.5,0.7587578618480176,0.8260910528485188,0.8456041560567407,0.8924287065617271,0.8469140137520668,0.85910980426271,0.7862787773763145,0.5939683508898862,0.8284700805703471,economic_legal,0.8018783655858427,0.8885055523707256,1394735.0,679676.3125365603,0.8434873250547946,1396683.0,680625.6035895713,0.8478098819839534,1152615.0,561687.4266253642,0.8384212792898758,0.3422032348800645,0.2159369400368654,0.5,0.7443903877781893,,0.7554611711719345,0.8185735736481784,0.7504349574963047,0.7443903877781893,0.8284700805703471,0.0,0.0,0.5,Belgium,partner_embedded_branch,600,2270584.482326876,1984941.1401399064,1.0199701493524451,0.0399138137974007,166817344.27362502,6717.696710771946,25.0,73.18842607860175,0.0001077373843507,679676.3125365603,0.08,591991.3431694068,886862.870839408,-223922.4980028486,-4580736.718844684,-336541687.9231282,-4552015.718699923,-334431587.6355928,-5281316.173513465,-3821764.507800541,0.0,inf,-0.4554439423385343,160.23588967862335,0.11,0.2356401377103108,0.0706920413130932,False,unfriendly_country_hard_exclusion,38.782627451718255,0.0,129.0,,,,,0.0,0.0,0.0,I_PROGRAM=0.83; I_FEAS=0.82; I_ECO=0.76,I_RUSCOMP=0.00; I_FIN=0.07; I_MARKET=0.74,D_excluded,,,
BMU,Bermuda,North America,High income,,109311.9369412986,2024.0,5.972532600717486,2024.0,75.29024432507364,2024.0,91.45616827220866,2023.0,100.0,2024,98.37,2017.0,17.3357105255127,2023.0,8.411772131919871,2023.0,4.785729527473448,2023.0,6.518958032131195,2023.0,7.1428437232971005,2023.0,114.971520694886,2024.0,3354.9720821012347,2024,3383.9728332200075,2024,3378.973695029963,2024,8259.483078084726,12.804866668018333,13.023007629517313,100.0,6.994570139246221,61.56053180533843,85.36119797835244,87.77415819255535,14000.0,1.14971520694886,3.5194873725079483,1.2122864052116449,87.0,258.131874054274,88.9134491892808,8.42371843126987,2.3895443311181763,171.0,617.8258351356849,175.25778360379906,23.59658248338632,6.373718431269871,455.0,1730.6583070284928,467.4714551356848,36.58844254228516,100.0,7065486356.137776,68.20071315765381,platform_snapshot_world_bank_217_economies,True,False,False,True,False,official_unfriendly_list;non_sovereign_or_special,64660.0,2024,6743.0,2024,8264.45,2024,2,un_wpp2024_population_by_single_age_sex,UN World Population Prospects 2024,64476.0,6660.0,8206.65,62801.0,5911.0,7403.2,56957.0,4753.0,5900.05,-9.790231093076953,-28.10647462728396,uk_overseas_territory,UK and Crown/Overseas territories,Распоряжение Правительства РФ от 29.10.2022 №3216-р,1.0,True,,False,,,,,,False,False,,Bermuda,territory_or_special_case,1.0,True,False,0.0,0.0,,0.7473684210526315,0.1438636253637423,0.5566442263997483,0.3502539258817453,0.2419727950520175,1.0,0.8294497775245385,0.2603310738733078,1.0,1.0,1.0,1.0,0.5,0.9485562934974836,0.8767791765698947,0.7711186322157367,0.7073305452206706,0.5879883024894031,0.7487039904334695,0.8828830282541312,0.4879785553338001,0.8107849325598807,digital_finance_business_informatics,0.8812436074443684,0.8770102061639224,6660.0,578.1346829995173,0.06194719348511,5911.0,513.1162329144363,0.0506218680625471,4753.0,412.5937159604663,0.0449247861738549,0.095428567342455,0.1058189865735924,0.5,0.1006136663109577,,0.7378557280084638,0.8440400603965958,0.7241579750318333,0.1006136663109577,0.8107849325598807,0.0,0.0,0.5,Bermuda,partner_embedded_branch,600,2707243.418768692,2379487.346086609,1.3367276395267376,0.0343111867127489,198898196.00917512,7344.578303898786,25.0,0.0617024618023097,0.0001067823863582,578.1346829995173,0.08,120435.05141976038,995602.5838155496,-795519.3256905451,-7657543.332259061,-562591285.3234078,-7862125.567724395,-577621717.1225868,-8328830.112364926,-7343191.983880024,0.0,inf,-1755.421354752896,205.45438973829948,0.11,0.0,0.0,False,unfriendly_country_hard_exclusion;non_sovereign_or_special_hard_exclusion,23.281460119005708,0.0,212.0,,,,,0.0,0.0,0.0,I_FEAS=0.84; I_PROGRAM=0.81; I_ECO=0.74,I_RUSCOMP=0.00; I_FIN=0.00; I_MARKET=0.10,D_excluded,,,
VGB,British Virgin Islands,Latin America & Caribbean,High income,,23134.759094596546,,3.303940981715158,,78.03680761820395,,59.95832658230936,,56.5072068980827,2024,77.7042682926829,2017.0,29.5605306799337,2024.0,-0.5311454385519029,,-1.9850994646549225,,0.686234049499035,,2.6895116567611668,,52.55375479870984,,2683.0052318791786,2024,2457.5016641222574,2024,2784.500325171516,2024,6393.532042328618,16.239932827905456,16.58841612235904,40.0,15.208582927147695,48.32149404248872,55.72336864075623,50.61669046036428,4164.256637027377,0.5255375479870984,2.395967586376777,0.7441531609903238,179.0,175.72888826818377,54.57887177840991,5.614918965941943,1.3908600767793575,334.0,411.8183706704594,102.01068512727448,16.10645057584518,3.564918965941943,856.0,1181.3050684545583,261.46399067045945,44.67288397275446,40.0,913152076.2228204,71.8681592039801,platform_snapshot_world_bank_217_economies,True,False,False,True,False,official_unfriendly_list;non_sovereign_or_special,39498.0,2024,5143.0,2024,6396.25,2024,2,un_wpp2024_population_by_single_age_sex,UN World Population Prospects 2024,39960.0,5189.0,6403.1,41090.0,4299.0,5651.7,40360.0,3570.0,4489.8,-11.734940888007385,-29.88083896862458,uk_overseas_territory,UK and Crown/Overseas territories,Распоряжение Правительства РФ от 05.03.2022 №430-р / №3216-р,1.0,True,,False,,,,,,False,False,,British Virgin Islands,territory_or_special_case,1.0,True,False,0.0,0.0,,0.7473684210526315,0.2738886756289737,0.6275265915740146,0.4507076336014941,0.0,0.6694031363714056,0.5285410610869822,0.2782324298473376,0.5264698756367449,0.5264698756367449,0.7515192724110795,0.4259361557678839,0.5,0.7527128065554124,0.4835008784090455,0.5091812137458972,0.4146404805118051,0.4299105176758265,0.481549269455281,0.5890454892160126,0.3783558823431954,0.5472799193758109,digital_finance_business_informatics,0.5692641141286611,0.705731947594277,5189.0,420.7359368675251,0.0268770793870025,4299.0,348.5727100777587,0.0078433668126177,3570.0,289.46372993198383,0.0060513435437464,0.0,0.0807463124890843,0.5,0.0684078026240792,,0.460916261830715,0.5630229118571053,0.493589741225948,0.0684078026240792,0.5472799193758109,0.0,0.0,0.5,British Virgin Islands,partner_embedded_branch,600,1946570.4865746803,1614408.443128371,0.7122997626244092,0.0961349593914368,143012392.42110655,5690.600174273108,25.0,0.0389201492792039,9.255311564629376e-05,420.7359368675251,0.08,120212.61984794014,562204.9460343658,-397015.9305036764,-4564123.240498901,-335321113.94388974,-4701215.682943695,-345393144.88862205,-5406185.315687951,-4123535.176554573,0.0,inf,-1792.5668604129671,131.11029717597685,0.11,0.2116206213745629,0.0634861864123688,False,unfriendly_country_hard_exclusion;non_sovereign_or_special_hard_exclusion,21.05925857989327,0.0,215.0,,,,,0.0,0.0,0.0,I_FEAS=0.56; I_PROGRAM=0.55; I_HRSTRAT=0.49,I_RUSCOMP=0.00; I_FIN=0.06; I_MARKET=0.07,D_excluded,,,
BGR,Bulgaria,Europe & Central Asia,High income,,34221.52946170318,2024.0,3.38709063847314,2024.0,110.22631455921008,2024.0,63.76258065987136,2024.0,73.9499356882481,2024,82.438955,2024.0,69.5460433959961,2024.0,0.3297843597829339,2023.0,-0.0480037643574178,2023.0,2.8552768826484702,2023.0,2.393030405044559,2023.0,41.9257738839106,2024.0,324197.2329497567,2024,304018.96612672904,2024,294927.3553073183,2024,760933.5089647791,11.731226215213466,11.084142960401064,100.0,48.04059953022094,79.30752542844547,68.84064365433889,57.29250850627289,6159.875303106573,0.419257738839106,2.204663929910391,0.6644433041293295,108.0,161.69798940977574,48.73266392073989,5.136659824775977,1.2208123821425696,198.0,376.7411235244393,89.53877503091176,14.831092866069271,3.086659824775977,501.0,1087.7657427318384,226.3867435244393,74.69018215687586,100.0,220435278526.7336,83.86381301879882,platform_snapshot_world_bank_217_economies,True,False,False,False,False,official_unfriendly_list,6757687.0,2024,659061.0,2024,798294.6,2024,2,un_wpp2024_population_by_single_age_sex,UN World Population Prospects 2024,6667663.0,665740.0,805034.8,6183108.0,642601.0,790063.3,5402220.0,526464.0,653062.5,-1.8597332686736023,-18.877730503078883,eu_member,European Union,Государства-члены ЕС в перечне №430-р,1.0,True,,False,,,,,,False,False,,,,,False,False,0.0,0.0,,0.7473684210526315,0.6991806828006981,0.8593719421164701,0.7792763124585841,0.6705933947338433,0.7824005059633973,0.5379169642072287,0.4880349214996263,0.6197458010871109,0.6197458010871109,0.8091731245049837,0.6561637228895536,0.5,0.7396744969747175,0.5213615657358578,0.6065891284624919,0.4983774448519897,0.6098486997550511,0.6042013685635546,0.6742277106108524,0.5079877385826672,0.6479212446793651,digital_finance_business_informatics,0.6712557738789596,0.7711488090415872,665740.0,190942.0211047257,0.7030940436128355,642601.0,184305.4851802773,0.7029279824403311,526464.0,150996.03478667093,0.6939199847964593,0.2638453098904917,0.1811562195878707,0.5,0.6241305934374328,,0.6518731593938981,0.6267697308557933,0.6033478163882076,0.6241305934374328,0.6479212446793651,0.0,0.0,0.5,Bulgaria,partner_embedded_branch,600,1950305.234678692,1638468.9899371048,0.7343530601073387,0.0821106592117254,143286780.25608534,6044.394512709634,25.0,18.70023800525746,9.79877472126857e-05,190942.0211047257,0.08,228510.35134592865,594807.6693125971,-318712.70442166075,-4276432.150587359,-314184766.02828765,-4217536.805663743,-309857789.821629,-4953397.453997513,-3466232.86559286,0.0,inf,-2.8196775003463688,124.62576137995504,0.11,0.2894874811487398,0.0868462443446219,False,unfriendly_country_hard_exclusion,34.7423767441943,0.0,165.0,,,,,0.0,0.0,0.0,I_ECO=0.65; I_PROGRAM=0.65; I_FEAS=0.63,I_RUSCOMP=0.00; I_FIN=0.09; I_HRSTRAT=0.60,D_excluded,,,
CAN,Canada,North America,High income,Fiscal year end: March 31; reporting period for national accounts data: CY.,56706.82380319776,2024.0,1.5547952104951577,2024.0,65.14992126537832,2024.0,66.38830765978892,2021.0,82.7002565766633,2024,94.353302,2024.0,76.2666931152344,2023.0,10.61762285232544,2023.0,10.31103956699369,2023.0,11.512972950935328,2023.0,5.756943762302398,2023.0,84.01532077477592,2024.0,2260823.4648447344,2024,2542596.2485197494,2024,2881943.0561375543,2024,6100294.088626383,14.59566404068108,13.20561427452751,100.0,81.42616822141272,91.57486166034448,61.61419226784527,98.02380704922108,10207.228284575596,0.8401532077477591,2.962275773945967,0.9801149058108192,96.0,217.2639694539834,71.8851556058264,7.030689434864916,1.894245132396415,186.0,515.6560736349585,138.93075729242966,19.88183849297311,4.980689434864916,488.0,1458.2056096932224,365.3016936349584,34.49968278871312,100.0,2341345308573.887,85.88000793457032,platform_snapshot_world_bank_217_economies,True,False,False,False,False,official_unfriendly_list,39742429.0,2024,4623543.0,2024,5871852.45,2024,2,un_wpp2024_population_by_single_age_sex,UN World Population Prospects 2024,40467726.0,4638704.0,5897696.9,42905262.0,4697172.0,5940279.0,45621880.0,4652208.0,5880418.2,0.7220123502786224,-0.2929736860502352,state,,Распоряжение Правительства РФ от 05.03.2022 №430-р,1.0,True,,False,,,,,,False,False,,,,,False,False,0.0,0.0,,0.7473684210526315,0.7706625374636441,0.8983398403423679,0.8345011889030061,0.9649727988044232,0.928163324917498,0.3313084815000151,0.1942391934359263,0.6841256008859408,0.6841256008859408,0.9542530510546928,0.7716597048490745,0.5,0.8876087879311158,0.9737847914021714,0.9953910955667452,0.9461791935743435,0.7246067181880003,0.7250457413544849,0.6867447920553894,0.2490669086615618,0.6800078459031158,economic_legal,0.7816017873690815,0.7920050998370253,4638704.0,1786737.612467317,0.9503631804104964,4697172.0,1809258.33694677,0.956232719429814,4652208.0,1791939.0878619005,0.9660292494484464,0.3664944488182028,0.3883377253813625,0.5,0.8384476791918668,,0.6877094807827683,0.8892007011153256,0.5669317118269698,0.8384476791918668,0.6800078459031158,0.0,0.0,0.5,Canada,partner_embedded_branch,600,2245372.081819546,1992674.227499917,1.029264212849008,0.0243758457546283,164965016.94199204,6526.174215483845,25.0,178.0814734870976,9.972042367876822e-05,1786737.612467317,0.08,1235703.0917057917,1061567.7115426525,259060.7970865513,-2682075.722698706,-197049153.063379,-2125916.6108874166,-156188754.89362654,-3497533.9291751543,-439485.6208628869,0.0,inf,0.2229073012810745,166.2274639741017,0.11,0.6262148100811076,0.1878644430243322,False,unfriendly_country_hard_exclusion,42.60402107011728,0.0,98.0,,,,,0.0,0.0,0.0,I_FEAS=0.89; I_MARKET=0.84; I_ECO=0.69,I_RUSCOMP=0.00; I_FIN=0.19; I_HRSTRAT=0.57,D_excluded,,,
CYM,Cayman Islands,Latin America & Caribbean,High income,,79675.85684818079,2023.0,5.815591826308804,2023.0,105.47279015891912,2020.0,85.98394122688745,2023.0,100.0,2024,81.0676932508161,2017.0,33.0195503234863,2008.0,8.660645484924299,2023.0,5.052494645118712,2023.0,7.467328786849961,2023.0,11.37920987606046,2023.0,112.1180589907548,2023.0,3888.974076199226,2024,3807.9743212740686,2024,4963.466922641737,2024,9930.508512662076,12.963583387450722,10.26715901584112,100.0,7.765955509012682,63.70146677370444,90.16102791085916,90.25744259752358,14000.0,1.121180589907548,3.468125061833587,1.190885442430661,85.0,254.36477728509783,87.34382553545743,8.295312654583967,2.343888943852077,167.0,608.4080932127446,171.90925314230918,23.25416707889058,6.245312654583966,446.0,1705.5443285673189,458.0537132127445,37.41061483033948,100.0,5932425273.344997,72.90586509704588,platform_snapshot_world_bank_217_economies,True,False,False,True,False,official_unfriendly_list;non_sovereign_or_special,74476.0,2024,7699.0,2024,9932.35,2024,2,un_wpp2024_population_by_single_age_sex,UN World Population Prospects 2024,77217.0,8304.0,10410.9,88480.0,9275.0,11933.15,103970.0,10438.0,13485.85,14.62169457011402,29.535871058217843,uk_overseas_territory,UK and Crown/Overseas territories,Распоряжение Правительства РФ от 29.10.2022 №3216-р,1.0,True,,False,,,,,,False,False,,Cayman Islands,territory_or_special_case,1.0,True,False,0.0,0.0,,0.7473684210526315,0.3106793357237725,0.64758279611708,0.4791310659204262,0.2201967106205332,1.0,0.8117532342813697,0.4570527363689639,1.0,1.0,0.792475394125633,1.0,0.5,1.0,0.8877237579054468,0.8137083018080263,0.7188622940857555,0.6686779960485739,0.8014401518420666,0.8418671850711883,0.5989329355339262,0.801919018789651,digital_finance_business_informatics,0.8392803389933708,0.8712473622132731,8304.0,1388.6509437375205,0.1587322065590698,9275.0,1551.0281193600076,0.173152293971643,10438.0,1745.5128312538825,0.2033742373923945,0.5926099226810516,0.6365006509221262,0.5,0.2665967637895751,,0.7465968874584079,0.8345553452074377,0.7568588002412733,0.2665967637895751,0.801919018789651,0.0,0.0,0.5,Cayman Islands,partner_embedded_branch,600,2572660.2963479534,2256645.115714146,1.238036527760444,0.0363978240543637,189010522.04635817,6956.3060371725005,25.0,0.147541781115381,0.0001063036270146,1388.6509437375205,0.08,120985.2919513998,924132.214187682,-729216.3451012676,-7138311.216570213,-524443872.9390754,-7026844.999020427,-516254572.5485319,-7782832.42480648,-5992680.252786252,0.0,inf,-710.4977263872632,199.3036291531676,0.11,0.0,0.0,False,unfriendly_country_hard_exclusion;non_sovereign_or_special_hard_exclusion,27.45063412952422,0.0,204.0,,,,,0.0,0.0,0.0,I_FEAS=0.83; I_PROGRAM=0.80; I_HRSTRAT=0.76,I_RUSCOMP=0.00; I_FIN=0.00; I_MARKET=0.27,D_excluded,,,
HRV,Croatia,Europe & Central Asia,High income,"A simple multiplier is used to convert the national currencies of EMU members to euros. The following irrevocable euro conversion rate entered into force on January 1, 2023: 1 euro = 7.53450 Croatian kuna. Please note that historical data are not actual euros and are not comparable or suitable for aggregation across countries.",42829.19783703841,2024.0,3.826887028907393,2024.0,104.9123260732532,2024.0,60.837432488017576,2024.0,57.5158981711443,2024,83.63240029,2024.0,81.1775207519531,2023.0,4.988575875759126,2023.0,2.5242389738559696,2023.0,4.507301926612857,2023.0,4.183984279632569,2023.0,48.536943103181926,2024.0,205397.71730982576,2024,196430.38204683736,2024,215319.30015764188,2024,498721.784427602,12.80988472407317,12.101361037083388,100.0,43.77419019805838,81.50750295620027,71.13675767554017,72.8709986170656,7709.2556106669135,0.4853694310318193,2.323664975857275,0.7140270732738645,93.0,170.4259545232856,52.369316051369005,5.4341624396431865,1.326591089650911,172.0,398.561036308214,97.29696624292056,15.624433172381831,3.384162439643186,439.0,1145.952176821904,248.206656308214,72.12651258530036,100.0,165586244677.5579,87.35325622558592,platform_snapshot_world_bank_217_economies,True,False,False,False,False,official_unfriendly_list,3875325.0,2024,402778.0,2024,499900.15,2024,2,un_wpp2024_population_by_single_age_sex,UN World Population Prospects 2024,3822346.0,402452.0,496846.25,3607218.0,359071.0,450227.95,3234155.0,292021.0,363125.05,-9.38284227766638,-26.91400005534912,eu_member,European Union,Государства-члены ЕС в перечне №430-р,1.0,True,,False,,,,,,False,False,,,,,False,False,0.0,0.0,,0.7473684210526315,0.8228948486340719,0.9268139670335396,0.8748544078338059,0.6349480890496205,0.8471557931829249,0.5875081292236718,0.4533997831917116,0.5480245392454295,0.5480245392454295,0.8237055999326589,0.4392499291210973,0.5,0.8184349950717213,0.7262389544013851,0.6807786797856931,0.6095706081071623,0.6662334212252943,0.6258537958977126,0.6777304406028369,0.5070431216044957,0.6572501045832487,digital_finance_business_informatics,0.7237549997274803,0.7772125679791116,402452.0,152504.96006480785,0.6782395052884352,359071.0,136066.18557102617,0.6692750942790757,292021.0,110658.29202758406,0.659732541255575,0.1055517491309762,0.1174820867226973,0.5,0.5908948773043937,,0.6664958476096671,0.6824720112446069,0.6109612514917973,0.5908948773043937,0.6572501045832487,0.0,0.0,0.5,Croatia,partner_embedded_branch,600,2033955.629899641,1728316.9888105062,0.8086823595431676,0.0698561575261864,149432482.77753374,6245.580381534277,25.0,15.012623431602796,9.849150564749542e-05,152504.96006480785,0.08,210012.04452458903,642956.8694951881,-381508.27541098406,-4695629.378213078,-344982725.22499883,-5189521.514499762,-381268437.1966316,-5766150.300973916,-4502698.05277435,0.0,inf,-4.068877074495236,133.63387784550102,0.11,0.1330088739968051,0.0399026621990415,False,unfriendly_country_hard_exclusion,32.65065419117349,0.0,182.0,,,,,0.0,0.0,0.0,I_FEAS=0.68; I_ECO=0.67; I_PROGRAM=0.66,I_RUSCOMP=0.00; I_FIN=0.04; I_MARKET=0.59,D_excluded,,,
CUW,Curaçao,Latin America & Caribbean,High income,,28762.05818043097,2024.0,5.02690000000014,2024.0,155.2688580039632,2018.0,72.29604917570241,2024.0,91.4321812441765,2024,68.1272162511339,2017.0,23.0842005676443,2013.0,-0.5311454385519029,,-1.9850994646549225,,0.686234049499035,,2.6895116567611668,,69.8396907093134,2024.0,8824.574984348592,2024,10552.57431293986,2024,13217.729942661204,2024,25325.127771486,15.809792506086046,12.715458782160256,73.33333333333334,7.163729322340624,50.95812088191167,84.56516814990617,50.61669046036428,5177.170472477575,0.6983969070931341,2.707114432767641,0.8737976803198505,169.0,198.5495181111368,64.08746754630698,6.392786081919104,1.6674350513490146,322.0,468.8699452778419,122.29568943212158,18.18076288511761,4.342786081919103,839.0,1333.4426007409118,318.5155652778419,28.437976151778432,73.33333333333334,4485931928.227277,69.92526017029329,platform_snapshot_world_bank_217_economies,False,False,False,True,False,non_sovereign_or_special,185482.0,2024,23041.0,2024,30115.0,2024,2,un_wpp2024_population_by_single_age_sex,UN World Population Prospects 2024,185457.0,22537.0,29077.75,183036.0,21577.0,26915.35,173501.0,15830.0,19797.2,-7.436613905821465,-31.916327776392595,,,,,False,,False,,,,,,False,False,,Curaçao,territory_or_special_case,1.0,True,False,0.0,0.0,,0.7473684210526315,0.2050054415406482,0.589975315546254,0.3974903785434511,0.1853767946340001,0.7322400029243937,0.7228208388449868,0.7816100254111217,0.8289766139842892,0.8289766139842892,0.6349003753157816,0.8869128740449818,0.5,0.7527128065554124,0.4835008784090455,0.5091812137458972,0.4146404805118051,0.5643834380785621,0.674598425114018,0.7305182887439088,0.7580943507846677,0.7314258469981352,energy_logistics,0.6273258096986156,0.8254268005487879,22537.0,1789.535678704411,0.1867592924975325,21577.0,1713.3075094025417,0.1841809765877275,15830.0,1256.9707500506202,0.1672819731455687,0.2468535630087771,0.0948178345675564,0.5,0.2089950424390859,,0.6510665333347785,0.5942567544307222,0.7220151482671693,0.2089950424390859,0.7314258469981352,0.7897844024918739,0.7897844024918739,0.5,Curaçao,partner_embedded_branch,600,2105240.6562282294,1757017.5787429467,0.8277613601893091,0.0892635140252411,154669715.24836618,5941.350252972288,25.0,0.279852168783168,0.0001564640147619,1789.535678704411,0.08,121596.19176364291,649570.4023809748,-476008.5784268539,-5188693.360119614,-381207593.6052919,-5317588.490944991,-390677377.08238846,-5860975.632017643,-4578654.68174084,0.0,inf,-286.2865513394568,149.65528834518813,0.11,0.112391531034376,0.0337174593103128,False,non_sovereign_or_special_hard_exclusion,41.545134231902736,0.0,106.0,,,,,0.0,0.0,0.0,I_RUSCOMP=0.79; I_PROGRAM=0.73; I_HRSTRAT=0.72,I_FIN=0.03; I_MARKET=0.21; I_FEAS=0.59,D_excluded,,,
CYP,Cyprus,Europe & Central Asia,High income,"A simple multiplier is used to convert the national currencies of EMU members to euros. The following irrevocable euro conversion rate entered into force on January 1, 2008: 1 euro = 0.585274 Cyprus pounds. Please note that historical data are not actual euros and are not comparable or suitable for aggregation across countries.",52635.58203125,2024.0,3.940773817084036,2024.0,190.40287092075968,2024.0,76.47690467078259,2024.0,66.6824259192483,2024,89.60099246,2024.0,120.87727355957,2024.0,5.16417944431305,2023.0,4.396282196044921,2023.0,5.447807848453523,2023.0,2.867390185594558,2023.0,61.38132202770243,2024.0,67148.4999920348,2024,74399.99999487553,2024,91388.4999931882,2024,182673.324983845,12.801226821822423,8.553138789995513,100.0,29.46774420860409,88.42621315245509,88.77125451658051,75.45626053867235,9474.404765625,0.6138132202770243,2.554863796498644,0.8103599152077683,86.0,187.382908344878,59.43471347703247,6.01215949124661,1.532101152443239,162.0,440.9534208621948,112.36981408433594,17.165758643324292,3.96215949124661,418.0,1258.9985356325194,290.5990408621948,60.658853070691606,100.0,71493963632.57031,94.5,platform_snapshot_world_bank_217_economies,True,False,False,False,False,official_unfriendly_list,1358287.0,2024,141549.0,2024,182674.05,2024,2,un_wpp2024_population_by_single_age_sex,UN World Population Prospects 2024,1382337.0,144077.0,182629.85,1459196.0,162295.0,199977.1,1508484.0,150550.0,192688.9,9.49858415806617,5.5078893182028965,eu_member,European Union,Государства-члены ЕС в перечне №430-р,1.0,True,,False,,,,,,False,False,,,,,False,False,0.0,0.0,,0.7473684210526315,1.0,1.0,1.0,0.5303116046296324,0.9066606530054254,0.600349931995368,1.0,0.9314863721463338,0.9314863721463338,0.8963846073200356,0.5602394490400876,0.5,0.7605353427638911,0.7339613863759221,0.7230151535081075,0.6904954774957245,0.8958667701048761,0.8662844440899183,0.866405898834582,0.8401399727981472,0.8858243955780778,diplomatic_analytic,0.7671423596030005,0.9257858571257506,144077.0,91862.1438657553,0.6221876231333449,162295.0,103477.76979457344,0.6389125087890387,150550.0,95989.26795386814,0.6440899900508354,0.6132317273061549,0.4293765109409315,0.5,0.6254545808404695,,0.7921375884881235,0.7145433847124222,0.8584896846002523,0.6254545808404695,0.8858243955780778,0.0,0.0,0.5,Cyprus,partner_embedded_branch,600,2167490.4014526648,1854012.9612843648,0.9106502779548384,0.0628004553632671,159243135.5552857,6556.802429702849,25.0,10.176195850632071,0.0001108345173612,91862.1438657553,0.08,184054.37345141417,712134.93836954,-471109.76984856266,-5310011.918857167,-390120734.6653253,-5458688.626126098,-401043848.8039957,-5931168.835916006,-5046196.693099997,0.0,inf,-7.060647925901073,145.41958688107658,0.11,0.0896759960867842,0.0269027988260352,False,unfriendly_country_hard_exclusion,34.94375301528183,0.0,163.0,,,,,0.0,0.0,0.0,I_PROGRAM=0.89; I_HRSTRAT=0.86; I_ECO=0.79,I_RUSCOMP=0.00; I_FIN=0.03; I_MARKET=0.63,D_excluded,,,
CZE,Czechia,Europe & Central Asia,High income,,47963.89684857818,2024.0,1.2330861198348373,2024.0,131.4849810699523,2024.0,60.17214527632508,2024.0,72.7947984592185,2024,87.68776014,2024.0,66.7282867431641,2023.0,7.798079848289501,2023.0,7.99528563022616,2023.0,9.13141977787018,2023.0,6.77153140306473,2023.0,55.23245489982133,2024.0,587341.3893047592,2024,542683.1082548683,2024,557096.1975853072,2024,1380717.7864730158,12.676311064227871,12.799905492868136,100.0,61.8810301279455,79.77775184403224,67.01521838110004,94.18143546066928,8633.501432744073,0.5523245489982133,2.444184188196784,0.76424341174866,89.0,179.2652674254296,56.05236309392901,5.73546047049196,1.4337192783971413,166.0,420.65931856357406,105.15413326704856,16.42789458797856,3.68546047049196,427.0,1204.8809295028643,270.3049385635741,66.15230962079188,100.0,523047638122.8568,83.01848602294922,platform_snapshot_world_bank_217_economies,True,False,False,False,False,official_unfriendly_list,10735858.0,2024,1112494.0,2024,1359297.85,2024,2,un_wpp2024_population_by_single_age_sex,UN World Population Prospects 2024,10527784.0,1130914.0,1356395.05,10265954.0,1184049.0,1475921.7,9825545.0,911576.0,1163839.25,8.812082438667112,-14.196144404979949,eu_member,European Union,Государства-члены ЕС в перечне №430-р,1.0,True,,False,,,,,,False,False,,,,,False,False,0.0,0.0,,0.7473684210526315,0.6692105936057932,0.8430339303080897,0.7561222619569414,0.7782435024287717,0.8798354531007853,0.2950327663071893,0.6265931545080684,0.5317124635807358,0.5317124635807358,0.8730873502854595,0.6409170010531688,0.5,0.93222714973448,0.8497911321203399,0.8884397136808797,0.8460735535721678,0.7183331930630189,0.7420057825843054,0.6629457395876648,0.4939689992277167,0.7113134586952853,economic_legal,0.748188516152916,0.8123537481519354,1130914.0,361738.0521959909,0.7737469798208797,1184049.0,378733.9965413913,0.782802567408032,911576.0,291579.8430902904,0.7663041191157878,0.4410079942470633,0.1960585350644463,0.5,0.6927351370253468,,0.6691496736535364,0.8211215181826398,0.6359707303786726,0.6927351370253468,0.7113134586952853,0.0,0.0,0.5,Czechia,partner_embedded_branch,600,2044406.869839584,1788180.9396791663,0.8626740985433692,0.0393532659998192,150200323.87955743,6378.010039865585,25.0,36.665093181652566,0.0001014109267695,361738.0521959909,0.08,344496.31912817975,697758.2053504502,-297441.2297942345,-4421723.06000341,-324859129.32308453,-4316704.741948347,-317143549.0157289,-5263002.35114159,-3799264.253931584,0.0,inf,-1.2719298993914885,137.37030961103363,0.11,0.273522558652655,0.0820567675957965,False,unfriendly_country_hard_exclusion,37.17680472014454,0.0,143.0,,,,,0.0,0.0,0.0,I_FEAS=0.82; I_PROGRAM=0.71; I_MARKET=0.69,I_RUSCOMP=0.00; I_FIN=0.08; I_HRSTRAT=0.64,D_excluded,,,
DNK,Denmark,Europe & Central Asia,High income,,71431.29262422866,2024.0,3.4778359314031206,2024.0,131.76503097520668,2024.0,63.54956351616492,2024.0,88.6960552688405,2024,99.76915157,2024.0,78.9604110717773,2024.0,14.109541893005373,2023.0,13.362551331520091,2023.0,12.876639008522032,2023.0,5.95593571662903,2023.0,87.75440289641324,2024.0,350423.8759137458,2024,369805.0140100641,2024,405831.4824511373,2024,902853.0570268217,15.015438599379346,14.298373058278186,100.0,55.72409172644935,95.75712069923006,81.12616326936853,98.2496130835832,12857.632672361158,0.8775440289641324,3.0295792521354388,1.0081580217230992,78.0,222.2002488369208,73.94193868205029,7.1989481303385965,1.954070446342612,152.0,527.9967720923019,143.318561188374,20.33052834756959,5.148948130338596,400.0,1491.114138912805,377.6423920923018,40.0,100.0,426944264564.6737,86.68812332153318,platform_snapshot_world_bank_217_economies,True,False,False,False,False,official_unfriendly_list,5977418.0,2024,720280.0,2024,902917.45,2024,2,un_wpp2024_population_by_single_age_sex,UN World Population Prospects 2024,6023521.0,722982.0,902148.15,6119802.0,682174.0,862049.8,6124834.0,666813.0,831714.6,-4.444763312987998,-7.807315239741952,eu_member,European Union,Государства-члены ЕС в перечне №430-р,1.0,True,,False,,,,,,False,False,,,,,False,False,0.0,0.0,,0.7473684210526315,0.7993133321809128,0.9139586467918928,0.8566359894864028,0.7529503378031631,0.9947884953851572,0.5481493464960253,0.628418443973267,0.6145228662328898,0.6145228662328898,1.0,0.8507985920299349,0.5,0.8963598259463561,1.0,1.0,1.0,0.8132502423781552,0.8306066234647365,0.7849259928542142,0.5963108049823703,0.8045900008240329,economic_legal,0.8222279965632192,0.8729835005356213,722982.0,337456.9584106884,0.7660638525406392,682174.0,318409.5359868613,0.7635618688964737,666813.0,311239.6806679922,0.7734813186271309,0.2168411799464916,0.309610875783362,0.5,0.6817661936423786,,0.7699348219150863,0.9188543652653872,0.7420456256758177,0.6817661936423786,0.8045900008240329,0.0,0.0,0.5,Denmark,partner_embedded_branch,600,2329485.533338578,2080571.6732291807,1.1008869306550215,0.0178520396416147,171144739.70029867,6834.928303481558,25.0,35.902870163690174,0.0001064478600444,337456.9584106884,0.08,355577.8017197084,872005.0564877952,-446666.8502490632,-5582068.032175624,-410108398.0491077,-5338550.915882575,-392217463.3838854,-5667499.2248269925,-4958516.587225797,0.0,inf,-1.8202062041027505,170.02682586017303,0.11,0.1090168163635163,0.0327050449090548,False,unfriendly_country_hard_exclusion,36.35326994963995,0.0,148.0,,,,,0.0,0.0,0.0,I_FEAS=0.92; I_PROGRAM=0.80; I_ECO=0.77,I_RUSCOMP=0.00; I_FIN=0.03; I_MARKET=0.68,D_excluded,,,
EST,Estonia,Europe & Central Asia,High income,"The following irrevocable euro conversion rate entered into force on January 1, 2011: 1 euro = 15.6466 Estonian kroon. Please note that historical data are not actual euros and are not comparable or suitable for aggregation across countries.",41189.66753007343,2024.0,-0.09004286484938,2024.0,151.03770241045515,2024.0,65.69711449661993,2024.0,70.6981161541961,2024,92.23796204,2024.0,65.6692276000977,2024.0,8.8442895412445,2023.0,9.984722852706913,2023.0,10.00750458240512,2023.0,4.623737335205079,2023.0,62.36308251578123,2024.0,76998.2850609241,2024,65975.54680143122,2024,68123.5081048344,2024,173629.4105095308,12.552138079486095,11.763666449280551,100.0,35.744475131855914,80.64907455884732,66.06386819090528,96.43957299242796,7414.140155413217,0.6236308251578123,2.572535485284062,0.8177231188683592,110.0,188.67901361848013,59.97475734103339,6.056338713210156,1.5478093202524998,209.0,444.1936840462004,113.52190766087124,17.28356990189375,4.006338713210155,540.0,1267.6392374565344,293.8393040462003,50.81722383368195,100.0,56526269527.8885,82.70076828002931,platform_snapshot_world_bank_217_economies,True,False,False,False,False,official_unfriendly_list,1360549.0,2024,141744.0,2024,172136.1,2024,2,un_wpp2024_population_by_single_age_sex,UN World Population Prospects 2024,1331064.0,144889.0,172708.45,1268269.0,146513.0,181400.15,1174264.0,98153.0,124481.6,5.032585261462308,-27.923850859642364,eu_member,European Union,Государства-члены ЕС в перечне №430-р,1.0,True,,False,,,,,,False,False,,,,,False,False,0.0,0.0,,0.7473684210526315,0.6579462791560413,0.836893257809703,0.7474197684828722,0.5010456090921261,0.8358903385169589,0.1458375722476714,0.754032498743397,0.6671783411485284,0.6671783411485284,0.9284947475551838,0.6132427723290184,0.5,0.8377739463356324,0.8957997824654219,0.9277831478539772,0.9320731424052447,0.7867843971397945,0.8115540880229556,0.6920256371853363,0.5107545281451067,0.7726080391330754,economic_legal,0.7150003742029529,0.8521952254364991,144889.0,45548.68447604211,0.5446183000555438,146513.0,46059.22056635327,0.5491478096713253,98153.0,30856.310881964542,0.5192576509164559,0.363469231664394,0.0704339200617581,0.5,0.5029859879317345,,0.6166848267766503,0.8344657983047973,0.6735028397245533,0.5029859879317345,0.7726080391330754,0.0,0.0,0.5,Estonia,partner_embedded_branch,600,2038104.5629757347,1787718.063816934,0.8628909461789585,0.0364175243729446,149737300.32680798,6266.83639808226,25.0,4.767413003678467,0.0001047208341131,45548.68447604211,0.08,148681.53344269717,650694.7146386798,-449957.6040248882,-5005079.511991739,-367717686.15856993,-4888091.040923673,-359122671.87651724,-5202276.082389053,-4387950.5555544505,0.0,inf,-15.060537147600703,140.21165684752327,0.11,0.1815357903459511,0.0544607371037853,False,unfriendly_country_hard_exclusion,33.6929158096249,0.0,175.0,,,,,0.0,0.0,0.0,I_FEAS=0.83; I_PROGRAM=0.77; I_HRSTRAT=0.67,I_RUSCOMP=0.00; I_FIN=0.05; I_MARKET=0.50,D_excluded,,,
FRO,Faroe Islands,Europe & Central Asia,High income,,72059.58032715398,2024.0,0.8437168513621032,2024.0,105.75280303762317,2024.0,53.82691130841823,2024.0,39.4132325882965,2024,97.5819589384468,2017.0,75.1643373416554,,5.076377660036088,,4.309919238090515,,5.203724116086962,,3.7608208060264574,,90.49049736019808,2024.0,3798.093133634258,2024,3778.3536314273897,2024,3070.6540836529034,2024,8958.241102705455,16.590560198887022,18.39927676567388,66.66666666666667,13.760109461916636,78.13112711284066,61.52233564787892,75.87124949023124,12970.724458887717,0.9049049736019809,3.078828952483565,1.0286787302014857,79.0,225.81239915937363,75.44700131640568,7.322072381208914,1.9978479577631687,154.0,537.027147898434,146.52936147499878,20.65885968322377,5.272072381208914,406.0,1515.1951410624908,386.6727678984341,40.0,66.66666666666667,3940289911.869107,85.54930120249661,platform_snapshot_world_bank_217_economies,False,False,False,True,False,non_sovereign_or_special,55419.0,2024,7678.0,2024,9078.4,2024,2,un_wpp2024_population_by_single_age_sex,UN World Population Prospects 2024,56554.0,7806.0,9380.1,59825.0,7692.0,9485.25,63060.0,7669.0,9330.85,1.1209901813413523,-0.5250477073805215,,,,,False,,False,,,,,,False,False,,Faroe Islands,territory_or_special_case,1.0,True,False,0.0,0.0,,0.7473684210526315,0.7589377134532113,0.8919481238583808,0.8254429186557961,0.1692191002434666,0.997316001983356,0.2511277319204877,0.4588777845051315,0.3761346397843534,0.3761346397843534,0.9935681147744312,0.2003118188234648,0.5,0.7998256012561812,0.7301001703886536,0.7120537805823605,0.6867621710156004,0.6345461699982214,0.6403200866602915,0.655027406101845,0.375777763471274,0.627514063761467,digital_finance_business_informatics,0.8236458038834616,0.7578841414449535,7806.0,2976.622509087289,0.2429998802840499,7692.0,2933.151465526445,0.2437798951487028,7669.0,2924.3809918255724,0.2601109498444052,0.3075235437232435,0.3683519666244916,0.5,0.3007366864931347,,0.5482175099791348,0.6957937830621891,0.5668403174802077,0.3007366864931347,0.627514063761467,0.7607722444737718,0.7607722444737718,0.5,Faroe Islands,partner_embedded_branch,600,2477436.44785807,2110939.547156752,1.1153665641801378,0.0669253677263184,182014530.64403972,6749.948845304007,25.0,0.4344333014731733,0.0001460244238891,2976.622509087289,0.08,122815.10645917484,857608.7862040933,-666184.9768485909,-6674917.419515029,-490398840.4026077,-7006014.581366655,-514724184.6769687,-7936974.280190561,-6601292.655233905,0.0,inf,-227.18060117772905,184.67324818557896,0.11,0.0,0.0,False,non_sovereign_or_special_hard_exclusion,39.373348351092055,0.0,127.0,,,,,0.0,0.0,0.0,I_RUSCOMP=0.76; I_FEAS=0.70; I_PROGRAM=0.63,I_FIN=0.00; I_MARKET=0.30; I_ECO=0.55,D_excluded,,,
FIN,Finland,Europe & Central Asia,High income,"A simple multiplier is used to convert the national currencies of EMU members to euros. The following irrevocable euro conversion rate was adopted by the EU Council on January 1, 1999: 1 euro = 5.94573 Finnish markka. Please note that historical data before 1999 are not actual euros and are not comparable or suitable for aggregation across countries.",56123.147957983936,2024.0,0.4161719648620732,2024.0,83.46010153535074,2024.0,62.21449976989669,2024.0,74.2637190463636,2024,93.72405196,2024.0,110.304496765137,2024.0,12.170246005058262,2023.0,13.76932132244109,2023.0,12.35604548454283,2023.0,4.997906863689424,2023.0,81.60553425117185,2024.0,316924.15118419845,2024,308937.955888124,2024,331473.88409744034,2024,775025.3549161706,13.684121041358685,12.842735313942688,100.0,52.50690370932072,92.74031228225633,58.31323356490631,97.16249025583468,10102.166632437107,0.8160553425117185,2.9188996165210934,0.9620415068837888,95.0,214.08260591427648,70.55958746428185,6.9222490413027336,1.8556885480187493,184.0,507.7026647856911,136.10287859046795,19.59266411014062,4.872249041302734,482.0,1436.9965194285096,357.34828478569113,37.01653241575699,100.0,315407096563.7015,94.5,platform_snapshot_world_bank_217_economies,True,False,False,False,False,official_unfriendly_list,5617314.0,2024,625575.0,2024,774669.0,2024,2,un_wpp2024_population_by_single_age_sex,UN World Population Prospects 2024,5621734.0,651008.0,795242.45,5540658.0,619137.0,783121.05,5351647.0,501088.0,631274.8,-1.5242395573827672,-20.61857361864925,eu_member,European Union,Государства-члены ЕС в перечне №430-р,1.0,True,,False,,,,,,False,False,,,,,False,False,0.0,0.0,,0.7473684210526315,1.0,1.0,1.0,0.7152272820789112,0.9251772224174118,0.2029180387999411,0.3135799913637469,0.5817886418805015,0.5817886418805015,0.9465907301919044,0.6603053672395438,0.5,0.8542287410985222,1.0,1.0,1.0,0.7928816187332965,0.7378990790359243,0.6512678814624165,0.2693152103382246,0.7298673837640056,diplomatic_analytic,0.7796331006106496,0.8244137994466036,651008.0,375644.6962733794,0.7779183079775518,619137.0,357254.48891044554,0.776327581356676,501088.0,289137.84402992774,0.7653790135316313,0.2330696035716973,0.1605624674276377,0.5,0.6868311335511109,,0.6336246642560394,0.8832256115130538,0.5626714393972113,0.6868311335511109,0.7298673837640056,0.0,0.0,0.5,Finland,partner_embedded_branch,600,2230010.9429492704,1976505.5260952425,1.0160663477827685,0.0256903654671281,163836450.96644565,6541.388985508735,25.0,38.45081162081164,0.0001024128387232,375644.6962733794,0.08,361460.84699543857,814825.1637484217,-388178.3036531094,-5154861.833642079,-378722028.5696665,-5111130.189600829,-375509112.7867644,-5485923.572870966,-4678234.911476898,0.0,inf,-1.543319242618348,163.0079313049682,0.11,0.1456289957142233,0.0436886987142669,False,unfriendly_country_hard_exclusion,35.08123451444752,0.0,159.0,,,,,0.0,0.0,0.0,I_FEAS=0.88; I_PROGRAM=0.73; I_MARKET=0.69,I_RUSCOMP=0.00; I_FIN=0.04; I_HRSTRAT=0.56,D_excluded,,,
FRA,France,Europe & Central Asia,High income,"The following irrevocable euro conversion rate was adopted by the EU Council on January 1, 1999: 1 euro = 6.55957 French franc. Please note that historical data before 1999 are not actual euros and are not comparable or suitable for aggregation across countries.",54799.348268938855,2024.0,1.1904679827588325,2024.0,68.10818754437437,2024.0,70.91418442118513,2024.0,78.7999750964116,2024,88.65381638,2024.0,71.5346908569336,2024.0,8.01238381862639,2023.0,8.263995885848988,2023.0,8.074538111686689,2023.0,2.405885756015777,2023.0,73.73597881507811,2024.0,4254156.639647624,2024,4193219.518562975,2024,3965703.8673345,2024,10231942.898511125,15.000807053603545,15.628570968971523,100.0,86.04609098300185,84.91188060895715,62.48126554145687,88.49088900531584,9863.882688408994,0.7373597881507812,2.7772476186714066,0.903019841113086,92.0,203.69333844478817,66.23072601866171,6.568119046678516,1.72977566104125,175.0,481.7294961119703,126.86797417314502,18.648317457809373,4.518119046678516,458.0,1367.7347362985874,331.3751161119704,45.96127868310719,100.0,3756585907158.4473,84.46040725708008,platform_snapshot_world_bank_217_economies,True,False,False,False,False,official_unfriendly_list,66548532.0,2024,8200539.0,2024,9932959.8,2024,2,un_wpp2024_population_by_single_age_sex,UN World Population Prospects 2024,66746398.0,8410409.0,10205161.55,67547942.0,7987593.0,10058203.2,68219681.0,7153326.0,8921993.4,-1.440039427891282,-12.57371716962188,eu_member,European Union,Государства-члены ЕС в перечне №430-р,1.0,True,,False,,,,,,False,False,,,,,False,False,0.0,0.0,,0.7473684210526315,0.7203322402716448,0.870902585001067,0.7956174126363559,1.0,0.9182878966179612,0.290227171913059,0.2135203721579796,0.7950948828493789,0.7950948828493789,0.884850929803673,0.7201796682624632,0.5,0.7402398347313573,0.8592154726757631,0.8409770091036476,0.8576893870539493,0.7059644959198267,0.7113117663874481,0.6857188311955824,0.2442030920600114,0.6677324893885923,economic_legal,0.7750426567435071,0.7840261181025849,8410409.0,2933369.24040054,1.0,7987593.0,2785900.140057239,1.0,7153326.0,2494925.8062191065,1.0,0.230216146720684,0.2395038250328543,0.5,0.8499634301217723,,0.6909341256019466,0.7895191885832571,0.5609419900124708,0.8499634301217723,0.6677324893885923,0.0,0.0,0.5,France,partner_embedded_branch,600,2222049.9946232885,1930645.4108768727,0.9752551729991614,0.0463057785116834,163251568.84997892,6485.618335746562,38.136018264657366,290.42111001890663,9.905755442698398e-05,2933369.24040054,0.08,1928218.0571774305,1202036.1269086131,822344.8204215064,-375981.36371568654,-27622937.212691404,-32440.25949316965,-2383350.180677732,-2214873.026054544,3044963.591899539,0.5,8.0,0.4365906116638131,159.12828623701728,0.11,0.9632409593545648,0.6389722878063694,False,unfriendly_country_hard_exclusion,49.760632698413,0.0,50.0,,,,,0.0,0.0,0.0,I_MARKET=0.85; I_FEAS=0.79; I_ECO=0.69,I_RUSCOMP=0.00; I_HRSTRAT=0.56; I_FIN=0.64,D_excluded,,,
PYF,French Polynesia,East Asia & Pacific,High income,,13592.463593743454,,1.126388977302469,2024.0,64.4688665693732,2024.0,75.90395088249451,2020.0,61.7191984724331,2024,72.7038953132942,2017.0,1.45677995681763,1992.0,1.4141859263181686,,3.92155733704567,,-0.7341233193874348,,5.977532505989073,,60.172862740966,,21702.53898841992,2024,20868.03722387294,2024,17907.53228629861,2024,50628.96574112724,17.721945975576297,15.848823082668243,60.0,19.02919342650819,33.911411892657284,44.24839658779041,63.522825482618096,3000.0,0.6017286274096599,2.533111529337388,0.801296470557245,267.0,185.78751876310963,58.769967817962346,5.957778823343469,1.512765803855456,504.0,436.9649469077741,110.951690011653,17.02074352891592,3.907778823343469,1303.0,1248.3626050873977,286.61056690777406,23.41868750516293,60.0,3830451387.962061,66.0,platform_snapshot_world_bank_217_economies,False,False,False,True,False,non_sovereign_or_special,281816.0,2024,42571.0,2024,50629.6,2024,2,un_wpp2024_population_by_single_age_sex,UN World Population Prospects 2024,283086.0,42344.0,50781.95,288080.0,35999.0,45161.45,284761.0,26017.0,31892.2,-11.067908971593257,-37.19776416620471,,,,,False,,False,,,,,,False,False,,French Polynesia,territory_or_special_case,1.0,True,False,0.0,0.0,,0.7473684210526315,0.0,0.5141100618301323,0.2570550309150661,0.1656968719911636,0.5159160753351565,0.2830016634668928,0.1898002633076942,0.917438205606124,0.917438205606124,0.6906301825960134,0.4947295283219471,0.5,0.897309584570198,0.5690497613665638,0.445395451961428,0.6699740243825332,0.4846882598248445,0.5465959225570989,0.5823092634368294,0.2270808233713737,0.539560019788077,digital_finance_business_informatics,0.4226113816006736,0.70071401286225,42344.0,114.53424862621026,0.0,35999.0,97.37196335478328,0.0,26017.0,70.3721317425872,0.0,0.0144087281005508,0.0088840141022653,0.5,0.0396273307809559,,0.4205214793785928,0.6328239331975453,0.4650267291532735,0.0396273307809559,0.539560019788077,0.7397592094772006,0.7397592094772006,0.5,French Polynesia,partner_embedded_branch,600,1845596.0364673552,1552412.6490865694,0.6657743723299475,0.08077873469654,135593910.64361647,5333.79366500695,25.0,0.0157488838061203,0.0001375753296399,114.53424862621026,0.08,120080.64124480895,518096.7448638345,-356568.3640299188,-4230854.164285878,-310836201.5105028,-4157781.630874601,-305467642.860563,-4565523.826382093,-3831549.7632553536,0.0,inf,-4244.795951247859,128.81414619815294,0.11,0.2991073922812129,0.0897322176843638,False,non_sovereign_or_special_hard_exclusion,31.80687465797917,0.0,189.0,,,,,0.0,0.0,0.0,I_RUSCOMP=0.74; I_FEAS=0.63; I_PROGRAM=0.54,I_MARKET=0.04; I_FIN=0.09; I_ECO=0.42,D_excluded,,,
DEU,Germany,Europe & Central Asia,High income,"A simple multiplier is used to convert the national currencies of EMU members to euros. The following irrevocable euro conversion rate was adopted by the EU Council on January 1, 1999: 1 euro = 1.95583 Deutsche Mark. Please note that historical data before 1999 are not actual euros and are not comparable or suitable for aggregation across countries. GDP data before 1991 are calculated by applying backward GDP growth rates of the former Federal Republic of Germany starting from the first official GDP value for the unified Germany (1991).",62554.55472324357,2024.0,-0.4958518972603656,2024.0,79.09073058949357,2024.0,64.04565058200912,2024.0,82.0211432579125,2024,93.49999579,2024.0,76.7096862792969,2024.0,8.297916889190672,2023.0,10.858454465866073,2023.0,10.19882488250731,2023.0,4.108924984931949,2023.0,75.85993400890624,2024.0,3815110.652336149,2024,4147627.767910743,2024,4750486.507356734,2024,10100457.348557422,11.82405925150672,9.834176255195269,100.0,77.88176570833491,91.21848168299248,57.263569720726,94.93445436184174,11259.81985018384,0.7585993400890624,2.8154788121603125,0.9189495050667968,82.0,206.49735180756107,67.3990649198171,6.6636970304007805,1.7637589441425,157.0,488.73952951890266,129.36043049560985,18.90319208106875,4.613697030400781,410.0,1386.4281587170738,338.38514951890267,47.75448230119166,100.0,5224343287117.361,86.01290588378906,platform_snapshot_world_bank_217_economies,True,False,False,False,False,official_unfriendly_list,84552236.0,2024,8061479.0,2024,10225706.75,2024,2,un_wpp2024_population_by_single_age_sex,UN World Population Prospects 2024,83644258.0,7965332.0,10020134.15,81669909.0,8591807.0,10601513.75,78294607.0,7524534.0,9560392.95,5.802113936767994,-4.588174101441556,eu_member,European Union,Государства-члены ЕС в перечне №430-р,1.0,True,,False,,,,,,False,False,,,,,False,False,0.0,0.0,,0.7473684210526315,0.7753742802702284,0.9009084182705612,0.8381413492703949,1.0,0.9564896324053752,0.1000788003951207,0.2851016144481265,0.6266863493302722,0.6266863493302722,0.9438624184609627,0.7626960496173268,0.5,0.815134124222219,0.8717722204233821,0.9363750074480304,0.9698428989137972,0.7236964859547079,0.7328757835455876,0.6450568245249203,0.2110924888269242,0.6787323978041941,economic_legal,0.799644629054892,0.7911760585727261,7965332.0,3158722.512633168,1.0,8591807.0,3407156.687894396,1.0,7524534.0,2983920.185985179,1.0,0.509640054169398,0.3314420881714318,0.5,0.8808792179690718,,0.6610931215358206,0.851259069932013,0.5412132115217216,0.8808792179690718,0.6787323978041941,0.0,0.0,0.5,Germany,partner_embedded_branch,600,2246242.048191466,1977333.9186822544,1.015322534022812,0.0327230046149571,165028932.414374,6626.117513431818,41.312030686861085,314.60772139215163,9.965154948142646e-05,3158722.512633168,0.08,2121242.623274317,1282010.50504889,941792.9586293384,40884.72724276502,3003755.937325979,-742346.98550719,-54539416.4435292,-1945911.9268280447,90228.69041512188,0.2,7.0,0.4517799240178555,161.1155629181918,0.11,0.8489539600997185,0.3946861880299155,False,unfriendly_country_hard_exclusion,46.92905311869014,0.0,72.0,,,,,0.0,0.0,0.0,I_MARKET=0.88; I_FEAS=0.85; I_PROGRAM=0.68,I_RUSCOMP=0.00; I_FIN=0.39; I_HRSTRAT=0.54,D_excluded,,,
GIB,Gibraltar,Europe & Central Asia,High income,The DEC conversion is not reported when national accounts data are unavailable.,42197.20251358284,,2.599467215537075,,105.33256455543818,,61.98936974538848,,100.0,2024,94.4444715818151,2016.0,75.1643373416554,,5.076377660036088,,4.309919238090515,,5.203724116086962,,3.7608208060264574,,54.32500044070311,,2424.5000000000005,2024,2504.000000000001,2024,2570.5000000000014,2024,6085.225000000002,15.586203688344549,16.552607600641494,33.333333333333336,16.626455463851247,94.5626264325102,66.81716702628889,75.87124949023124,7595.496452444911,0.5432500044070311,2.427850007932656,0.7574375033052733,100.0,178.06725984180954,55.55319326742064,5.69462501983164,1.4192000070512498,187.0,417.6642996045238,104.08923763716405,16.319000052884373,3.64462501983164,480.0,1196.8942122787305,267.3099196045238,62.97138748313523,33.333333333333336,1659573777.6566994,85.54930120249661,platform_snapshot_world_bank_217_economies,True,False,False,True,False,official_unfriendly_list;non_sovereign_or_special,39351.0,2024,4930.0,2024,6086.95,2024,2,un_wpp2024_population_by_single_age_sex,UN World Population Prospects 2024,40888.0,5076.0,6320.25,46041.0,5092.0,6405.1,49819.0,5841.0,7131.15,1.3425101855148114,12.83018867924528,uk_overseas_territory,UK and Crown/Overseas territories,Распоряжение Правительства РФ от 05.03.2022 №430-р / №3216-р,1.0,True,,False,,,,,,False,False,,Gibraltar,territory_or_special_case,1.0,True,False,0.0,0.0,,0.7473684210526315,0.7589377134532113,0.8919481238583808,0.8254429186557961,0.0614911172033377,0.8428651821247809,0.449105041264725,0.4561387838484216,0.5762687131495255,0.5762687131495255,0.9553632148121612,1.0,0.5,0.7998256012561812,0.7301001703886536,0.7120537805823605,0.6867621710156004,0.6715577461310581,0.6498632539602663,0.6982399508543689,0.453325286814943,0.6702422638593954,digital_finance_business_informatics,0.7204403338255594,0.7856574715086071,5076.0,1755.11178302566,0.1846126965536191,5092.0,1760.64405026924,0.1872017143273772,5841.0,2019.6233106093143,0.2194101009031658,0.3460078482548701,0.5326975655731035,0.5,0.2735692188995294,,0.5486237113885899,0.7734204265664397,0.6102525425743104,0.2735692188995294,0.6702422638593954,0.0,0.0,0.5,Gibraltar,partner_embedded_branch,600,2023316.4263646244,1752043.566935089,0.8316653523169946,0.0498475061553832,148650832.19693998,6238.459129882682,25.0,0.1740043129098891,9.919308224840734e-05,1755.11178302566,0.08,121042.0980427312,628886.4702228326,-457533.45456227486,-4990822.237602823,-366670219.89221805,-5046575.323696151,-370766337.7991002,-6111686.29742909,-4209946.466327751,0.0,inf,-421.4882845654497,136.16899058164023,0.11,0.1560216031388202,0.046806480941646,False,unfriendly_country_hard_exclusion;non_sovereign_or_special_hard_exclusion,28.238479506035063,0.0,203.0,,,,,0.0,0.0,0.0,I_FEAS=0.77; I_PROGRAM=0.67; I_HRSTRAT=0.61,I_RUSCOMP=0.00; I_FIN=0.05; I_MARKET=0.27,D_excluded,,,
GRC,Greece,Europe & Central Asia,High income,"A simple multiplier is used to convert the national currencies of EMU members to euros. The following irrevocable euro conversion rate was adopted by the EU Council on January 1, 1999: 1 euro = 340.75 Greek drachma. Please note that historical data before 1999 are not actual euros and are not comparable or suitable for aggregation across countries.",37474.2798239947,2024.0,2.086574338060302,2024.0,89.77652794461684,2024.0,68.01048719456652,2024.0,78.9967856500534,2024,86.26968886,2024.0,165.113418579102,2023.0,1.036021187901497,2023.0,1.492110043764116,2023.0,4.052547276020047,2023.0,1.678208470344546,2023.0,55.751902612656245,2024.0,546984.7271980629,2024,529589.3612328802,2024,523292.1104586295,2024,1312055.5381373262,12.524689408942566,11.852073047152494,100.0,55.363922122847306,90.7079180966413,63.40124686064937,61.36730761389728,6745.370368319046,0.5575190261265625,2.4535342470278128,0.7681392695949218,114.0,179.95103440030908,56.3380993334621,5.758835617569531,1.4420304418025,214.0,422.3737360007726,105.76370391138585,16.49022831351875,3.708835617569531,550.0,1209.4527093353936,272.01935600077263,56.77911863891232,100.0,389924903122.16125,94.5,platform_snapshot_world_bank_217_economies,True,False,False,False,False,official_unfriendly_list,10047814.0,2024,1039602.0,2024,1266996.9,2024,2,un_wpp2024_population_by_single_age_sex,UN World Population Prospects 2024,9897121.0,1066455.0,1289882.7,9496502.0,986529.0,1256087.1,8812069.0,740990.0,935390.45,-2.620052195443812,-27.48251837163178,eu_member,European Union,Государства-члены ЕС в перечне №430-р,1.0,True,,False,,,,,,False,False,,,,,False,False,0.0,0.0,,0.7473684210526315,1.0,1.0,1.0,0.7416505488567424,0.8086067248585082,0.3912715622368626,0.3547487486681396,0.7238995734619245,0.7238995734619245,0.8558196244802054,0.7227773819283643,0.5,0.708238884686496,0.5524193962114586,0.6603564448971359,0.564953636730735,0.6897277918128321,0.6236083573798834,0.675519339698301,0.3693578740956288,0.6546667339396723,diplomatic_analytic,0.6931226826703089,0.7755333770607871,1066455.0,514645.9430330631,0.8127317760932073,986529.0,476075.54705492937,0.8081701520936593,740990.0,357584.23686706834,0.7887496635647827,0.1767416388348847,0.0874097780153234,0.5,0.7017243927849943,,0.64089812363148,0.6578256094685527,0.5680976053219741,0.7017243927849943,0.6546667339396723,0.0,0.0,0.5,Greece,partner_embedded_branch,600,2054012.0567184195,1736558.408606643,0.8141910537019308,0.0752783659169184,150906006.3938399,6125.36131165155,25.0,50.59010852364848,9.835200363274228e-05,514645.9430330631,0.08,417487.3857628893,698310.5812670372,-224958.34900278493,-4126311.040026933,-303155533.1686348,-4364655.046470276,-320666405.1436201,-4943417.418328175,-3900613.0687246975,0.0,inf,-0.7259467976729719,138.93686554467342,0.11,0.26580309887526,0.079740929662578,False,unfriendly_country_hard_exclusion,35.35000983211042,0.0,155.0,,,,,0.0,0.0,0.0,I_MARKET=0.70; I_FEAS=0.66; I_PROGRAM=0.65,I_RUSCOMP=0.00; I_FIN=0.08; I_HRSTRAT=0.57,D_excluded,,,
GRL,Greenland,Europe & Central Asia,High income,,71037.53722396232,2023.0,0.8659619869981583,2023.0,91.89009943758208,2023.0,60.98765647565983,2023.0,88.3195347935238,2024,69.4824617821988,2017.0,75.1643373416554,,5.347278594970704,2023.0,11.79028403759003,2023.0,8.44834089279173,2023.0,10.46758854389192,2023.0,74.19904516246447,2023.0,3521.2368619427853,2024,3493.75491633737,2024,4232.710548852796,2024,8919.711525263912,15.242930718162274,12.016386191601129,93.33333333333331,0.2755239712329,80.97009065204747,62.60834656519116,92.42302989186643,12786.756700313215,0.7419904516246447,2.7855828129243605,0.9064928387184836,71.0,204.30467159799912,66.48544816583296,6.588957032310901,1.7371847225994317,136.0,483.2578289949978,127.41138142044367,18.703885419495737,4.538957032310901,355.0,1371.8102906533277,332.9034489949978,49.74306580119891,93.33333333333331,4037489465.661123,85.54930120249661,platform_snapshot_world_bank_217_economies,False,False,False,True,False,non_sovereign_or_special,55864.0,2024,6895.0,2024,8766.55,2024,2,un_wpp2024_population_by_single_age_sex,UN World Population Prospects 2024,55650.0,6774.0,8449.8,54026.0,7349.0,8766.95,49919.0,5927.0,7457.0,3.753343274397048,-11.749390518118762,,,,,False,,False,,,,,,False,False,,Greenland,territory_or_special_case,1.0,True,False,0.0,0.0,,0.7473684210526315,0.7589377134532113,0.8919481238583808,0.8254429186557961,0.1722550884051838,0.993193119699648,0.2536360794561542,0.3685244354570686,0.5517078582841926,0.5517078582841926,0.6514030776547111,0.8458288769098709,0.5,1.0,0.742013447886933,0.8577638373147977,1.0,0.7107461481422894,0.734832953650446,0.5847872523406983,0.3225690930567028,0.6835232715019268,economic_legal,0.8213284785543143,0.7942901264762524,6774.0,2699.5609840167936,0.2322003096605139,7349.0,2928.708838432155,0.2436118524308248,5927.0,2362.0162315127745,0.2366282019159166,0.5231496317814878,0.2633661134528726,0.5,0.3028644973034823,,0.5648781894222685,0.8263557440506695,0.5511355149484239,0.3028644973034823,0.6835232715019268,0.7644885889440036,0.7644885889440036,0.5,Greenland,partner_embedded_branch,600,2292842.570718833,2007704.5376824872,1.0385232828842192,0.0382017363088527,168452621.54388487,6764.270197355363,25.0,0.4069639506156097,0.000150830424085,2699.5609840167936,0.08,122642.70155764528,776998.9648887623,-592196.3461400161,-6051492.161763653,-444596472.48339766,-6464700.665924708,-474954446.7547559,-7395381.29930091,-5540814.685770284,0.0,inf,-215.12398577498544,162.40157409417964,0.11,0.0,0.0,False,non_sovereign_or_special_hard_exclusion,40.83610370762791,0.0,113.0,,,,,0.0,0.0,0.0,I_FEAS=0.83; I_RUSCOMP=0.76; I_PROGRAM=0.68,I_FIN=0.00; I_MARKET=0.30; I_HRSTRAT=0.55,D_excluded,,,
GUM,Guam,East Asia & Pacific,High income,,13592.463593743454,,5.099864262167927,2022.0,71.86685962373372,2022.0,59.1528957274226,,94.1726346571831,2024,80.5054655600831,2017.0,38.093350068095845,,4.579174399375919,2023.0,6.636583387851717,2023.0,3.584094882011413,2023.0,6.253832638263701,2023.0,60.172862740966,,12040.000000000004,2024,11488.500000000007,2024,11581.000000000002,2024,28739.95000000001,16.8271616101619,14.545207020006696,73.33333333333334,12.165966658608228,66.39300737723462,54.15792186550416,78.7251158550018,3000.0,0.6017286274096599,2.533111529337388,0.801296470557245,267.0,185.78751876310963,58.769967817962346,5.957778823343469,1.512765803855456,504.0,436.9649469077741,110.951690011653,17.02074352891592,3.907778823343469,1303.0,1248.3626050873977,286.61056690777406,23.41868750516293,73.33333333333334,2280502764.3674955,74.42800502042874,platform_snapshot_world_bank_217_economies,False,False,False,True,False,non_sovereign_or_special,167790.0,2024,23530.0,2024,28741.9,2024,2,un_wpp2024_population_by_single_age_sex,UN World Population Prospects 2024,170199.0,24018.0,29115.15,179448.0,28435.0,33595.6,191466.0,26153.0,32167.25,15.388723740045984,10.482858580498466,,,,,False,,False,,,,,,False,False,,Guam,territory_or_special_case,1.0,True,False,0.0,0.0,,0.7473684210526315,0.3646450430712127,0.6770018731894288,0.5208234581303208,0.1010886586662487,0.5159160753351565,0.7310482432625014,0.238018379194829,0.5067216393612151,0.5067216393612151,0.785629198352104,0.9230842741554116,0.5,0.9094603922213575,0.7082349065470077,0.6393190683423715,0.7873394387831236,0.5385515922351951,0.5179222164967382,0.5983507213757655,0.4352303248218979,0.5718077687005872,digital_finance_business_informatics,0.4226113816006736,0.7216750496553817,24018.0,1973.008115851551,0.1975462100623106,28435.0,2335.851685162748,0.2185374282180239,26153.0,2148.392091509103,0.2262055916090512,0.7377631969515951,0.4723180701675263,0.5,0.2972987719991345,,0.4731754471614764,0.7634704184741147,0.5252860509458971,0.2972987719991345,0.5718077687005872,0.7502151029835665,0.7502151029835665,0.5,Guam,partner_embedded_branch,600,1788198.8456775208,1545227.092396358,0.6657743723299475,0.0520365079356947,131377002.17319722,5347.510481114441,25.0,0.2777138646112008,0.0001408298915021,1973.008115851551,0.08,121425.67468968882,504606.7173090685,-342812.50523465424,-4094329.611514269,-300805892.79538065,-4217797.111844365,-309876914.23038244,-4659157.204115443,-3777249.46198835,0.0,inf,-230.83807786269884,124.97926869854416,0.11,0.2894455747810712,0.0868336724343213,False,non_sovereign_or_special_hard_exclusion,45.09713116447604,0.0,80.0,,,,,0.0,0.0,0.0,I_FEAS=0.76; I_RUSCOMP=0.75; I_PROGRAM=0.57,I_FIN=0.09; I_MARKET=0.30; I_ECO=0.47,D_excluded,,,
HKG,"Hong Kong SAR, China",East Asia & Pacific,High income,"On 1 July 1997 China resumed its exercise of sovereignty over Hong Kong. Unless otherwise noted, data for China do not include data for Hong Kong SAR, China; Macao SAR, China; or Taiwan, China. Agriculture value added includes mining and quarrying.",66153.97466510782,2024.0,2.5049875846682568,2024.0,359.50671066746366,2024.0,91.7510158754355,2024.0,100.0,2024,95.75536971,2024.0,120.08978583196,2024.0,10.88384974002837,2023.0,9.05552101135255,2023.0,11.23032212257382,2023.0,4.711423754692081,2023.0,71.91167414520109,2024.0,284897.9657332128,2024,280005.9729191666,2024,402755.8315146584,2024,746144.0628339758,9.295370430212714,5.489963310873826,100.0,44.694945294429786,99.9233466312272,85.69041809423616,95.75869165539744,11907.715439719406,0.7191167414520109,2.74441013461362,0.8893375560890081,75.0,201.28491914904748,65.22721797876977,6.486025336534048,1.7005867863232176,143.0,475.7084478726186,124.72715702137552,18.42940089742413,4.4360253365340485,373.0,1351.6786076603164,325.3540678726186,51.89380095091023,100.0,497749120777.7377,94.5,platform_snapshot_world_bank_217_economies,False,False,False,True,False,non_sovereign_or_special,7414915.0,2024,556706.0,2024,735315.95,2024,2,un_wpp2024_population_by_single_age_sex,UN World Population Prospects 2024,7378600.0,537431.0,690539.9,7051630.0,507120.0,615806.25,6090616.0,280121.0,354230.6,-10.82249555746163,-48.7023704205941,,,,,False,,False,,,,,,False,False,,"Hong Kong SAR, China",territory_or_special_case,1.0,True,False,0.0,0.0,,0.7473684210526315,1.0,1.0,1.0,0.7720670221481927,0.9726366748971276,0.438451577373214,1.0,1.0,1.0,0.9713259028345276,1.0,0.5,0.8416301182745818,0.9854925206186608,0.9826977419073176,0.8919055133911625,0.9779188488381756,0.9730198036379972,0.8876408394696274,0.7753806309492856,0.951868762498134,diplomatic_analytic,0.8094186146468259,0.9687146956237872,537431.0,378309.4618643691,0.7786999526965797,507120.0,356972.88452035486,0.7762401302912328,280121.0,197183.31240086435,0.7232757697407786,0.2169369932658577,0.0,0.5,0.6704685323273213,,0.8387137416106903,0.8977946235883665,0.8795764661640357,0.6704685323273213,0.951868762498134,0.8307360521894978,0.8307360521894978,0.5,"Hong Kong SAR, China",partner_embedded_branch,600,2214852.557294743,1969223.9639881933,1.0108821346284431,0.0224851828105593,162722781.04663175,6829.043211186046,25.0,67.21285993274648,0.0001777588884934,378309.4618643691,0.08,560639.5438349962,856308.703925795,-227164.46377673524,-4498640.290172007,-330510153.6146182,-4495614.873219984,-330287879.55911165,-5298058.711333793,-3615673.9583817134,0.0,inf,-0.4949121981374605,152.25284692134494,0.11,0.2447200395468955,0.0734160118640686,False,non_sovereign_or_special_hard_exclusion,63.42071523520785,0.0,15.0,,,,,0.0,0.0,0.0,I_PROGRAM=0.95; I_FEAS=0.90; I_HRSTRAT=0.88,I_FIN=0.07; I_MARKET=0.67; I_RUSCOMP=0.83,D_excluded,,,
HUN,Hungary,Europe & Central Asia,High income,,40686.93192633433,2024.0,0.5601178431404321,2024.0,146.5045615059015,2024.0,59.523153420336286,2024.0,70.491825943218,2024,93.77898628,2024.0,60.5168685913086,2024.0,2.609312266111376,2023.0,2.989591747522352,2023.0,2.228165566921231,2023.0,5.123242676258084,2023.0,48.01271265116941,2024.0,498264.51540987066,2024,498978.00399689766,2024,554484.348035042,2024,1246760.476022537,12.825123493429077,11.20891829471683,100.0,53.33626496769303,78.3084781744895,64.60625075910148,67.40729310979658,7323.647746740179,0.4801271265116941,2.314228827721049,0.7100953448837706,97.0,169.73387344884154,52.08094893701731,5.410572069302623,1.3182034024187106,180.0,396.8308336221039,96.68178306563694,15.56152551814033,3.3605720693026235,459.0,1141.338302992277,246.4764536221039,71.12549535938577,100.0,389051087730.1841,81.15506057739258,platform_snapshot_world_bank_217_economies,True,False,False,False,False,official_unfriendly_list,9676136.0,2024,1009139.0,2024,1261633.55,2024,2,un_wpp2024_population_by_single_age_sex,UN World Population Prospects 2024,9585819.0,1011718.0,1246257.55,9259903.0,1005000.0,1259478.15,8725349.0,889197.0,1124523.15,1.0608240648170897,-9.767996992275007,eu_member,European Union,Государства-члены ЕС в перечне №430-р,1.0,True,,False,,,,,,False,False,,,,,False,False,3.0,1.0,Corvinus University of Budapest; National University of Public Service; Eotvos Lorand University,0.7473684210526315,0.603145003502097,0.8070186757580533,0.7050818396300751,0.7413710422139534,0.8323459935121721,0.2191492857096542,0.7244867135740469,0.5157999312569483,0.5157999312569483,0.9472596604413472,0.6105199361279945,0.5,0.8597406145014991,0.6216072460238088,0.5784266576128616,0.6296869237895126,0.6486590247537197,0.6619372943099884,0.6707621936498883,0.5223517424282899,0.6550700731973425,digital_finance_business_informatics,0.7122117336255138,0.7757955475782725,1011718.0,260814.38636353292,0.7375761174593812,1005000.0,259082.52921797443,0.7406951877658018,889197.0,229229.2614259057,0.7398399715768199,0.3247843768837737,0.2672095523812848,0.5,0.6588178448511386,,0.6316945319224546,0.6968412324742267,0.6235915884814388,0.6588178448511386,0.6550700731973425,0.0,0.0,0.5,Hungary,partner_embedded_branch,600,2008148.6724143384,1711444.9996995025,0.7958170139884677,0.0666949288556701,147536473.9987418,6198.148233456821,25.0,33.33712304253692,0.0001278859191384,260814.38636353292,0.08,318363.2930828476,654978.572674582,-284216.9937777679,-4272062.013406377,-313863696.8567518,-4466189.52180154,-328126031.3582852,-5129578.014688443,-3897696.320051763,0.0,inf,-1.375498005635047,131.80661767791457,0.11,0.2494571902068356,0.0748371570620507,False,unfriendly_country_hard_exclusion,35.0601724525867,0.0,161.0,,,,,0.0,0.0,0.0,I_FEAS=0.70; I_MARKET=0.66; I_PROGRAM=0.66,I_RUSCOMP=0.00; I_FIN=0.07; I_HRSTRAT=0.62,D_excluded,,,
ISL,Iceland,Europe & Central Asia,High income,,67310.05735736161,2024.0,-0.9706764689183842,2024.0,85.96719326813033,2024.0,64.8920846344191,2024.0,94.1819039916522,2024,98.209198,2024.0,76.5200729370117,2023.0,10.88584661483767,2023.0,12.04782330989839,2023.0,8.99110698699948,2023.0,8.50082623958589,2023.0,102.7545226128763,2024.0,24547.43989684085,2024,25517.15520969129,2024,29611.178206513297,2024,63389.62529946312,16.21064442774362,14.732707377359896,100.0,27.7768119443662,96.0469992651582,59.11076209731591,99.36296886765622,12115.81032432509,1.027545226128763,3.299581407031773,1.1206589195965724,92.0,242.0031788847756,82.19315953532316,7.873953517579434,2.194072361806021,181.0,577.5040972119389,160.92116567535606,22.13054271354516,5.823953517579434,481.0,1623.1336725651704,427.1497172119389,34.61386578747799,100.0,26015741028.96441,85.95602188110351,platform_snapshot_world_bank_217_economies,True,False,False,False,False,official_unfriendly_list,393404.0,2024,50958.0,2024,64520.55,2024,2,un_wpp2024_population_by_single_age_sex,UN World Population Prospects 2024,402332.0,52129.0,65283.85,423581.0,50163.0,63145.95,432997.0,46407.0,58625.4,-3.274776227198617,-10.199229978011404,state,,Распоряжение Правительства РФ от 05.03.2022 №430-р,1.0,True,,False,,,,,,False,False,,,,,False,False,0.0,0.0,,0.7473684210526315,0.7733575238639858,0.8998089957841774,0.8365832598240817,0.4043670588964376,0.977636908639269,0.0465378796438058,0.3299205365389807,0.6474399367515,0.6474399367515,1.0,0.9232066206270751,0.5,1.0,0.9855803362023842,0.8821385119904845,1.0,0.7553848994622887,0.7481336146494696,0.6660073638195991,0.2165674737809107,0.6997833529253111,diplomatic_analytic,0.8123703965841598,0.8048591794014522,52129.0,21297.50224752425,0.4605613447719247,50163.0,20494.285431191063,0.4593456243688144,46407.0,18959.757271400907,0.4656889903993054,0.2574357084638434,0.278281619281235,0.5,0.4526551480992131,,0.5673901861733438,0.9259516771861172,0.5558132720569537,0.4526551480992131,0.6997833529253111,0.0,0.0,0.5,Iceland,partner_embedded_branch,600,2399493.268933093,2146391.446140376,1.1538550307084898,0.0162906310190542,176288131.02591854,6714.636567058371,25.0,2.145421571322,0.0001007883010579,21297.50224752425,0.08,133829.49708917234,848394.0652600834,-646693.0429501045,-6500394.086545227,-477576803.1049827,-6664509.656108582,-489634193.4736759,-7111374.903807393,-6036877.025518765,0.0,inf,-44.89138811259945,185.88157359687585,0.11,0.0,0.0,False,unfriendly_country_hard_exclusion,28.77933658417461,0.0,202.0,,,,,0.0,0.0,0.0,I_FEAS=0.93; I_PROGRAM=0.70; I_ECO=0.57,I_RUSCOMP=0.00; I_FIN=0.00; I_MARKET=0.45,D_excluded,,,
IRL,Ireland,Europe & Central Asia,High income,"A simple multiplier is used to convert the national currencies of EMU members to euros. The following irrevocable euro conversion rate was adopted by the EU Council on January 1, 1999: 1 euro = 0.787564 Irish pound. Please note that historical data before 1999 are not actual euros and are not comparable or suitable for aggregation across countries.",119037.7311754428,2024.0,2.599467215537075,2024.0,246.16987485740103,2024.0,60.56356436318626,2024.0,64.3470379255585,2024,97.18769836,2024.0,77.5933380126953,2022.0,11.13801860809323,2023.0,11.435084819793673,2023.0,12.24554729461672,2023.0,6.313380897045137,2023.0,80.19291950140625,2024.0,366622.4316505864,2024,348550.9588000665,2024,326006.2834870249,2024,861876.2180198141,16.095100850423464,17.133271506568633,100.0,64.43866867910747,87.34496535720041,79.92154222784329,98.65522384792158,14000.0,0.8019291950140626,2.8934725510253125,0.9514468962605468,68.0,212.2176933933801,69.78254058057504,6.858681377563282,1.8330867120225005,131.0,503.0403834834503,134.44517857189345,19.42315034016875,4.808681377563282,343.0,1424.5637692892003,352.6860034834503,44.2427191443672,100.0,642302599499.1425,86.27800140380859,platform_snapshot_world_bank_217_economies,True,False,False,False,False,official_unfriendly_list,5255018.0,2024,696514.0,2024,839389.0,2024,2,un_wpp2024_population_by_single_age_sex,UN World Population Prospects 2024,5356947.0,738250.0,891121.75,5686868.0,736443.0,927221.4,5970043.0,619020.0,773494.2,4.051034552798205,-13.199941534363855,eu_member,European Union,Государства-члены ЕС в перечне №430-р,1.0,True,,False,,,,,,False,False,,,,,False,False,0.0,0.0,,0.7473684210526315,0.784772934778085,0.9060320376009422,0.8454024861895135,0.8038316742390568,1.0,0.449105041264725,1.0,0.5413096084668395,0.5413096084668395,0.98876723934563,0.5294145303854151,0.5,0.9120791366731174,0.996669980221785,1.0,0.9947695328312066,0.8642868634553297,0.8971970573533875,0.7915523384935108,0.7796420165058899,0.8747874364129122,economic_legal,0.8908025689936657,0.9186118336683928,738250.0,384206.8194895909,0.7804104032919243,736443.0,383266.4040167596,0.7841218599212803,619020.0,322156.0520155049,0.7772731987693906,0.3338710888574094,0.2277477861065525,0.5,0.6954729569566204,,0.8025289103309609,0.8855872348391937,0.8196726575551876,0.6954729569566204,0.8747874364129122,0.0,0.0,0.5,Ireland,partner_embedded_branch,600,2495107.4891013806,2212586.933907952,1.205035385459286,0.0251708083353773,183312802.6060404,7492.646676867651,25.0,42.33234188731695,0.0001102385215662,384206.8194895909,0.08,424494.0295353894,973634.0625064037,-471249.3079705018,-5985717.560336606,-439764084.8686141,-5971524.376054371,-438721327.231901,-6963639.960836394,-4941518.147998498,0.0,inf,-1.485741235524299,170.89858412818114,0.11,0.0071152077153363,0.0021345623146009,False,unfriendly_country_hard_exclusion,34.43878255161017,0.0,169.0,,,,,0.0,0.0,0.0,I_FEAS=0.89; I_PROGRAM=0.87; I_HRSTRAT=0.82,I_RUSCOMP=0.00; I_FIN=0.00; I_MARKET=0.70,D_excluded,,,
IMN,Isle of Man,Europe & Central Asia,High income,"Classification for years after 2012 was adjusted and figures were re-estimated by the World Bank, based on the detailed data published by the Cabinet Office, and are not consistent with data for 2011 and before.",42197.20251358284,,-4.165393452132321,2022.0,105.33256455543818,,95.1498044284005,2022.0,52.1633405796294,2024,91.60810962,,75.1643373416554,,5.076377660036088,,4.309919238090515,,5.203724116086962,,3.7608208060264574,,54.32500044070311,,4624.970778241192,2024,4429.972036280884,2024,4386.973517908695,2024,11029.080897580989,13.078240205753865,12.862286109338305,40.0,5.759184110275041,80.08796081602155,61.20195672538576,75.87124949023124,7595.496452444911,0.5432500044070311,2.427850007932656,0.7574375033052733,100.0,178.06725984180954,55.55319326742064,5.69462501983164,1.4192000070512498,187.0,417.6642996045238,104.08923763716405,16.319000052884373,3.64462501983164,480.0,1196.8942122787305,267.3099196045238,62.97138748313523,40.0,3551316563.543132,85.54930120249661,platform_snapshot_world_bank_217_economies,True,False,False,True,False,official_unfriendly_list;non_sovereign_or_special,84183.0,2024,9057.0,2024,11031.6,2024,2,un_wpp2024_population_by_single_age_sex,UN World Population Prospects 2024,84075.0,9324.0,11331.0,82730.0,8410.0,10624.9,77991.0,7057.0,8730.55,-6.231577089400764,-22.94987203247728,crown_dependency,UK and Crown/Overseas territories,Распоряжение Правительства РФ от 23.07.2022 №2018-р / №3216-р,1.0,True,,False,,,,,,False,False,,Isle of Man,territory_or_special_case,1.0,True,False,0.0,0.0,,0.7473684210526315,0.7589377134532113,0.8919481238583808,0.8254429186557961,0.1562702282388171,0.8428651821247809,0.0,0.4561387838484216,1.0,1.0,0.9208250915655808,0.3686012177297982,0.5,0.7998256012561812,0.7301001703886536,0.7120537805823605,0.6867621710156004,0.751007362415522,0.7440257621492605,0.7085293277587702,0.273683270309053,0.7049137863004423,diplomatic_analytic,0.7204403338255594,0.8081939610952875,9324.0,3316.4067422309013,0.2549486294004416,8410.0,2991.310671617533,0.2459566036126056,7057.0,2510.068895315688,0.243312665148107,0.1267163983908104,0.1480143615322775,0.5,0.2754695348682365,,0.5194804600099681,0.7028865354771671,0.5887244408410022,0.2754695348682365,0.7049137863004423,0.0,0.0,0.5,Isle of Man,partner_embedded_branch,600,2057768.6436379529,1755922.930944999,0.8316653523169946,0.0653649621950232,151181998.70257238,6255.530380077814,25.0,0.3349992969332835,0.0001010653444602,3316.4067422309013,0.08,122011.77434810002,638399.2332323875,-465315.5202256965,-5072282.8495603325,-372655041.4460632,-5393305.7216604,-396240238.73409575,-5885631.971371144,-4768812.574818338,0.0,inf,-222.04423664042952,137.6928741594357,0.11,0.1002019084075577,0.0300605725222673,False,unfriendly_country_hard_exclusion;non_sovereign_or_special_hard_exclusion,26.996665891446,0.0,205.0,,,,,0.0,0.0,0.0,I_PROGRAM=0.70; I_FEAS=0.70; I_HRSTRAT=0.59,I_RUSCOMP=0.00; I_FIN=0.03; I_MARKET=0.28,D_excluded,,,
ITA,Italy,Europe & Central Asia,High income,"A simple multiplier is used to convert the national currencies of EMU members to euros. The following irrevocable euro conversion rate was adopted by the EU Council on January 1, 1999: 1 euro = 1936.27 Italian lira. Please note that historical data before 1999 are not actual euros and are not comparable or suitable for aggregation across countries.",53265.00324741888,2024.0,0.6926769484405355,2024.0,62.82376851195257,2024.0,65.04836245761426,2024.0,69.6047535143071,2024,89.2207202,2024.0,75.9496536254883,2023.0,4.2772582769393885,2023.0,2.732510805130008,2023.0,4.508222341537475,2023.0,4.0832451581954965,2023.0,64.90245533351562,2024.0,2885837.839611761,2024,3004184.592685216,2024,3082603.1003720816,2024,7277193.827464413,12.36038619062091,12.494121165649451,100.0,78.55126638368029,84.8756422920332,56.37516714776703,71.83584461368721,9587.700584535398,0.6490245533351562,2.6182441960032814,0.8367684150013671,87.0,192.03145501398623,61.37160792249426,6.170610490008203,1.58843928533625,166.0,452.5747875349656,116.50185556798776,17.588294640021875,4.120610490008203,430.0,1289.9888467599085,302.2204075349656,56.292597198842856,100.0,3140115970004.124,85.78489608764647,platform_snapshot_world_bank_217_economies,True,False,False,False,False,official_unfriendly_list,59342871.0,2024,5929004.0,2024,7325355.8,2024,2,un_wpp2024_population_by_single_age_sex,UN World Population Prospects 2024,58926166.0,5978344.0,7372133.5,56620011.0,5285787.0,6750010.95,51891099.0,4199914.0,5284464.4,-8.438839991164016,-28.318384359154635,eu_member,European Union,Государства-члены ЕС в перечне №430-р,1.0,True,,False,,,,,,False,False,,,,,False,False,0.0,0.0,,0.7473684210526315,0.7672904571328432,0.8965015712633154,0.8318960141980793,1.0,0.9100914989968673,0.2340965672434534,0.1790779595429383,0.6512716888607699,0.6512716888607699,0.8917540663806378,0.5988114168002151,0.5,0.8140048065030383,0.6949576893655351,0.6808200140079181,0.6185738034091708,0.6185103628225064,0.6033303356585316,0.6385045414795946,0.2010854026231443,0.5954031331878169,digital_finance_business_informatics,0.7694934325979988,0.7370120365720809,5978344.0,2098556.333145748,0.968150389093836,5285787.0,1855450.5703434704,0.9590285806477664,4199914.0,1474280.5237315705,0.944565793718031,0.088098908279019,0.0949358275775984,0.5,0.8026742823185433,,0.6493412334867775,0.7044425486172182,0.4967265380763406,0.8026742823185433,0.5954031331878169,0.0,0.0,0.5,Italy,partner_embedded_branch,600,2199750.3040450043,1877681.215287353,0.92914044436904,0.065022639304212,161613235.11285204,6420.640598624633,26.207072555105217,199.5773929249785,9.515176919214212e-05,2098556.333145748,0.08,1350158.1231185065,1018448.4934640094,413185.5091316178,-1946941.961287274,-143039684.2596186,-1728998.025361488,-127027583.02548064,-2777921.1723094787,-337342.68905361893,0.1,inf,0.3224447990155988,153.85901127463373,0.11,0.6901142385918617,0.2770342715775585,False,unfriendly_country_hard_exclusion,41.83237292005586,0.0,103.0,,,,,0.0,0.0,0.0,I_MARKET=0.80; I_FEAS=0.70; I_ECO=0.65,I_RUSCOMP=0.00; I_FIN=0.28; I_HRSTRAT=0.50,D_excluded,,,
JPN,Japan,East Asia & Pacific,High income,Fiscal year end: March 31; reporting period for national accounts data: CY.,46106.92292300441,2024.0,0.1043090217733038,2024.0,46.40695161508589,2024.0,69.77279581019154,2023.0,92.1901718034531,2024,85.54153081,2024.0,64.4907608032227,2023.0,11.41885530948638,2023.0,10.74877572059634,2023.0,10.28528130054474,2023.0,6.657953619956968,2023.0,62.406628442169264,2024.0,5662969.630330083,2024,6103760.618469805,2024,6114133.720970132,2024,14518090.423236448,11.69007074674712,11.52482927205912,100.0,84.2223352215613,83.52881326346056,51.54284335208601,99.04622759665789,8299.246126140793,0.6240662844216927,2.5733193119590467,0.8180497133162694,99.0,188.73650228859952,59.998710953583135,6.058298279897617,1.5485060550747085,187.0,444.3374057214989,113.57300870097735,17.288795413060313,4.008298279897617,483.0,1268.0224952573303,293.98302572149885,54.64022748510544,100.0,5716122875047.876,82.3472282409668,platform_snapshot_world_bank_217_economies,True,False,False,False,False,official_unfriendly_list,123753042.0,2024,11745628.0,2024,14492054.05,2024,2,un_wpp2024_population_by_single_age_sex,UN World Population Prospects 2024,122427730.0,11794533.0,14559781.2,115876151.0,10738524.0,13618702.2,105123163.0,8497093.0,10658489.35,-6.463551801176792,-26.79498954283736,state,,Распоряжение Правительства РФ от 05.03.2022 №430-р,1.0,True,,False,,,,,,False,False,,,,,False,False,0.0,0.0,,0.7473684210526315,0.645411926702262,0.8300602318194078,0.737736079260835,1.0,0.8684392716371577,0.1677525690288999,0.0720775914952265,0.767109349596783,0.767109349596783,0.846952909719373,0.896917634450466,0.5,0.9272323573519132,1.0,0.940257613759988,0.9651016952757336,0.6938466440879627,0.6970323765568796,0.6209372148219191,0.1103475825086959,0.6387603788348242,economic_legal,0.7398331444485504,0.7651942462426358,11794533.0,3368653.3369157687,1.0,10738524.0,3067045.1052322346,1.0,8497093.0,2426866.810965183,0.9993915435136608,0.1451234832275572,0.1124244058187646,0.5,0.831305545379926,,0.6334094273620707,0.8930470149509635,0.4905888736484403,0.831305545379926,0.6387603788348242,0.0,0.0,0.5,Japan,partner_embedded_branch,600,2042400.3216389816,1814043.7386964643,0.8865290596150137,0.023529656710788,150052904.99046218,6304.46380162605,43.1033511020384,328.249346476474,9.749306045708047e-05,3368653.3369157687,0.08,2106658.677857604,1133474.1888615645,1063862.4241049648,909337.0631436828,66807993.75839691,608340.5161847246,44694108.54952392,-981029.3204483368,1663271.825269584,0.6,6.0,0.5140832386175849,142.35062064156097,0.11,1.0,0.72,False,unfriendly_country_hard_exclusion,50.05318935906682,0.0,48.0,,,,,0.0,0.0,0.0,I_FEAS=0.89; I_MARKET=0.83; I_FIN=0.72,I_RUSCOMP=0.00; I_HRSTRAT=0.49; I_ECO=0.63,D_excluded,,,
KAZ,Kazakhstan,Europe & Central Asia,Upper middle income,,35973.96332870171,2024.0,4.999999999969361,2024.0,57.16134319639236,2024.0,57.94279734008037,2024.0,62.072531584162,2024,93.39167254,2024.0,52.8612860406142,2025.0,1.0277027189731611,2023.0,-3.1274695694446537,2023.0,0.4616817012429237,2023.0,-1.91342204809189,2023.0,34.615578279353045,2024.0,1596900.4962119467,2024,1218749.4973037166,2024,1265039.4973983,2024,3384917.7673448985,16.188640850640176,14.28500229190313,100.0,72.44700986248776,71.03181193420721,63.414344703007785,46.19335207635619,6475.313399166308,0.3461557827935304,2.0730804090283548,0.6096168370951478,94.0,152.04718028761204,44.71149345317168,4.807701022570887,1.1038492524696486,170.0,352.6141007190301,80.96027803343291,13.953869393522366,2.757701022570887,426.0,1023.4270152507468,202.2597207190301,88.66576977648373,100.0,740796393997.6864,73.25838581218426,platform_snapshot_world_bank_217_economies,False,True,False,False,False,existing_mgimo_branch,20592575.0,2024,2815650.0,2024,3384917.55,2024,2,un_wpp2024_population_by_single_age_sex,UN World Population Prospects 2024,21083624.0,3080552.0,3613855.1,23125956.0,3946053.0,4685929.5,26544267.0,3820579.0,4726873.6,29.665671985575727,30.798647682360027,,,,,False,branch_or_campus,True,0.0,operational,,Astana,MGIMO branch/campus in Kazakhstan Astana,True,False,,,,,False,False,0.0,0.0,,0.7473684210526315,0.5217190607569447,0.654396121179343,0.5880575909681438,0.8216057770475256,0.7968140764103363,0.7197876117210636,0.142171804311149,0.4770514215828908,0.4770514215828908,0.9425433760364282,0.4993931921142053,0.5,0.5502903117912135,0.5520535789848477,0.4990969610727572,0.3652579927424196,0.437364923044987,0.4587341150368352,0.6738277199723648,0.3732181272751149,0.6080131954483511,digital_finance_business_informatics,0.6833823552195968,0.7452085770414282,3080552.0,577150.1664505334,0.8254064509948813,3946053.0,739304.2369590341,0.8569810207951335,3820579.0,715796.326693207,0.8650899628065728,0.9481121725844254,0.6201313854628627,0.5,0.8014204252349296,,0.6655755540985459,0.5599270096595175,0.519116760682531,0.8014204252349296,0.6080131954483511,0.553095330826739,0.553095330826739,0.5,Kazakhstan,partner_embedded_branch,600,1948753.5632435584,1615215.364220432,0.7128090798013644,0.0968160578749061,143172780.6625847,6067.619397143688,25.0,75.66487313242055,0.0001311691297903,577150.1664505334,0.08,560741.4258246636,651902.8245209565,-39009.17273461632,-3173858.2351159,-233179873.28990656,-3328466.966799272,-244538806.737079,-4165945.46830496,-2417458.2098678444,0.0,inf,-0.084967746689937,121.08784756170802,0.11,0.4326177266984958,0.1297853180095487,False,existing_mgimo_branch_hard_exclusion,55.37898987860856,0.0,21.0,,,,,0.0,0.0,0.0,I_MARKET=0.80; I_ECO=0.67; I_PROGRAM=0.61,I_FIN=0.13; I_HRSTRAT=0.52; I_RUSCOMP=0.55,D_excluded,51.1694,71.4491,city coordinate reference for Astana
KOR,"Korea, Rep.",East Asia & Pacific,High income,,55070.938619412125,2024.0,2.003611018389861,2024.0,84.64249511920376,2024.0,57.50050824109315,2024.0,81.1682528469686,2024,97.89563777,2024.0,111.853302001953,2024.0,9.83365130424502,2023.0,8.739515781402561,2023.0,7.857662320137,2023.0,4.268843114376072,2023.0,59.357639680938846,2024.0,2303579.063749947,2024,2840701.0003499365,2024,3537408.164551681,2024,6736113.73814814,12.489591663130769,8.918563288316857,100.0,70.9356084785046,95.93369934169873,62.13606801715563,92.6389383929567,9912.768951494185,0.5935763968093885,2.5184375142569,0.7951822976070413,80.0,184.7112736706523,58.32153236277179,5.921093785642248,1.4997222348950217,151.0,434.2743341766308,109.9950277072465,16.92291676171266,3.871093785642248,391.0,1241.1876378043485,283.9199541766308,64.25126306952133,100.0,2849979724104.207,94.5,platform_snapshot_world_bank_217_economies,True,False,False,False,False,official_unfriendly_list,51717587.0,2024,5140952.0,2024,6731755.1,2024,2,un_wpp2024_population_by_single_age_sex,UN World Population Prospects 2024,51600391.0,4930540.0,6437491.45,50300726.0,4370081.0,5547466.4,45143134.0,2872040.0,3582302.9,-13.825650207271345,-44.352502402158535,state,,Распоряжение Правительства РФ от 05.03.2022 №430-р,1.0,True,,False,,,,,,False,False,,,,,False,False,0.0,0.0,,0.7473684210526315,1.0,1.0,1.0,0.9894645230125424,0.9197147795725774,0.3819166703696819,0.3212865126366784,0.4662070026288655,0.4662070026288655,0.997387753554629,0.7514387006844164,0.5,0.8221668187591777,0.93930845928729,0.8312374971472644,0.8782452080858697,0.7422395680393014,0.6642934052806603,0.6705431854934555,0.3455385757298799,0.6944345084980843,diplomatic_analytic,0.7759989508453743,0.8013824305237548,4930540.0,2752649.0924606808,0.9981514676595956,4370081.0,2439752.947675035,0.989389700712894,2872040.0,1603418.347586831,0.9538019637502472,0.0928094029783495,0.0,0.5,0.8252891375500248,,0.6962331444805352,0.8389710538988182,0.5711668685005442,0.8252891375500248,0.6944345084980843,0.0,0.0,0.5,"Korea, Rep.",partner_embedded_branch,600,2105316.2433177056,1848440.329943956,0.9116669903267124,0.0354263681422599,154675268.54868418,6504.221273161315,36.30743811770051,276.4957370984226,0.0001004994634588,2752649.0924606808,0.08,1846453.8769670192,1095572.9695292343,838526.7450001235,-98465.25194441975,-7234133.748579381,73390.79850419587,5391941.236224917,-2303043.6189138484,1801940.5448594247,0.5,7.0,0.466265381276384,143.39293611238162,0.11,0.9802785695127274,0.6440835708538182,False,unfriendly_country_hard_exclusion,50.23342612812031,0.0,47.0,,,,,0.0,0.0,0.0,I_FEAS=0.84; I_MARKET=0.83; I_ECO=0.70,I_RUSCOMP=0.00; I_HRSTRAT=0.57; I_FIN=0.64,D_excluded,,,
XKX,Kosovo,Europe & Central Asia,Upper middle income,,15716.292556458631,2024.0,4.573097168116604,2024.0,113.78965196413267,2024.0,45.68064716527042,2024.0,50.3214443938994,2024,89.4430319734879,2018.0,75.1643373416554,,-0.5604243129491805,2023.0,-2.180023401975629,2023.0,-2.0677117109298724,2023.0,-2.257581293582916,2023.0,39.31315739301944,2024.0,133308.78069434088,2024,139683.20227251438,2024,120837.68274077628,2024,327368.9402002046,20.144060852514023,17.244868296155598,93.33333333333331,35.595398231568446,78.49162078947965,54.99258534086423,40.90308252001348,3000.0,0.3931315739301944,2.15763683307435,0.6448486804476458,215.0,158.2488528302719,47.295523679279945,5.019092082685875,1.179010518288311,393.0,368.1182820756797,86.47287584913056,14.517578887162331,2.969092082685875,990.0,1064.7714988684793,217.7639020756797,53.87061309119649,93.33333333333331,25057318186.267487,79.94930120249661,platform_snapshot_world_bank_217_economies,False,False,False,True,False,non_sovereign_or_special,1684797.0,2024,288478.0,2024,345939.4,2024,2,un_wpp2024_population_by_single_age_sex,UN World Population Prospects 2024,1666992.0,280218.0,338619.45,1668690.0,226301.0,284463.95,1643625.0,172408.0,209996.5,-15.99302698058248,-37.98451329361028,,,,,False,,False,,,,,,False,False,,Kosovo,territory_or_special_case,1.0,True,False,0.0,0.0,,0.7473684210526315,0.7589377134532113,0.7837144266309847,0.771326070042098,0.3996906486410488,0.5578162280386001,0.6716503162796591,0.5112597900109921,0.1763976318392363,0.1763976318392363,0.8944611367529176,0.3442899254525031,0.5,0.5351552745442058,0.4822132957153341,0.3855063329799509,0.4062142892885395,0.5064170046910913,0.4087253592422658,0.5816950249469586,0.575416000518459,0.5594239377879159,digital_finance_business_informatics,0.4623840307179089,0.7136255595621452,280218.0,52786.07403862094,0.560924273149411,226301.0,42629.45756879986,0.5405662518559924,172408.0,32477.362099688668,0.5248895259115426,0.0,0.0097082254797043,0.5,0.4782819062299428,,0.5194812603386669,0.5117912732710532,0.5279204179070008,0.4782819062299428,0.5594239377879159,0.7492928439276318,0.7492928439276318,0.5,Kosovo,partner_embedded_branch,600,1787594.790013542,1467471.0903795236,0.5924956883275452,0.1074059198803683,131332622.86802591,5432.404440481863,25.0,7.374036774854047,0.0001397693968045,52786.07403862094,0.08,158456.40011519392,479624.9178266176,-282798.52428529423,-3797877.5551199066,-279025886.30934894,-3811821.2638435466,-280050315.25119513,-4319979.951181179,-3262579.2804616108,0.0,inf,-7.059594306816551,111.48483785023964,0.11,0.3548031206920233,0.106440936207607,False,non_sovereign_or_special_hard_exclusion,48.43613912857928,0.0,57.0,,,,,0.0,0.0,0.0,I_RUSCOMP=0.75; I_PROGRAM=0.56; I_HRSTRAT=0.53,I_FIN=0.11; I_MARKET=0.48; I_FEAS=0.51,D_excluded,,,
LVA,Latvia,Europe & Central Asia,High income,"A simple multiplier is used to convert the national currencies of EMU members to euros. The following irrevocable euro conversion rate entered into force on January 1, 2014: 1 euro = 0.702804 Latvian lats. Please note that historical data are not actual euros and are not comparable or suitable for aggregation across countries. Based on data from EUROSTAT, the new reference year is 2010.",37611.66993594042,2024.0,-0.046108010971352,2024.0,132.26250789592498,2024.0,64.60293563144333,2024.0,68.4839492628509,2024,92.70757011,2024.0,82.917350769043,2024.0,4.875926852226256,2023.0,7.279026746749871,2023.0,8.20555830001831,2023.0,4.137623906135559,2023.0,53.74322093874999,2024.0,102274.00773272583,2024,89146.43921761007,2024,85081.4592884803,2024,229707.10363015204,12.196385025365108,11.313225507052428,100.0,33.97399459316503,90.22825654470878,61.13619699441095,84.04042608269582,6770.100588469276,0.5374322093874999,2.4173779768975,0.753074157040625,111.0,177.29920338637947,55.233169744324776,5.66844494224375,1.40989153502,208.0,415.7441584659487,103.40652078789286,16.24918651265,3.61844494224375,534.0,1191.7738359091964,265.38977846594867,59.88853224898461,100.0,70188039947.53688,87.8752052307129,platform_snapshot_world_bank_217_economies,True,False,False,False,False,official_unfriendly_list,1871874.0,2024,192011.0,2024,230416.25,2024,2,un_wpp2024_population_by_single_age_sex,UN World Population Prospects 2024,1835933.0,192943.0,230259.25,1706427.0,201496.0,246675.55,1513808.0,124574.0,157885.25,7.129485568983651,-31.43152772364194,eu_member,European Union,Государства-члены ЕС в перечне №430-р,1.0,True,,False,,,,,,False,False,,,,,False,False,0.0,0.0,,0.7473684210526315,0.8413999458516584,0.9369019082101564,0.8891509270309075,0.5280148651176871,0.809662926917297,0.1507916388021679,0.631660863861757,0.6403503364525367,0.6403503364525367,0.9342131225784016,0.5840178578831106,0.5,0.8163962121860217,0.721285043564639,0.8468608962893275,0.8151110437824951,0.7593557159108864,0.7395895738412127,0.6692442578578861,0.4393131738379214,0.721737703468768,diplomatic_analytic,0.6939868904439653,0.8191295072546991,192943.0,75922.10480820977,0.6011139914633733,201496.0,79287.66749990951,0.6093829021627108,124574.0,49019.245499333614,0.5701707058524631,0.4352537045153128,0.0393893048403729,0.5,0.556016595692936,,0.5916919104203803,0.770045638933184,0.6213685274468947,0.556016595692936,0.721737703468768,0.0,0.0,0.5,Latvia,partner_embedded_branch,600,1987704.5713889748,1719989.934779569,0.8058739559367153,0.0505899594346995,146034468.38491946,6161.028615692314,25.0,7.738037711243971,0.0001019738359873,75922.10480820977,0.08,165767.30089754914,619872.2294590186,-404515.1502047479,-4715383.494517993,-346434038.420393,-4833672.031587486,-355124567.12149787,-5450960.912936694,-4184332.910009269,0.0,inf,-8.484978064707185,132.9546180242561,0.11,0.1902966388511833,0.057088991655355,False,unfriendly_country_hard_exclusion,33.55969725753384,0.0,177.0,,,,,0.0,0.0,0.0,I_FEAS=0.77; I_PROGRAM=0.72; I_HRSTRAT=0.62,I_RUSCOMP=0.00; I_FIN=0.06; I_MARKET=0.56,D_excluded,,,
LIE,Liechtenstein,Europe & Central Asia,High income,,42197.20251358284,,-1.1574829197563616,2009.0,105.33256455543818,,57.42671889774415,2023.0,14.657584904886,2024,98.2641983,2024.0,46.0189590454102,2021.0,11.39473676681522,2023.0,11.98871481418611,2023.0,11.34861588478086,2023.0,11.28930711746215,2023.0,54.32500044070311,,2027.0629032978447,2024,2163.5209539547154,2024,2383.678213054146,2024,5263.239053126927,12.807639307622797,11.252975438168267,80.0,5.667460332740145,58.27413446013664,53.54067239152856,100.0,7595.496452444911,0.5432500044070311,2.427850007932656,0.7574375033052733,100.0,178.06725984180954,55.55319326742064,5.69462501983164,1.4192000070512498,187.0,417.6642996045238,104.08923763716405,16.319000052884373,3.64462501983164,480.0,1196.8942122787305,267.3099196045238,62.97138748313523,80.0,1706876841.6744258,76.80568771362306,platform_snapshot_world_bank_217_economies,True,False,False,False,False,official_unfriendly_list,39895.0,2024,4133.0,2024,5190.95,2024,2,un_wpp2024_population_by_single_age_sex,UN World Population Prospects 2024,40388.0,4183.0,5230.15,42029.0,4301.0,5401.25,43024.0,4417.0,5546.05,3.2714166897698904,6.039979732894851,state,,Распоряжение Правительства РФ от 05.03.2022 №430-р,1.0,True,,False,,,,,,False,False,,,,,False,False,0.0,0.0,,0.7473684210526315,0.4489430280428106,0.7229564068890741,0.5859497174659424,0.0649925189364724,0.8428651821247809,0.0254737014669567,0.4561387838484216,0.4643977729746613,0.4643977729746613,1.0,0.0,0.5,1.0,1.0,0.9880101075851488,1.0,0.6682098911124349,0.7232020710303834,0.6102873711982765,0.2838727508958357,0.6700689035404807,economic_legal,0.7204403338255594,0.7855447873013124,4183.0,794.8965508796261,0.0971033878880568,4301.0,817.3201208064243,0.1021688741865075,4417.0,839.3636302259883,0.1229070349442039,0.4003163059619072,0.4401336549667318,0.5,0.1932998747643458,,0.4604522800827059,0.8487807959872958,0.5462373950571763,0.1932998747643458,0.6700689035404807,0.0,0.0,0.5,Liechtenstein,partner_embedded_branch,600,1986653.0587109248,1747898.746616942,0.8316653523169946,0.0332682248827949,145957214.90512708,6238.373772299001,25.0,0.0787997527199055,9.918372079118594e-05,794.8965508796261,0.08,120471.91901820624,618828.1680350545,-448849.99557404383,-4902113.464694914,-360152883.92632425,-4992415.083303442,-366787244.5137123,-5358425.625455301,-4590104.080419808,0.0,inf,-913.0719024397644,134.02097707469167,0.11,0.1647407927542762,0.0494222378262828,False,unfriendly_country_hard_exclusion,26.2071063364284,0.0,207.0,,,,,0.0,0.0,0.0,I_FEAS=0.85; I_PROGRAM=0.67; I_HRSTRAT=0.55,I_RUSCOMP=0.00; I_FIN=0.05; I_MARKET=0.19,D_excluded,,,
LTU,Lithuania,Europe & Central Asia,High income,"A simple multiplier is used to convert the national currencies of EMU members to euros. The following irrevocable euro conversion rate entered into force on January 1, 2015: 1 euro = 3.45280 Lithuanian litas. Please note that historical data are not actual euros and are not comparable or suitable for aggregation across countries.",47165.366564305084,2024.0,2.772631245302847,2024.0,143.04839086337967,2024.0,63.58861785368333,2024.0,68.8285833315315,2024,89.16116293,2024.0,75.6177368164062,2024.0,7.35084831714632,2023.0,8.87037324905396,2023.0,9.36629498004914,2023.0,5.194780528545378,2023.0,53.14921053749999,2024.0,142851.14113041043,2024,158488.05692871276,2024,185475.60122957,2024,384803.2186124297,13.124957351581203,11.614274026771469,100.0,41.43419010985084,84.4114101038648,76.4963106400235,93.12497934099235,8489.765981574916,0.5314921053749999,2.406685789675,0.7486190790312499,88.0,176.51499988360732,54.90641828483638,5.641714474187499,1.4003873686,165.0,413.7836497090183,102.70945100765094,16.177905264499998,3.5917144741875,423.0,1186.545812557382,263.4292697090183,68.56957586565913,100.0,136226690609.61797,85.68532104492185,platform_snapshot_world_bank_217_economies,True,False,False,False,False,official_unfriendly_list,2859113.0,2024,298296.0,2024,380917.35,2024,2,un_wpp2024_population_by_single_age_sex,UN World Population Prospects 2024,2797338.0,283790.0,360567.65,2597390.0,286789.0,346828.9,2258767.0,189381.0,237022.95,-3.810311324379767,-34.26394464395239,eu_member,European Union,Государства-члены ЕС в перечне №430-р,1.0,True,,False,,,,,,False,False,,,,,False,False,0.0,0.0,,0.7473684210526315,0.7637601393662323,0.894577040008733,0.8291685896874826,0.6106325735414623,0.8749899416848015,0.4686309086019887,0.7019603290070049,0.6154804335773966,0.6154804335773966,0.8910288428868869,0.5885667025125308,0.5,0.8628866234294138,0.830123450509071,0.8989875476439698,0.8839019276277534,0.7756323700057512,0.7843550690495544,0.7265793622128472,0.6086285608449984,0.763160389067111,economic_legal,0.7446577886380835,0.8460542528936221,283790.0,110053.97819003032,0.6421666850529978,286789.0,111216.9926746559,0.6469112830566999,189381.0,73442.09606965055,0.6146399137278021,0.3620801501453897,0.0605611828582228,0.5,0.579248150653865,,0.6962432806864621,0.809211757826841,0.7085268338535047,0.579248150653865,0.763160389067111,0.0,0.0,0.5,Lithuania,partner_embedded_branch,600,2031725.3690274933,1772620.1448283112,0.84970143320703,0.0419734132780949,149268627.964544,6388.013525276904,25.0,11.462827111054718,0.0001042106610096,110053.97819003032,0.08,190295.7068383952,653534.7059217646,-410956.2226096282,-4832703.731232378,-355053427.15953845,-4640983.377758345,-340967943.68219006,-5195808.409430992,-4244995.453057319,0.0,inf,-5.612262703499258,134.75651110035173,0.11,0.2213173451350022,0.0663952035405006,False,unfriendly_country_hard_exclusion,35.7373491962493,0.0,154.0,,,,,0.0,0.0,0.0,I_FEAS=0.81; I_PROGRAM=0.76; I_HRSTRAT=0.71,I_RUSCOMP=0.00; I_FIN=0.07; I_MARKET=0.58,D_excluded,,,
LUX,Luxembourg,Europe & Central Asia,High income,"A simple multiplier is used to convert the national currencies of EMU members to euros. The following irrevocable euro conversion rate was adopted by the EU Council on January 1, 1999: 1 euro = 40.3399 Luxembourg franc. Please note that historical data before 1999 are not actual euros and are not comparable or suitable for aggregation across countries.",128475.2798027382,2024.0,0.3586125394206902,2024.0,351.2679211531919,2024.0,81.1809383770858,2024.0,94.8438702866393,2024,99.12902211,2025.0,22.4103698730469,2024.0,13.39949309825896,2023.0,12.267043113708532,2023.0,13.503442406654337,2023.0,7.378011822700469,2023.0,88.27667803226561,2024.0,35269.63515049459,2024,37612.3939447151,2024,48558.68019270856,2024,94733.43518192857,13.768774048392924,12.05985798919807,100.0,33.0521450332392,64.51751346954245,77.36880030385453,99.86331333171496,14000.0,0.8827667803226561,3.038980204580781,1.012075085241992,72.0,222.88974853269096,74.22923022195455,7.222450511451953,1.96242684851625,140.0,529.7205213317275,143.9314498068364,20.393201363871874,5.172450511451952,369.0,1495.710803551273,379.36614133172736,40.0,100.0,86979306129.81139,69.72311096191406,platform_snapshot_world_bank_217_economies,True,False,False,False,False,official_unfriendly_list,673043.0,2024,72455.0,2024,94177.85,2024,2,un_wpp2024_population_by_single_age_sex,UN World Population Prospects 2024,687443.0,74441.0,94850.3,740633.0,81854.0,102299.75,791462.0,82972.0,104504.95,7.853902412538494,10.178829165537696,eu_member,European Union,Государства-члены ЕС в перечне №430-р,1.0,True,,False,,,,,,False,False,,,,,False,False,0.0,0.0,,0.7473684210526315,0.1978384755788956,0.5860682876508121,0.3919533816148538,0.5547374246326422,1.0,0.1964276741052768,1.0,1.0,1.0,1.0,0.9319439513191254,0.5,0.9588982441799352,1.0,1.0,1.0,0.8099854317546418,1.0,0.8581931189597547,0.6785710696421108,0.9428405917811944,economic_legal,0.8987796990467255,0.9628463846577764,74441.0,9562.508699027452,0.3720243491383243,81854.0,10514.764539033504,0.3853395955243905,82972.0,10658.38008322975,0.4023384404007945,0.5550074316815218,0.4974291590012672,0.5,0.4078652626832533,,0.7625718053482317,0.9394678606915848,0.8468485684765351,0.4078652626832533,0.9428405917811944,0.0,0.0,0.5,Luxembourg,partner_embedded_branch,600,2525248.6006681914,2265510.581593457,1.2497450511451955,0.0133170706478513,185527236.9176313,7635.345402837895,25.0,1.0887307086433482,0.0001139133919561,9562.508699027452,0.08,127980.3216107217,914044.4049788398,-712940.5309698109,-6991276.47094537,-513641391.9162384,-6941265.353563495,-509967130.1344211,-7805062.945543044,-6427468.479947479,0.0,inf,-85.7638254593004,173.0874960435167,0.11,0.0,0.0,False,unfriendly_country_hard_exclusion,31.08552928373582,0.0,194.0,,,,,0.0,0.0,0.0,I_PROGRAM=0.94; I_FEAS=0.94; I_HRSTRAT=0.85,I_RUSCOMP=0.00; I_FIN=0.00; I_MARKET=0.41,D_excluded,,,
MAC,"Macao SAR, China",East Asia & Pacific,High income,"On 20 December 1999 China resumed its exercise of sovereignty over Macao. Unless otherwise noted, data for China do not include data for Hong Kong SAR, China; Macao SAR, China; or Taiwan, China.",111693.50283143437,2024.0,7.849602070105249,2024.0,142.07943455075963,2024.0,90.86120292250152,2023.0,100.0,2024,89.82640076,2024.0,141.864795918367,2024.0,7.62979328632353,2023.0,5.482670962810517,2023.0,12.559800982475252,2023.0,7.49737370014192,2023.0,56.71454843759364,2024.0,27971.715440446867,2024,37951.0488064353,2024,48603.30762212629,2024,87794.25267683901,12.000575718249111,7.186204376881114,100.0,20.35672984596988,97.12942151839964,98.19461796029876,91.8253375988173,14000.0,0.5671454843759364,2.4708618718766857,0.7753591132819523,55.0,181.2219047861749,56.86762866090619,5.802154679691714,1.4574327750014984,104.0,425.5509119654372,106.8933664765999,16.605745812511238,3.7521546796917136,268.0,1217.9251785744991,275.19653196543715,66.98128720460501,100.0,76733436445.1954,94.5,platform_snapshot_world_bank_217_economies,False,False,False,True,False,non_sovereign_or_special,720270.0,2024,69116.0,2024,92046.65,2024,2,un_wpp2024_population_by_single_age_sex,UN World Population Prospects 2024,723196.0,64544.0,86067.05,723767.0,78232.0,93485.2,668857.0,43744.0,57245.35,8.61903597253535,-33.48749608590047,,,,,False,,False,,,,,,False,False,,"Macao SAR, China",territory_or_special_case,1.0,True,False,0.0,0.0,,0.7473684210526315,1.0,1.0,1.0,0.5391228319915242,1.0,1.0,0.6956449340846016,1.0,1.0,0.899129383815776,1.0,0.5,0.9641474027732824,0.8423904765544376,1.0,0.7374579984533912,0.8740056094201782,0.888608540649921,0.9345256933675344,0.817386960450761,0.914962796029132,digital_finance_business_informatics,0.8837270222523421,0.9447258174189356,64544.0,48376.58519111298,0.551278670793249,78232.0,58635.92297767648,0.5759208346991664,43744.0,32786.708952033434,0.5259322545070069,0.7988150194227658,0.0707302488628623,0.5,0.5584770050264218,,0.8791259142341562,0.8676729345930742,0.8856089276772183,0.5584770050264218,0.914962796029132,0.8277693509241795,0.8277693509241795,0.5,"Macao SAR, China",partner_embedded_branch,600,2329983.619644389,2058247.3247101249,1.080775468890195,0.0291119543895236,171181333.5532917,7432.241403317477,25.0,8.434414250966443,0.0001744399174767,48376.58519111298,0.08,180179.1386964132,815852.9658608956,-570405.5898956107,-6036810.169439071,-443517802.6575022,-6104213.214583425,-448469830.2409082,-7261093.808506061,-5518272.184417968,0.0,inf,-9.099322093362291,149.63772334825225,0.11,0.0,0.0,False,non_sovereign_or_special_hard_exclusion,52.72583466021922,0.0,33.0,,,,,0.0,0.0,0.0,I_PROGRAM=0.91; I_HRSTRAT=0.89; I_ECO=0.88,I_FIN=0.00; I_MARKET=0.56; I_RUSCOMP=0.83,D_excluded,,,
MLT,Malta,Middle East & North Africa,High income,"A simple multiplier is used to convert the national currencies of EMU members to euros. The following irrevocable euro conversion rate entered into force on January 1, 2008: 1 euro = 0.4293 Maltese lira. Please note that historical data are not actual euros and are not comparable or suitable for aggregation across countries. National accounts data source from 1995 to 2015 is Eurostat; prior to 1995 is UN.",62700.49421804613,2024.0,6.799903002244008,2024.0,218.17055242788103,2024.0,81.772969602807,2024.0,95.6546264490509,2024,93.86029816,2024.0,80.5250091552734,2023.0,2.781345367431638,2023.0,4.916293263435365,2023.0,4.811513662338257,2023.0,6.006851851940156,2023.0,62.8345610015372,2024.0,24086.605028289137,2024,26954.52235237866,2024,39429.25113554866,2024,68784.29039166469,11.42990277744222,7.206297407985613,100.0,21.008350177129056,97.4109845778418,99.82758240198028,74.81762163605538,11286.088959248304,0.6283456100153719,2.581022098027669,0.8212592075115289,73.0,189.30145234890216,60.23410681204257,6.077555245069174,1.5553529760245952,138.0,445.7497808722554,114.07518653235748,17.340147320184464,4.027555245069173,357.0,1271.7888289926811,295.3954008722554,60.73057777799242,100.0,35666988034.45289,87.15750274658201,platform_snapshot_world_bank_217_economies,True,False,False,False,False,official_unfriendly_list,539613.0,2024,48417.0,2024,65248.350000000006,2024,2,un_wpp2024_population_by_single_age_sex,UN World Population Prospects 2024,549013.0,50151.0,65245.35,556512.0,54264.0,67690.2,535728.0,44708.0,57381.35,3.7471635909685386,-12.052966226711948,eu_member,European Union,Государства-члены ЕС в перечне №430-р,1.0,True,,False,,,,,,False,False,,,,,False,False,0.0,0.0,,0.7473684210526315,0.8159546358468726,0.9230305522518042,0.8694925940493383,0.4436766412823617,0.9571621941383992,0.9227435448319724,1.0,1.0,1.0,0.948249787854794,0.9426451679146712,0.5,0.8985989568559678,0.629172661312658,0.694440296032478,0.7129745673000574,0.8590457496732613,0.8917162981417336,0.9635862444814756,0.9690974179327888,0.952214821301373,energy_logistics,0.8000591306817542,0.9689396338458924,50151.0,25921.347269797585,0.4822862547444889,54264.0,28047.2171691152,0.4941384488055059,44708.0,23108.04557711931,0.4874521405436473,0.5169269993225152,0.2794868389129485,0.5,0.4934019771196096,,0.8712301279807072,0.771297969588337,0.943678612614947,0.4934019771196096,0.952214821301373,0.0,0.0,0.5,Malta,partner_embedded_branch,600,2205730.2595126075,1909151.42902952,0.9572582538855026,0.0503144466905658,162052575.8631058,6771.527257900493,25.0,2.964366130219866,0.0001144196003502,25921.347269797585,0.08,139270.3546110536,728586.1102645958,-531028.8668323746,-5627379.573018599,-413437387.1121462,-5483591.775517225,-402873455.7962975,-6242466.920807307,-4990120.761253283,0.0,inf,-26.454506024848254,147.09937181746267,0.11,0.0856668690964156,0.0257000607289246,False,unfriendly_country_hard_exclusion,34.45156562104327,0.0,168.0,,,,,0.0,0.0,0.0,I_PROGRAM=0.95; I_HRSTRAT=0.94; I_ECO=0.87,I_RUSCOMP=0.00; I_FIN=0.03; I_MARKET=0.49,D_excluded,,,
FSM,"Micronesia, Fed. Sts.",East Asia & Pacific,Lower middle income,Fiscal year ends on September 30; reporting period for national accounts data: FY. The source for national accounts data is the Pacific and Virgin Islands Training Initiative.,3824.152343954799,2024.0,0.7189901773440255,2024.0,98.42496729666526,2024.0,67.91197591033038,2024.0,22.4562830235421,2024,39.52360153,2024.0,13.3582201004028,2000.0,1.626431167125702,2023.0,4.507784247398376,2023.0,-4.060785114765168,2023.0,7.565450191497801,2023.0,95.8397910812363,2024.0,11660.948160331824,2024,10879.45099224346,2024,10196.954218085708,2024,27129.02855071385,23.74794689781721,21.97691489977696,100.0,13.482849405504249,12.667954215638291,29.42885166004869,61.80579650570103,3000.0,0.958397910812363,3.1751162394622536,1.068798433109272,356.0,232.8744554206237,78.38952475859321,7.562790598655633,2.0834366572997807,694.0,554.6822885515593,152.8067448183322,21.30077492974836,5.512790598655633,1838.0,1562.2755161374914,404.3279085515593,0.0,100.0,432741079.24192506,51.60746603012083,platform_snapshot_world_bank_217_economies,True,False,False,False,False,official_unfriendly_list,113172.0,2024,22540.0,2024,27128.65,2024,2,un_wpp2024_population_by_single_age_sex,UN World Population Prospects 2024,114196.0,22530.0,27125.85,119158.0,22165.0,26689.3,126424.0,21537.0,26026.65,-1.609350490399375,-4.052223248303733,state,,Распоряжение Правительства РФ от 05.03.2022 №430-р,1.0,True,,False,,,,,,False,False,,,,,False,False,0.0,0.0,,0.7473684210526315,0.1015584310196472,0.2359391396817542,0.1687487853507007,0.0,0.1499444721738466,0.237063630423258,0.4111169349932312,0.7214841903100403,0.7214841903100403,0.2865967441727329,0.0,0.5,0.9671411919735314,0.5783835661835887,0.2960008971362475,0.6953154991893391,0.467766308287407,0.4502295321602906,0.3707163917577413,0.3414956131652419,0.4466912868567491,diplomatic_analytic,0.1517231064738464,0.6403493364568869,22530.0,143.3555849989447,0.0,22165.0,141.0331354417048,0.0,21537.0,137.03724962815232,0.0,0.3040634040814681,0.3424450276587945,0.5,0.0817336635301681,,0.2684273499675463,0.5194296313715993,0.3858041003007563,0.0817336635301681,0.4466912868567491,0.0,0.0,0.5,"Micronesia, Fed. Sts.",partner_embedded_branch,600,1957364.329751639,1609280.195106516,0.7062790598655634,0.1057254810982481,143805404.20609018,4699.913059066784,25.0,0.0124828271593216,8.712132949026444e-05,143.3555849989447,0.08,120056.32147428497,562299.0893398777,-397258.8407184025,-4597304.486128683,-337758903.5609396,-4470843.332773547,-328467941.7312064,-5048436.485504055,-3968294.887685241,0.0,inf,-6771.280260884221,168.01886105405146,0.11,0.2487079789772474,0.0746123936931742,False,unfriendly_country_hard_exclusion,19.56722376280221,0.0,217.0,,,,,0.0,0.0,0.0,I_FEAS=0.52; I_PROGRAM=0.45; I_HRSTRAT=0.39,I_RUSCOMP=0.00; I_FIN=0.07; I_MARKET=0.08,D_excluded,,,
MCO,Monaco,Europe & Central Asia,High income,,42197.20251358284,,8.51053758860212,2024.0,105.33256455543818,,87.20303531471933,2024.0,100.0,2024,99.04489899,2024.0,77.4806900024414,2024.0,14.160667896270771,2023.0,10.338292360305772,2023.0,9.45382034778594,2023.0,8.29485356807709,2023.0,54.32500044070311,,1565.0000000000005,2024,1800.5000000000014,2024,1870.000000000001,2024,4207.000000000003,11.062487910893696,12.581670142699297,80.0,12.117654011276828,96.60674660074582,86.20195672538576,100.0,7595.496452444911,0.5432500044070311,2.427850007932656,0.7574375033052733,100.0,178.06725984180954,55.55319326742064,5.69462501983164,1.4192000070512498,187.0,417.6642996045238,104.08923763716405,16.319000052884373,3.64462501983164,480.0,1196.8942122787305,267.3099196045238,62.97138748313523,80.0,1630120130.302219,86.24420700073242,platform_snapshot_world_bank_217_economies,True,False,False,False,False,official_unfriendly_list,38657.0,2024,3368.0,2024,4209.95,2024,2,un_wpp2024_population_by_single_age_sex,UN World Population Prospects 2024,38108.0,3372.0,4235.55,36915.0,3818.0,4683.8,36781.0,4265.0,5292.8,10.583041163485252,24.961339141315776,state,,Распоряжение Правительства РФ от 05.03.2022 №430-р,1.0,True,,False,,,,,,False,False,,,,,False,False,0.0,0.0,,0.7473684210526315,0.7835747933730972,0.9053788781026338,0.8444768357378656,0.0592601585038349,0.8428651821247809,1.0,0.4561387838484216,1.0,1.0,1.0,1.0,0.5,0.9992180500479676,1.0,0.9029181586147388,0.9473572800165332,0.839554523142762,0.8192690099881458,0.9082866537688934,0.673683270309053,0.8739557524555555,digital_finance_business_informatics,0.7204403338255594,0.918071239096111,3372.0,1415.8230719206151,0.1608734737886304,3818.0,1603.087926628977,0.1768112092515982,4265.0,1790.7726576931864,0.206188427944269,0.6258446007521516,0.6441615994435405,0.5,0.2899599828845951,,0.7260093971740491,0.931059428757075,0.811200345596717,0.2899599828845951,0.8739557524555555,0.0,0.0,0.5,Monaco,partner_embedded_branch,600,1946796.540616756,1743373.4218146042,0.8316653523169946,0.0151669256734434,143029000.36291835,6338.761732338671,25.0,0.1559334344461749,0.0001101936106325,1415.8230719206151,0.08,120948.88789157718,608094.9737258,-438498.4879361589,-4799890.209694631,-352642653.82703394,-4695021.084597612,-344938034.5621935,-5287420.953694931,-4009363.577589185,0.0,inf,-443.6335969247389,128.98063038576035,0.11,0.2126178820436341,0.0637853646130902,False,unfriendly_country_hard_exclusion,32.59314399702393,0.0,183.0,,,,,0.0,0.0,0.0,I_FEAS=0.93; I_PROGRAM=0.87; I_HRSTRAT=0.81,I_RUSCOMP=0.00; I_FIN=0.06; I_MARKET=0.29,D_excluded,,,
MNE,Montenegro,Europe & Central Asia,Upper middle income,"Montenegro declared independence from Serbia and Montenegro on June 3, 2006. Where available, data for each country are shown separately. However, for Serbia, some indicators continue to include data for Montenegro through 2005.",28105.70932643356,2024.0,3.164098863299131,2024.0,109.944104480975,2024.0,63.76958532639774,2024.0,65.5422314706266,2024,88.88258428,2024.0,55.1743011474609,2023.0,1.729441806674001,2023.0,-0.2950952835381033,2023.0,2.6194080412387857,2023.0,0.4851160347461701,2023.0,38.937916355422246,2024.0,38550.96514211613,2024,38576.84411969409,2024,37938.16113143295,2024,94199.98177095506,14.930931101378585,13.562805067446511,100.0,25.47853017182745,71.33997245994753,65.32599025157215,56.83350902805098,5059.02767875804,0.3893791635542225,2.1508824943976004,0.6420343726656668,127.0,157.75346531609983,47.0891122150416,5.002206235994001,1.173006661686756,232.0,366.8798132902496,86.03253139208876,14.472549962650673,2.952206235994001,584.0,1061.4689154406658,216.5254332902496,72.66784864479501,100.0,17524612407.764484,73.95229034423826,platform_snapshot_world_bank_217_economies,True,False,False,False,False,official_unfriendly_list,638488.0,2024,78977.0,2024,96459.05,2024,2,un_wpp2024_population_by_single_age_sex,UN World Population Prospects 2024,626244.0,77356.0,93820.15,594142.0,73244.0,89223.95,533299.0,55736.0,69011.45,-4.898947614131933,-26.442827047281416,state,,Распоряжение Правительства РФ от 05.03.2022 №430-р,1.0,True,,False,,,,,,False,False,,,,,False,False,0.0,0.0,,0.7473684210526315,0.546320641944478,0.6678075235056021,0.6070640827250401,0.3551440247617844,0.7255775545574195,0.5127725515642673,0.4861955526117581,0.6199175474372226,0.6199175474372226,0.8876366158449586,0.5451899578102627,0.5,0.6557704454727213,0.5829136145369113,0.5959966719018364,0.4876961482453134,0.5614109617238691,0.587657837714836,0.682664393680133,0.4968263521927618,0.6474808161068515,digital_finance_business_informatics,0.6213099935349092,0.7708625304694534,77356.0,14361.22066470536,0.416990087613548,73244.0,13597.823651244626,0.4138529679136064,55736.0,10347.445511246931,0.3990821027921147,0.2239656918342192,0.1125089412025294,0.5,0.3916272846401931,,0.5785263839425862,0.6163812511048857,0.5984110144443325,0.3916272846401931,0.6474808161068515,0.0,0.0,0.5,Montenegro,partner_embedded_branch,600,1880879.2224744367,1576813.2725785717,0.6845713931114723,0.0843961247569251,138186127.50805214,5883.9553883911485,25.0,1.4061496766394754,9.796396406976998e-05,14361.22066470536,0.08,127942.77308807742,536077.8336239113,-365248.8338459209,-4318958.937512217,-317309162.28419137,-4301533.751348414,-316028953.02444154,-4597020.073835643,-3964225.252028615,0.0,inf,-44.14564996429448,118.27463958650196,0.11,0.2759649175258057,0.0827894752577417,False,unfriendly_country_hard_exclusion,30.9367763304283,0.0,197.0,,,,,0.0,0.0,0.0,I_PROGRAM=0.65; I_FEAS=0.62; I_HRSTRAT=0.60,I_RUSCOMP=0.00; I_FIN=0.08; I_MARKET=0.39,D_excluded,,,
NLD,Netherlands,Europe & Central Asia,High income,"A simple multiplier is used to convert the national currencies of EMU members to euros. The following irrevocable euro conversion rate was adopted by the EU Council on January 1, 1999: 1 euro = 2.20371 Netherlands guilder. Please note that historical data before 1999 are not actual euros and are not comparable or suitable for aggregation across countries.",70498.88403960709,2024.0,1.081005848456627,2024.0,153.83065216635976,2024.0,70.49068161955137,2024.0,95.6396517079336,2024,97.00679779,2024.0,86.5938262939453,2023.0,11.378723382949858,2023.0,11.49753117561342,2023.0,12.536764740943935,2023.0,4.607973873615266,2023.0,79.16758048335936,2024.0,1001574.378670436,2024,1168007.3445407704,2024,1212533.189556176,2024,2715221.658511486,15.049422904812406,14.72097158559491,100.0,69.93011748706269,100.0,78.86401969351097,96.72001396349634,12689.799127129276,0.7916758048335936,2.8750164487004684,0.9437568536251952,74.0,210.86405640690765,69.21852516954486,6.81254112175117,1.81668128773375,143.0,499.6562910172691,133.24194569502905,19.300109658003123,4.762541121751171,375.0,1415.5395227127178,349.3019110172691,45.17011733652401,100.0,1268520612483.4097,88.97814788818359,platform_snapshot_world_bank_217_economies,True,False,False,False,False,official_unfriendly_list,18228740.0,2024,2197948.0,2024,2750722.15,2024,2,un_wpp2024_population_by_single_age_sex,UN World Population Prospects 2024,18448770.0,2173099.0,2742417.4,18977357.0,2028115.0,2561326.75,18958470.0,2035858.0,2536624.3,-6.603321945083918,-7.504076512933445,eu_member,European Union,Государства-члены ЕС в перечне №430-р,1.0,True,,False,,,,,,False,False,,,,,False,False,0.0,0.0,,0.7473684210526315,0.8805034998414845,0.9582189727901318,0.919361236315808,0.8886177478184212,0.9909962804709213,0.2778842903358073,0.7722361891236921,0.7847110822546175,0.7847110822546175,0.986564429455302,0.9424475154568944,0.5,0.8370807190537002,1.0,1.0,0.9974689700710134,0.891253431620438,0.8991211732005535,0.7895753274683852,0.5744954296085382,0.8604427317464274,economic_legal,0.8200840153627555,0.9092877756351778,2173099.0,1186132.2339500969,0.9050605354783452,2028115.0,1106996.310641025,0.9017510541496528,2035858.0,1111222.6352987948,0.9134687275945002,0.1945744697063736,0.3238089421535808,0.5,0.7883404439641215,,0.7776338047218403,0.9145146399262484,0.7579151118300816,0.7883404439641215,0.8604427317464274,0.0,0.0,0.5,Netherlands,partner_embedded_branch,600,2273270.222851094,2028460.4850105632,1.0590070321652054,0.0188067792162253,167014662.67562473,6850.217703140483,25.0,129.77107461671164,0.0001094639075143,1186132.2339500969,0.08,973401.7081871642,1003581.9443721576,50106.31936477905,-3545621.9077532827,-260492941.3785352,-3615571.6795398495,-265632074.1669453,-4410163.872343144,-2565802.2660482884,0.0,inf,0.056365092931872,160.8717129254712,0.11,0.3863970967359092,0.1159191290207727,False,unfriendly_country_hard_exclusion,42.2691945569904,0.0,101.0,,,,,0.0,0.0,0.0,I_FEAS=0.91; I_PROGRAM=0.86; I_MARKET=0.79,I_RUSCOMP=0.00; I_FIN=0.12; I_HRSTRAT=0.76,D_excluded,,,
NCL,New Caledonia,East Asia & Pacific,High income,,13592.463593743454,,-13.5,2024.0,40.36895772428101,2024.0,65.19405940594059,2019.0,67.9514695585577,2024,82.0058408035186,2017.0,38.093350068095845,,1.4141859263181686,,3.92155733704567,,-0.7341233193874348,,5.977532505989073,,60.172862740966,,21320.46440505372,2024,21403.463793062747,2024,19249.967564478226,2024,51386.41360213166,17.352690150555464,15.748195339061985,53.333333333333336,21.28836533215829,58.89995986884022,30.73261652247157,63.522825482618096,3000.0,0.6017286274096599,2.533111529337388,0.801296470557245,267.0,185.78751876310963,58.769967817962346,5.957778823343469,1.512765803855456,504.0,436.9649469077741,110.951690011653,17.02074352891592,3.907778823343469,1303.0,1248.3626050873977,286.61056690777406,23.41868750516293,53.333333333333336,3977684953.609491,74.42800502042874,platform_snapshot_world_bank_217_economies,False,False,False,True,False,non_sovereign_or_special,292656.0,2024,42726.0,2024,51388.95,2024,2,un_wpp2024_population_by_single_age_sex,UN World Population Prospects 2024,297893.0,42764.0,51841.85,318246.0,42222.0,52013.55,340593.0,40506.0,50152.2,0.3311996003229067,-3.259239398285363,,,,,False,,False,,,,,,False,False,,New Caledonia,territory_or_special_case,1.0,True,False,0.0,0.0,,0.7473684210526315,0.3646450430712127,0.6770018731894288,0.5208234581303208,0.1703958915894796,0.5159160753351565,0.0,0.0327235819667859,0.6548440101130724,0.6548440101130724,0.8038991320811304,0.5769896280495878,0.5,0.897309584570198,0.5690497613665638,0.445395451961428,0.6699740243825332,0.4884276039232441,0.4533357277051079,0.485415711223352,0.0196341491800715,0.444074096852889,diplomatic_analytic,0.4226113816006736,0.6386481629543779,42764.0,3108.782428934496,0.2478019724640188,42222.0,3069.381061511372,0.2488129326656001,40506.0,2944.6342967547635,0.2608698667239209,0.3117064311580516,0.3339211856912477,0.5,0.286662083201789,,0.314365230301099,0.6575517155632261,0.3360572475548946,0.286662083201789,0.444074096852889,0.7147342793918764,0.7147342793918764,0.5,New Caledonia,partner_embedded_branch,600,1834697.4679768733,1551052.621056457,0.6657743723299475,0.0753386225760902,134793204.80504614,5316.966520944462,25.0,0.3990377218087717,0.0001284250602305,3108.782428934496,0.08,122036.80339915314,515910.03946765343,-352600.432911088,-4200118.13784111,-308578059.45723474,-4119366.314504792,-302645311.8237211,-4424062.098320895,-3680862.656920945,0.0,inf,-166.19002881445695,128.68261371477766,0.11,0.3052918261968938,0.0915875478590681,False,non_sovereign_or_special_hard_exclusion,39.58620719300328,0.0,125.0,,,,,0.0,0.0,0.0,I_RUSCOMP=0.71; I_FEAS=0.66; I_PROGRAM=0.44,I_FIN=0.09; I_MARKET=0.29; I_ECO=0.31,D_excluded,,,
NZL,New Zealand,East Asia & Pacific,High income,Fiscal year end: March 31; reporting period for national accounts data: CY.,49316.3999433708,2024.0,1.2886200471168507,2024.0,51.224397222513,2024.0,67.41029113927267,2022.0,83.9370658833132,2024,93.51930237,2024.0,77.2406463623047,2024.0,10.7098379135132,2023.0,11.939956188201933,2023.0,13.37159860134126,2023.0,9.509987354278527,2023.0,88.59799169848262,2024.0,335722.8412407193,2024,333920.77211607934,2024,354764.2317408856,2024,829287.5176401972,15.451360560604074,13.670432495833062,100.0,56.03018723117545,92.1362049573124,56.73800840502308,100.0,8876.951989806743,0.8859799169848261,3.0447638505726875,1.0144849377386196,114.0,223.31394195086293,74.40597747952621,7.236909626431718,1.967567867175722,222.0,530.7810048771573,144.30851062298927,20.43175900381792,5.186909626431718,584.0,1498.5387596724192,380.4266248771573,27.51513347560502,100.0,260760464700.57312,86.1721939086914,platform_snapshot_world_bank_217_economies,True,False,False,False,False,official_unfriendly_list,5213946.0,2024,660326.0,2024,817749.5,2024,2,un_wpp2024_population_by_single_age_sex,UN World Population Prospects 2024,5287480.0,680491.0,835246.0,5520601.0,687044.0,858160.1,5755281.0,632430.0,793134.45,2.7433953589720783,-5.041814028441927,state,,Распоряжение Правительства РФ от 05.03.2022 №430-р,1.0,True,,False,,,,,,False,False,,,,,False,False,0.0,0.0,,0.7473684210526315,0.7810216526331628,0.9039870489597096,0.8425043507964362,0.6915234655149681,0.8878613528337582,0.3012947371003879,0.103476397748765,0.7091834579323668,0.7091834579323668,0.944097512940612,0.7879844210726042,0.5,1.0,0.977840087902775,1.0,1.0,0.7253863435519454,0.711226935225531,0.6665672036313234,0.1826037334894141,0.6715072421998582,diplomatic_analytic,0.753964998526088,0.7864797074299079,680491.0,255151.2774006705,0.7351486995946178,687044.0,257608.33608448345,0.7400623586297027,632430.0,237130.72232624097,0.7435676257518405,0.3600474583258908,0.3165103376584365,0.5,0.671025204008932,,0.6174513564598801,0.921078299555336,0.5347760820670129,0.671025204008932,0.6715072421998582,0.0,0.0,0.5,New Zealand,partner_embedded_branch,600,2213435.18105881,1977872.4484458747,1.0188254039371345,0.017362774097826,162618647.9736916,6384.573032512715,25.0,25.31348556235551,9.926139107879234e-05,255151.2774006705,0.08,275151.1653891024,788844.3648276456,-450585.6502523316,-5375765.682665776,-394951591.3632037,-5210676.583492497,-382822676.8449519,-5682157.096473795,-4844523.710085701,0.0,inf,-2.788004996014171,167.7763759510198,0.11,0.1296031457995473,0.0388809437398642,False,unfriendly_country_hard_exclusion,34.27964258527319,0.0,170.0,,,,,0.0,0.0,0.0,I_FEAS=0.92; I_PROGRAM=0.67; I_MARKET=0.67,I_RUSCOMP=0.00; I_FIN=0.04; I_HRSTRAT=0.53,D_excluded,,,
MKD,North Macedonia,Europe & Central Asia,Upper middle income,,24203.285950524423,2024.0,2.993735365677324,2024.0,136.32487617555557,2024.0,56.2488933827217,2024.0,62.5645376928533,2024,93.1,2025.0,55.0082015991211,2023.0,-0.3592214174568656,2023.0,-1.176314264535907,2023.0,2.991374790668488,2023.0,1.192145526409152,2023.0,34.42011063607385,2024.0,103003.22093472924,2024,105608.64891478866,2024,110187.5372277372,2024,258196.2616019997,13.727314835844815,10.706547821382513,100.0,33.11622413597445,72.29924773883204,63.75737361514413,53.45599213184629,4356.591471094396,0.3442011063607385,2.069561991449329,0.6081508297705539,140.0,151.78912687606302,44.6039711983596,4.798904978623323,1.1007217701771816,253.0,351.9689671901575,80.73089722316713,13.930413276328864,2.748904978623324,631.0,1021.7066591737536,201.61458719015755,75.07946391144088,100.0,44155482553.41279,73.90246047973633,platform_snapshot_world_bank_217_economies,True,False,False,False,False,official_unfriendly_list,1823011.0,2024,208456.0,2024,258003.25,2024,2,un_wpp2024_population_by_single_age_sex,UN World Population Prospects 2024,1804062.0,206288.0,253536.2,1704196.0,204095.0,247205.45,1512686.0,137214.0,171702.45,-2.496980707291508,-32.276949011620424,state,,Распоряжение Правительства РФ от 05.03.2022 №430-р,1.0,True,,False,,,,,,False,False,,,,,False,False,0.0,0.0,,0.7473684210526315,0.5445539818342183,0.6668444394935693,0.6056992106638939,0.4702745208253037,0.6824345592414919,0.4935624704742442,0.6581382805130194,0.4355188488300415,0.4355188488300415,0.9389917058794512,0.5058872086626289,0.5,0.6868633707137233,0.4910614967303501,0.6127010471461224,0.4496027270599925,0.5400249134993331,0.5717376709420308,0.6636059749935689,0.5923079564975093,0.6385155788899084,digital_finance_business_informatics,0.5815205433903828,0.7650351262784405,206288.0,35442.99005380196,0.5168800687780732,204095.0,35066.20382683777,0.5189070985944078,137214.0,23575.168876727592,0.4896534265118306,0.3161353248784112,0.0584411712354165,0.5,0.4699081103393276,,0.5812506933045756,0.6080433798171223,0.6146560782292896,0.4699081103393276,0.6385155788899084,0.0,0.0,0.5,North Macedonia,partner_embedded_branch,600,1819363.1106669884,1522666.2578243786,0.6408869149714563,0.0862304564402331,133666606.44128191,5765.375414425257,25.0,3.453178369101141,9.747984126005505e-05,35442.99005380196,0.08,139112.5148840072,504880.2478192349,-325377.3131096889,-4042416.0774458856,-296991862.55226403,-4252439.121435831,-312422024.5688569,-4501722.495630976,-3926089.631454195,0.0,inf,-16.343334327324825,111.948936908552,0.11,0.2838686008219766,0.0851605802465929,False,unfriendly_country_hard_exclusion,32.119178203213835,0.0,185.0,,,,,0.0,0.0,0.0,I_PROGRAM=0.64; I_HRSTRAT=0.61; I_FEAS=0.61,I_RUSCOMP=0.00; I_FIN=0.09; I_MARKET=0.47,D_excluded,,,
MNP,Northern Mariana Islands,East Asia & Pacific,High income,,13592.463593743454,,16.64275466284076,2022.0,93.15693430656934,2022.0,59.1528957274226,,92.0747260922394,2024,0.0,1990.0,38.093350068095845,,1.4141859263181686,,3.92155733704567,,-0.7341233193874348,,5.977532505989073,,60.172862740966,,3860.543911817432,2024,2806.531410508957,2024,1923.5209426062493,2024,7532.659746499201,16.998095992285787,16.88380530384383,46.66666666666666,0.0,38.00080070898916,62.22190907330573,63.522825482618096,3000.0,0.6017286274096599,2.533111529337388,0.801296470557245,267.0,185.78751876310963,58.769967817962346,5.957778823343469,1.512765803855456,504.0,436.9649469077741,110.951690011653,17.02074352891592,3.907778823343469,1303.0,1248.3626050873977,286.61056690777406,23.41868750516293,46.66666666666666,601847103.0037726,74.42800502042874,platform_snapshot_world_bank_217_economies,False,False,False,True,False,non_sovereign_or_special,44299.0,2024,6670.0,2024,7536.25,2024,2,un_wpp2024_population_by_single_age_sex,UN World Population Prospects 2024,42933.0,6918.0,7703.7,41642.0,6077.0,7622.75,42785.0,4302.0,5429.25,-1.050793774420078,-29.524124771213835,,,,,False,,False,,,,,,False,False,,Northern Mariana Islands,territory_or_special_case,1.0,True,False,0.0,0.0,,0.7473684210526315,0.3646450430712127,0.6770018731894288,0.5208234581303208,0.0,0.5159160753351565,1.0,0.3767813221659155,0.5067216393612151,0.5067216393612151,0.0,0.8953938599569734,0.5,0.897309584570198,0.5690497613665638,0.445395451961428,0.6699740243825332,0.5251654856946077,0.4968769209156128,0.4310704369283624,0.6260687932995492,0.5888731088680436,energy_logistics,0.4226113816006736,0.7327675207642284,6918.0,577.0282948493177,0.0617357434370619,6077.0,506.8807383346782,0.0492685806107149,4302.0,358.8285233364794,0.0296070215900191,0.075695842292118,0.0161470688453745,0.5,0.0994459960782018,,0.5228768877317727,0.5757899415679878,0.5093118890358936,0.0994459960782018,0.5888731088680436,0.7500047375711116,0.7500047375711116,0.5,Northern Mariana Islands,partner_embedded_branch,600,1870795.3705188693,1555549.5186261951,0.6657743723299475,0.0933262128550426,137445277.99711376,5354.7693485015525,25.0,0.0820101416970973,0.0001421990212301,577.0282948493177,0.08,120421.57957730484,524184.26305663167,-361827.94243479625,-4287127.889127309,-314970570.1735054,-4372350.3425179785,-321231770.07941914,-4774889.687524594,-3927981.117949906,0.0,inf,-823.9365553664542,129.6604596942093,0.11,0.2645642427531218,0.0793692728259365,False,non_sovereign_or_special_hard_exclusion,36.30044199554512,0.0,149.0,,,,,0.0,0.0,0.0,I_RUSCOMP=0.75; I_PROGRAM=0.59; I_FEAS=0.58,I_FIN=0.08; I_MARKET=0.10; I_HRSTRAT=0.51,D_excluded,,,
NOR,Norway,Europe & Central Asia,High income,,91105.24679962298,2024.0,2.097230599603165,2024.0,81.36350918272426,2024.0,51.80775683205538,2024.0,83.3293737928469,2024,99.0,2024.0,95.4987564086914,2024.0,12.59954738616945,2023.0,12.837870597839352,2023.0,11.18266415596008,2023.0,6.250002026557921,2023.0,85.0761659557971,2024.0,337331.78415959625,2024,342762.01488226163,2024,371201.1554653529,2024,847134.3190012667,15.116501817047611,14.428866411235845,100.0,56.483706170593685,96.6096265483554,61.02971449178256,98.58330470196668,14000.0,0.8507616595579709,2.981370987204348,0.9880712446684782,71.0,218.6644811371208,72.46870214046699,7.078427468010869,1.9112186552927533,137.0,519.157352842802,140.1756565663296,20.00913991469565,5.028427468010869,359.0,1467.5423542474718,368.8029728428019,40.0,100.0,507663853531.3563,91.6496269226074,platform_snapshot_world_bank_217_economies,True,False,False,False,False,official_unfriendly_list,5576656.0,2024,680628.0,2024,847799.4,2024,2,un_wpp2024_population_by_single_age_sex,UN World Population Prospects 2024,5652987.0,697816.0,863490.7,5801412.0,668849.0,843009.35,5899831.0,594323.0,745304.3,-2.371924793168012,-13.687049553631548,state,,Распоряжение Правительства РФ от 05.03.2022 №430-р,1.0,True,,False,,,,,,False,False,,,,,False,False,0.0,0.0,,0.7473684210526315,0.9752176936825696,1.0,0.9876088468412848,0.7745242585437364,1.0,0.3924731556017119,0.2999149700148233,0.3266272991677422,0.3266272991677422,1.0,0.7799634586859151,0.5,0.9092919340102084,1.0,0.9805575060961432,1.0,0.7386044401096326,0.6915467552788163,0.6519858002062207,0.3369382442495787,0.6917619695576329,diplomatic_analytic,0.8583710997671963,0.7996452802124614,697816.0,398258.8278971162,0.7843824411246939,668849.0,381726.72850745503,0.7836754493351447,594323.0,339193.11304455297,0.7829417027160156,0.2492066228525674,0.240634547853371,0.5,0.6991980987542258,,0.6714148203301703,0.9109841136726516,0.5693398199410068,0.6991980987542258,0.6917619695576329,0.0,0.0,0.5,Norway,partner_embedded_branch,600,2405004.475359625,2144373.3795332825,1.1515820046282228,0.0195834949920166,176693033.29974878,7052.360763143248,25.0,39.94651581006384,0.0001003551463561,398258.8278971162,0.08,390448.5510942486,921279.270079974,-457128.3773793273,-5766773.529053709,-423678507.728694,-5819936.217767077,-427584311.9895076,-6476706.927744213,-4976357.711406012,0.0,inf,-1.6226496333907952,173.58303908516177,0.11,0.0315191964343858,0.0094557589303157,False,unfriendly_country_hard_exclusion,32.945125101160244,0.0,180.0,,,,,0.0,0.0,0.0,I_FEAS=0.91; I_MARKET=0.70; I_PROGRAM=0.69,I_RUSCOMP=0.00; I_FIN=0.01; I_HRSTRAT=0.57,D_excluded,,,
POL,Poland,Europe & Central Asia,High income,,45153.04397732806,2024.0,3.028416307002729,2024.0,100.35944284716398,2024.0,59.14753579647849,2024.0,59.9705468695101,2024,88.58496367,2024.0,80.9149627685547,2024.0,2.950064599514011,2023.0,3.2111887335777274,2023.0,5.461354970932007,2023.0,3.9170919060707066,2023.0,48.97061298696631,2024.0,1899183.3867050589,2024,1724958.0494435783,2024,2056043.676889372,2024,4549361.090748854,12.052522766434295,9.291758285007916,100.0,66.31817744905052,84.45605526569855,67.10163880142305,71.35875746044881,8127.547915919051,0.4897061298696631,2.3314710337653937,0.7172795974022473,88.0,170.9984789120755,52.60786788003146,5.453677584413484,1.333529807791461,164.0,399.9923472801888,97.8058768107338,15.676473558435958,3.403677584413484,419.0,1149.7690060805037,249.6379672801888,73.30386198369405,100.0,1650760655426.3833,87.2744888305664,platform_snapshot_world_bank_217_economies,True,False,False,False,False,official_unfriendly_list,38539209.0,2024,3820420.0,2024,4795747.3,2024,2,un_wpp2024_population_by_single_age_sex,UN World Population Prospects 2024,37843197.0,3822454.0,4684667.95,36243782.0,3875376.0,4771824.6,32814095.0,2578911.0,3260922.0,1.860465905593145,-30.391608651793568,eu_member,European Union,Государства-члены ЕС в перечне №430-р,1.0,True,,False,,,,,,False,False,,,,,False,False,0.0,0.0,,0.7473684210526315,0.8201022419079461,0.92529159446498,0.8726969181864631,0.921431591483574,0.862405615605627,0.4974730716560673,0.4237253229153849,0.5065902200319672,0.5065902200319672,0.8840125165772034,0.47164897658446,0.5,0.8066979109523107,0.6365923441999801,0.7236235310518204,0.6392661401990899,0.646588395548225,0.625530758220258,0.6690300100370435,0.4532244224116578,0.6443771953180819,digital_finance_business_informatics,0.7353373282194691,0.7688451769567533,3822454.0,1449798.1212178888,0.927256249464646,3875376.0,1469870.623377782,0.933193980441124,2578911.0,978141.3517567894,0.8994373405090216,0.3691833938186807,0.0677365094479046,0.5,0.7964620289255648,,0.6930375568868863,0.6895010694119513,0.5912385582043922,0.7964620289255648,0.6443771953180819,0.0,0.0,0.5,Poland,partner_embedded_branch,600,2049611.852012805,1744141.5995124208,0.8216513266640625,0.0683097647293707,150582728.19434357,6287.7990422616695,25.0,141.7111775374675,9.77963685471764e-05,1449798.1212178888,0.08,975409.350141947,824121.5996384011,217217.47847461805,-2410227.749384632,-177076781.4967646,-1993396.3479826169,-146452636.95030007,-3208453.488282918,-499846.2400467164,0.0,inf,0.2437765957328265,135.02656404746028,0.11,0.6475490820817278,0.1942647246245183,False,unfriendly_country_hard_exclusion,40.82931923227304,0.0,114.0,,,,,0.0,0.0,0.0,I_MARKET=0.80; I_ECO=0.69; I_FEAS=0.69,I_RUSCOMP=0.00; I_FIN=0.19; I_HRSTRAT=0.59,D_excluded,,,
PRT,Portugal,Europe & Central Asia,High income,"A simple multiplier is used to convert the national currencies of EMU members to euros. The following irrevocable euro conversion rate was adopted by the EU Council on January 1, 1999: 1 euro = 200.482 Portuguese escudo. Please note that historical data before 1999 are not actual euros and are not comparable or suitable for aggregation across countries.",42197.20251358284,2024.0,2.139671771776364,2024.0,89.696408854026,2024.0,66.2769355054703,2024.0,61.3281907341332,2024,88.48704454,2024.0,77.6778182983398,2023.0,6.91285014152527,2023.0,7.4736557006836195,2023.0,5.2874958515167245,2023.0,4.9880468249321,2023.0,55.85007452117187,2024.0,531582.0303350793,2024,575892.6720328791,2024,567200.730486385,2024,1362715.0310868316,12.64283592381432,11.859970367547968,100.0,59.74753048599579,82.94826884914454,64.31867148647524,84.68010079128592,7595.496452444911,0.5585007452117187,2.4553013413810936,0.768875558908789,101.0,180.08063946171836,56.39210144238265,5.763253353452734,1.44360119233875,190.0,422.697748654296,105.87890841041632,16.502008942540623,3.7132533534527337,489.0,1210.3167430781225,272.3433686542959,60.811955068773656,100.0,451285619975.1666,86.30334548950194,platform_snapshot_world_bank_217_economies,True,False,False,False,False,official_unfriendly_list,10425291.0,2024,1079580.0,2024,1328390.85,2024,2,un_wpp2024_population_by_single_age_sex,UN World Population Prospects 2024,10395366.0,1079544.0,1336125.45,10208252.0,976669.0,1241372.95,9770270.0,955440.0,1189012.5,-7.091587096106878,-11.010414478670397,eu_member,European Union,Государства-члены ЕС в перечне №430-р,1.0,True,,False,,,,,,False,False,,,,,False,False,0.0,0.0,,0.7473684210526315,0.7856714799712734,0.9065218740469134,0.8460966770090934,0.7598582073107301,0.8428651821247809,0.3972587955444459,0.3542265541261207,0.6813948840222219,0.6813948840222219,0.8828201641815403,0.4895685949956612,0.5,0.8537951277180764,0.8108618196432599,0.7158158225004332,0.8235244834347614,0.714352799317581,0.6739981888276709,0.6805003175445006,0.3714394506934508,0.6778547607399579,diplomatic_analytic,0.7204403338255594,0.7906055944809727,1079544.0,391603.4467404179,0.78251895823138,976669.0,354285.6490560062,0.7754021333254678,955440.0,346584.8517093003,0.785313013246092,0.1326370686973865,0.2732089427418137,0.5,0.6831415257772919,,0.655865161127998,0.7550249738788939,0.5858314188741367,0.6831415257772919,0.6778547607399579,0.0,0.0,0.5,Portugal,partner_embedded_branch,600,2042233.8691126525,1761633.8585355408,0.838528185679104,0.0538945057466433,150040675.90645057,6242.20730214938,25.0,38.98502488783912,9.960415707995771e-05,391603.4467404179,0.08,353618.50274817087,690217.1480266142,-281381.2734363142,-4342245.962046562,-319020034.3610027,-4709276.30364496,-345985349.8248612,-5318323.049895874,-3885759.571198831,0.0,inf,-1.156269813055193,138.0529020794533,0.11,0.2103229520916537,0.0630968856274961,False,unfriendly_country_hard_exclusion,35.319037886943626,0.0,156.0,,,,,0.0,0.0,0.0,I_FEAS=0.76; I_MARKET=0.68; I_PROGRAM=0.68,I_RUSCOMP=0.00; I_FIN=0.06; I_HRSTRAT=0.59,D_excluded,,,
PRI,Puerto Rico (US),Latin America & Caribbean,High income,Fiscal year end: June 30; reporting period for national accounts data: FY.,44205.74948792555,2024.0,3.1770755478489576,2024.0,94.62250855556051,2024.0,51.80897011740573,2024.0,94.2539505199436,2024,87.29178106,2022.0,77.9263575380698,2023.0,-2.723436415195468,2023.0,3.4546979367733,2023.0,4.464978277683259,2023.0,3.5714769363403347,2023.0,78.2993024701742,2024.0,184496.008728834,2024,208222.809819778,2024,205919.78376419249,2024,485382.7212424985,15.06339724754483,14.35533696894965,100.0,42.7150072300087,92.80146048987348,62.79941484772616,60.35558038665402,7957.034907826598,0.7829930247017419,2.8593874444631355,0.9372447685263064,118.0,209.7177689717264,68.740905404886,6.773468611157838,1.8027888395227871,227.0,496.790572429316,132.2230235304235,19.195916296420904,4.723468611157839,594.0,1407.8976064781762,346.436192429316,32.70011323722498,100.0,141604056305.92447,86.37790726142093,platform_snapshot_world_bank_217_economies,False,False,False,True,False,non_sovereign_or_special,3242212.0,2024,397490.0,2024,491279.9,2024,2,un_wpp2024_population_by_single_age_sex,UN World Population Prospects 2024,3222688.0,377894.0,475566.05,3006448.0,258082.0,335256.1,2503989.0,165315.0,201792.0,-29.50377765612159,-57.56803918193908,,,,,False,,False,,,,,,False,False,,Puerto Rico (US),territory_or_special_case,1.0,True,False,0.0,0.0,,0.7473684210526315,0.7883149812032394,0.9079629626623812,0.8481389719328103,0.6154558242695517,0.8562861209833457,0.5142357943713338,0.3863335383493849,0.3266570475261803,0.3266570475261803,0.8682655488185709,0.9241575668424084,0.5,0.7914988555483814,0.3870915737751122,0.6788779988390455,0.6497925800963871,0.5689517190706332,0.5701732535689967,0.6195405151153167,0.4374944407581644,0.5948653285698531,digital_finance_business_informatics,0.7307270714754122,0.7366624635704044,377894.0,130078.16284848376,0.6606510811611491,258082.0,88836.63785152024,0.6219939706802896,165315.0,56904.50626709367,0.5865776785360004,0.0,0.0,0.5,0.5496893526328587,,0.6162871382963921,0.6870884446428026,0.5501165143442751,0.5496893526328587,0.5948653285698531,0.7555005145782985,0.7555005145782985,0.5,Puerto Rico (US),partner_embedded_branch,600,2238216.5272257216,1903691.1655040504,0.9491848239675236,0.0688405421785834,164439306.21709383,6243.65597291845,25.0,18.595771767894497,0.0001430329075812,130078.16284848376,0.08,231461.3774108571,759583.4599324155,-467355.4057269652,-5436721.851764024,-399429974.05506593,-5596432.829184794,-411163763.8840947,-6234909.560298285,-4796716.794125105,0.0,inf,-4.025261484469904,164.97291222307936,0.11,0.0675007284699824,0.0202502185409947,False,non_sovereign_or_special_hard_exclusion,47.00821032535709,0.0,69.0,,,,,0.0,0.0,0.0,I_RUSCOMP=0.76; I_FEAS=0.69; I_ECO=0.62,I_FIN=0.02; I_MARKET=0.55; I_HRSTRAT=0.55,D_excluded,,,
ROU,Romania,Europe & Central Asia,High income,"The World Bank systematically assesses the appropriateness of official exchange rates as conversion factors. In this country, multiple or dual exchange rate activity exists and must be accounted for appropriately in underlying statistics. An alternative estimate (“alternative conversion factor” - PA.NUS.ATLS) is thus calculated as a weighted average of the different exchange rates in use in the country. Doing so better reflects economic reality and leads to more accurate cross-country comparisons and country classifications by income level. For this country, this applies to the period 1987-1992. Alternative conversion factors are used in the Atlas methodology and elsewhere in World Development Indicators as single-year conversion factors.",40504.00029459583,2024.0,0.9160037643825945,2024.0,77.21498379390027,2024.0,62.55090643482121,2024.0,52.1674778928768,2024,91.29048551,2024.0,55.1682891845703,2023.0,-0.6486616358160974,2023.0,3.061980545520785,2023.0,2.232304304838181,2023.0,2.6155077517032588,2023.0,40.9161070580752,2024.0,1095545.799253624,2024,1003413.7454383592,2024,1003004.9576361682,2024,2550311.775628259,13.324184296488411,12.828565128501134,100.0,63.87103234477879,68.28797066415062,54.98375353656467,59.1721036818292,7290.720053027249,0.4091610705807519,2.1864899270453537,0.6568708029355639,90.0,160.3650426132436,48.17726942218482,5.091224817613384,1.204657712929203,165.0,373.40875653310894,88.35393343399431,14.709932846969023,3.041224817613384,417.0,1078.8794307549574,223.0543765331089,82.19591420350503,100.0,771674274828.582,79.55048675537108,platform_snapshot_world_bank_217_economies,True,False,False,False,False,official_unfriendly_list,19015096.0,2024,2094916.0,2024,2545398.85,2024,2,un_wpp2024_population_by_single_age_sex,UN World Population Prospects 2024,18800600.0,2103925.0,2550109.0,17794421.0,1974145.0,2441069.5,16027269.0,1597622.0,1973395.85,-4.275876050788419,-22.6152352703355,eu_member,European Union,Государства-члены ЕС в перечне №430-р,1.0,True,,False,,,,,,False,False,,,,,False,False,0.0,0.0,,0.7473684210526315,0.5462566977909307,0.7760063619666818,0.6611315298788063,0.8266934268171814,0.8310454268687014,0.2592787588731847,0.2728760046509492,0.5900369455843948,0.5900369455843948,0.9169574114863271,0.3686558263621303,0.5,0.7494583484109639,0.4783329262611919,0.5786125210840145,0.6328161539022493,0.5468444258955747,0.5783399740763873,0.6330387886056924,0.2674371063398434,0.5887204883989812,digital_finance_business_informatics,0.711184397655258,0.7326683174593378,2103925.0,457062.7721096691,0.7996109130932266,1974145.0,428868.9883177598,0.7965893887399026,1597622.0,347072.0392140376,0.7854675244778725,0.2054826482027426,0.1504455644733934,0.5,0.6828669951686832,,0.6054945713588824,0.6240882153036437,0.5069486395671462,0.6828669951686832,0.5887204883989812,0.0,0.0,0.5,Romania,partner_embedded_branch,600,1994144.504074823,1674385.9312564246,0.7629686264785001,0.0827005926331984,146507603.15542278,6161.641637639616,25.0,43.30283906102375,9.479090637354498e-05,457062.7721096691,0.08,376143.91313895467,649281.8081228073,-221195.350334028,-3983267.959167161,-292646315.36525625,-4006232.05018948,-294333461.8721659,-4880637.137372031,-3423880.311170417,0.0,inf,-0.829016523244381,127.73463567356558,0.11,0.3235051704401575,0.0970515511320472,False,unfriendly_country_hard_exclusion,34.7265869599334,0.0,166.0,,,,,0.0,0.0,0.0,I_MARKET=0.68; I_FEAS=0.62; I_ECO=0.61,I_RUSCOMP=0.00; I_FIN=0.10; I_HRSTRAT=0.51,D_excluded,,,
RUS,Russian Federation,Europe & Central Asia,High income,,41704.7109375,2024.0,4.344374754915293,2024.0,39.508164766039634,2024.0,57.52561193918982,2024.0,75.1119136177067,2024,94.36495368,2024.0,60.3891235376867,2024.0,-4.987233221530916,2023.0,-8.313498854637132,2023.0,-7.854503035545319,2023.0,-7.940336942672749,2023.0,31.408142011599185,2024.0,7872864.23957217,2024,7188670.043779387,2024,7227096.605396456,2024,18313727.755779963,12.538138038222344,10.871632167787338,100.0,81.56873192827864,79.95517952977531,59.64531705462345,10.873083735652328,7506.847968749999,0.3140814201159918,2.0153465562087853,0.5855610650869938,78.0,147.81277167995466,42.947156533314434,4.663366390521963,1.052530272185587,140.0,342.02807919988663,77.1963592710708,13.568977041391904,2.613366390521964,348.0,995.1976245330312,191.67369919988664,95.8370783649707,100.0,5986037765701.195,81.116737061306,platform_snapshot_world_bank_217_economies,False,False,True,False,False,domestic_russia,144820423.0,2024,15196541.0,2024,18477885.65,2024,2,un_wpp2024_population_by_single_age_sex,UN World Population Prospects 2024,143394457.0,16146080.0,19254179.6,139909640.0,18981734.0,23115996.05,136132783.0,13699963.0,17328512.8,20.057029331958653,-10.001292394717254,,,,,False,,False,,,,,,False,False,,,,,False,True,0.0,0.0,,0.7473684210526315,0.601786287643008,0.8062779800729097,0.7040321338579589,1.0,0.8394768742089311,0.6458597204886712,0.0271131665054132,0.4668225163733351,0.4668225163733351,0.9543949325089244,0.6715007355190891,0.5,0.2852456192277968,0.2875376923531006,0.1256316697339453,0.141075806361736,0.3750169076073405,0.3407651475909867,0.6558529908906823,0.2746117880987164,0.5703510420703695,digital_finance_business_informatics,0.7178056022521281,0.7207281773457401,16146080.0,3887212.203422472,1.0,18981734.0,4569903.533670044,1.0,13699963.0,3298302.954031958,1.0,0.7198199485156361,0.2375194835788702,0.5,0.8844135664246698,,0.6746390978606,0.3935061876825094,0.4469542770631838,0.8844135664246698,0.5703510420703695,0.7406696174546191,0.7406696174546191,0.5,Russian Federation,partner_embedded_branch,600,2071169.1520874456,1661225.932578744,0.7422950183210255,0.1334286387098479,152166519.31779736,6178.722765315576,71.48317488501999,544.3731134622074,0.0001401149809781,3887212.203422472,0.08,3348989.3270156733,1272504.6640194152,2178285.036117811,5409056.491074565,397397430.4371081,5021714.414371292,368939834.1380031,3456285.995581406,7418424.762281124,1.0,4.0,0.6476186270351671,128.70003710678088,0.11,1.0,1.0,False,domestic_russia_hard_exclusion,73.86974435804117,0.0,4.0,,,,,0.0,0.0,0.0,I_FIN=1.00; I_MARKET=0.88; I_RUSCOMP=0.74,I_FEAS=0.39; I_HRSTRAT=0.45; I_PROGRAM=0.57,D_excluded,,,
SMR,San Marino,Europe & Central Asia,High income,,70951.78959319758,2023.0,0.4019348969772238,2023.0,340.98339501248574,2023.0,56.89555265252885,2023.0,97.1560555881096,2024,97.35220337,2024.0,57.5487465181059,2024.0,8.411772131919871,2023.0,10.338292360305772,2023.0,6.518958032131195,2023.0,8.29485356807709,2023.0,76.04214783036313,2023.0,1730.1614687975532,2024,1765.5744861052417,2024,1699.8085561582554,2024,4260.64980517401,12.67480118395616,13.835818826400214,100.0,8.700728101057964,84.99249086872918,69.61706170502792,94.93213249373868,12771.322126775563,0.7604214783036314,2.8187586609465365,0.9203161087277236,72.0,206.7379077249984,67.49929655208265,6.671896652366341,1.7666743652858103,138.0,489.340919312496,129.57425797777634,18.925057739643577,4.621896652366341,362.0,1388.0318648333223,338.98653931249595,48.03117776126168,100.0,2410728955.0080743,80.26462395543176,platform_snapshot_world_bank_217_economies,True,False,False,False,False,official_unfriendly_list,33606.0,2024,3457.0,2024,4213.9,2024,2,un_wpp2024_population_by_single_age_sex,UN World Population Prospects 2024,33632.0,3593.0,4382.3,33849.0,3284.0,4229.0,33719.0,2674.0,3378.25,-3.4981630650571693,-22.91148483672957,state,,Распоряжение Правительства РФ от 05.03.2022 №430-р,1.0,True,,False,,,,,,False,False,,,,,False,False,0.0,0.0,,0.7473684210526315,0.5715756047799444,0.7898088100899296,0.6806922074349371,0.1080072770517723,0.9928445242943844,0.2013126759588984,1.0,0.4513741888290395,0.4513741888290395,0.9907704019837386,0.9624626163225124,0.5,0.9992180500479676,0.8767791765698947,0.7711186322157367,0.9473572800165332,0.7720758623031996,0.8295723660661392,0.7259894332938059,0.6805250703835594,0.8024362769970771,economic_legal,0.821131457137047,0.8715835800481001,3593.0,1128.398749967249,0.1358021721653018,3284.0,1031.3558293605472,0.1279360515772241,2674.0,839.782426221103,0.1229618382658738,0.1527812560113272,0.1356692599583788,0.5,0.1801416366955614,,0.6163001118020903,0.8860974956980091,0.7434250042524319,0.1801416366955614,0.8024362769970771,0.0,0.0,0.5,San Marino,partner_embedded_branch,600,2271381.454699492,2014413.93727068,1.0465194396272564,0.0250585509464379,166875896.9571715,6826.358591797989,25.0,0.11992193384356,0.0001063315589578,1128.398749967249,0.08,120785.8849185005,772582.5402793058,-589990.0521384608,-6013130.926352044,-441778114.7150657,-5755813.451320525,-422873282.87372255,-6271068.068815538,-5372379.228592311,0.0,inf,-720.704058214556,160.02650271268342,0.11,0.0418422407056285,0.0125526722116885,False,unfriendly_country_hard_exclusion,26.05085624818163,0.0,208.0,,,,,0.0,0.0,0.0,I_FEAS=0.89; I_PROGRAM=0.80; I_HRSTRAT=0.74,I_RUSCOMP=0.00; I_FIN=0.01; I_MARKET=0.18,D_excluded,,,
SGP,Singapore,East Asia & Pacific,High income,Fiscal year end: March 31; reporting period for national accounts data: CY.,132569.52522579458,2024.0,4.388023624618654,2024.0,322.3714279347164,2024.0,73.0290588610543,2024.0,100.0,2024,94.37757178,2024.0,97.2886546863037,2023.0,16.22230386734006,2023.0,12.27222764492032,2023.0,16.160139560699466,2023.0,9.969429612159711,2023.0,60.172862740966,2024.0,350697.90238027764,2024,555271.4631316472,2024,623436.2560646258,2024,1186515.6807410065,19.07040842416953,14.897865541985103,100.0,55.63696952757172,99.27408294482709,92.92046019747856,100.0,14000.0,0.6017286274096599,2.533111529337388,0.801296470557245,57.0,185.78751876310963,58.769967817962346,5.957778823343469,1.512765803855456,108.0,436.9649469077741,110.951690011653,17.02074352891592,3.907778823343469,279.0,1248.3626050873977,286.61056690777406,63.418687505162936,100.0,800303664054.5903,92.1865964058911,platform_snapshot_world_bank_217_economies,True,False,False,False,False,official_unfriendly_list,5832389.0,2024,875282.0,2024,1146326.0,2024,2,un_wpp2024_population_by_single_age_sex,UN World Population Prospects 2024,5905750.0,756660.0,1025070.6,6153230.0,506886.0,669167.7,6081694.0,563038.0,697966.0,-34.71984271132156,-31.91044597318469,state,,Распоряжение Правительства РФ от 05.03.2022 №430-р,1.0,True,,False,,,,,,False,False,,,,,False,False,0.0,0.0,,0.7473684210526315,0.99425532454964,1.0,0.99712766227482,0.8312319022980893,1.0,0.6507815396470852,1.0,0.8469491666506707,0.8469491666506707,0.954548581972147,1.0,0.5,1.0,1.0,1.0,1.0,0.970405363207882,0.965988703700149,0.8889931879649807,0.8603126158588341,0.9532622247741598,diplomatic_analytic,0.9019069613242372,0.969620446103204,756660.0,563790.6431918708,0.8228167978179972,506886.0,377682.9539885214,0.7824943752763459,563038.0,419522.0523900623,0.8063210613556158,0.0,0.1355566988470879,0.5,0.6937600133690492,,0.8846569880106818,0.9480523948271896,0.9034876710536872,0.6937600133690492,0.9532622247741598,0.0,0.0,0.5,Singapore,partner_embedded_branch,600,2344137.118157564,2106954.4712024387,1.1232778823343472,0.0114284731380182,172221175.52020627,7684.72280520773,25.0,64.50698786119396,0.0001144761601378,563790.6431918708,0.08,595889.5878836884,937560.768064985,-266666.3187360979,-4903222.958319461,-360234397.2024767,-4732583.771314672,-347697723.83634055,-5211524.711096785,-4140247.6725427792,0.0,inf,-0.5379392037659427,148.08363812794897,0.11,0.2065707119133459,0.0619712135740037,False,unfriendly_country_hard_exclusion,40.37465905349398,0.0,116.0,,,,,0.0,0.0,0.0,I_PROGRAM=0.95; I_FEAS=0.95; I_HRSTRAT=0.90,I_RUSCOMP=0.00; I_FIN=0.06; I_MARKET=0.69,D_excluded,,,
SXM,Sint Maarten (Dutch part),Latin America & Caribbean,High income,,47303.19475848204,2024.0,3.000000000000142,2024.0,78.03680761820395,,89.34340634250114,2021.0,100.0,2024,79.525064825,,7.65284309533989,2023.0,-0.5311454385519029,,-1.9850994646549225,,0.686234049499035,,2.6895116567611668,,77.1315287743257,2024.0,2761.4707961302247,2024,2332.973273939895,2024,2382.4721202471283,2024,6166.556524181327,14.217244257093204,14.15336298246654,60.0,12.377521747962843,48.193460895248606,70.43068761630313,50.61669046036428,8514.575056526766,0.771315287743257,2.8383675179378627,0.9284864658074428,109.0,208.1760918886274,68.09853995359475,6.720918794844657,1.784104460389211,210.0,492.9363797215685,130.85264390100215,19.055783452919083,4.670918794844656,549.0,1397.619759257516,342.5819997215685,36.47586437237033,60.0,2050593492.7801964,66.0,platform_snapshot_world_bank_217_economies,False,False,False,True,False,non_sovereign_or_special,43372.0,2024,5096.0,2024,6168.8,2024,2,un_wpp2024_population_by_single_age_sex,UN World Population Prospects 2024,44473.0,5532.0,6630.45,48274.0,5163.0,6723.6,51040.0,5243.0,6496.7,1.4048820215822433,-2.0172084850952787,,,,,False,,False,,,,,,False,False,,Sint Maarten (Dutch part),territory_or_special_case,1.0,True,False,0.0,0.0,,0.7473684210526315,0.0408751716755726,0.5141100618301323,0.2774926167528525,0.0878494079391929,0.8758321182886435,0.4942688667094743,0.2782324298473376,1.0,1.0,0.7736909472137801,1.0,0.5,0.7527128065554124,0.4835008784090455,0.5091812137458972,0.4146404805118051,0.4645677232287363,0.6326512930731684,0.7373660323975253,0.3646470045921923,0.6717207257214084,digital_finance_business_informatics,0.7452737779443006,0.7866184717189155,5532.0,155.61537477714114,0.0,5163.0,145.23539045090018,0.0,5243.0,147.48579355686027,0.0,0.1946065535251931,0.3344680781210895,0.5,0.0778559205881343,,0.5881438590236567,0.6258332907751135,0.5941359022586183,0.0778559205881343,0.6717207257214084,0.7684683808431751,0.7684683808431751,0.5,Sint Maarten (Dutch part),partner_embedded_branch,600,2283931.6426353734,1918386.309006977,0.9582457119996862,0.082316676029475,167797945.459614,6345.003790935742,25.0,0.0233506305528733,0.0001501316521694,155.61537477714114,0.08,120142.23344580358,746767.1457669582,-566883.5406597981,-5896007.891623607,-433173214.18890566,-5950005.825199543,-437140382.9710027,-6471672.580660937,-5086014.448868012,0.0,inf,-3826.1619547976834,165.56850659211125,0.11,0.0105794524046627,0.0031738357213988,False,non_sovereign_or_special_hard_exclusion,32.06857522376668,0.0,187.0,,,,,0.0,0.0,0.0,I_RUSCOMP=0.77; I_PROGRAM=0.67; I_FEAS=0.63,I_FIN=0.00; I_MARKET=0.08; I_ECO=0.59,D_excluded,,,
SVK,Slovak Republic,Europe & Central Asia,High income,"A simple multiplier is used to convert the national currencies of EMU members to euros. The following irrevocable euro conversion rate entered into force on January 1, 2009: 1 euro = 30.126 Slovak koruna. Please note that historical data are not actual euros and are not comparable or suitable for aggregation across countries.",40319.054723087305,2024.0,1.938674455494464,2024.0,171.21280015163487,2024.0,59.96098612430373,2024.0,53.1919702985684,2024,89.82507032,2024.0,54.4743194580078,2024.0,1.606586128473284,2023.0,4.223556280136109,2023.0,4.213433802127837,2023.0,4.012535095214843,2023.0,54.32500044070311,2024.0,275739.5621697956,2024,261403.9780040497,2024,295005.1416792628,2024,669895.8539295136,11.935951830077462,9.00942934662513,100.0,44.311827288802704,67.51347310398741,71.05638020503832,68.83023154282819,7257.429850155715,0.5432500044070311,2.427850007932656,0.7574375033052733,104.0,178.06725984180954,55.55319326742064,5.69462501983164,1.4192000070512498,196.0,417.6642996045238,104.08923763716405,16.319000052884373,3.64462501983164,502.0,1196.8942122787305,267.3099196045238,61.33749817770058,100.0,218612696723.3553,79.34229583740233,platform_snapshot_world_bank_217_economies,True,False,False,False,False,official_unfriendly_list,5506760.0,2024,545533.0,2024,680357.95,2024,2,un_wpp2024_population_by_single_age_sex,UN World Population Prospects 2024,5451343.0,546745.0,671119.6,5307350.0,581434.0,706052.95,4936493.0,442279.0,557551.0,5.205234655641111,-16.922259460161793,eu_member,European Union,Государства-члены ЕС в перечне №430-р,1.0,True,,False,,,,,,False,False,,,,,False,False,0.0,0.0,,0.7473684210526315,0.5388755300159426,0.7719825632558026,0.6554290466358725,0.669559029584362,0.8297245571630781,0.3745944642848012,0.8855283238638442,0.5265350845412347,0.5265350845412347,0.8991131831681467,0.3821781597615918,0.5,0.8108952011358381,0.5775108506557246,0.6675815770036336,0.6830288645354764,0.6698402345820298,0.7232768437161087,0.7050423509457059,0.681154780032227,0.7133199417271269,economic_legal,0.7101387978661,0.8136579621226325,546745.0,129714.97640515644,0.6603419138552449,581434.0,137944.92421724153,0.6707958701089561,442279.0,104930.47041947558,0.6538863724733921,0.4766878040487856,0.198870158277319,0.5,0.6060063624264139,,0.6751592933274634,0.6720591404716615,0.7033464275027831,0.6060063624264139,0.7133199417271269,0.0,0.0,0.5,Slovak Republic,partner_embedded_branch,600,2059182.5972423423,1746014.4908761138,0.822382194881644,0.0721469890962344,151285880.31853795,6218.521204270247,25.0,13.161714990184333,0.0001015192768532,129714.97640515644,0.08,198572.54760098192,652694.0418750261,-401905.9709240421,-4822978.723140514,-354338941.5125382,-5075851.127303519,-372917198.8867496,-5503944.529831497,-4561320.552497365,0.0,inf,-4.910490290405941,137.62306259805484,0.11,0.1513085279946439,0.0453925583983931,False,unfriendly_country_hard_exclusion,33.68857450507371,0.0,176.0,,,,,0.0,0.0,0.0,I_PROGRAM=0.71; I_HRSTRAT=0.70; I_ECO=0.68,I_RUSCOMP=0.00; I_FIN=0.05; I_MARKET=0.61,D_excluded,,,
SVN,Slovenia,Europe & Central Asia,High income,"A simple multiplier is used to convert the national currencies of EMU members to euros. The following irrevocable euro conversion rate entered into force on January 1, 2007: 1 euro = 239.64 Slovenian tolar. Please note that historical data are not actual euros and are not comparable or suitable for aggregation across countries.",48648.90788340814,2024.0,1.7313972247949323,2024.0,155.65792868447372,2024.0,57.93943826524167,2024.0,55.7577708405917,2024,90.76355487,2024.0,80.0806884765625,2023.0,7.275058031082171,2023.0,7.2716550827026385,2023.0,5.119952380657198,2023.0,5.730429887771605,2023.0,59.58082352085936,2024.0,106263.73988862748,2024,99536.7183949539,2024,111591.53520979724,2024,256016.64912799007,11.948383073186614,11.268642994906664,100.0,39.858392468487146,83.67893400396902,71.75221158167601,85.63386123261093,8756.803419013464,0.5958082352085936,2.522454823375469,0.7968561764064452,91.0,185.005917583721,58.44430065988375,5.931137058438671,1.5032931763337498,172.0,435.0109439593025,110.256933407752,16.949698822503123,3.881137058438672,443.0,1243.15193055814,284.6565639593025,60.40877787305104,100.0,103495686631.16248,87.02420654296874,platform_snapshot_world_bank_217_economies,True,False,False,False,False,official_unfriendly_list,2118693.0,2024,204960.0,2024,254971.2,2024,2,un_wpp2024_population_by_single_age_sex,UN World Population Prospects 2024,2114573.0,216013.0,264081.1,2073837.0,229329.0,284845.95,1981554.0,182954.0,231656.6,7.863057977265342,-12.278235738945344,eu_member,European Union,Государства-члены ЕС в перечне №430-р,1.0,True,,False,,,,,,False,False,,,,,False,False,0.0,0.0,,0.7473684210526315,0.8112287733921703,0.9204542770833328,0.8658415252377515,0.5763977652246194,0.883928271343202,0.3512220138160235,0.7841458827745028,0.4769690609392932,0.4769690609392932,0.9105410247092768,0.416044306716909,0.5,0.8864427914226869,0.8267904582852749,0.7082917386642876,0.8147923807606547,0.763156907261416,0.7305236232501565,0.69025435225472,0.610976335191111,0.7406067212911933,diplomatic_analytic,0.751145440666949,0.8313943688392756,216013.0,89310.49127956515,0.6190726985473465,229329.0,94815.98632791267,0.6292178234533734,182954.0,75642.26051932783,0.6178867364162517,0.4727822971655743,0.2360127791951181,0.5,0.5883432510120962,,0.66286465520927,0.7576550977844185,0.6785517284342683,0.5883432510120962,0.7406067212911933,0.0,0.0,0.5,Slovenia,partner_embedded_branch,600,2108681.318396854,1819950.744003992,0.8852974195057082,0.0533158784874279,154922496.91316664,6406.281651044848,25.0,9.193545566990313,0.0001029927629497,89310.49127956515,0.08,176540.58458290054,684827.8235623335,-453501.0130944463,-5138177.360976275,-377496238.7158299,-5422604.117014682,-398392759.61254,-5947527.55791021,-4784312.8750162255,0.0,inf,-7.699972962471523,143.177002942377,0.11,0.0954851962461957,0.0286455588738587,False,unfriendly_country_hard_exclusion,32.97543395690192,0.0,179.0,,,,,0.0,0.0,0.0,I_FEAS=0.76; I_PROGRAM=0.74; I_HRSTRAT=0.68,I_RUSCOMP=0.00; I_FIN=0.03; I_MARKET=0.59,D_excluded,,,
ESP,Spain,Europe & Central Asia,High income,"A simple multiplier is used to convert the national currencies of EMU members to euros. The following irrevocable euro conversion rate was adopted by the EU Council on January 1, 1999: 1 euro = 166.386 Spanish peseta. Please note that historical data before 1999 are not actual euros and are not comparable or suitable for aggregation across countries.",48460.29140696611,2024.0,3.4552540563019107,2024.0,69.9502612382631,2024.0,68.90254840591345,2024.0,80.315199821207,2024,95.7574516,2024.0,93.7689666748047,2024.0,5.264458775520323,2023.0,5.760199844837187,2023.0,4.856350302696228,2023.0,2.011040896177292,2023.0,60.841363814765614,2024.0,2609683.6366658104,2024,2526437.6042971094,2024,2517172.638360706,2024,6268848.928225238,12.883741742520469,13.30579433166697,100.0,81.4432259903152,95.59122023495624,68.98806204619277,75.65228576256708,8722.8524532539,0.6084136381476561,2.5451445486657813,0.8063102286107421,92.0,186.6700637195236,59.13769488313482,5.987861371664453,1.5234618210362498,175.0,439.1713092988089,111.73617441735428,17.100963657771874,3.937861371664453,451.0,1254.246238130157,288.81692929880893,58.52439868183687,100.0,2367229021292.2627,91.1306900024414,platform_snapshot_world_bank_217_economies,True,False,False,False,False,official_unfriendly_list,47910533.0,2024,5037465.0,2024,6148434.45,2024,2,un_wpp2024_population_by_single_age_sex,UN World Population Prospects 2024,47850793.0,5187402.0,6301257.3,47154201.0,4696005.0,6004755.75,44928563.0,3678567.0,4628185.35,-4.705434739190862,-26.551398718474807,eu_member,European Union,Государства-члены ЕС в перечне №430-р,1.0,True,,False,,,,,,False,False,,,,,False,False,0.0,0.0,,0.7473684210526315,0.9568193864473044,0.9998221141229532,0.9783207502851288,0.9663425378901284,0.8828070995838093,0.5456030284295695,0.2255265097944858,0.7457718862334426,0.7457718862334426,0.9713512538208876,0.7401792053892993,0.5,0.72287580415906,0.7383713213224459,0.6964538310228527,0.7494550443887414,0.720662919707534,0.653008256037874,0.739772189274548,0.3535571172485193,0.6967144652269479,digital_finance_business_informatics,0.7503377458735268,0.8028644023975161,5187402.0,2536858.803334675,0.9891242847910174,4696005.0,2296544.903355023,0.9826812228002758,3678567.0,1798974.7233020354,0.9664602804026364,0.1338636757469432,0.1013954250429836,0.5,0.8303331651828346,,0.7267338077480542,0.7423480111472538,0.5978784876957373,0.8303331651828346,0.6967144652269479,0.0,0.0,0.5,Spain,partner_embedded_branch,600,2123424.876642969,1826834.9657999096,0.890131285130407,0.0566834375476041,156005689.91959468,6380.499440221714,33.50215633604241,255.13238858912115,0.0001006225811222,2536858.803334675,0.08,1682757.1800723036,1051939.8096328117,714972.5552101168,-605171.1669184683,-44461259.94521626,-608794.0763492199,-44727431.11589321,-2029395.6854466712,1238728.521249773,0.3,8.0,0.4392068465620205,145.43401496985834,0.11,0.8704544765339267,0.471136342960178,False,unfriendly_country_hard_exclusion,47.67868611845568,0.0,62.0,,,,,0.0,0.0,0.0,I_MARKET=0.83; I_FEAS=0.74; I_ECO=0.73,I_RUSCOMP=0.00; I_FIN=0.47; I_HRSTRAT=0.60,D_excluded,,,
SWE,Sweden,Europe & Central Asia,High income,Fiscal year end: June 30; reporting period for national accounts data: CY.,62978.93904598351,2024.0,0.820071806703865,2024.0,105.88309148046432,2024.0,66.4283744913472,2024.0,88.8559748346228,2024,95.76629783,2025.0,83.9988098144531,2024.0,11.209683299064672,2023.0,11.228164196014433,2023.0,12.02611970901488,2023.0,5.308556914329529,2023.0,80.34421937813191,2024.0,618166.6029993595,2024,591878.8455181178,2024,630233.0317357099,2024,1493650.3127985466,13.995683469353237,12.932428654800734,100.0,61.25860019415549,98.26666102031808,67.47090704329084,97.51500026683888,11336.209028277031,0.8034421937813191,2.8961959488063744,0.9525816453359892,84.0,212.4174371908752,69.86576716286466,6.865489872015936,1.8355075100501104,162.0,503.539742977188,134.62272861411128,19.44130632537583,4.815489872015936,425.0,1425.8953946058346,353.185362977188,42.57263840510062,100.0,665669058844.7833,88.19964294433592,platform_snapshot_world_bank_217_economies,True,False,False,False,False,official_unfriendly_list,10606995.0,2024,1214315.0,2024,1498920.2,2024,2,un_wpp2024_population_by_single_age_sex,UN World Population Prospects 2024,10701044.0,1276566.0,1552529.4,10964978.0,1358242.0,1690261.45,11309633.0,1116563.0,1418347.4,8.871461629003608,-8.642799292560898,eu_member,European Union,Государства-члены ЕС в перечне №430-р,1.0,True,,False,,,,,,False,False,,,,,False,False,0.0,0.0,,0.7473684210526315,0.8529025090765566,0.943172460578982,0.8980374848277692,0.8082834893306082,0.958441074843646,0.2484615315219122,0.4597269693028878,0.6851079934173716,0.6851079934173716,0.9714589735640378,0.8529093794536304,0.5,0.867890149730781,0.9998215431744092,1.0,0.9858247476602984,0.8051131026018336,0.7983654662909175,0.7139934470113015,0.3752207941904976,0.7589341375744649,diplomatic_analytic,0.8008455330502936,0.8433071894234022,1276566.0,606794.1685400396,0.8309449268712946,1358242.0,645617.4808557963,0.8419537709489585,1116563.0,530739.4347080936,0.8321873003326602,0.4778465390129475,0.2630714339354533,0.5,0.7515288568491632,,0.6938167936845319,0.9072133958546968,0.6376732569489452,0.7515288568491632,0.7589341375744649,0.0,0.0,0.5,Sweden,partner_embedded_branch,600,2246566.021218178,2001476.500848109,1.0370985900960945,0.0204130529119666,165052734.35627618,6675.135460032901,25.0,63.063092299692805,0.000103982443429,606794.1685400396,0.08,524116.49628384697,869867.998496603,-276162.06233302783,-4757198.501171067,-349506140.9626871,-4737158.0766493045,-348033793.0175401,-5729302.34949738,-3950348.8771034726,0.0,inf,-0.6560375096726873,162.22419430003575,0.11,0.205834300197252,0.0617502900591756,False,unfriendly_country_hard_exclusion,37.753409108173976,0.0,140.0,,,,,0.0,0.0,0.0,I_FEAS=0.91; I_PROGRAM=0.76; I_MARKET=0.75,I_RUSCOMP=0.00; I_FIN=0.06; I_HRSTRAT=0.64,D_excluded,,,
CHE,Switzerland,Europe & Central Asia,High income,,82286.18018964877,2024.0,1.3023333254110554,2024.0,134.09514852060977,2024.0,72.02981661552188,2024.0,85.4615370020764,2024,97.32103855,2025.0,73.5430526733398,2024.0,14.94448924064635,2023.0,12.332079648971533,2023.0,12.105660080909708,2023.0,7.50010740756991,2023.0,110.5002134347472,2024.0,440472.5130660823,2024,456927.2665280937,2024,526398.6865553602,2024,1134279.188544088,12.323637500858243,10.309597542740594,100.0,56.09745464880922,91.58879939378976,77.23486631820961,100.0,14000.0,1.105002134347472,3.43900384182545,1.178751600760604,84.0,252.22892217330903,86.45388590554543,8.222509604563625,2.3180034149559554,166.0,603.0684554332726,170.0107152651636,23.060025612169664,6.172509604563625,441.0,1691.3052944887268,452.7140754332726,37.61921670414574,100.0,741034943164.6576,85.06291580200192,platform_snapshot_world_bank_217_economies,True,False,False,False,False,official_unfriendly_list,8921980.0,2024,889068.0,2024,1123747.95,2024,2,un_wpp2024_population_by_single_age_sex,UN World Population Prospects 2024,9007794.0,915205.0,1140965.05,9224225.0,995850.0,1234225.35,9342590.0,899619.0,1144914.45,8.173808654349223,0.346145572118961,state,,Распоряжение Правительства РФ от 05.03.2022 №430-р,1.0,True,educational_platform,False,0.0,platform,,Geneva,MGIMO educational platform; not equal to full branch but country is unfriendly under Order 430-r,True,False,,,,,False,False,0.0,0.0,,0.7473684210526315,0.7416934826318893,0.8825475363274938,0.8121205094796915,0.8216458891537608,1.0,0.3028410377558635,0.6436055193069845,0.8224488984506902,0.8224488984506902,0.9903909107874072,0.8081060018781253,0.5,0.9642676225967716,1.0,1.0,1.0,0.8411728625419675,0.8813454261683721,0.7904402529189033,0.5072997266865361,0.8371471254870725,economic_legal,0.8440533277736655,0.8941456315665971,915205.0,410489.5006029316,0.7877271910789899,995850.0,446660.55056018,0.8010971971275694,899619.0,403498.8380121489,0.8020375254862374,0.5301577997672573,0.3688603951682747,0.5,0.7280708047743987,,0.7605291186837124,0.9262748360082864,0.7327696470240338,0.7280708047743987,0.8371471254870725,0.0,0.0,0.5,Switzerland,partner_embedded_branch,600,2518389.261977782,2252903.730282193,1.2390790770101194,0.0162195360781769,185023288.8493195,7012.699129740112,25.0,44.39428035188718,0.0001082059447763,410489.5006029316,0.08,418870.78194155305,997370.2221313064,-498709.822419249,-6158665.810115056,-452470402.53676206,-6140971.730237264,-451170437.95162857,-6831460.217503289,-5536792.2258229125,0.0,inf,-1.6019010838473506,193.40079691331812,0.11,0.0,0.0,False,unfriendly_country_hard_exclusion,34.10670969894196,0.0,173.0,,,,,0.0,0.0,0.0,I_FEAS=0.93; I_PROGRAM=0.84; I_ECO=0.76,I_RUSCOMP=0.00; I_FIN=0.00; I_MARKET=0.73,D_excluded,46.2044,6.1432,city coordinate reference for Geneva
TCA,Turks and Caicos Islands,Latin America & Caribbean,High income,,33390.526714805885,2024.0,5.636825174433625,2024.0,78.03680761820395,,72.63566975176724,2024.0,94.1670917861964,2024,0.0,1990.0,25.2537080405933,2023.0,-0.5311454385519029,,-1.9850994646549225,,0.686234049499035,,2.6895116567611668,,98.8206691271252,2024.0,2580.525375152958,2024,2741.526888645584,2024,3267.033436379642,2024,6792.217310169381,14.296268585066183,12.056110877701384,66.66666666666667,10.519317127840178,31.17362065324244,75.78691299104177,50.61669046036428,6010.29480866506,0.988206691271252,3.228772044288254,1.0911550184534389,182.0,236.80976530746,80.02923721144164,7.696930110720634,2.1311307060340035,355.0,564.5205632686499,156.30479805107552,21.658480295255025,5.646930110720635,940.0,1588.5109153830665,414.1661832686499,11.17130328803961,66.66666666666667,1553828160.673492,70.57611241217798,platform_snapshot_world_bank_217_economies,True,False,False,True,False,official_unfriendly_list;non_sovereign_or_special,46563.0,2024,5325.0,2024,6795.6,2024,2,un_wpp2024_population_by_single_age_sex,UN World Population Prospects 2024,47170.0,5211.0,6610.05,49515.0,5188.0,6476.8,51013.0,5125.0,6425.05,-2.015869774056167,-2.7987685418415897,uk_overseas_territory,UK and Crown/Overseas territories,Распоряжение Правительства РФ от 29.10.2022 №3216-р,1.0,True,,False,,,,,,False,False,,Turks and Caicos Islands,territory_or_special_case,1.0,True,False,0.0,0.0,,0.7473684210526315,0.22808065366301,0.602554627061954,0.415317640362482,0.0532885367417594,0.7753055675192874,0.7915956187906524,0.2782324298473376,0.8373037190852017,0.8373037190852017,0.0,0.9230111134867174,0.5,0.7527128065554124,0.4835008784090455,0.5091812137458972,0.4146404805118051,0.4771324904352209,0.5741573304766896,0.5062578408803119,0.4835777054246636,0.5518007344413257,economic_legal,0.6652003718568458,0.7086704773868617,5211.0,415.93396871816094,0.0256108055542042,5188.0,414.0981442544269,0.0268964444718152,5125.0,409.0695815928949,0.043983514056368,0.329609913617342,0.3693746610068811,0.5,0.1192291222315043,,0.573983238342985,0.5073071672496869,0.5198236471225307,0.1192291222315043,0.5518007344413257,0.0,0.0,0.5,Turks and Caicos Islands,partner_embedded_branch,600,2388754.7158208955,1959229.556912116,0.9857051608886792,0.1083924232050688,175499181.3411738,5978.000261216226,25.0,0.0385774301494665,9.279723965983156e-05,415.93396871816094,0.08,120221.39125201014,786697.3977808516,-603540.2147063733,-6225696.482902401,-457395072.3327082,-6066262.976427673,-445681667.9888671,-6517241.865122217,-5583005.260269349,0.0,inf,-2617.079947185915,191.280490654094,0.11,0.0,0.0,False,unfriendly_country_hard_exclusion;non_sovereign_or_special_hard_exclusion,20.351252130144587,0.0,216.0,,,,,0.0,0.0,0.0,I_ECO=0.57; I_PROGRAM=0.55; I_HRSTRAT=0.52,I_RUSCOMP=0.00; I_FIN=0.00; I_MARKET=0.12,D_excluded,,,
UKR,Ukraine,Europe & Central Asia,Upper middle income,,16319.8447265625,2024.0,2.9138222142611028,2024.0,77.75301133005138,2024.0,60.61589894523311,2024.0,69.5315643200148,2024,82.47489929,2024.0,87.1920013427734,2024.0,-2.501240700483322,2023.0,-6.218221843242646,2023.0,-1.8649917840957613,2023.0,-10.00876379013063,2023.0,29.05303851033681,2024.0,2053604.975700409,2024,1751189.9791477188,2024,1985579.976222901,2024,4698305.944148432,12.209927054652592,10.705266298636555,100.0,66.06913331683886,85.95928007341898,49.866551268522905,23.747320886375626,3000.0,0.2905303851033681,1.9729546931860624,0.5678977888275261,189.0,144.7035998351613,41.65166826465054,4.557386732965156,1.0148486161653891,338.0,334.2551495879032,74.43265096458784,13.286364621240418,2.5073867329651565,836.0,974.4698122344088,183.90076958790323,71.6931504640917,100.0,617872928033.3408,83.55760040283201,platform_snapshot_world_bank_217_economies,True,False,False,False,False,official_unfriendly_list,37860222.0,2024,3804794.0,2024,4698305.0,2024,2,un_wpp2024_population_by_single_age_sex,UN World Population Prospects 2024,39535852.0,4405859.0,5404909.85,36828150.0,4063354.0,5063680.15,31990137.0,2315403.0,2924626.5,-6.3133282417282,-45.88944901643456,state,,Распоряжение Правительства РФ от 05.03.2022 №430-р,1.0,True,,False,,,,,,False,False,,,,,False,False,0.0,0.0,,0.7473684210526315,0.8868657808246655,0.8534536343372271,0.8701597075809463,0.7990006709600147,0.5686920035677855,0.4845515136654518,0.2763827224726579,0.542592792101253,0.542592792101253,0.809610814875516,0.5978453884714932,0.5,0.194282735652432,0.3968629657008478,0.394610129844921,0.2316506480481857,0.5185251848232948,0.4127473559025614,0.5841718376133894,0.3596502389497755,0.5437824734614924,digital_finance_business_informatics,0.4728074342394717,0.70345860774997,4405859.0,1014237.467880934,0.887748541310707,4063354.0,935392.1385282336,0.883071024674036,2315403.0,533010.3564013097,0.8326569481559879,0.1706881094076592,0.0,0.5,0.7417636533037176,,0.5581886859189382,0.4205221821989163,0.4653880135010568,0.7417636533037176,0.5437824734614924,0.0,0.0,0.5,Ukraine,partner_embedded_branch,600,1804696.724082223,1455126.4194521494,0.578604111578472,0.1274851199162384,132589083.15192445,5449.770010047772,25.0,93.63051684213085,9.236425356692057e-05,1014237.467880934,0.08,609854.1914030567,559093.3721347216,95488.28903911286,-2344888.004778499,-172276342.33427107,-2215526.0695831142,-162772263.25359488,-3123512.854189801,-1372037.224751191,0.0,inf,0.1871347823216284,109.81893077546782,0.11,0.6117886949818965,0.1835366084945689,False,unfriendly_country_hard_exclusion,35.31449046725013,0.0,157.0,,,,,0.0,0.0,0.0,I_MARKET=0.74; I_ECO=0.56; I_PROGRAM=0.54,I_RUSCOMP=0.00; I_FIN=0.18; I_FEAS=0.42,D_excluded,,,
GBR,United Kingdom,Europe & Central Asia,High income,,52621.17902529789,2024.0,1.1264226705118006,2024.0,62.840160526711806,2024.0,72.4462431770253,2024.0,83.2429544416085,2024,95.4720993,2024.0,80.4146499633789,2023.0,8.127998948097211,2023.0,9.788561820983888,2023.0,10.755967140197718,2023.0,3.6045497059822114,2023.0,84.88504894205971,2024.0,4110658.090621336,2024,3983381.148377367,2024,4457279.255951751,2024,10099814.904176991,14.476939918596882,13.58639923899021,100.0,84.08052859439726,94.68880988689924,61.49812331536695,93.97140981473008,9471.81222455362,0.8488504894205972,2.977930880957075,0.986637867065448,104.0,218.4121713605633,72.36357306690138,7.069827202392688,1.908160783072956,201.0,518.5265784014083,139.9513812093896,19.986205873047165,5.019827202392687,530.0,1465.860289070422,368.17219840140825,31.03801385391289,100.0,3642753739205.272,87.12439498901367,platform_snapshot_world_bank_217_economies,True,False,False,False,False,official_unfriendly_list,69138185.0,2024,8083771.0,2024,10087001.8,2024,2,un_wpp2024_population_by_single_age_sex,UN World Population Prospects 2024,69931528.0,8453515.0,10434956.35,72656812.0,9078599.0,11323499.6,75504687.0,7989472.0,10021728.25,8.515064368237635,-3.960036689564106,state_with_territories,UK and Crown/Overseas territories,Распоряжение Правительства РФ от 05.03.2022 №430-р в ред. от 29.10.2022 №3216-р,1.0,True,,False,,,,,,False,False,,,,,False,False,0.0,0.0,,0.7473684210526315,0.8147808386627788,0.9223906638574236,0.8685857512601013,1.0,0.9065816659029012,0.2830054626920349,0.1791847982573675,0.8326591977930616,0.8326591977930616,0.9678765446551404,0.7788228047648917,0.5,0.7929532915600519,0.8642998224980251,0.961395290446923,0.9235934739429166,0.7423650507047871,0.7404816078323798,0.7115970880439701,0.2207130640312344,0.693863503886694,diplomatic_analytic,0.767088035525415,0.8010112775263512,8453515.0,3457161.9434499447,1.0,9078599.0,3712797.216618499,1.0,7989472.0,3267386.23479806,1.0,0.4994392788528706,0.3318777783629856,0.5,0.8816158743566437,,0.6914141150434222,0.8475712577322188,0.5729972367766724,0.8816158743566437,0.693863503886694,0.0,0.0,0.5,United Kingdom,partner_embedded_branch,600,2249706.385026786,1978828.933541018,1.016356282173032,0.0335343232989118,165283453.43089446,6458.856413802821,45.5859712208382,347.15549671097034,0.0001004686292098,3457161.9434499447,0.08,2272538.4062578124,1338491.7091305433,1041126.0338577124,431270.6285494092,31684978.68183369,92780.76153482636,6816500.491126004,-2798985.526293168,2329401.5211248538,0.5,7.0,0.4643266710585673,167.1965876328692,0.11,0.9834001355005236,0.645020040650157,False,unfriendly_country_hard_exclusion,50.96516261883061,0.0,44.0,,,,,0.0,0.0,0.0,I_MARKET=0.88; I_FEAS=0.85; I_PROGRAM=0.69,I_RUSCOMP=0.00; I_HRSTRAT=0.57; I_FIN=0.65,D_excluded,,,
USA,United States,North America,High income,,75489.26643348167,2024.0,2.793001277167789,2024.0,25.378634250708764,2024.0,77.59921031128533,2021.0,80.1247798047184,2024,94.69380188,2024.0,79.361930847168,2022.0,8.52040696144106,2023.0,9.2937449216843,2023.0,9.756129503250133,2023.0,0.205973245203495,2023.0,100.0,2024.0,22417542.98730865,2024,22293869.870226044,2024,22246904.39207786,2024,54722519.833969735,15.989250876047665,15.190849150851044,100.0,86.90703751392536,92.7333737866253,66.80706351586664,90.11855113056512,13588.0679580267,1.0,3.25,1.1,81.0,238.3667,80.67796,7.75,2.1500000000000004,158.0,568.4128999999999,157.68874000000002,21.8,5.7,419.0,1598.89048,418.05852,39.33444254197636,100.0,25674728990086.684,86.80857925415039,platform_snapshot_world_bank_217_economies,True,False,False,False,False,official_unfriendly_list,345426570.0,2024,45410204.0,2024,55577774.45,2024,2,un_wpp2024_population_by_single_age_sex,UN World Population Prospects 2024,349035487.0,46197675.0,56465784.9,363284708.0,44295693.0,56003865.9,380846906.0,42905293.0,53403202.6,-0.8180511451634898,-5.4237841649129255,state,,Распоряжение Правительства РФ от 05.03.2022 №430-р,1.0,True,,False,,,,,,False,False,,,,,False,False,0.0,0.0,,0.7473684210526315,0.803583957704903,0.9162867523169168,0.8599353550109099,1.0,1.0,0.4709278206130379,0.0,0.9590040129562628,0.9590040129562628,0.9583992873176272,0.7376658407859261,0.5,0.643494626728017,0.8815565571661506,0.9164943333142234,0.9022034801262936,0.7279007730396575,0.7384505273414778,0.7671056441324884,0.1883711282452151,0.7105286250525158,digital_finance_business_informatics,0.8310250824624623,0.8118436062841352,46197675.0,20398822.79845933,1.0,44295693.0,19558992.79004745,1.0,42905293.0,18945054.46481836,1.0,0.2499444583501184,0.3158849116566874,0.5,0.8601042682345231,,0.7500924032451197,0.805184295259501,0.5848887543290033,0.8601042682345231,0.7105286250525158,0.0,0.0,0.5,United States,partner_embedded_branch,600,2492675.4054088667,2172937.627801876,1.1697782112329187,0.0428594550429097,183134120.0924435,6845.813756034988,271.3871829426343,600.0,0.0001013685457528,20398822.79845933,0.08,4063188.723476153,2036418.70199954,2189683.517636576,8605181.675249068,632213231.9807063,8887147.662499517,652928962.9014108,6639886.557676919,10918779.4922855,1.0,2.0,0.5330955032448944,189.2217134950984,0.11,1.0,1.0,False,unfriendly_country_hard_exclusion,54.58197530032877,0.0,25.0,,,,,0.0,0.0,0.0,I_FIN=1.00; I_MARKET=0.86; I_FEAS=0.81,I_RUSCOMP=0.00; I_HRSTRAT=0.58; I_PROGRAM=0.71,D_excluded,,,
UZB,Uzbekistan,Europe & Central Asia,Lower middle income,,10450.205140285188,2024.0,6.499999999976765,2024.0,60.72744038129968,2024.0,45.19182828954487,2024.0,50.9986686706543,2024,89.50550079,2024.0,59.8086982926392,2025.0,-1.9863726496696457,2023.0,-5.829676985740663,2023.0,-4.037721335887912,2023.0,-1.0822697430849078,2023.0,26.61687952016054,2024.0,2783139.5,2024,2471935.999999999,2024,2821453.4999999995,2024,6524729.574999999,17.187128689394743,12.076386086763632,100.0,74.8762219801183,69.78520823973487,46.14330634629971,32.26971062332678,3000.0,0.2661687952016054,1.9291038313628897,0.549626596401204,183.0,141.48741976594724,40.311593235811344,4.447759578407224,0.9758700723225688,325.0,326.21469941486805,71.57382423639754,12.994025542419266,2.397759578407224,799.0,953.0286117729815,175.86031941486806,74.24725102980207,100.0,379988885832.1253,65.54260948779175,platform_snapshot_world_bank_217_economies,False,True,False,False,False,existing_mgimo_branch,36361861.0,2024,5255075.0,2024,6524728.85,2024,2,un_wpp2024_population_by_single_age_sex,UN World Population Prospects 2024,37724227.0,5470020.0,6648058.8,43175107.0,6986081.0,8262099.65,52210752.0,8455646.0,10447700.6,24.27837807331068,57.15415453304955,,,,,False,branch_or_campus,True,0.0,operational,,Tashkent,MGIMO Tashkent foreign branch/campus,True,False,,,,,False,False,0.0,0.0,,0.7473684210526315,0.5956127962779659,0.5052698714349482,0.5504413338564571,0.7384347365977892,0.4400451753100397,0.8889266704831937,0.1654146603213064,0.1644123563867281,0.1644123563867281,0.8952218138853884,0.3532286471117495,0.5,0.5868417665582333,0.4195050653518584,0.2970366510511004,0.2484467035410603,0.3328773725458304,0.2619966017693766,0.5559707854703628,0.4548194643860614,0.5018766301707536,digital_finance_business_informatics,0.3533909678338733,0.6762198096109898,5470020.0,486792.5606365372,0.8065791647143064,6986081.0,621711.1196676173,0.8377693203586272,8455646.0,752491.8680692378,0.870589189779579,0.939879975323044,0.9186132681778976,0.5,0.8080292928800243,,0.5410820772253694,0.4747500865887661,0.4374331340347765,0.8080292928800243,0.5018766301707536,0.5326796391012487,0.5326796391012487,0.5,Uzbekistan,partner_embedded_branch,600,1688633.9333382838,1376105.8699879665,0.5177736998002789,0.1155549809504714,124062077.58503704,5166.413807451671,25.0,59.40550560018111,0.0001220981035118,486792.5606365372,0.08,414636.8873965664,466627.32536663045,-14660.251940733697,-2559248.7318596737,-188025189.1561252,-2838492.5207187617,-208540923.15543464,-3432066.9518545982,-2139131.9415809927,0.0,inf,-0.0477667341230145,101.29890305650488,0.11,0.5114981022493974,0.1534494306748192,False,existing_mgimo_branch_hard_exclusion,52.03700148531459,0.0,36.0,,,,,0.0,0.0,0.0,I_MARKET=0.81; I_ECO=0.54; I_RUSCOMP=0.53,I_FIN=0.15; I_HRSTRAT=0.44; I_FEAS=0.47,D_excluded,41.2995,69.2401,city coordinate reference for Tashkent
VIR,Virgin Islands (US),Latin America & Caribbean,High income,,46479.29966853264,2022.0,-1.311232063334984,2022.0,205.62928082191783,2022.0,59.95832658230936,,95.3312197036061,2024,64.3774942980087,2017.0,33.5513496398926,1993.0,4.579174399375919,2023.0,6.636583387851717,2023.0,9.45382034778594,2023.0,3.74306172132492,2023.0,89.0102631117342,2022.0,6237.664241130649,2024,5615.618859737841,2024,4917.354612104001,2024,14066.092676315291,13.48121805889281,13.52196909660461,93.33333333333331,5.110212396662963,56.14637337676501,64.44008536394684,83.95704382637643,8366.273940335874,0.890102631117342,3.052184736011216,1.0175769733380065,122.0,223.8582164041122,74.63275850171341,7.255461840028039,1.974164209787748,236.0,532.1416910102804,144.79231013698862,20.481231573408103,5.205461840028039,622.0,1502.1672560274146,381.78731101028046,25.3876506035296,93.33333333333331,4851369861.502432,73.06540489196777,platform_snapshot_world_bank_217_economies,False,False,False,True,False,non_sovereign_or_special,84924.0,2024,9644.0,2024,11444.45,2024,2,un_wpp2024_population_by_single_age_sex,UN World Population Prospects 2024,83414.0,9709.0,11484.25,78136.0,8768.0,10869.5,71244.0,8262.0,10223.1,-5.352983433833291,-10.981561704072965,,,,,False,,False,,,,,,False,False,,Virgin Islands (US),territory_or_special_case,1.0,True,False,0.0,0.0,,0.7473684210526315,0.3163356343010353,0.6506662928776689,0.4835009635893521,0.1951336631593618,0.8707608879170197,0.0081370445134611,1.0,0.5264698756367449,0.5264698756367449,0.5892403500083739,0.9383765039292246,0.5,0.7990446127691596,0.7082349065470077,0.9029181586147388,0.7873394387831236,0.6734626608937736,0.8144275470227024,0.5699279441106054,0.6032548178053844,0.7622217904250974,economic_legal,0.7415497833185735,0.8454441637763133,9709.0,1417.5720420981716,0.1610098892333623,8768.0,1280.180416635778,0.1518837264038462,8262.0,1206.3013916793795,0.1627597550726463,0.1291139731482308,0.2399243561546327,0.5,0.1958623500466731,,0.5582182028794858,0.7565744820831395,0.6532758870926682,0.1958623500466731,0.7622217904250974,0.78461528549363,0.78461528549363,0.5,Virgin Islands (US),partner_embedded_branch,600,2286909.5772389662,1973329.766107096,1.0079530900973346,0.0535536139417093,168016731.0392119,6373.647276716638,25.0,0.224771724743337,0.000158643649911,1417.5720420981716,0.08,121375.31106364154,764965.3098791079,-582392.7740251378,-5993266.867630708,-440318724.17127377,-6003085.880893776,-441040116.2747968,-6625313.024390291,-4980279.739785184,0.0,inf,-406.52407869370165,171.60317963115273,0.11,0.00203416037787,0.000610248113361,False,non_sovereign_or_special_hard_exclusion,38.26090683945952,0.0,138.0,,,,,0.0,0.0,0.0,I_RUSCOMP=0.78; I_PROGRAM=0.76; I_FEAS=0.76,I_FIN=0.00; I_MARKET=0.20; I_ECO=0.56,D_excluded,,,
PSE,West Bank and Gaza,Middle East & North Africa,Lower middle income,National accounts data are provided in the US dollar.,3845.5029737541936,2024.0,-26.55752645298773,2024.0,81.31368015695313,2024.0,58.53461751802733,2023.0,87.1196014117004,2024,86.63765334,2023.0,44.4904623709098,2023.0,-8.466901898384089,2023.0,-4.779633343219756,2023.0,-1.954465210437775,2023.0,-13.05652964115143,2023.0,59.3054191376851,2024.0,543721.8993322288,2024,469347.2100895231,2024,432645.1866508304,2024,1207759.4434146257,22.558995729769528,20.41471727793644,100.0,66.77047015261593,70.80534954482067,18.108154528043816,15.347351165435969,3000.0,0.593054191376851,2.5174975444783323,0.7947906435326382,265.0,184.642332903201,58.2928070430004,5.918743861195829,1.4988867062029616,500.0,434.1019822580024,109.93374702506752,16.916650296522214,3.8687438611958296,1290.0,1240.7280326880066,283.7476022580024,24.30474545583993,100.0,20339449744.63794,60.947138711272935,platform_snapshot_world_bank_217_economies,False,False,False,True,False,non_sovereign_or_special,5495447.0,2024,1052580.0,2024,1254864.45,2024,2,un_wpp2024_population_by_single_age_sex,UN World Population Prospects 2024,5692794.0,1109041.0,1311599.95,6692734.0,1358539.0,1606894.45,8451896.0,1397266.0,1697957.8,22.514067646922364,29.4569887716144,,,,,False,,False,,,,,,False,False,,West Bank and Gaza,territory_or_special_case,1.0,True,False,0.0,0.0,,0.7473684210526315,0.4326857044649026,0.4164511584629686,0.4245684314639356,0.3737017355104035,0.1515509843572735,0.0,0.2995901979149415,0.4915621702533846,0.4915621702533846,0.8603002946949727,0.8299908881107194,0.5,0.0602516140722316,0.134514010247951,0.3905920349740743,0.2938380938765541,0.3529275977468888,0.3235613220363491,0.4306813825523591,0.1797541187489649,0.3925487855039327,digital_finance_business_informatics,0.1525210058535947,0.6051567105775562,1109041.0,26368.71475090324,0.4841783104169007,1358539.0,32300.814279163103,0.5097974091752177,1397266.0,33221.59287630985,0.5273816193361475,0.8267631259382416,0.6393352484063757,0.5,0.5284198675550502,,0.2477537283972434,0.3939523925558037,0.3232671852565378,0.5284198675550502,0.3925487855039327,0.7080469407811779,0.7080469407811779,0.5,West Bank and Gaza,partner_embedded_branch,600,1758637.811807001,1410675.6010589094,0.5418743861195829,0.1333304736377231,129205185.53186738,4702.0672726084285,25.0,3.266478022201427,0.0001239415527306,26368.71475090324,0.08,134744.8314286925,445088.9176401397,-274736.972800236,-3695604.4055742286,-271511990.51269245,-3674612.825107663,-269969762.1865524,-3983006.0991124976,-3309513.232218244,0.0,inf,-17.887453997947407,122.14961174140636,0.11,0.3768921362780749,0.1130676408834224,False,non_sovereign_or_special_hard_exclusion,40.85332027757432,0.0,112.0,,,,,0.0,0.0,0.0,I_RUSCOMP=0.71; I_MARKET=0.53; I_FEAS=0.39,I_FIN=0.11; I_ECO=0.25; I_HRSTRAT=0.32,D_excluded,,,
