rank_eligible,iso3,country,region,income_group,eligible,exclusion_reason,recommendation_category,PRIORITY,rank_median_mc,rank_q25_mc,rank_q75_mc,p_top5_mc,p_top10_mc,p_top20_mc,I_MARKET,I_PROGRAM,I_DEM,I_ECO,I_RUSCOMP,I_RUSCOMP_GRADED,I_FIN,I_FEAS,I_HRSTRAT,I_PARTNERSHIP,PROGRAM_FIT,recommended_program_profile,I_PROFILE_DIPLO_ANALYTIC,I_PROFILE_ECON_LEGAL,I_PROFILE_DIGITAL_FINANCE,I_PROFILE_ENERGY_LOGISTICS,addressable_market_students_2026,addressable_market_students_2035,addressable_market_students_2050,DATAQ,IMPUTED_SHARE_KEY,recommended_format,capex_usd,capex_rub,npv_10y_usd,npv_10y_rub,npv_expected_usd,npv_expected_rub,npv_p10_usd,npv_p90_usd,npv_positive_probability,payback_years,students_year_10,avg_tuition_usd,host_subsidy_share,demand_pool_students,is_unfriendly,is_domestic_russia,is_non_sovereign_or_special,has_existing_mgimo_branch,has_mgimo_pipeline,mgimo_pipeline_status_label,mgimo_pipeline_stage,mgimo_presence_type,partner_universities_mgimo_count,platform_data_coverage_pct,top_strengths,main_weaknesses
1.0,VNM,Viet Nam,East Asia & Pacific,Lower middle income,True,,neutral_in_preparation,80.38224626694874,1.0,1.0,1.0,1.0,1.0,1.0,0.7902073498591018,0.8190688663800925,0.7902073498591018,0.7309318801358704,0.7929056123055176,0.7929056123055176,0.9299999999999999,0.519808666346423,0.6749893805625682,0.5,0.8190688663800925,digital_finance_business_informatics,0.4592542498095345,0.4789220785758553,0.635347449250511,0.9239125909653574,1158657.1447716802,1306524.9704126506,1006972.7709199325,0.7473684210526315,0.25263157894736854,partner_embedded_branch,1735881.7706997597,127533324.22336358,724769.1814428854,53247994.51450921,1261609.7417946241,92689079.95893507,170619.41492948445,2327583.1201443546,0.9,6.0,258.1533608014093,5489.373661609645,0.08,1158657.1447716802,False,False,False,False,True,В подготовке,planned_first_program,branch_pipeline,3.0,100.0,I_FIN=0.93; I_PROGRAM=0.82; I_RUSCOMP=0.79,I_FEAS=0.52; I_HRSTRAT=0.67; I_ECO=0.73
2.0,CHN,China,East Asia & Pacific,Upper middle income,True,,A_open_priority,76.21954369266368,2.0,2.0,2.0,1.0,1.0,1.0,0.8458964440894422,0.5652536283048547,0.8458964440894422,0.6394646381863845,0.7412886293989794,0.7412886293989794,1.0,0.5716862447190245,0.4563605547374491,0.5,0.5652536283048547,digital_finance_business_informatics,0.512694542907245,0.3953139753244509,0.6238191044328291,0.29412906788994053,40042687.00524328,41080277.68625977,19937717.31681206,0.7473684210526315,0.25263157894736854,urban_standard_branch,6621112.197425964,486445829.92146844,14160868.77555516,1040383451.9843845,14143514.402516266,1039108445.2870274,11924304.976785066,17539479.70248849,1.0,3.0,1400.0,5720.949103829381,0.0,40042687.00524328,False,False,False,False,False,,,,0.0,100.0,I_FIN=1.00; I_MARKET=0.85; I_RUSCOMP=0.74,I_HRSTRAT=0.46; I_PROGRAM=0.57; I_FEAS=0.57
3.0,TUR,Türkiye,Europe & Central Asia,Upper middle income,True,,A_open_priority,75.69950238081866,3.0,3.0,3.0,0.994,1.0,1.0,0.8591285530641766,0.5698097284634696,0.8591285530641766,0.6500958551568061,0.7428996215512674,0.7428996215512674,1.0,0.5102990732833462,0.4659887392076695,0.5,0.5698097284634696,digital_finance_business_informatics,0.5353755707969705,0.43427885734866356,0.6234378261742245,0.28776650511126883,5181504.059417091,5151300.528549127,3825178.599583105,0.7473684210526315,0.25263157894736854,partner_embedded_branch,1974475.6285581803,145062552.5069781,7563513.303513441,555683002.5444987,8309879.641414827,610517716.3871418,6355609.617803683,10635808.720148845,1.0,4.0,600.0,6053.501444306604,0.08,5181504.059417091,False,False,False,False,False,,,,0.0,100.0,I_FIN=1.00; I_MARKET=0.86; I_RUSCOMP=0.74,I_HRSTRAT=0.47; I_FEAS=0.51; I_PROGRAM=0.57
4.0,SAU,Saudi Arabia,Middle East & North Africa,High income,True,,A_open_priority,73.39919974824426,4.0,4.0,5.0,0.879,1.0,1.0,0.8885517380492359,0.550749959665261,0.8885517380492359,0.6354038462125837,0.7397854928507883,0.7397854928507883,0.6301699824091219,0.6963203658325847,0.45592080736885066,0.5,0.550749959665261,digital_finance_business_informatics,0.5548085172035764,0.4987242174521772,0.59472855666153,0.22804039822861844,2118324.9170561926,2321360.5921713132,2607379.0489481078,0.7473684210526315,0.25263157894736854,partner_embedded_branch,2155765.5226530023,158381721.60724118,220658.80617088272,16211559.764687967,-214695.33798497496,-15773430.316884328,-2329892.154343322,1572293.088427641,0.5,7.0,293.1912543218751,6563.157695394815,0.08,2118324.9170561926,False,False,False,False,False,,,,0.0,100.0,I_MARKET=0.89; I_RUSCOMP=0.74; I_FEAS=0.70,I_HRSTRAT=0.46; I_PROGRAM=0.55; I_FIN=0.63
5.0,BRA,Brazil,Latin America & Caribbean,Upper middle income,True,,A_open_priority,73.02874452478801,5.0,4.0,5.0,0.934,1.0,1.0,0.8402771867927563,0.5116577487325465,0.8402771867927563,0.5837403312255262,0.730165494495484,0.730165494495484,1.0,0.52717604619986,0.4083309968519101,0.5,0.5116577487325465,digital_finance_business_informatics,0.4411029097198089,0.38336647589657835,0.5701444886715535,0.21754419538105058,5527767.533165593,5197690.162507579,4329405.007767758,0.7473684210526315,0.25263157894736854,partner_embedded_branch,1879179.5139668381,138061251.79367825,7012640.945108274,515211016.3320653,6127153.971945341,450155262.4494551,3770140.5275145937,8402172.336106846,1.0,4.0,600.0,5559.251244264256,0.08,5527767.533165593,False,False,False,False,False,,,,0.0,100.0,I_FIN=1.00; I_MARKET=0.84; I_RUSCOMP=0.73,I_HRSTRAT=0.41; I_PROGRAM=0.51; I_FEAS=0.53
6.0,IDN,Indonesia,East Asia & Pacific,Upper middle income,True,,A_open_priority,71.37852896112831,6.0,6.0,7.0,0.081,0.94,1.0,0.8516311035667543,0.4289149917586723,0.8516311035667543,0.551649043464352,0.7183125776007384,0.7183125776007384,1.0,0.5578172170399862,0.3785089868739253,0.5,0.4289149917586723,digital_finance_business_informatics,0.3672125449672645,0.3291049607346231,0.46129198319861764,0.3175356845803043,3844007.5208474323,3890691.59767757,3522552.960054951,0.7473684210526315,0.25263157894736854,partner_embedded_branch,1721044.852089301,126443272.13366365,4580875.403643986,336551876.94277966,3623542.461174199,266217678.72576112,2457626.8418339947,5191788.849387663,1.0,4.0,489.55597118144317,5355.095315135381,0.08,3844007.5208474323,False,False,False,False,False,,,,0.0,100.0,I_FIN=1.00; I_MARKET=0.85; I_RUSCOMP=0.72,I_HRSTRAT=0.38; I_PROGRAM=0.43; I_ECO=0.55
7.0,IND,India,South Asia,Lower middle income,True,,A_open_priority,71.20497466817474,7.0,6.0,7.0,0.04,0.951,1.0,0.824198180193429,0.46170247988306873,0.824198180193429,0.5711425813257636,0.7262041401794135,0.7262041401794135,1.0,0.4966981126663463,0.41694910159255416,0.5,0.46170247988306873,digital_finance_business_informatics,0.3567685968764032,0.33476691233992334,0.4975168961480083,0.3917075647712461,10621302.750913672,9911628.88202456,8999938.18626319,0.7473684210526315,0.25263157894736854,partner_embedded_branch,1667963.3077023032,122543429.45724975,8946007.262011614,657253312.932005,8771089.51398499,644402298.3940119,7961056.420490162,10179405.241457071,1.0,2.0,600.0,5131.718318167629,0.08,10621302.750913672,False,False,False,False,False,,,,0.0,100.0,I_FIN=1.00; I_MARKET=0.82; I_RUSCOMP=0.73,I_HRSTRAT=0.42; I_PROGRAM=0.46; I_FEAS=0.50
8.0,MEX,Mexico,Latin America & Caribbean,Upper middle income,True,,A_open_priority,70.8022227881451,8.0,8.0,8.0,0.0,0.998,1.0,0.8378799091177936,0.5072529696093646,0.8378799091177936,0.5686790997798613,0.7326897437904238,0.7326897437904238,0.8599999999999999,0.49970105651984165,0.4330370569123945,0.5,0.5072529696093646,digital_finance_business_informatics,0.41375646211652073,0.4228264231461593,0.5552968658921675,0.2802346120389324,2766445.3420121446,2659985.9976002662,2331416.3384563033,0.7473684210526315,0.25263157894736854,partner_embedded_branch,1974471.6706803686,145062261.72604895,1701214.415344336,124986351.7594915,2272807.486749866,166980665.96327725,-428934.01264559524,5269511.155211756,0.8,6.0,372.01583128294016,5637.527377821153,0.08,2766445.3420121446,False,False,False,False,False,,,,0.0,100.0,I_FIN=0.86; I_MARKET=0.84; I_RUSCOMP=0.73,I_HRSTRAT=0.43; I_FEAS=0.50; I_PROGRAM=0.51
9.0,PHL,Philippines,East Asia & Pacific,Lower middle income,True,,A_open_priority,69.0313710650312,9.0,9.0,9.0,0.0,0.861,1.0,0.787107524183561,0.5322055015335618,0.787107524183561,0.5906538023105271,0.7416370638375912,0.7416370638375912,0.7077177744144257,0.49435811441591027,0.48680428070195747,0.5,0.5322055015335618,digital_finance_business_informatics,0.430623591707961,0.4269975819619459,0.5678518476043667,0.43854755690542324,1520197.0394094791,1522492.6160096806,1212800.86091956,0.7473684210526315,0.25263157894736854,partner_embedded_branch,1679413.4823763913,123384661.19536287,-115064.10555643757,-8453633.264715357,-58415.43604057746,-4291717.828921582,-1431512.1378783954,802377.0621306093,0.6,7.0,208.30621568868278,5175.022721517766,0.08,1520197.0394094791,False,False,False,False,False,,,,0.0,100.0,I_MARKET=0.79; I_RUSCOMP=0.74; I_FIN=0.71,I_HRSTRAT=0.49; I_FEAS=0.49; I_PROGRAM=0.53
10.0,THA,Thailand,East Asia & Pacific,Upper middle income,True,,B_strategic_with_subsidy,67.02326061545864,10.0,10.0,10.0,0.0,0.805,1.0,0.7427111818236969,0.6370168021995813,0.7427111818236969,0.642498584291074,0.7671139843168407,0.7671139843168407,0.3837111257547081,0.5931722503731042,0.6117692008073538,0.5,0.6370168021995813,digital_finance_business_informatics,0.5706719830606207,0.5880162963394429,0.6582287035376625,0.5735761016348528,1257900.946740161,1101276.167099787,852234.8926015744,0.7473684210526315,0.25263157894736854,partner_embedded_branch,1799129.822859097,132180089.04265273,-783787.6700114361,-57584017.9493032,-969589.8208950507,-71234697.5923564,-1935785.2877079789,521781.001175769,0.2,9.0,185.07871311989368,5686.184142292818,0.08,1257900.946740161,False,False,False,False,False,,,,0.0,100.0,I_RUSCOMP=0.77; I_MARKET=0.74; I_ECO=0.64,I_FIN=0.38; I_FEAS=0.59; I_HRSTRAT=0.61
11.0,MYS,Malaysia,East Asia & Pacific,Upper middle income,True,,B_strategic_with_subsidy,64.94181309762479,11.0,11.0,12.0,0.006,0.14,1.0,0.739122176735935,0.7012816965404672,0.739122176735935,0.7308780575652805,0.7826366801966971,0.7826366801966971,0.19091020026262323,0.7269718963839061,0.6875709211887513,0.5,0.7012816965404672,digital_finance_business_informatics,0.5649224564700456,0.6310351805141878,0.7269414167827423,0.6916126677379933,805992.6844053838,798474.7347954024,698504.0735703061,0.7473684210526315,0.25263157894736854,partner_embedded_branch,1857863.0671324236,136495155.89284533,-2049963.071237041,-150608531.88440704,-2062853.0497542962,-151555544.42709342,-2886352.833389196,-1477393.0440297676,0.0,inf,123.65426624678966,6067.290267821616,0.08,805992.6844053838,False,False,False,False,False,,,,0.0,100.0,I_RUSCOMP=0.78; I_MARKET=0.74; I_ECO=0.73,I_FIN=0.19; I_HRSTRAT=0.69; I_PROGRAM=0.70
12.0,ARG,Argentina,Latin America & Caribbean,Upper middle income,True,,A_open_priority,64.40593805490838,12.0,11.0,13.0,0.0,0.11,0.995,0.8411074852773873,0.43819992986097134,0.8411074852773873,0.4624242292280152,0.7097011757759308,0.7097011757759308,0.6499999999999999,0.55327967033353,0.2990098565819463,0.5,0.43819992986097134,diplomatic_analytic,0.494810636151561,0.35788597666345373,0.47774134184706035,0.0018250894802867572,2317223.3363430025,2308952.445355653,1667559.2208202821,0.7473684210526315,0.25263157894736854,partner_embedded_branch,1943526.264981255,142788736.80928132,630531.8245091003,46324479.561676644,1097103.6066494626,80602995.16656871,-966693.8032781258,3875461.436683445,0.5,6.0,295.676442691072,5777.889732991785,0.08,2317223.3363430025,False,False,False,False,False,,,,0.0,100.0,I_MARKET=0.84; I_RUSCOMP=0.71; I_FIN=0.65,I_HRSTRAT=0.30; I_PROGRAM=0.44; I_ECO=0.46
13.0,ARE,United Arab Emirates,Middle East & North Africa,High income,True,,B_strategic_with_subsidy,63.506106745664795,13.0,12.0,13.0,0.066,0.188,1.0,0.7469476890324414,0.8261867829907272,0.7469476890324414,0.8119043644370746,0.8093191916495804,0.8093191916495804,0.08771584780215456,0.8380234908089251,0.80583761125423,0.5,0.8261867829907272,energy_logistics,0.7604462803960823,0.793380405985645,0.7877274012873411,0.8424417631453338,523421.05145924253,522828.45996740577,645802.3823044426,0.7473684210526315,0.25263157894736854,partner_embedded_branch,2210941.8253280874,162435463.87084675,-4055308.436992449,-297939050.0265546,-4199531.335590083,-308534947.74133426,-4919696.322109088,-3321983.943893368,0.0,inf,86.6736048042813,6819.488953702283,0.08,523421.05145924253,False,False,False,False,False,,,,0.0,100.0,I_FEAS=0.84; I_PROGRAM=0.83; I_ECO=0.81,I_FIN=0.09; I_MARKET=0.75; I_HRSTRAT=0.81
14.0,CHL,Chile,Latin America & Caribbean,High income,True,,C_watchlist,61.65425234476375,14.0,13.0,14.0,0.0,0.005,1.0,0.770678394014943,0.6059672224590582,0.770678394014943,0.5967477597248699,0.7505834544279639,0.7505834544279639,0.19505430445415603,0.7452782467990213,0.4998894348504829,0.5,0.6059672224590582,diplomatic_analytic,0.648484214907766,0.5461190825659953,0.6202618697192009,0.29316320731001316,1068630.331709049,1035994.4197573187,741061.2562745439,0.7473684210526315,0.25263157894736854,partner_embedded_branch,1889494.462610326,138819079.7240718,-1747975.7864467308,-128421858.25687623,-1977047.797536825,-145251526.93245324,-2563819.680429073,-1419355.7657071822,0.0,inf,153.3974050601147,5921.210076467734,0.08,1068630.331709049,False,False,False,False,False,,,,0.0,100.0,I_MARKET=0.77; I_RUSCOMP=0.75; I_FEAS=0.75,I_FIN=0.20; I_HRSTRAT=0.50; I_ECO=0.60
15.0,GEO,Georgia,Europe & Central Asia,Upper middle income,True,,B_strategic_with_subsidy,58.64935681598443,15.0,15.0,15.0,0.0,0.002,1.0,0.6595224007655793,0.7069151348149068,0.6595224007655793,0.6999658469873008,0.781334416355231,0.781334416355231,0.11982225007918246,0.6416361674757658,0.6720241906145015,0.5,0.7069151348149068,digital_finance_business_informatics,0.666776343612489,0.6017820870661431,0.728963998635572,0.666346550134766,159082.9770260433,188073.05906699022,133663.00120484628,0.7473684210526315,0.25263157894736854,partner_embedded_branch,1811786.1049393904,133109932.16518159,-3660152.1761422567,-268907354.21377784,-3534756.074677296,-259694640.5748588,-3967000.0390726025,-3238577.7605401715,0.0,inf,24.465926557470386,5817.465907045056,0.08,159082.9770260433,False,False,False,False,False,,,,0.0,100.0,I_RUSCOMP=0.78; I_PROGRAM=0.71; I_ECO=0.70,I_FIN=0.12; I_FEAS=0.64; I_MARKET=0.66
16.0,EGY,"Egypt, Arab Rep.",Middle East & North Africa,Lower middle income,True,,C_watchlist,56.618254902616336,16.0,16.0,18.25,0.0,0.0,0.832,0.835787206316009,0.40278508078537467,0.835787206316009,0.5009045966434785,0.7098236756620341,0.7098236756620341,0.3252660125514986,0.4233245938927765,0.3295430631958037,0.5,0.40278508078537467,digital_finance_business_informatics,0.30686016721755627,0.31028747244187194,0.45071370102828845,0.18723780350642238,1340510.0554749868,1585829.5014324063,1552234.1463325154,0.7473684210526315,0.25263157894736854,partner_embedded_branch,1810149.130837639,132989665.47859743,-1131261.8053225,-83112560.44905822,-730341.4984304007,-53657386.51403327,-1743820.2943013425,-117270.60636590411,0.1,10.0,167.28307867629005,5449.397599209665,0.08,1340510.0554749868,False,False,False,False,False,,,,0.0,100.0,I_MARKET=0.84; I_RUSCOMP=0.71; I_ECO=0.50,I_FIN=0.33; I_HRSTRAT=0.33; I_PROGRAM=0.40
17.0,DOM,Dominican Republic,Latin America & Caribbean,Upper middle income,True,,C_watchlist,56.35290616731421,17.0,16.0,17.0,0.0,0.0,0.995,0.6827939909731652,0.5917118420221565,0.6827939909731652,0.6096563706037276,0.749480976571578,0.749480976571578,0.13944522786052593,0.6199345548318113,0.5025816030780185,0.5,0.5917118420221565,digital_finance_business_informatics,0.4690166012248355,0.4573439836951214,0.6508777264707027,0.3500910579373364,339965.7151827424,345021.1865045595,306357.57549587335,0.7473684210526315,0.25263157894736854,partner_embedded_branch,1844570.4768716819,135518563.9082379,-3364500.3222621875,-247186137.72624844,-3128454.862167665,-229844137.42310998,-3918419.8774872306,-2260664.970454863,0.0,inf,48.384489123374735,5744.840835749256,0.08,339965.7151827424,False,False,False,False,False,,,,0.0,100.0,I_RUSCOMP=0.75; I_MARKET=0.68; I_FEAS=0.62,I_FIN=0.14; I_HRSTRAT=0.50; I_PROGRAM=0.59
18.0,MNG,Mongolia,East Asia & Pacific,Upper middle income,True,,B_strategic_with_subsidy,55.37927627117115,19.0,17.0,21.0,0.0,0.0,0.742,0.6641857398349369,0.6496287559303817,0.6641857398349369,0.5844046261951655,0.764802985263588,0.764802985263588,0.11793524273841512,0.5805344616397992,0.5820009139212483,0.5,0.6496287559303817,energy_logistics,0.5068147414266884,0.45426100144938053,0.5918513076004744,0.696606968154148,104750.35763102693,152254.9621542618,118278.2169631536,0.7473684210526315,0.25263157894736854,partner_embedded_branch,1746558.70068027,128317746.5244087,-3544141.821655631,-260384201.0810354,-3573827.278809081,-262565158.9640965,-4142120.1795699657,-3076395.498753759,0.0,inf,15.50417915198017,5516.366474301389,0.08,104750.35763102693,False,False,False,False,False,,,,0.0,100.0,I_RUSCOMP=0.76; I_MARKET=0.66; I_PROGRAM=0.65,I_FIN=0.12; I_FEAS=0.58; I_HRSTRAT=0.58
19.0,COL,Colombia,Latin America & Caribbean,Upper middle income,True,,C_watchlist,55.307013275857685,19.0,18.0,21.0,0.0,0.0,0.709,0.7524831749748395,0.457595518585694,0.7524831749748395,0.5040928595178338,0.7192134558094195,0.7192134558094195,0.22520572349291265,0.521918267678758,0.3621158662570836,0.5,0.457595518585694,digital_finance_business_informatics,0.4209650406781676,0.389187646763694,0.5076144158948268,0.1410460195668154,1123917.5929155764,1004446.9850826286,915737.1017937359,0.7473684210526315,0.25263157894736854,partner_embedded_branch,1793596.9518267666,131773595.09406555,-1477111.2223433377,-108521736.68322045,-1352751.2075473075,-99385143.19217238,-1843396.8895474493,-243932.1208906613,0.0,inf,145.76928592659215,5512.256722329409,0.08,1123917.5929155764,False,False,False,False,False,,,,0.0,100.0,I_MARKET=0.75; I_RUSCOMP=0.72; I_FEAS=0.52,I_FIN=0.23; I_HRSTRAT=0.36; I_PROGRAM=0.46
20.0,PER,Peru,Latin America & Caribbean,Upper middle income,True,,C_watchlist,54.806961566652056,21.0,20.0,24.0,0.0,0.0,0.475,0.7595648508356556,0.47186015157609384,0.7595648508356556,0.5128570164984834,0.7249966627677861,0.7249966627677861,0.18468553210683214,0.5329763761833132,0.3984220634181388,0.5,0.47186015157609384,digital_finance_business_informatics,0.4172847575544811,0.3681836583810984,0.5140531008748236,0.27448575184626595,922181.6010249588,881906.5688313398,826190.8088205525,0.7473684210526315,0.25263157894736854,partner_embedded_branch,1833607.6991750642,134713140.6899229,-2131611.578435707,-156607157.89493513,-2191737.169552493,-161024518.93613514,-2815113.6869046814,-1570540.809338168,0.0,inf,120.9694531661912,5404.498958567224,0.08,922181.6010249588,False,False,False,False,False,,,,0.0,100.0,I_MARKET=0.76; I_RUSCOMP=0.72; I_FEAS=0.53,I_FIN=0.18; I_HRSTRAT=0.40; I_PROGRAM=0.47
21.0,MAR,Morocco,Middle East & North Africa,Lower middle income,True,,C_watchlist,54.71552027982817,21.0,21.0,22.0,0.0,0.0,0.215,0.6884584156235536,0.5320500436332767,0.6884584156235536,0.5097535731440065,0.7414225431175613,0.7414225431175613,0.1676179643074028,0.5513631300170498,0.485146156285279,0.5,0.5320500436332767,digital_finance_business_informatics,0.4256674635438982,0.402613949632607,0.5690789449503022,0.4557679780512534,397817.2786964589,407325.000781114,356245.5546539971,0.7473684210526315,0.25263157894736854,partner_embedded_branch,1666701.9398381962,122450758.14777845,-2622222.316636521,-192651789.1587369,-2545127.647224619,-186987728.60118082,-2797126.9352196893,-2230388.926837955,0.0,inf,54.501026635949756,5108.086938903729,0.08,397817.2786964589,False,False,False,False,False,,,,0.0,100.0,I_RUSCOMP=0.74; I_MARKET=0.69; I_FEAS=0.55,I_FIN=0.17; I_HRSTRAT=0.49; I_ECO=0.51
22.0,CRI,Costa Rica,Latin America & Caribbean,High income,True,,B_strategic_with_subsidy,54.05105591864087,23.0,20.0,25.0,0.0,0.0,0.311,0.579539519166458,0.6507103841930042,0.579539519166458,0.6306177687145684,0.7639786225707602,0.7639786225707602,0.08666229309972097,0.7164217108616739,0.5742298679288311,0.5,0.6507103841930042,digital_finance_business_informatics,0.5787744184447813,0.5870450432857287,0.6967794541205531,0.3980152443163042,141925.02313521804,133622.6581409626,96079.63661719432,0.7473684210526315,0.25263157894736854,partner_embedded_branch,1962469.9935774852,144180511.71114492,-4366691.447956766,-320816017.3207909,-4221345.586098534,-310137616.7305146,-4728223.882084295,-3651039.426852621,0.0,inf,21.011288283611023,5853.356099683406,0.08,141925.02313521804,False,False,False,False,False,,,,0.0,100.0,I_RUSCOMP=0.76; I_FEAS=0.72; I_PROGRAM=0.65,I_FIN=0.09; I_HRSTRAT=0.57; I_MARKET=0.58
23.0,IRN,"Iran, Islamic Rep.",Middle East & North Africa,Upper middle income,True,,C_watchlist,53.971747168417394,24.0,21.0,30.0,0.0,0.0,0.245,0.8319931748789017,0.4673483119379239,0.8319931748789017,0.5486209262493718,0.7216282320696688,0.7216282320696688,0.226984832865995,0.3183823199518198,0.3741116739656351,0.5,0.4673483119379239,digital_finance_business_informatics,0.3287556573179294,0.24648162930201045,0.5306839522404749,0.29297868092947343,1690394.4212976426,1921423.5160480733,1372864.1993719786,0.7473684210526315,0.25263157894736854,partner_embedded_branch,1864025.294804508,136947887.98146293,-334517.5228736492,-24576634.43625185,-1315914.071842151,-96678759.35276382,-1843986.1515596602,-452327.4948147481,0.0,8.0,220.79631259429283,5475.551064739519,0.08,1690394.4212976426,False,False,False,False,False,,,,0.0,100.0,I_MARKET=0.83; I_RUSCOMP=0.72; I_ECO=0.55,I_FIN=0.23; I_FEAS=0.32; I_HRSTRAT=0.37
24.0,ARM,Armenia,Europe & Central Asia,Upper middle income,True,,B_strategic_with_subsidy,53.626395578505836,25.0,22.0,27.0,0.0,0.0,0.201,0.5126571388965205,0.7377846688948122,0.5126571388965205,0.6736139205945667,0.7873617239985456,0.7873617239985456,0.10782240017658457,0.5092908248275237,0.6965271425755359,0.5,0.7377846688948122,energy_logistics,0.5749724231422008,0.5933613330837312,0.7134546349290019,0.7771229622627194,59156.43246677993,57913.17112519471,41565.66552589427,0.7473684210526315,0.25263157894736854,partner_embedded_branch,1832823.422996349,134655520.78177646,-3926973.537585729,-288510426.13553214,-3783217.5273521566,-277948830.1952829,-3914258.5726775406,-3598784.321135374,0.0,inf,9.27220555117068,5674.776628672101,0.08,59156.43246677993,False,False,False,False,False,,,,0.0,100.0,I_RUSCOMP=0.79; I_PROGRAM=0.74; I_HRSTRAT=0.70,I_FIN=0.11; I_FEAS=0.51; I_MARKET=0.51
25.0,KGZ,Kyrgyz Republic,Europe & Central Asia,Lower middle income,True,,B_strategic_with_subsidy,53.505499708726475,25.0,23.0,28.0,0.0,0.0,0.043,0.632244058951309,0.6834317985908639,0.632244058951309,0.5770932930547764,0.7699039328731192,0.7699039328731192,0.1398349114233267,0.39006323245139374,0.5963396084502735,0.5,0.6834317985908639,energy_logistics,0.3886498928098448,0.3522293912859342,0.6559562792197907,0.7609609312552563,82343.1250864043,105475.33957944071,98523.67491567144,0.7473684210526315,0.25263157894736854,partner_embedded_branch,1650318.0939535752,121247055.01286583,-3044483.2777210083,-223674837.482557,-3120386.315903929,-229251350.20451418,-3485537.501825184,-2845424.955504597,0.0,inf,16.921736197595678,5036.345165272682,0.08,82343.1250864043,False,False,False,False,False,,,,3.0,100.0,I_RUSCOMP=0.77; I_PROGRAM=0.68; I_MARKET=0.63,I_FIN=0.14; I_FEAS=0.39; I_ECO=0.58
26.0,JOR,Jordan,Middle East & North Africa,Lower middle income,True,,C_watchlist,53.46718285438573,26.0,24.0,28.0,0.0,0.0,0.005,0.6039396572903225,0.5725650227981351,0.6039396572903225,0.48812684337888756,0.7496307636900799,0.7496307636900799,0.13261426901963183,0.6625299674547606,0.5197855117522192,0.5,0.5725650227981351,digital_finance_business_informatics,0.4766687794046225,0.49188584667583746,0.6108763441704699,0.42623073360426667,104269.73229436572,114833.17776705044,115597.30836494507,0.7473684210526315,0.25263157894736854,partner_embedded_branch,1647833.2156583415,121064493.73788114,-3258250.052911931,-239380047.3123814,-3269892.4610165707,-240235402.22918034,-3737581.029369399,-2877247.20668017,0.0,inf,14.679230401772461,5144.94154006281,0.08,104269.73229436572,False,False,False,False,False,,,,0.0,100.0,I_RUSCOMP=0.75; I_FEAS=0.66; I_MARKET=0.60,I_FIN=0.13; I_ECO=0.49; I_HRSTRAT=0.52
27.0,SRB,Serbia,Europe & Central Asia,Upper middle income,True,,B_strategic_with_subsidy,53.34383515270294,26.0,25.0,27.0,0.0,0.0,0.0,0.60528558275364,0.6347779387473644,0.60528558275364,0.628772625052126,0.7644463339891003,0.7644463339891003,0.0928813489218193,0.5788865489598575,0.5914045009530321,0.5,0.6347779387473644,digital_finance_business_informatics,0.5691819653788429,0.5462472873604773,0.6643997916758356,0.5392346602485153,165609.84330641793,156655.19192563242,128798.45439171021,0.7473684210526315,0.25263157894736854,partner_embedded_branch,1904450.3092301171,139917869.32379657,-3980496.39037174,-292442691.25458235,-4092577.6718023666,-300677179.7118809,-4603028.942047917,-3408524.453707292,0.0,inf,24.30778785267319,5843.899458310613,0.08,165609.84330641793,False,False,False,False,False,,,,0.0,100.0,I_RUSCOMP=0.76; I_PROGRAM=0.63; I_ECO=0.63,I_FIN=0.09; I_FEAS=0.58; I_HRSTRAT=0.59
28.0,OMN,Oman,Middle East & North Africa,High income,True,,C_watchlist,52.80355883032395,28.0,26.0,30.0,0.0,0.0,0.027,0.6873755104377117,0.5668400635758202,0.6873755104377117,0.5700933949013136,0.7509380627079729,0.7509380627079729,0.06859604388715039,0.7127122754370127,0.5354504695865903,0.5,0.5668400635758202,digital_finance_business_informatics,0.507666025535745,0.5513638206161292,0.5899268177911736,0.4469019876176071,117220.03358681039,158358.09419385405,167970.46958416505,0.7473684210526315,0.25263157894736854,partner_embedded_branch,1974527.162098527,145066338.6195005,-4472244.403052364,-328570876.8234138,-4595414.141970183,-337620022.0549932,-5209028.208601997,-3978629.7105895365,0.0,inf,16.457628891348016,6065.372553741021,0.08,117220.03358681039,False,False,False,False,False,,,,0.0,100.0,I_RUSCOMP=0.75; I_FEAS=0.71; I_MARKET=0.69,I_FIN=0.07; I_HRSTRAT=0.54; I_PROGRAM=0.57
29.0,BHR,Bahrain,Middle East & North Africa,High income,True,,B_strategic_with_subsidy,52.65419429932447,29.0,24.0,32.0,0.0,0.0,0.172,0.5737229349126017,0.7053965817711965,0.5737229349126017,0.6798138495359991,0.7842533584581874,0.7842533584581874,0.04349749684880496,0.7332721473766032,0.6976141690088978,0.5,0.7053965817711965,digital_finance_business_informatics,0.6426831204973397,0.7094178151904993,0.7178915588189272,0.6587740030805909,59159.796450683556,64323.94188070195,67674.47336801335,0.7473684210526315,0.25263157894736854,partner_embedded_branch,2083007.2153981656,153036248.8073663,-5013191.72182489,-368313681.2915807,-5115089.096889874,-375799969.3504925,-5642922.06409729,-4556891.1954059815,0.0,inf,9.10264921992663,6577.666991482304,0.08,59159.796450683556,False,False,False,False,False,,,,0.0,100.0,I_RUSCOMP=0.78; I_FEAS=0.73; I_PROGRAM=0.71,I_FIN=0.04; I_MARKET=0.57; I_ECO=0.68
30.0,DZA,Algeria,Middle East & North Africa,Upper middle income,True,,C_watchlist,52.559343549696514,30.0,25.0,34.0,0.0,0.0,0.0,0.817715207177168,0.41938505491293077,0.817715207177168,0.5011210903070742,0.712613852353678,0.712613852353678,0.17920057210157886,0.4321952570765045,0.3389612238532071,0.5,0.41938505491293077,digital_finance_business_informatics,0.3247562110575458,0.25453299680385094,0.4705050139407411,0.2479977307858511,774257.7385239471,1042406.1471352744,824238.1582064714,0.7473684210526315,0.25263157894736854,partner_embedded_branch,1788174.729814849,131375230.40729417,-2235285.640372845,-164223977.1839885,-2305305.3509739703,-169368248.30017152,-2817519.7588051753,-1914950.0679176669,0.0,inf,97.76533074078215,5398.016037845982,0.08,774257.7385239471,False,False,False,False,False,,,,0.0,100.0,I_MARKET=0.82; I_RUSCOMP=0.71; I_ECO=0.50,I_FIN=0.18; I_HRSTRAT=0.34; I_PROGRAM=0.42
31.0,URY,Uruguay,Latin America & Caribbean,High income,True,,C_watchlist,51.95960939558758,32.0,29.0,34.0,0.0,0.0,0.007,0.59331303792749,0.619950383437264,0.59331303792749,0.589734349701024,0.7542660306583486,0.7542660306583486,0.05875638490054444,0.7962229630032764,0.5189249359551841,0.5,0.619950383437264,digital_finance_business_informatics,0.6448934828035052,0.5750271054215315,0.6638965326792406,0.2695273041900949,152947.71506787578,141635.32945419542,104054.98561012531,0.7473684210526315,0.25263157894736854,partner_embedded_branch,2007868.8926765139,147515918.88916153,-4571258.057088976,-335845301.07046425,-4799148.020767123,-352588126.0229377,-5293391.2858094815,-4281561.522895053,0.0,inf,22.164400074487986,5976.274799520072,0.08,152947.71506787578,False,False,False,False,False,,,,0.0,100.0,I_FEAS=0.80; I_RUSCOMP=0.75; I_PROGRAM=0.62,I_FIN=0.06; I_HRSTRAT=0.52; I_ECO=0.59
32.0,ZAF,South Africa,Sub-Saharan Africa,Upper middle income,True,,C_watchlist,51.60149216781926,34.0,30.0,36.0,0.0,0.0,0.0,0.7122145527594855,0.4699045763092263,0.7122145527594855,0.4804283099285349,0.7244007158395891,0.7244007158395891,0.14389111779932892,0.504044973745597,0.39508548507221963,0.5,0.4699045763092263,digital_finance_business_informatics,0.4053530243377801,0.44205143291771526,0.5141523546850036,0.1893637110763454,425897.8082267698,448605.738077465,477698.42748641607,0.7473684210526315,0.25263157894736854,partner_embedded_branch,1768020.297262286,129894506.41753317,-2929673.1041863505,-215239860.32415658,-3036401.02136184,-223081042.9983309,-3676646.996873729,-2743970.977241257,0.0,inf,55.786574296960524,5317.196560926899,0.08,425897.8082267698,False,False,False,False,False,,,,0.0,100.0,I_RUSCOMP=0.72; I_MARKET=0.71; I_FEAS=0.50,I_FIN=0.14; I_HRSTRAT=0.40; I_PROGRAM=0.47
33.0,ISR,Israel,Middle East & North Africa,High income,True,,C_watchlist,51.57071280677754,33.0,29.0,37.0,0.0,0.0,0.024,0.7474657305493064,0.6231727010092957,0.7474657305493064,0.6196040504906233,0.7548824547792818,0.7548824547792818,0.0341989532189119,0.6774826488628367,0.5213765389862679,0.5,0.6231727010092957,economic_legal,0.6350212107502051,0.669317583763911,0.6691282828188906,0.1764331690984609,366929.6037400659,430144.760196568,454225.66049394873,0.7473684210526315,0.25263157894736854,partner_embedded_branch,2372965.8761420036,174339192.65768924,-5349470.5617059795,-393019717.7509205,-5307618.976579755,-389944927.82844037,-5969110.433095278,-4755600.527210913,0.0,inf,53.28402972142279,6321.404027333335,0.08,366929.6037400659,False,False,False,False,False,,,,0.0,100.0,I_RUSCOMP=0.75; I_MARKET=0.75; I_FEAS=0.68,I_FIN=0.03; I_HRSTRAT=0.52; I_ECO=0.62
34.0,MUS,Mauritius,Sub-Saharan Africa,Upper middle income,True,,B_strategic_with_subsidy,51.50101467494254,33.0,30.0,37.0,0.0,0.0,0.002,0.40541817170932515,0.7117125532074259,0.40541817170932515,0.6646154880595373,0.7861045209857067,0.7861045209857067,0.08230264564869537,0.6912527663354469,0.7077772138747006,0.5,0.7117125532074259,economic_legal,0.6493061715697352,0.7210142935061333,0.6924359416240076,0.7149951639108585,26283.548635178984,18954.72363048712,15584.689992101441,0.7473684210526315,0.25263157894736854,partner_embedded_branch,1838144.3527246523,135046443.6358922,-4157037.866971898,-305412999.3447717,-4311613.743419199,-316769518.9538908,-4611286.831458319,-3977336.368395672,0.0,inf,4.061062791160282,5911.17682897064,0.08,26283.548635178984,False,False,False,False,False,,,,0.0,100.0,I_RUSCOMP=0.79; I_PROGRAM=0.71; I_HRSTRAT=0.71,I_FIN=0.08; I_MARKET=0.41; I_ECO=0.66
35.0,KHM,Cambodia,East Asia & Pacific,Lower middle income,True,,C_watchlist,51.351541779926926,34.0,32.0,36.0,0.0,0.0,0.0,0.556388492495385,0.6522526428661232,0.556388492495385,0.5397778076821255,0.7565022391535424,0.7565022391535424,0.13689210253391315,0.4305241890767584,0.5106414572244166,0.5,0.6522526428661232,energy_logistics,0.3045488890845261,0.314695709463807,0.474608471948639,0.7546311853527297,69116.2616955437,75051.29636288206,72582.03300350651,0.7473684210526315,0.25263157894736854,partner_embedded_branch,1633642.5497347605,120021921.12220816,-3116591.8963085366,-228972578.37070227,-3181318.292348892,-233727955.48875153,-3372030.9764128723,-2952163.1589676193,0.0,inf,10.207180364780864,5021.202431103934,0.08,69116.2616955437,False,False,False,False,False,,,,0.0,100.0,I_RUSCOMP=0.76; I_PROGRAM=0.65; I_MARKET=0.56,I_FIN=0.14; I_FEAS=0.43; I_HRSTRAT=0.51
36.0,PAN,Panama,Latin America & Caribbean,High income,True,,C_watchlist,51.29520341880863,34.0,33.0,36.0,0.0,0.0,0.0,0.6283278556984073,0.6025508150461166,0.6283278556984073,0.6232818871334634,0.7550179822487743,0.7550179822487743,0.07138829639095431,0.5488457468432458,0.5396908395346873,0.5,0.6025508150461166,digital_finance_business_informatics,0.5332256004461081,0.567845600497929,0.6418530149951115,0.3753198446242133,150771.71108754785,157993.63045856834,146435.10940535038,0.7473684210526315,0.25263157894736854,partner_embedded_branch,2034223.004256095,149452126.47739062,-4493766.005208232,-330152045.26004314,-4537599.49270695,-333372443.3697376,-5060035.094397525,-3940211.094223376,0.0,inf,21.64349745796064,6074.9460268194225,0.08,150771.71108754785,False,False,False,False,False,,,,0.0,100.0,I_RUSCOMP=0.76; I_MARKET=0.63; I_ECO=0.62,I_FIN=0.07; I_HRSTRAT=0.54; I_FEAS=0.55
37.0,BLR,Belarus,Europe & Central Asia,Upper middle income,True,,B_strategic_with_subsidy,51.29352516091667,34.0,32.0,36.0,0.0,0.0,0.0,0.6517721110404422,0.6112280358887561,0.6517721110404422,0.6341911179383921,0.7589984840199508,0.7589984840199508,0.09436326046960596,0.3922136135111795,0.5656306702589602,0.5,0.6112280358887561,digital_finance_business_informatics,0.4456061003463963,0.3898746629698579,0.6559923059590598,0.6209044966145962,234476.35655259533,261530.64932577583,142659.94376721396,0.7473684210526315,0.25263157894736854,partner_embedded_branch,1963320.1751203167,144242973.61389706,-3897152.724484355,-286319523.79986864,-4061894.130017481,-298422893.6488413,-4626680.083187796,-3425321.119206502,0.0,inf,33.88421111376855,5892.896724724852,0.08,234476.35655259533,False,False,False,False,False,,,,0.0,100.0,I_RUSCOMP=0.76; I_MARKET=0.65; I_ECO=0.63,I_FIN=0.09; I_FEAS=0.39; I_HRSTRAT=0.57
38.0,PRY,Paraguay,Latin America & Caribbean,Upper middle income,True,,C_watchlist,50.26966076855217,39.0,37.0,40.0,0.0,0.0,0.0,0.5962494180554131,0.4964777635690517,0.5962494180554131,0.5186074267001284,0.7338610061708736,0.7338610061708736,0.12027835976583416,0.5286769077354625,0.4517769151164021,0.5,0.4964777635690517,digital_finance_business_informatics,0.3488644420052529,0.3719027243277321,0.5382827242705635,0.416310027032857,91090.25058289716,100782.48695067319,97644.38653345578,0.7473684210526315,0.25263157894736854,partner_embedded_branch,1759066.1397335145,129236654.3134676,-3618488.8528249487,-265846395.6793109,-3525312.15027454,-259000805.83730516,-3999328.9775039614,-3239554.0492689954,0.0,inf,12.176833174955588,5429.820499582083,0.08,91090.25058289716,False,False,False,False,False,,,,0.0,100.0,I_RUSCOMP=0.73; I_MARKET=0.60; I_FEAS=0.53,I_FIN=0.12; I_HRSTRAT=0.45; I_PROGRAM=0.50
39.0,AZE,Azerbaijan,Europe & Central Asia,Upper middle income,True,,C_watchlist,50.23385427133902,39.0,38.0,40.0,0.0,0.0,0.0,0.6209765959468106,0.506583344341208,0.6209765959468106,0.5466151357801395,0.735715176112356,0.735715176112356,0.10788106560017385,0.5003697840625679,0.4588070139852929,0.5,0.506583344341208,digital_finance_business_informatics,0.35343903103909147,0.36403875821398596,0.5506126980610637,0.4311676909889055,156791.8773184784,169658.05433226255,134204.75456706042,0.7473684210526315,0.25263157894736854,partner_embedded_branch,1842850.5202695557,135392200.588632,-3757294.1213744874,-276044266.0738501,-3782002.8374614418,-277859588.26517093,-4402676.7971239695,-3410063.158234651,0.0,inf,21.104604498790785,5638.278496417774,0.08,156791.8773184784,False,False,False,False,False,,,,0.0,100.0,I_RUSCOMP=0.74; I_MARKET=0.62; I_ECO=0.55,I_FIN=0.11; I_HRSTRAT=0.46; I_FEAS=0.50
40.0,TUN,Tunisia,Middle East & North Africa,Lower middle income,True,,C_watchlist,50.026399199788486,40.0,39.0,42.0,0.0,0.0,0.0,0.5922659084859938,0.5280217833089847,0.5922659084859938,0.49959507333023917,0.7413016988543815,0.7413016988543815,0.12157401221784572,0.4799525723608158,0.48749600436235707,0.5,0.5280217833089847,digital_finance_business_informatics,0.4516654706990801,0.4685487869207522,0.5578223678128232,0.41267473720334036,105547.84343726188,122507.02883953381,84353.70441587843,0.7473684210526315,0.25263157894736854,partner_embedded_branch,1726757.6252471476,126862983.29352017,-3429484.5379628898,-251960456.57114178,-3498485.173853873,-257029857.38935283,-3964489.373533191,-3027284.7775020897,0.0,inf,14.425002612641203,5291.830648304784,0.08,105547.84343726188,False,False,False,False,False,,,,0.0,100.0,I_RUSCOMP=0.74; I_MARKET=0.59; I_PROGRAM=0.53,I_FIN=0.12; I_FEAS=0.48; I_HRSTRAT=0.49
41.0,CUB,Cuba,Latin America & Caribbean,Upper middle income,True,,C_watchlist,49.53467590314424,43.0,42.0,44.0,0.0,0.0,0.0,0.5727031878838619,0.5605997362201715,0.5727031878838619,0.5380524815041082,0.7465778891017256,0.7465778891017256,0.10117290170176328,0.47326164249352315,0.5043159623309026,0.5,0.5605997362201715,digital_finance_business_informatics,0.5417674914343414,0.5302230603317367,0.5896959866413207,0.36456883191617767,141703.65448079855,133195.31440732206,97926.54945934472,0.7473684210526315,0.25263157894736854,partner_embedded_branch,1866498.5999764078,137129598.99180672,-3847713.0480801403,-282687245.15809506,-3920897.920359046,-288064057.2210668,-4346306.217084681,-3464902.7352164537,0.0,inf,19.78509787160142,5696.641145108448,0.08,141703.65448079855,False,False,False,False,False,,,,0.0,93.33333333333331,I_RUSCOMP=0.75; I_MARKET=0.57; I_PROGRAM=0.56,I_FIN=0.10; I_FEAS=0.47; I_HRSTRAT=0.50
42.0,GHA,Ghana,Sub-Saharan Africa,Lower middle income,True,,C_watchlist,49.46182316886063,43.0,41.0,47.0,0.0,0.0,0.0,0.6315658366025096,0.41856344054347866,0.6315658366025096,0.46140315986084224,0.719303601924973,0.719303601924973,0.13846662391140582,0.5258329424646115,0.39539381558854136,0.5,0.41856344054347866,energy_logistics,0.27453496199942434,0.2844789152630813,0.4382030180825662,0.44922977925530155,122387.97250452953,140844.4529767161,153041.84255032407,0.7473684210526315,0.25263157894736854,partner_embedded_branch,1597942.2256534633,117399057.58231173,-2966157.3053528494,-217920314.45123798,-3148717.2288443595,-231332791.21424338,-3331858.5338560757,-2887249.429891869,0.0,inf,15.492593173270906,4963.958524560955,0.08,122387.97250452953,False,False,False,False,False,,,,0.0,100.0,I_RUSCOMP=0.72; I_MARKET=0.63; I_FEAS=0.53,I_FIN=0.14; I_HRSTRAT=0.40; I_PROGRAM=0.42
43.0,FJI,Fiji,East Asia & Pacific,Upper middle income,True,,C_watchlist,49.426088512058776,44.0,42.0,46.0,0.0,0.0,0.0,0.48606170397099274,0.5606147646507549,0.48606170397099274,0.47969499097187607,0.7456812067284494,0.7456812067284494,0.11091243888428072,0.6286398091930676,0.4968310855281145,0.5,0.5606147646507549,diplomatic_analytic,0.5850354429277626,0.46741915875822443,0.5402722670001181,0.4683214370019999,27285.29878404445,28140.51066773472,25328.711515670057,0.7473684210526315,0.25263157894736854,partner_embedded_branch,1723064.7585750043,126591672.44127114,-3692463.9385272944,-271281263.85326797,-3719237.101566204,-273248258.6912573,-4149200.84515487,-3212011.2693537977,0.0,inf,3.8081694884192387,5342.7494548903005,0.08,27285.29878404445,False,False,False,False,False,,,,0.0,93.33333333333331,I_RUSCOMP=0.75; I_FEAS=0.63; I_PROGRAM=0.56,I_FIN=0.11; I_ECO=0.48; I_MARKET=0.49
44.0,NAM,Namibia,Sub-Saharan Africa,Lower middle income,True,,C_watchlist,49.236258565932964,45.0,43.0,47.0,0.0,0.0,0.0,0.5033666794784272,0.5070349055972398,0.5033666794784272,0.47548388056180424,0.7406019346460996,0.7406019346460996,0.12552491349362357,0.5736207734207727,0.49915370071979537,0.5,0.5070349055972398,energy_logistics,0.43333791562946594,0.4736969049751977,0.5023985355043239,0.5202840500850217,18212.523642947748,23107.304992008536,24131.929962115886,0.7473684210526315,0.25263157894736854,partner_embedded_branch,1664779.5352423904,122309521.19676965,-3456474.479033428,-253943377.85265902,-3416680.261432243,-251019740.45913935,-3886257.175853138,-2967560.9755817475,0.0,inf,2.457475550489779,5159.61299236151,0.08,18212.523642947748,False,False,False,False,False,,,,0.0,100.0,I_RUSCOMP=0.74; I_FEAS=0.57; I_PROGRAM=0.51,I_FIN=0.13; I_ECO=0.48; I_HRSTRAT=0.50
45.0,VEN,"Venezuela, RB",Latin America & Caribbean,,True,,C_watchlist,48.92530160508401,46.0,41.0,51.0,0.0,0.0,0.0,0.761660976917051,0.40687958940061925,0.761660976917051,0.544404201985492,0.709453598176143,0.709453598176143,0.15977139705146343,0.29479195429728333,0.3230469936340072,0.5,0.40687958940061925,digital_finance_business_informatics,0.24307064436868364,0.14957554657029767,0.4693511971142668,0.30144616939070384,1061611.0498579722,990628.519116348,863753.5410738916,0.7473684210526315,0.25263157894736854,partner_embedded_branch,2141229.2437995104,157313757.18978187,-2920380.811322012,-214557165.78893578,-2707593.8042804347,-198923938.44729885,-3893214.8934437637,-1763749.8751743431,0.0,inf,132.80247711207411,5669.157190680772,0.08,1061611.0498579722,False,False,False,False,False,,,,0.0,93.33333333333331,I_MARKET=0.76; I_RUSCOMP=0.71; I_ECO=0.54,I_FIN=0.16; I_FEAS=0.29; I_HRSTRAT=0.32
46.0,GUY,Guyana,Latin America & Caribbean,High income,True,,B_strategic_with_subsidy,48.56298070361997,47.0,40.0,56.0,0.0,0.0,0.0,0.45580470169964005,0.887528209762145,0.45580470169964005,0.8148381254815588,0.8089037435377153,0.8089037435377153,0.026091912001626822,0.4590670389564238,0.7512576880125064,0.5,0.887528209762145,energy_logistics,0.4467546664037576,0.5588369005293896,0.7090165446342238,1.0,19278.316842065604,20964.993559988336,19147.395635914436,0.7473684210526315,0.25263157894736854,partner_embedded_branch,2235965.850122295,164273951.44604987,-5516445.346162892,-405287171.4927069,-5475478.345996162,-402277371.05415744,-6171238.670414095,-4790209.481338617,0.0,inf,3.2899775137695038,6864.9246085225395,0.08,19278.316842065604,False,False,False,False,False,,,,0.0,100.0,I_PROGRAM=0.89; I_ECO=0.81; I_RUSCOMP=0.81,I_FIN=0.03; I_MARKET=0.46; I_FEAS=0.46
47.0,MDV,Maldives,South Asia,Upper middle income,True,,B_strategic_with_subsidy,48.372777246174806,48.0,45.0,53.0,0.0,0.0,0.0,0.40044513287835354,0.7233780907020269,0.40044513287835354,0.620034357091055,0.7860162701579526,0.7860162701579526,0.06754441099645922,0.5344256979677362,0.6973205090645812,0.5,0.7233780907020269,digital_finance_business_informatics,0.6229130978435807,0.6310100793781126,0.7497794032164469,0.6936857465485622,10257.048863433623,11549.489533350992,8072.811775243917,0.7473684210526315,0.25263157894736854,partner_embedded_branch,1948636.1015468668,143164150.88093662,-4523609.706794372,-332344629.18750507,-4617188.600636139,-339219767.5812764,-5501384.89525103,-3938731.6672789147,0.0,inf,1.594594187003736,5767.25750425762,0.08,10257.048863433623,False,False,False,False,False,,,,0.0,100.0,I_RUSCOMP=0.79; I_PROGRAM=0.72; I_HRSTRAT=0.70,I_FIN=0.07; I_MARKET=0.40; I_FEAS=0.53
48.0,BRN,Brunei Darussalam,East Asia & Pacific,High income,True,,B_strategic_with_subsidy,48.06562679118636,49.0,45.0,57.0,0.0,0.0,0.0,0.3928732544171888,0.6357345172042401,0.3928732544171888,0.6524061895198521,0.7697541128731039,0.7697541128731039,0.03873627834358582,0.83790294299165,0.6348388429389978,0.5,0.6357345172042401,digital_finance_business_informatics,0.5408859491804724,0.6246512907093391,0.6495232227550193,0.625447222080628,10904.503695761392,11111.795611478266,9898.63889873902,0.7473684210526315,0.25263157894736854,partner_embedded_branch,2085748.96671588,153237682.26075232,-5233005.762473213,-384463177.06256825,-5213671.935501303,-383042742.0621517,-5641864.134170683,-4899208.289438561,0.0,inf,1.605138553631668,6857.407860460935,0.08,10904.503695761392,False,False,False,False,False,,,,0.0,100.0,I_FEAS=0.84; I_RUSCOMP=0.77; I_ECO=0.65,I_FIN=0.04; I_MARKET=0.39; I_HRSTRAT=0.63
49.0,KWT,Kuwait,Middle East & North Africa,High income,True,,C_watchlist,47.91068954833261,50.0,47.0,56.0,0.0,0.0,0.0,0.6093215794705293,0.5554035482218429,0.6093215794705293,0.5329517749777483,0.7432316230801473,0.7432316230801473,0.03531806048698398,0.7040072867648115,0.480760568816357,0.5,0.5554035482218429,digital_finance_business_informatics,0.5291348697860369,0.572805525069912,0.5941730167153727,0.23749901536411425,114403.33509689089,116764.99476626136,125279.64607163149,0.7473684210526315,0.25263157894736854,partner_embedded_branch,2137643.0577080417,157050284.04244635,-5100123.68224279,-374700476.7983274,-5284447.43528706,-388242540.17836154,-5649166.639377203,-4978877.6393383015,0.0,inf,15.901570003996643,6263.49841008304,0.08,114403.33509689089,False,False,False,False,False,,,,0.0,100.0,I_RUSCOMP=0.74; I_FEAS=0.70; I_MARKET=0.61,I_FIN=0.04; I_HRSTRAT=0.48; I_ECO=0.53
50.0,BGD,Bangladesh,South Asia,Lower middle income,True,,C_watchlist,47.79421397352352,51.0,46.0,58.0,0.0,0.0,0.0,0.7126012673147062,0.3502269735021084,0.7126012673147062,0.47087756454611096,0.7015284468622619,0.7015284468622619,0.18664875456953636,0.3208403970611333,0.3042145792670914,0.5,0.3502269735021084,digital_finance_business_informatics,0.24065086561096405,0.244784616132352,0.38728714707368705,0.25288111865970314,717106.5319168705,668277.7034636403,667543.955437689,0.7473684210526315,0.25263157894736854,partner_embedded_branch,1710591.8314211105,125675300.20349444,-2128072.810605376,-156347168.5150853,-2151087.9023560914,-158038061.98940945,-2672545.5008323733,-1659096.1878069541,0.0,inf,86.16669922634304,5055.336902513481,0.08,717106.5319168705,False,False,False,False,False,,,,0.0,100.0,I_MARKET=0.71; I_RUSCOMP=0.70; I_ECO=0.47,I_FIN=0.19; I_HRSTRAT=0.30; I_FEAS=0.32
51.0,MDA,Moldova,Europe & Central Asia,Upper middle income,True,,C_watchlist,47.6234291835142,52.0,51.0,54.0,0.0,0.0,0.0,0.5609024617407604,0.5240159122567976,0.5609024617407604,0.4469319895129884,0.7354630926997278,0.7354630926997278,0.10373173983552518,0.4828502097016898,0.4421791789503986,0.5,0.5240159122567976,diplomatic_analytic,0.5565390123947829,0.4943545755282836,0.5280183969675784,0.27555149168294074,64711.28163466596,74445.64601623616,44991.22389015829,0.7473684210526315,0.25263157894736854,partner_embedded_branch,1818610.3806012925,133611304.19135831,-3873546.667405263,-284585212.7529305,-3867916.2043346926,-284171548.8246451,-4269620.019760858,-3659251.924234148,0.0,inf,8.800066002096841,5443.418292139244,0.08,64711.28163466596,False,False,False,False,False,,,,0.0,100.0,I_RUSCOMP=0.74; I_MARKET=0.56; I_PROGRAM=0.52,I_FIN=0.10; I_HRSTRAT=0.44; I_ECO=0.45
52.0,SLV,El Salvador,Latin America & Caribbean,Upper middle income,True,,C_watchlist,47.60189895242998,52.0,51.0,54.0,0.0,0.0,0.0,0.4975632996605121,0.4851196547833567,0.4975632996605121,0.47365053065963997,0.7318595778890198,0.7318595778890198,0.11751068016352008,0.5281728545183828,0.4445634367557002,0.5,0.4851196547833567,digital_finance_business_informatics,0.4344519918956536,0.42752999074050996,0.5113139915791803,0.37259614300625044,59501.656233798625,54370.86790260504,45426.17901042887,0.7473684210526315,0.25263157894736854,partner_embedded_branch,1737061.6206313835,127620006.50000507,-3614717.5750411833,-265569324.04894322,-3582618.008273702,-263211004.1880598,-4032230.4573376123,-3269805.771991156,0.0,inf,7.8927097632306635,5227.450782536248,0.08,59501.656233798625,False,False,False,False,False,,,,0.0,100.0,I_RUSCOMP=0.73; I_FEAS=0.53; I_MARKET=0.50,I_FIN=0.12; I_HRSTRAT=0.44; I_ECO=0.47
53.0,GTM,Guatemala,Latin America & Caribbean,Upper middle income,True,,C_watchlist,47.54517662452329,53.0,49.0,56.0,0.0,0.0,0.0,0.6204191689085709,0.442157021387162,0.6204191689085709,0.4975420386327411,0.7201343539590893,0.7201343539590893,0.12185932608842755,0.3983949389295046,0.38265543183644146,0.5,0.442157021387162,digital_finance_business_informatics,0.3018015603814399,0.3483073686841829,0.4898924304453539,0.2740208301768167,164780.5636859744,170736.49767687317,161079.94103594738,0.7473684210526315,0.25263157894736854,partner_embedded_branch,1812591.2162167556,133169082.8051072,-3598150.290111129,-264352143.84914556,-3492577.64173235,-256595837.50266987,-4048738.0154087725,-3076220.1397467,0.0,inf,21.1772732221648,5273.787526273852,0.08,164780.5636859744,False,False,False,False,False,,,,0.0,100.0,I_RUSCOMP=0.72; I_MARKET=0.62; I_ECO=0.50,I_FIN=0.12; I_HRSTRAT=0.38; I_FEAS=0.40
54.0,QAT,Qatar,Middle East & North Africa,High income,True,,B_strategic_with_subsidy,47.50999221070786,52.0,43.0,63.0,0.0,0.0,0.0,0.6187885152008626,0.6097425706991841,0.6187885152008626,0.6507951433246866,0.7591097500743397,0.7591097500743397,0.0,0.8552358281174285,0.5677957750368424,0.5,0.6097425706991841,digital_finance_business_informatics,0.545733376665048,0.6188656221964999,0.6384705490285852,0.4224928958881947,67244.79280694255,79623.69698707886,96631.94054192379,0.7473684210526315,0.25263157894736854,partner_embedded_branch,2360347.8675991115,173412161.44985238,-6130121.659297753,-450373295.1747807,-6277903.083501173,-461230633.85143936,-7073300.771781605,-5616288.111067384,0.0,inf,9.709913454112428,7247.43233979467,0.08,67244.79280694255,False,False,False,False,False,,,,0.0,100.0,I_FEAS=0.86; I_RUSCOMP=0.76; I_ECO=0.65,I_FIN=0.00; I_HRSTRAT=0.57; I_PROGRAM=0.61
55.0,SEN,Senegal,Sub-Saharan Africa,Lower middle income,True,,C_watchlist,47.20747192424508,56.0,51.0,58.0,0.0,0.0,0.0,0.5212487512148413,0.42852975851019126,0.5212487512148413,0.42753962751789704,0.7197908206966427,0.7197908206966427,0.15063609153594998,0.48507987678391007,0.39114870704686233,0.5,0.42852975851019126,energy_logistics,0.28783842707201424,0.2760146766917058,0.42286936055725155,0.4639885327215,33268.69013723598,36977.88294049302,44872.35995692071,0.7473684210526315,0.25263157894736854,partner_embedded_branch,1580752.6878802977,116136161.15060881,-3054808.2173009925,-224433399.4360649,-2896743.7767748195,-212820578.86149156,-3177617.1612787633,-2700670.577639513,0.0,inf,4.238754534268459,4761.082175796968,0.08,33268.69013723598,False,False,False,False,False,,,,0.0,100.0,I_RUSCOMP=0.72; I_MARKET=0.52; I_FEAS=0.49,I_FIN=0.15; I_HRSTRAT=0.39; I_ECO=0.43
56.0,CHI,Channel Islands,Europe & Central Asia,High income,True,,B_strategic_with_subsidy,47.06173809381484,56.0,49.0,62.0,0.0,0.0,0.0,0.3642992435496043,0.7722448666040859,0.3642992435496043,0.6559061754843248,0.7910195488366668,0.7910195488366668,0.033263461183687705,0.6762035699419877,0.6982921848021506,0.5,0.7722448666040859,digital_finance_business_informatics,0.751007362415522,0.7440257621492605,0.8099809425376114,0.5036402638077598,6852.512733919383,6852.887679899571,6018.632873980846,0.7473684210526315,0.25263157894736854,partner_embedded_branch,2070836.441356622,152142075.42638552,-5089587.598427683,-373926402.3101236,-5326988.694694916,-391367999.71167135,-5699449.938771777,-4847541.412648427,0.0,inf,1.0952493058541852,6288.68224757156,0.08,6852.512733919383,False,False,False,False,False,,,,0.0,40.0,I_RUSCOMP=0.79; I_PROGRAM=0.77; I_HRSTRAT=0.70,I_FIN=0.03; I_MARKET=0.36; I_ECO=0.66
57.0,CPV,Cabo Verde,Sub-Saharan Africa,Upper middle income,True,,B_strategic_with_subsidy,46.97976426227924,55.0,50.0,62.0,0.0,0.0,0.0,0.27115093820358793,0.6467345383623999,0.27115093820358793,0.5575214517952926,0.7693994729580642,0.7693994729580642,0.11436080996327491,0.6604084096171212,0.6227168260152007,0.5,0.6467345383623999,digital_finance_business_informatics,0.5045737800896964,0.5433646742315152,0.6780541074095858,0.6282859359397062,3625.692151855444,3705.3729883542856,2271.701816351925,0.7473684210526315,0.25263157894736854,partner_embedded_branch,1679492.4349054315,123390461.75082366,-3603353.54871447,-264734421.53514856,-3647837.2678513355,-268002591.448043,-3996498.779861371,-3225196.5714133764,0.0,inf,0.5368736913605968,5193.669227113112,0.08,3625.692151855444,False,False,False,False,False,,,,0.0,100.0,I_RUSCOMP=0.77; I_FEAS=0.66; I_PROGRAM=0.65,I_FIN=0.11; I_MARKET=0.27; I_ECO=0.56
58.0,ECU,Ecuador,Latin America & Caribbean,Upper middle income,True,,C_watchlist,46.96174998052698,57.0,51.0,61.0,0.0,0.0,0.0,0.6843141026692467,0.3942015270651699,0.6843141026692467,0.38701934633530055,0.7051868301160252,0.7051868301160252,0.1403659683956374,0.4361564418362916,0.29805564507923427,0.5,0.3942015270651699,digital_finance_business_informatics,0.41872041584878605,0.32683221586743366,0.4359150510555025,0.08546653298934401,410903.0195628179,390898.29014179274,338356.51851001434,0.7473684210526315,0.25263157894736854,partner_embedded_branch,1821550.1564303841,133827286.28776826,-3170497.085913994,-232932933.35530666,-3109390.579468521,-228443505.54391482,-3854111.856118846,-2265452.6646756376,0.0,inf,50.88939645704016,5332.050988686168,0.08,410903.0195628179,False,False,False,False,False,,,,0.0,100.0,I_RUSCOMP=0.71; I_MARKET=0.68; I_FEAS=0.44,I_FIN=0.14; I_HRSTRAT=0.30; I_ECO=0.39
59.0,BIH,Bosnia and Herzegovina,Europe & Central Asia,Upper middle income,True,,C_watchlist,46.839543817661145,57.0,55.0,59.0,0.0,0.0,0.0,0.4429962904421421,0.5575553791586676,0.4429962904421421,0.53613482182348,0.7467535484861584,0.7467535484861584,0.09836422177401159,0.4696518404208406,0.5083167547524294,0.5,0.5575553791586676,digital_finance_business_informatics,0.421037053004802,0.4641741250007679,0.5999284567269082,0.4303104485381194,37992.83893048954,31514.85947338242,25027.842067041798,0.7473684210526315,0.25263157894736854,partner_embedded_branch,1854510.3795745478,136248837.6259245,-4055009.1979926606,-297917065.266403,-3979052.705678222,-292336625.3282027,-4616397.156970875,-3590143.9207483735,0.0,inf,5.295740829345881,5609.884455314913,0.08,37992.83893048954,False,False,False,False,False,,,,0.0,100.0,I_RUSCOMP=0.75; I_PROGRAM=0.56; I_ECO=0.54,I_FIN=0.10; I_MARKET=0.44; I_FEAS=0.47
60.0,CIV,Côte d'Ivoire,Sub-Saharan Africa,Lower middle income,True,,C_watchlist,46.72998380859494,59.0,55.0,62.0,0.0,0.0,0.0,0.6187501226539769,0.37360030259071825,0.6187501226539769,0.4655697413525521,0.7107923729206551,0.7107923729206551,0.13655675674124879,0.40304993180125037,0.36193618884652645,0.5,0.37360030259071825,energy_logistics,0.24822367439098497,0.29943459813462653,0.3831589704692427,0.39614073739480476,60151.46712354841,77682.74035497497,93741.33800482126,0.7473684210526315,0.25263157894736854,partner_embedded_branch,1641832.1594196802,120623602.73718855,-3177698.084868861,-233461982.82742187,-3188261.7544313427,-234238084.0101409,-3594725.9499552064,-2829177.3631420983,0.0,inf,7.369983756215934,4942.70542325894,0.08,60151.46712354841,False,False,False,False,False,,,,0.0,100.0,I_RUSCOMP=0.71; I_MARKET=0.62; I_ECO=0.47,I_FIN=0.14; I_HRSTRAT=0.36; I_PROGRAM=0.37
61.0,BWA,Botswana,Sub-Saharan Africa,Upper middle income,True,,C_watchlist,46.71814811738386,58.0,55.0,61.0,0.0,0.0,0.0,0.4613099407366678,0.48028869930727247,0.4613099407366678,0.4096212968157343,0.7225739415892491,0.7225739415892491,0.11638060850378826,0.6577232636718607,0.37120893048768167,0.5,0.48028869930727247,economic_legal,0.45759192155287903,0.529843516679592,0.4257651792884465,0.13983267922808498,20989.607886483198,21895.935913705853,23940.34216366937,0.7473684210526315,0.25263157894736854,partner_embedded_branch,1744756.257404577,128185322.99963114,-3808822.098523609,-279829969.8742212,-3606016.571462636,-264930070.88713127,-3785053.0114503466,-3480410.5053402213,0.0,inf,2.7645135288659803,5497.309428711041,0.08,20989.607886483198,False,False,False,False,False,,,,0.0,100.0,I_RUSCOMP=0.72; I_FEAS=0.66; I_PROGRAM=0.48,I_FIN=0.12; I_HRSTRAT=0.37; I_ECO=0.41
62.0,LKA,Sri Lanka,South Asia,Lower middle income,True,,C_watchlist,46.64124794581401,59.0,56.0,61.0,0.0,0.0,0.0,0.5453020173757493,0.4344529145989219,0.5453020173757493,0.5258337787626036,0.7204694376876425,0.7204694376876425,0.12316493136224155,0.3959799876900851,0.3918678852312518,0.5,0.4344529145989219,digital_finance_business_informatics,0.3099186580631679,0.3610027700510941,0.47201111220286646,0.3158753644492566,101197.40729654464,96135.28094219894,85248.81790138417,0.7473684210526315,0.25263157894736854,partner_embedded_branch,1776884.0687578411,130545717.95916297,-3586722.866338533,-263512583.59473905,-3465544.588353778,-254609748.8073049,-4062329.948972609,-2895244.890960727,0.0,inf,12.945365032693221,5324.048299252142,0.08,101197.40729654464,False,False,False,False,False,,,,0.0,100.0,I_RUSCOMP=0.72; I_MARKET=0.55; I_ECO=0.53,I_FIN=0.12; I_HRSTRAT=0.39; I_FEAS=0.40
63.0,GRD,Grenada,Latin America & Caribbean,Upper middle income,True,,C_watchlist,45.2972599093107,64.0,62.0,68.25,0.0,0.0,0.0,0.31596848401734573,0.6300422643993671,0.31596848401734573,0.4961908540580268,0.756122597164952,0.756122597164952,0.08925088988861041,0.6164252929246248,0.5259864227084595,0.5,0.6300422643993671,diplomatic_analytic,0.6698023335272383,0.5520640341142965,0.5948455954378941,0.4080965809967099,5252.538507751599,4749.183268980168,3663.324950909543,0.7473684210526315,0.25263157894736854,partner_embedded_branch,1895999.7091417613,139297013.03096515,-4397171.691681159,-323055367.2989539,-4167747.705810239,-306199839.4234019,-4495756.578220076,-3663092.5252411566,0.0,inf,0.7661009721520622,5542.632688729044,0.08,5252.538507751599,False,False,False,False,False,,,,0.0,93.33333333333331,I_RUSCOMP=0.76; I_PROGRAM=0.63; I_FEAS=0.62,I_FIN=0.09; I_MARKET=0.32; I_ECO=0.50
64.0,NGA,Nigeria,Sub-Saharan Africa,Lower middle income,True,,C_watchlist,45.190703553574984,65.0,61.0,70.0,0.0,0.0,0.0,0.7369851113177146,0.316928046903593,0.7369851113177146,0.4652534786341977,0.6957526256516031,0.6957526256516031,0.15559654960510388,0.2630940084174155,0.28383184134369754,0.5,0.316928046903593,digital_finance_business_informatics,0.18795917309347046,0.23294409325744916,0.3506534209922189,0.2456241498985841,385820.23574969935,458659.6400913315,521657.0088765303,0.7473684210526315,0.25263157894736854,partner_embedded_branch,1722473.848378705,126548258.91915025,-2787204.630876336,-204772858.30539045,-2794035.6072728084,-205274722.62716526,-3289319.84837056,-2345547.366618762,0.0,inf,45.22306947807408,5025.104047649466,0.08,385820.23574969935,False,False,False,False,False,,,,0.0,100.0,I_MARKET=0.74; I_RUSCOMP=0.70; I_ECO=0.47,I_FIN=0.16; I_FEAS=0.26; I_HRSTRAT=0.28
65.0,RWA,Rwanda,Sub-Saharan Africa,Low income,True,,C_watchlist,45.102419272730444,65.0,64.0,67.0,0.0,0.0,0.0,0.40468524625134206,0.47440951892867367,0.40468524625134206,0.42954991486268224,0.7234496721425973,0.7234496721425973,0.14515439678914552,0.47656160443689144,0.38340600208108155,0.5,0.47440951892867367,energy_logistics,0.27704610566341786,0.3027034234585237,0.3299883295086444,0.5353321441335558,9322.494506713796,10361.052733688743,12172.62266324046,0.7473684210526315,0.25263157894736854,partner_embedded_branch,1583988.3157410573,116373879.17034817,-3109855.388869842,-228477654.57933956,-3010244.3497791803,-221159341.10949162,-3248150.344233135,-2789104.7256454043,0.0,inf,1.2239524033758034,4640.42900118909,0.08,9322.494506713796,False,False,False,False,False,,,,0.0,100.0,I_RUSCOMP=0.72; I_FEAS=0.48; I_PROGRAM=0.47,I_FIN=0.15; I_HRSTRAT=0.38; I_MARKET=0.40
66.0,HND,Honduras,Latin America & Caribbean,Lower middle income,True,,C_watchlist,44.847385513116016,66.0,65.0,68.0,0.0,0.0,0.0,0.5011568660654308,0.4357834482037299,0.5011568660654308,0.436167913645213,0.7237746516433301,0.7237746516433301,0.12616892223343174,0.3778075015632587,0.4183025568579747,0.5,0.4357834482037299,digital_finance_business_informatics,0.30250963946369047,0.33654424966546415,0.4627795044301976,0.4407582672875214,40058.54348952732,40901.81923710156,42825.500733454326,0.7473684210526315,0.25263157894736854,partner_embedded_branch,1719319.638855803,126316522.61513312,-3495516.1334424443,-256811725.2562696,-3403345.815724435,-250040073.40087694,-3828485.2968328292,-3055261.161301725,0.0,inf,5.136257577473813,4931.352428725275,0.08,40058.54348952732,False,False,False,False,False,,,,0.0,100.0,I_RUSCOMP=0.72; I_MARKET=0.50; I_ECO=0.44,I_FIN=0.13; I_FEAS=0.38; I_HRSTRAT=0.42
67.0,TJK,Tajikistan,Europe & Central Asia,Lower middle income,True,,C_watchlist,44.825614594946614,67.0,63.0,70.0,0.0,0.0,0.0,0.5893500532036404,0.444469835045279,0.5893500532036404,0.4355719716602788,0.715956006848742,0.715956006848742,0.13650981098977777,0.28912784516704654,0.34590852786844983,0.5,0.444469835045279,energy_logistics,0.20197037426788844,0.1281610377762714,0.3798210558048639,0.5184393140454093,44025.112506210746,58561.671815453425,59383.249804165855,0.7473684210526315,0.25263157894736854,partner_embedded_branch,1655673.0454978112,121640477.41237415,-3182961.2586303633,-233848662.41418833,-3189233.784056886,-234309497.95749697,-3477422.0529529783,-2927466.549318447,0.0,inf,5.655490694266159,4787.501281167077,0.08,44025.112506210746,False,False,False,False,False,,,,0.0,100.0,I_RUSCOMP=0.72; I_MARKET=0.59; I_PROGRAM=0.44,I_FIN=0.14; I_FEAS=0.29; I_HRSTRAT=0.35
68.0,DJI,Djibouti,Middle East & North Africa,Lower middle income,True,,C_watchlist,44.75150391396487,66.0,60.0,76.0,0.0,0.0,0.0,0.20439580087087447,0.8739293033132084,0.20439580087087447,0.645127704341306,0.8077981471652746,0.8077981471652746,0.11394525379682538,0.3882506951299577,0.7533768069496147,0.5,0.8739293033132084,energy_logistics,0.46162494400579873,0.5554859375124632,0.7338958180338613,0.9772423282744375,1351.9328837609912,1332.1648411900915,1406.3051785522064,0.7473684210526315,0.25263157894736854,partner_embedded_branch,1720288.934569531,126387735.70499542,-3578016.111841713,-262872907.91928765,-3656441.516206283,-268634736.1100078,-4251689.736894926,-3220846.5744178817,0.0,inf,0.2290795509471431,5099.44165349481,0.08,1351.9328837609912,False,False,False,False,False,,,,0.0,100.0,I_PROGRAM=0.87; I_RUSCOMP=0.81; I_HRSTRAT=0.75,I_FIN=0.11; I_MARKET=0.20; I_FEAS=0.39
69.0,NIC,Nicaragua,Latin America & Caribbean,Lower middle income,True,,C_watchlist,44.417510979559,69.0,68.0,71.0,0.0,0.0,0.0,0.48905523431569303,0.43002944692411244,0.48905523431569303,0.4239162319533616,0.7197578884784206,0.7197578884784206,0.13662682081255728,0.36472959689297474,0.389624531550077,0.5,0.43002944692411244,energy_logistics,0.25488401112044107,0.2675094535566602,0.4199650968904591,0.47128552242298427,36948.91406882252,37737.83103559531,35604.40436860158,0.7473684210526315,0.25263157894736854,partner_embedded_branch,1674734.3929420242,123040893.64161828,-3316972.6212913063,-243694329.81638888,-3186811.051207642,-234131502.44006914,-3515542.6599302595,-2851648.8026826703,0.0,inf,4.712006725313258,5003.99748151139,0.08,36948.91406882252,False,False,False,False,False,,,,0.0,100.0,I_RUSCOMP=0.72; I_MARKET=0.49; I_PROGRAM=0.43,I_FIN=0.14; I_FEAS=0.36; I_HRSTRAT=0.39
70.0,LBY,Libya,Middle East & North Africa,Upper middle income,True,,C_watchlist,44.04255376733484,71.5,68.0,76.0,0.0,0.0,0.0,0.6173453921543278,0.46790230390915105,0.6173453921543278,0.44861185272041665,0.7262012987289155,0.7262012987289155,0.10503220486655039,0.24800118586170594,0.41175890281666916,0.5,0.46790230390915105,energy_logistics,0.3129937011442545,0.2450806223159346,0.46037902495991667,0.5136103537930736,146325.21145069844,152198.96848006322,130587.33460739613,0.7473684210526315,0.25263157894736854,partner_embedded_branch,1897711.7573178534,139422795.32720965,-3853912.6375861536,-283142722.1795534,-3840989.581636568,-282193279.4742989,-4228195.268287221,-3356675.8564136345,0.0,inf,19.15857435826129,5271.132442123836,0.08,146325.21145069844,False,False,False,False,False,,,,0.0,100.0,I_RUSCOMP=0.73; I_MARKET=0.62; I_PROGRAM=0.47,I_FIN=0.11; I_FEAS=0.25; I_HRSTRAT=0.41
71.0,MRT,Mauritania,Sub-Saharan Africa,Lower middle income,True,,C_watchlist,44.007475644531205,72.0,70.0,73.0,0.0,0.0,0.0,0.4155496682592342,0.4982481443333585,0.4155496682592342,0.461337290228803,0.7278377963165177,0.7278377963165177,0.13216072088627748,0.35646744770647104,0.40010818235984735,0.5,0.4982481443333585,energy_logistics,0.21827759983704556,0.2516817880256818,0.38049183077616505,0.5746897121389226,5157.000358155703,6577.70904109242,8532.031812635885,0.7473684210526315,0.25263157894736854,partner_embedded_branch,1649160.1958158738,121161985.51037686,-3277738.9136721496,-240811872.4746878,-3279283.3474848093,-240925340.3280267,-3548182.37428084,-3034308.1250720154,0.0,inf,0.6882545520451282,4923.990831297291,0.08,5157.000358155703,False,False,False,False,False,,,,0.0,100.0,I_RUSCOMP=0.73; I_PROGRAM=0.50; I_ECO=0.46,I_FIN=0.13; I_FEAS=0.36; I_HRSTRAT=0.40
72.0,TTO,Trinidad and Tobago,Latin America & Caribbean,High income,True,,C_watchlist,43.723726332612,73.0,68.0,79.0,0.0,0.0,0.0,0.38235167544238796,0.5519909223056506,0.38235167544238796,0.5475368838191638,0.743883603797874,0.743883603797874,0.051334994767135864,0.5586492531400192,0.48903759639424044,0.5,0.5519909223056506,digital_finance_business_informatics,0.4129151248676845,0.4860580733240554,0.6011675972049526,0.34251045171680927,13889.855984572436,13313.645850299767,10245.5130092058,0.7473684210526315,0.25263157894736854,partner_embedded_branch,2027819.5213534508,148981669.63236454,-4836011.584471583,-355296451.49838436,-4952810.723915966,-363877555.79430974,-5364813.252610464,-4588465.5543605015,0.0,inf,1.9273641405856687,5942.086297463336,0.08,13889.855984572436,False,False,False,False,False,,,,0.0,93.33333333333331,I_RUSCOMP=0.74; I_FEAS=0.56; I_PROGRAM=0.55,I_FIN=0.05; I_MARKET=0.38; I_HRSTRAT=0.49
73.0,PAK,Pakistan,Middle East & North Africa,Lower middle income,True,,C_watchlist,43.72103026464743,73.0,67.0,81.0,0.0,0.0,0.0,0.7021867839091467,0.3104620322863317,0.7021867839091467,0.4005186896636937,0.6921731429448996,0.6921731429448996,0.15884316430436404,0.26453285516019637,0.2593911643022192,0.5,0.3104620322863317,digital_finance_business_informatics,0.1887783803350121,0.19591355320550266,0.35160510241965776,0.1999168579090176,317829.16373312636,358566.282069431,397615.0557553026,0.7473684210526315,0.25263157894736854,partner_embedded_branch,1665148.8993603468,122336657.9722154,-2716835.4606093056,-199602912.77195904,-2726813.2160761403,-200335967.49057636,-3062611.6416424224,-2453703.7247558604,0.0,inf,37.03081585544072,4849.738456078201,0.08,317829.16373312636,False,False,False,False,False,,,,0.0,100.0,I_MARKET=0.70; I_RUSCOMP=0.69; I_ECO=0.40,I_FIN=0.16; I_HRSTRAT=0.26; I_FEAS=0.26
74.0,BEN,Benin,Sub-Saharan Africa,Lower middle income,True,,C_watchlist,43.6556746787181,74.0,72.0,75.0,0.0,0.0,0.0,0.48532001396992286,0.37673566476569664,0.48532001396992286,0.4131643417047459,0.7066492798710502,0.7066492798710502,0.139119563950023,0.40107605034538446,0.32479761162067033,0.5,0.37673566476569664,energy_logistics,0.21903485671451522,0.22102733645200726,0.33178371542753476,0.41925308171351405,13569.350534706753,17041.830031041594,20703.44101548766,0.7473684210526315,0.25263157894736854,partner_embedded_branch,1612745.5674076548,118486642.81731626,-3159489.035244963,-232124183.9815087,-3135197.8572004456,-230339537.85087383,-3392420.987377061,-2879598.7551662186,0.0,inf,1.662830082698281,4707.663143648046,0.08,13569.350534706753,False,False,False,False,False,,,,0.0,100.0,I_RUSCOMP=0.71; I_MARKET=0.49; I_ECO=0.41,I_FIN=0.14; I_HRSTRAT=0.32; I_PROGRAM=0.38
75.0,KEN,Kenya,Sub-Saharan Africa,Lower middle income,True,,C_watchlist,43.38365528520892,76.0,73.0,79.0,0.0,0.0,0.0,0.5692136653697912,0.32261219820883,0.5692136653697912,0.42528837651528056,0.6993744756958942,0.6993744756958942,0.13825713520472552,0.33877994153431806,0.30927713229175824,0.5,0.32261219820883,digital_finance_business_informatics,0.25541206938124517,0.285374396219849,0.33834815337375823,0.2944185069210008,79169.85170825166,83777.25321102377,94603.99514680565,0.7473684210526315,0.25263157894736854,partner_embedded_branch,1638924.351439834,120409969.28349803,-3093100.8817523657,-227246719.3713764,-3153054.772130588,-231651465.74818498,-3598887.353670447,-2886007.973743814,0.0,inf,9.330638952232476,4876.720947447636,0.08,79169.85170825166,False,False,False,False,False,,,,0.0,100.0,I_RUSCOMP=0.70; I_MARKET=0.57; I_ECO=0.43,I_FIN=0.14; I_HRSTRAT=0.31; I_PROGRAM=0.32
76.0,JAM,Jamaica,Latin America & Caribbean,Upper middle income,True,,C_watchlist,43.302374269778326,76.0,72.0,80.0,0.0,0.0,0.0,0.3649873441677934,0.47819593592673104,0.3649873441677934,0.3799959384424975,0.7260914506687312,0.7260914506687312,0.09984253656900247,0.6162842549782452,0.40226547563381654,0.5,0.47819593592673104,digital_finance_business_informatics,0.4292356803984377,0.441323558238551,0.5207684029508799,0.20520348993966409,17618.69714774754,13643.964855495322,10055.638038515614,0.7473684210526315,0.25263157894736854,partner_embedded_branch,1816573.268188917,133461639.78324474,-4074101.6409173524,-299319766.0463929,-3948443.6360268877,-290087810.65089583,-4310347.701388098,-3652361.7826549485,0.0,inf,2.3212545350199583,5211.2059512581145,0.08,17618.69714774754,False,False,False,False,False,,,,0.0,93.33333333333331,I_RUSCOMP=0.73; I_FEAS=0.62; I_PROGRAM=0.48,I_FIN=0.10; I_MARKET=0.36; I_ECO=0.38
77.0,SYC,Seychelles,Sub-Saharan Africa,High income,True,,C_watchlist,43.17561958370638,76.0,66.0,86.0,0.0,0.0,0.0,0.18075672682576932,0.7871702145593922,0.18075672682576932,0.6321452256440105,0.8008252231548716,0.8008252231548716,0.057590067882052065,0.6609182938440173,0.7675683474911023,0.5,0.7871702145593922,energy_logistics,0.6204695714746603,0.7300778855645215,0.7585217878065057,0.8171208889971452,856.8149835159445,873.3165304307078,860.0545510084135,0.7473684210526315,0.25263157894736854,partner_embedded_branch,1969847.7737018913,144722549.10132688,-4713659.069830234,-346307346.83545053,-4823297.057883937,-354362329.2159692,-5252909.633059871,-4314124.69275103,0.0,inf,0.13859109687282795,5980.656370498291,0.08,856.8149835159445,False,False,False,False,False,,,,0.0,100.0,I_RUSCOMP=0.80; I_PROGRAM=0.79; I_HRSTRAT=0.77,I_FIN=0.06; I_MARKET=0.18; I_ECO=0.63
78.0,AGO,Angola,Sub-Saharan Africa,Lower middle income,True,,C_watchlist,43.16055283663719,78.0,73.0,83.0,0.0,0.0,0.0,0.6326147791482261,0.2923571150215104,0.6326147791482261,0.4260114982652699,0.6921627884576254,0.6921627884576254,0.12390673821125199,0.3492195773188045,0.2743923079622853,0.5,0.2923571150215104,energy_logistics,0.13079270525013287,0.19175770802096861,0.3002706904724071,0.32252239789010634,63802.307503174765,86429.42943649752,119139.20559690906,0.7473684210526315,0.25263157894736854,partner_embedded_branch,1708211.3898808467,125500411.78201695,-3390708.7076043175,-249111638.96811086,-3450185.195627591,-253481311.11904395,-3744626.0171585386,-3182884.288905699,0.0,inf,7.3425667710985465,5079.941036774271,0.08,63802.307503174765,False,False,False,False,False,,,,0.0,100.0,I_RUSCOMP=0.69; I_MARKET=0.63; I_ECO=0.43,I_FIN=0.12; I_HRSTRAT=0.27; I_PROGRAM=0.29
79.0,LAO,Lao PDR,East Asia & Pacific,Lower middle income,True,,C_watchlist,43.12642122866685,78.0,77.0,79.0,0.0,0.0,0.0,0.438698648792203,0.3811474363154814,0.438698648792203,0.41991559496804526,0.7113122328546575,0.7113122328546575,0.12361421406181325,0.441126709377012,0.35997907685924424,0.5,0.3811474363154814,digital_finance_business_informatics,0.2136136524123482,0.24288456515591905,0.41470444721415517,0.4041064280893548,19541.94823063936,20565.268978201915,19554.362144499995,0.7473684210526315,0.25263157894736854,partner_embedded_branch,1665448.114043995,122358640.94588688,-3369837.2941477383,-247578239.1800108,-3456242.0193130514,-253926299.29270867,-3885668.785235051,-3076696.131589916,0.0,inf,2.4066507617114703,5062.14299611983,0.08,19541.94823063936,False,False,False,False,False,,,,0.0,100.0,I_RUSCOMP=0.71; I_FEAS=0.44; I_MARKET=0.44,I_FIN=0.12; I_HRSTRAT=0.36; I_PROGRAM=0.38
80.0,NPL,Nepal,South Asia,Lower middle income,True,,C_watchlist,42.945670931738036,80.0,76.0,82.0,0.0,0.0,0.0,0.5154823835254184,0.32469355647668285,0.5154823835254184,0.37499342679585557,0.6973836388260302,0.6973836388260302,0.1458388403017071,0.4051387160980756,0.2909523598196818,0.5,0.32469355647668285,digital_finance_business_informatics,0.2562185949178756,0.25493159807235727,0.3501959588842333,0.24798165614760434,68322.0217566765,65188.51204464598,59013.887154837605,0.7473684210526315,0.25263157894736854,partner_embedded_branch,1611193.9773359094,118372649.2014942,-3056030.0460329126,-224523165.84898746,-2996072.6867346186,-220118164.61443704,-3356173.899805187,-2460643.81547431,0.0,inf,8.056112047146827,4812.527330889078,0.08,68322.0217566765,False,False,False,False,False,,,,0.0,100.0,I_RUSCOMP=0.70; I_MARKET=0.52; I_FEAS=0.41,I_FIN=0.15; I_HRSTRAT=0.29; I_PROGRAM=0.32
81.0,BOL,Bolivia,Latin America & Caribbean,Lower middle income,True,,C_watchlist,42.90567282029563,80.0,75.0,83.0,0.0,0.0,0.0,0.5766770513852554,0.3502340110628145,0.5766770513852554,0.34183398769239753,0.6954272803474426,0.6954272803474426,0.12885528309593353,0.41124167019506364,0.25336566034300884,0.5,0.3502340110628145,digital_finance_business_informatics,0.2499107760269549,0.2408347190129449,0.4098821485536832,0.057207950725506926,91762.73593005525,95226.20690868876,97552.76650112662,0.7473684210526315,0.25263157894736854,partner_embedded_branch,1730164.4369693892,127113278.00326037,-3454835.026140857,-253822929.05204004,-3347723.6931375857,-245953577.23875597,-3692913.359270456,-2924723.829663315,0.0,inf,10.995599222880728,5210.651656607469,0.08,91762.73593005525,False,False,False,False,False,,,,0.0,93.33333333333331,I_RUSCOMP=0.70; I_MARKET=0.58; I_FEAS=0.41,I_FIN=0.13; I_HRSTRAT=0.25; I_ECO=0.34
82.0,GAB,Gabon,Sub-Saharan Africa,Upper middle income,True,,C_watchlist,42.790002606972784,81.0,78.0,82.0,0.0,0.0,0.0,0.4371178344508582,0.40576313680934745,0.4371178344508582,0.465725694537771,0.7180168935328207,0.7180168935328207,0.08846878446904344,0.4518345299285843,0.39533816543238276,0.5,0.40576313680934745,energy_logistics,0.216770459233321,0.3001873501444937,0.43529915252195883,0.437207664600837,6596.6772931034775,8596.838792901106,9957.443488942037,0.7473684210526315,0.25263157894736854,partner_embedded_branch,1848662.8547399072,135819226.40860078,-4098635.764825453,-301122261.14238477,-4183941.49575493,-307389579.35746944,-4940931.30999676,-3343013.175262399,0.0,inf,0.8278234066312566,5528.340555880691,0.08,6596.6772931034775,False,False,False,False,False,,,,0.0,100.0,I_RUSCOMP=0.72; I_ECO=0.47; I_FEAS=0.45,I_FIN=0.09; I_HRSTRAT=0.40; I_PROGRAM=0.41
83.0,BTN,Bhutan,South Asia,Lower middle income,True,,C_watchlist,42.60060879523681,81.0,73.0,86.0,0.0,0.0,0.0,0.21386196748167227,0.5564552262842486,0.21386196748167227,0.49322901765976784,0.746695198823481,0.746695198823481,0.10877527657760018,0.6546294177298095,0.5087473016254676,0.5,0.5564552262842486,digital_finance_business_informatics,0.3911610876243805,0.4402058302836045,0.6021648345927849,0.4527320623442408,2794.035045157683,2359.6545277552236,2001.7054226692878,0.7473684210526315,0.25263157894736854,partner_embedded_branch,1683350.7889834887,123673930.78074904,-3612220.040656648,-265385832.94499922,-3763487.859336503,-276499313.1888076,-4271115.247062246,-2947675.5125417057,0.0,inf,0.38919598653795573,5385.2417186685725,0.08,2794.035045157683,False,False,False,False,False,,,,0.0,100.0,I_RUSCOMP=0.75; I_FEAS=0.65; I_PROGRAM=0.56,I_FIN=0.11; I_MARKET=0.21; I_ECO=0.49
84.0,LBN,Lebanon,Middle East & North Africa,Lower middle income,True,,C_watchlist,42.22320638118972,84.0,81.0,87.0,0.0,0.0,0.0,0.5475000444725757,0.37121851766595726,0.5475000444725757,0.35020177828611815,0.7069787193878565,0.7069787193878565,0.12358281640100444,0.33262994426479625,0.332140563510505,0.5,0.37121851766595726,digital_finance_business_informatics,0.2904569955899934,0.27515178883008484,0.400959784474527,0.2973703769055626,75407.25738396532,75054.16261786087,67360.70201448222,0.7473684210526315,0.25263157894736854,partner_embedded_branch,1762130.0468096363,129461756.19605249,-3551533.4330074466,-260927254.6362808,-3456892.1198125137,-253974061.4612936,-3879147.578355605,-3108589.1687660515,0.0,inf,9.20898043898103,5210.707387628909,0.08,75407.25738396532,False,False,False,False,False,,,,0.0,100.0,I_RUSCOMP=0.71; I_MARKET=0.55; I_PROGRAM=0.37,I_FIN=0.12; I_HRSTRAT=0.33; I_FEAS=0.33
85.0,GIN,Guinea,Sub-Saharan Africa,Lower middle income,True,,C_watchlist,41.799254459506,85.0,83.0,89.0,0.0,0.0,0.0,0.483523976388586,0.4593298688795756,0.483523976388586,0.40152016436084276,0.7151401713176895,0.7151401713176895,0.1338229184636028,0.24822365108191766,0.326726536914432,0.5,0.4593298688795756,energy_logistics,0.18165115566858586,0.17746499317506859,0.2728354585216109,0.5478428518442235,16882.717613559627,20227.892355440425,23674.87568266528,0.7473684210526315,0.25263157894736854,partner_embedded_branch,1671441.3199174707,122798955.18888468,-3269080.9291588794,-240175779.8762808,-3244866.9149421426,-238396802.8871928,-3595655.177864564,-2758778.731908124,0.0,inf,2.187960774482348,4719.030730533079,0.08,16882.717613559627,False,False,False,False,False,,,,0.0,100.0,I_RUSCOMP=0.72; I_MARKET=0.48; I_PROGRAM=0.46,I_FIN=0.13; I_FEAS=0.25; I_HRSTRAT=0.33
86.0,TZA,Tanzania,Sub-Saharan Africa,Lower middle income,True,,C_watchlist,41.531468415322806,87.0,84.0,92.0,0.0,0.0,0.0,0.5350538075723502,0.29448621050290386,0.5350538075723502,0.36368741526593784,0.6877076038204112,0.6877076038204112,0.14129477697693438,0.37190387066360453,0.23549152308433957,0.5,0.29448621050290386,energy_logistics,0.16019411909886386,0.15383499738275008,0.22153081399270028,0.3357623275747815,22481.51035491107,28386.62945651457,38347.05894881084,0.7473684210526315,0.25263157894736854,partner_embedded_branch,1623899.7439320728,119306127.89697108,-3168800.800949552,-232808309.16488257,-3090159.2448069127,-227030600.5407946,-3421210.303817679,-2809939.887639758,0.0,inf,2.5857513789855897,4688.597030729617,0.08,22481.51035491107,False,False,False,False,False,,,,0.0,100.0,I_RUSCOMP=0.69; I_MARKET=0.54; I_FEAS=0.37,I_FIN=0.14; I_HRSTRAT=0.24; I_PROGRAM=0.29
87.0,BLZ,Belize,Latin America & Caribbean,Upper middle income,True,,C_watchlist,41.46611828128851,87.0,84.0,92.0,0.0,0.0,0.0,0.2758201865901585,0.5697071786840493,0.2758201865901585,0.47797408211422104,0.7508795827492359,0.7508795827492359,0.0727670233423335,0.5019429355441385,0.5325738740069241,0.5,0.5697071786840493,digital_finance_business_informatics,0.41848552799914324,0.45557161779563077,0.6084654739309068,0.5083873303195743,3365.3452584844613,3229.1303803289507,3021.81603436952,0.7473684210526315,0.25263157894736854,partner_embedded_branch,1842587.0578953018,135372844.29780415,-4121646.2256002906,-302812814.3840052,-4509052.427205115,-331275121.86908984,-5147507.984621394,-4081585.7260664394,0.0,inf,0.47326182033897857,5302.28651987288,0.08,3365.3452584844613,False,False,False,False,False,,,,0.0,100.0,I_RUSCOMP=0.75; I_PROGRAM=0.57; I_HRSTRAT=0.53,I_FIN=0.07; I_MARKET=0.28; I_ECO=0.48
88.0,VCT,St. Vincent and the Grenadines,Latin America & Caribbean,Upper middle income,True,,C_watchlist,41.324556695825734,87.5,82.0,95.0,0.0,0.0,0.0,0.2023166154373823,0.5920567848687854,0.2023166154373823,0.49417238378763123,0.754138812133018,0.754138812133018,0.08116898652093586,0.6448205301565887,0.5411094470511614,0.5,0.5920567848687854,digital_finance_business_informatics,0.5275927344502863,0.5577219999473046,0.625077313097122,0.4125397394270705,1488.9442727588262,1456.4882851402024,1041.1756792432943,0.7473684210526315,0.25263157894736854,partner_embedded_branch,1868918.9709833039,137307420.98727527,-4320952.074487501,-317455595.8653148,-4335086.586497033,-318494042.91469187,-4785121.739853426,-3875542.5067481934,0.0,inf,0.212389479935308,5561.483808983961,0.08,1488.9442727588262,False,False,False,False,False,,,,0.0,93.33333333333331,I_RUSCOMP=0.75; I_FEAS=0.64; I_PROGRAM=0.59,I_FIN=0.08; I_MARKET=0.20; I_ECO=0.49
89.0,TGO,Togo,Sub-Saharan Africa,Low income,True,,C_watchlist,41.16434377996585,89.0,88.0,92.0,0.0,0.0,0.0,0.4257839333485883,0.4062760895681501,0.4257839333485883,0.37558759261937824,0.7113930042924046,0.7113930042924046,0.12774685271938271,0.3343068464329534,0.3397116277965786,0.5,0.4062760895681501,energy_logistics,0.2090227586663389,0.22375243699144992,0.3367799844881502,0.4595796763462785,8289.992483650716,9963.259714051832,12092.666768464862,0.7473684210526315,0.25263157894736854,partner_embedded_branch,1638308.6280917155,120364732.76640745,-3222730.9205548842,-236770495.72915477,-3370674.1653336696,-247639723.18548286,-3784629.2427395936,-2971805.8129718374,0.0,inf,1.0375507109062299,4605.301780528178,0.08,8289.992483650716,False,False,False,False,False,,,,0.0,100.0,I_RUSCOMP=0.71; I_MARKET=0.43; I_PROGRAM=0.41,I_FIN=0.13; I_FEAS=0.33; I_HRSTRAT=0.34
90.0,COG,"Congo, Rep.",Sub-Saharan Africa,Lower middle income,True,,C_watchlist,41.00779474375392,91.0,88.0,94.0,0.0,0.0,0.0,0.45184392180012134,0.3640702749812129,0.45184392180012134,0.35921308161975624,0.7048138887476227,0.7048138887476227,0.13326030381267298,0.3376274586616303,0.32005717707917786,0.5,0.3640702749812129,energy_logistics,0.19374854267293493,0.23020930157954317,0.3237811015392872,0.40493981996533346,9083.09280723209,11358.607521801896,13948.858573723197,0.7473684210526315,0.25263157894736854,partner_embedded_branch,1650845.9358625696,121285834.97729355,-3264947.2672321275,-239872084.28155047,-3256516.0651065893,-239252653.13570952,-3713277.934390813,-2842982.290424158,0.0,inf,1.1030179939494102,4902.05096240482,0.08,9083.09280723209,False,False,False,False,False,,,,0.0,100.0,I_RUSCOMP=0.70; I_MARKET=0.45; I_PROGRAM=0.36,I_FIN=0.13; I_HRSTRAT=0.32; I_FEAS=0.34
91.0,IRQ,Iraq,Middle East & North Africa,Upper middle income,True,,C_watchlist,40.726738325153214,92.0,87.0,99.0,0.0,0.0,0.0,0.6804857307199493,0.33397901753946013,0.6804857307199493,0.37125151557031205,0.6945642862671222,0.6945642862671222,0.10173540500359131,0.23838388045574518,0.2597198709431343,0.5,0.33397901753946013,digital_finance_business_informatics,0.1745451506921745,0.20566896824052625,0.3913364099256064,0.13828205500244625,200172.71542876764,234724.69391502286,254635.3128235093,0.7473684210526315,0.25263157894736854,partner_embedded_branch,1875819.397957937,137814387.7666319,-3686061.6051674397,-270810891.46388614,-3909251.0757200695,-287208376.35697025,-4367841.610304373,-3595970.3844420942,0.0,inf,23.71961840381772,5277.689665290445,0.08,200172.71542876764,False,False,False,False,False,,,,0.0,100.0,I_RUSCOMP=0.69; I_MARKET=0.68; I_ECO=0.37,I_FIN=0.10; I_FEAS=0.24; I_HRSTRAT=0.26
92.0,CMR,Cameroon,Sub-Saharan Africa,Lower middle income,True,,C_watchlist,40.351353809971485,95.0,90.0,101.0,0.0,0.0,0.0,0.6008630021723688,0.283845513334803,0.6008630021723688,0.349241980499425,0.6879621536246175,0.6879621536246175,0.13055906946407153,0.27480724203957985,0.2464800190928098,0.5,0.283845513334803,digital_finance_business_informatics,0.18086978812816976,0.17900803268087287,0.3159131296185535,0.22137452480375513,52128.10013049338,65032.105973049656,81510.81067293661,0.7473684210526315,0.25263157894736854,partner_embedded_branch,1661188.4686092618,122045689.481407,-3188895.8402764215,-234284669.5996844,-3312446.148875674,-243361774.867132,-3651961.0415006424,-2988725.2833110117,0.0,inf,5.952637400456948,4801.472034183031,0.08,52128.10013049338,False,False,False,False,False,,,,0.0,100.0,I_RUSCOMP=0.69; I_MARKET=0.60; I_ECO=0.35,I_FIN=0.13; I_HRSTRAT=0.25; I_FEAS=0.27
93.0,PRK,"Korea, Dem. People's Rep.",East Asia & Pacific,Low income,True,,C_watchlist,40.249158239424965,94.0,90.0,100.0,0.0,0.0,0.0,0.5499630157512586,0.4154841763654645,0.5499630157512586,0.5233125860625437,0.716318806985532,0.716318806985532,0.06567943163562778,0.20973285096778868,0.3730865779082116,0.5,0.4154841763654645,energy_logistics,0.23219228158962713,0.3191664799966621,0.35112067754435466,0.45629454297157035,98190.46841374174,97065.11440603902,86065.63505815255,0.7473684210526315,0.25263157894736854,partner_embedded_branch,2034591.8031305862,149479221.72502074,-4465913.791561959,-328105773.76088643,-4655803.707071803,-342056776.9744876,-5099493.950339405,-4339241.56803607,0.0,inf,12.388701729015102,5316.966520944462,0.08,98190.46841374174,False,False,False,False,False,,,,0.0,66.66666666666667,I_RUSCOMP=0.72; I_MARKET=0.55; I_ECO=0.52,I_FIN=0.07; I_FEAS=0.21; I_HRSTRAT=0.37
94.0,KNA,St. Kitts and Nevis,Latin America & Caribbean,High income,True,,C_watchlist,39.99052269140107,96.0,89.0,100.0,0.0,0.0,0.0,0.2750525608032477,0.6284815372422446,0.2750525608032477,0.45502064388104796,0.7507037676484822,0.7507037676484822,0.031228625816794364,0.6396658502855145,0.4821301160354803,0.5,0.6284815372422446,diplomatic_analytic,0.6843058791722247,0.5949811135910256,0.5765256854040993,0.24341835932177627,2328.6055221246766,2298.018243857259,1903.561525421605,0.7473684210526315,0.25263157894736854,partner_embedded_branch,2092963.202944321,153767704.26079604,-5171680.273602338,-379957660.8532628,-5369120.734288432,-394463394.3153634,-6081365.771462372,-4840821.501086093,0.0,inf,0.33852513213296126,5944.3505812725725,0.08,2328.6055221246766,False,False,False,False,False,,,,0.0,93.33333333333331,I_RUSCOMP=0.75; I_FEAS=0.64; I_PROGRAM=0.63,I_FIN=0.03; I_MARKET=0.28; I_ECO=0.46
95.0,WSM,Samoa,East Asia & Pacific,Upper middle income,True,,C_watchlist,39.92578551007817,96.0,92.0,99.0,0.0,0.0,0.0,0.2246941938861826,0.497630603968368,0.2246941938861826,0.42266204642674454,0.7340131413999496,0.7340131413999496,0.10356198418903607,0.5283551369087426,0.45208400835927254,0.5,0.497630603968368,diplomatic_analytic,0.5123636069960922,0.5046923502433557,0.41469915300701005,0.44932214027820594,743.7007681849267,941.9579152804906,853.0821755617121,0.7473684210526315,0.25263157894736854,partner_embedded_branch,1793990.7395482908,131802526.24479944,-3965034.019309141,-291306687.8612214,-3871431.0595094487,-284429781.3679938,-4121008.8886428815,-3451130.4793204796,0.0,inf,0.09949269637604147,5005.581725672872,0.08,743.7007681849267,False,False,False,False,False,,,,0.0,100.0,I_RUSCOMP=0.73; I_FEAS=0.53; I_PROGRAM=0.50,I_FIN=0.10; I_MARKET=0.22; I_ECO=0.42
96.0,TKM,Turkmenistan,Europe & Central Asia,Upper middle income,True,,C_watchlist,39.889619223961944,96.0,93.0,103.0,0.0,0.0,0.0,0.5654259826944528,0.3190154652383035,0.5654259826944528,0.5211068460317024,0.6979794964369134,0.6979794964369134,0.0813962329291183,0.22618227502740862,0.30064958260902425,0.5,0.3190154652383035,energy_logistics,0.1814426136660327,0.2080590071115178,0.3356866598126576,0.3465240551683529,38760.88177483708,54107.133502351375,45919.96393949007,0.7473684210526315,0.25263157894736854,partner_embedded_branch,1919457.5557229004,141020435.2156502,-4148102.838856008,-304756552.6576282,-4330381.363252538,-318148355.3386644,-5040129.183571008,-3646678.77434375,0.0,inf,4.554277944095463,5518.954941277084,0.08,38760.88177483708,False,False,False,False,False,,,,0.0,100.0,I_RUSCOMP=0.70; I_MARKET=0.57; I_ECO=0.52,I_FIN=0.08; I_FEAS=0.23; I_HRSTRAT=0.30
97.0,ZMB,Zambia,Sub-Saharan Africa,Lower middle income,True,,C_watchlist,39.862922778194324,97.0,94.0,101.0,0.0,0.0,0.0,0.4231144147592756,0.32142881731724054,0.4231144147592756,0.3561782658484608,0.6971421879808909,0.6971421879808909,0.12914500894686223,0.362763502530683,0.2916608854097224,0.5,0.32142881731724054,energy_logistics,0.255092218252945,0.2829752484593965,0.26116187934532314,0.3410118637792473,7345.836810245352,8858.32256206053,11181.391718156161,0.7473684210526315,0.25263157894736854,partner_embedded_branch,1627399.2853940465,119563235.35868667,-3201284.7329907357,-235194867.91962308,-3341724.8092862447,-245512845.8409702,-3674146.793373725,-2983575.910922077,0.0,inf,0.8641847226816023,4688.061651054077,0.08,7345.836810245352,False,False,False,False,False,,,,0.0,100.0,I_RUSCOMP=0.70; I_MARKET=0.42; I_FEAS=0.36,I_FIN=0.13; I_HRSTRAT=0.29; I_PROGRAM=0.32
98.0,BRB,Barbados,Latin America & Caribbean,High income,True,,C_watchlist,39.78110075570262,97.0,88.0,104.0,0.0,0.0,0.0,0.3099409488439424,0.6047742014298125,0.3099409488439424,0.5175018647366377,0.7554526028356847,0.7554526028356847,0.00779760023397104,0.6772058091474978,0.5414598557725279,0.5,0.6047742014298125,digital_finance_business_informatics,0.6132096462614525,0.6191306893720286,0.6333303078361582,0.3412950860881866,5603.777621263191,4978.685336098865,4485.134210073468,0.7473684210526315,0.25263157894736854,partner_embedded_branch,2240957.256927118,164640664.61345276,-5768009.540903949,-423769316.15971816,-5854269.023744097,-430106705.4785527,-6311326.026654283,-5299942.652112653,0.0,inf,0.8055965615173235,5674.872728904498,0.08,5603.777621263191,False,False,False,False,False,,,,0.0,93.33333333333331,I_RUSCOMP=0.76; I_FEAS=0.68; I_PROGRAM=0.60,I_FIN=0.01; I_MARKET=0.31; I_ECO=0.52
99.0,ETH,Ethiopia,Sub-Saharan Africa,,True,,C_watchlist,39.60032028440882,99.0,93.0,106.0,0.0,0.0,0.0,0.5886495437206334,0.3343172560434796,0.5886495437206334,0.39819618157054487,0.6911982918586842,0.6911982918586842,0.1381028258503121,0.174319934244306,0.23138805211946822,0.5,0.3343172560434796,energy_logistics,0.14805738578660452,0.0912502119322522,0.2100324713494814,0.4,61768.12657605743,71096.81904101332,90240.34083741286,0.7473684210526315,0.25263157894736854,partner_embedded_branch,1700043.6062380562,124900333.70234314,-3255907.96277506,-239207976.52632463,-3156249.805957684,-231886201.3689245,-3476172.2419537148,-2881919.141668625,0.0,inf,7.309682221180856,4597.0561405620465,0.08,61768.12657605743,False,False,False,False,False,,,,0.0,100.0,I_RUSCOMP=0.69; I_MARKET=0.59; I_ECO=0.40,I_FIN=0.14; I_FEAS=0.17; I_HRSTRAT=0.23
100.0,KIR,Kiribati,East Asia & Pacific,Lower middle income,True,,C_watchlist,39.482289945583105,99.0,91.0,104.0,0.0,0.0,0.0,0.14112042366206648,0.5978174609472652,0.14112042366206648,0.3864360248052421,0.7578190003455736,0.7578190003455736,0.11816665006294781,0.6561641998222377,0.5669771187570577,0.5,0.5978174609472652,digital_finance_business_informatics,0.44244453547191476,0.46179956286022933,0.6342044098620093,0.5825182865139504,55.67229782249006,68.05945859895563,70.08844939798804,0.7473684210526315,0.25263157894736854,partner_embedded_branch,1668769.38345839,122602650.9563661,-3578714.013895618,-262924182.01549578,-3569035.902210233,-262213141.7958934,-4127244.737090222,-3232604.465568074,0.0,inf,0.00798035797026213,4675.893866870737,0.08,55.67229782249006,False,False,False,False,False,,,,0.0,100.0,I_RUSCOMP=0.76; I_FEAS=0.66; I_PROGRAM=0.60,I_FIN=0.12; I_MARKET=0.14; I_ECO=0.39
101.0,LSO,Lesotho,Sub-Saharan Africa,Lower middle income,True,,C_watchlist,39.05631361458721,101.0,99.0,104.0,0.0,0.0,0.0,0.24763584452480059,0.5338824772282018,0.24763584452480059,0.32625417736459356,0.7339816152506198,0.7339816152506198,0.13737365348563346,0.3738987357136068,0.42161139606499565,0.5,0.5338824772282018,energy_logistics,0.3109530097338055,0.32342093051263376,0.3567222194791539,0.6063207637318133,1681.962991258946,1865.2039149771626,1759.8305048614773,0.7473684210526315,0.25263157894736854,partner_embedded_branch,1623136.272437134,119250036.48605657,-3204567.2161628064,-235436028.34754363,-3171347.596884152,-232995419.4607221,-3617933.586356572,-2757624.9339661696,0.0,inf,0.22991196002059086,4577.987876410853,0.08,1681.962991258946,False,False,False,False,False,,,,0.0,100.0,I_RUSCOMP=0.73; I_PROGRAM=0.53; I_HRSTRAT=0.42,I_FIN=0.14; I_MARKET=0.25; I_ECO=0.33
102.0,GMB,"Gambia, The",Sub-Saharan Africa,Low income,True,,C_watchlist,38.74328416687975,103.0,101.0,106.0,0.0,0.0,0.0,0.30127135646844144,0.35344609187822773,0.30127135646844144,0.32498946971016435,0.7046080925309035,0.7046080925309035,0.13828064347722638,0.4357656582720015,0.327195694525672,0.5,0.35344609187822773,digital_finance_business_informatics,0.22492798757638907,0.23933784894271037,0.3838917831870701,0.33945875522676944,2182.4007147676293,2610.263265190584,2834.8719029170184,0.7473684210526315,0.25263157894736854,partner_embedded_branch,1599511.251753638,117514332.20396286,-3155695.450466734,-231845473.48079544,-3152568.0244143372,-231615704.92889452,-3746421.648043505,-2813802.664742186,0.0,inf,0.2631588882651747,4616.748984246746,0.08,2182.4007147676293,False,False,False,False,False,,,,0.0,100.0,I_RUSCOMP=0.70; I_FEAS=0.44; I_PROGRAM=0.35,I_FIN=0.14; I_MARKET=0.30; I_ECO=0.32
103.0,COD,"Congo, Dem. Rep.",Sub-Saharan Africa,Low income,True,,C_watchlist,38.71033337278833,103.0,96.0,111.0,0.0,0.0,0.0,0.5409312309149872,0.48380237386071934,0.5409312309149872,0.4168978478089109,0.7174001326371745,0.7174001326371745,0.1333832730526368,0.086497849712901,0.32516579375918797,0.5,0.48380237386071934,energy_logistics,0.12113204877708887,0.14442956615042488,0.25929306649395745,0.5937323243882584,22541.102396732673,30987.770551814207,44895.01651546059,0.7473684210526315,0.25263157894736854,partner_embedded_branch,1734221.6355957242,127411355.92341872,-3391992.403833501,-249205950.71800312,-3253969.9402597174,-239065592.14394715,-3530574.380035472,-3042520.675258141,0.0,inf,2.9682669037201017,4434.45,0.08,22541.102396732673,False,False,False,False,False,,,,0.0,100.0,I_RUSCOMP=0.72; I_MARKET=0.54; I_PROGRAM=0.48,I_FEAS=0.09; I_FIN=0.13; I_HRSTRAT=0.33
104.0,UGA,Uganda,Sub-Saharan Africa,Low income,True,,C_watchlist,38.693290404779965,104.0,100.0,109.0,0.0,0.0,0.0,0.450961177730252,0.3119546577244374,0.450961177730252,0.3557872370035343,0.689416312659901,0.689416312659901,0.12771796910777158,0.29442165948433324,0.23517372406214282,0.5,0.3119546577244374,energy_logistics,0.14077382002770525,0.16315439108701624,0.19250020722700725,0.36409107948411684,12421.433664921104,14734.058147576456,17796.72556729032,0.7473684210526315,0.25263157894736854,partner_embedded_branch,1653635.5730634378,121490786.55384041,-3247802.977399502,-238612512.1662663,-3371272.2114890506,-247683660.97866794,-3697644.1482023867,-2900518.96000523,0.0,inf,1.446882905463791,4595.532642242652,0.08,12421.433664921104,False,False,False,False,False,,,,0.0,100.0,I_RUSCOMP=0.69; I_MARKET=0.45; I_ECO=0.36,I_FIN=0.13; I_HRSTRAT=0.24; I_FEAS=0.29
105.0,ATG,Antigua and Barbuda,Latin America & Caribbean,High income,True,,C_watchlist,38.677065581463324,102.0,96.0,110.0,0.0,0.0,0.0,0.15132210434767746,0.6518201896991443,0.15132210434767746,0.5695757826371368,0.7710677448937877,0.7710677448937877,0.044911428971830994,0.6177270262566208,0.6323810493656099,0.5,0.6518201896991443,digital_finance_business_informatics,0.5639508018333435,0.6607795193742892,0.6733369478771929,0.5493747146748201,1062.4921318487234,891.8639366673722,830.895870788956,0.7473684210526315,0.25263157894736854,partner_embedded_branch,2103894.356461338,154570804.0854224,-5202327.911927188,-382209309.12858737,-5085813.0949296625,-373649093.6900779,-5488078.406770148,-4803680.702129684,0.0,inf,0.15788552830980848,5920.888112739244,0.08,1062.4921318487234,False,False,False,False,False,,,,0.0,100.0,I_RUSCOMP=0.77; I_PROGRAM=0.65; I_HRSTRAT=0.63,I_FIN=0.04; I_MARKET=0.15; I_ECO=0.57
106.0,LCA,St. Lucia,Latin America & Caribbean,Upper middle income,True,,C_watchlist,38.45721814427345,105.0,98.0,111.0,0.0,0.0,0.0,0.13130931463063794,0.6224697849573225,0.13130931463063794,0.5529554715178857,0.7613031497853198,0.7613031497853198,0.06804242328061949,0.6106614929317177,0.5754680940798954,0.5,0.6224697849573225,digital_finance_business_informatics,0.5051692956106223,0.6319141632764691,0.6610833999754473,0.40486828368925265,967.2958494504496,805.7042910529392,695.127331399341,0.7473684210526315,0.25263157894736854,partner_embedded_branch,1929199.061203812,141736132.90767676,-4526873.133804061,-332584389.58013725,-4606877.067027239,-338462190.54971755,-5001858.845012624,-4005038.4770208476,0.0,inf,0.14081143436396393,5759.567737913872,0.08,967.2958494504496,False,False,False,False,False,,,,0.0,93.33333333333331,I_RUSCOMP=0.76; I_PROGRAM=0.62; I_FEAS=0.61,I_FIN=0.07; I_MARKET=0.13; I_ECO=0.55
107.0,PLW,Palau,East Asia & Pacific,High income,True,,C_watchlist,38.38639633987301,105.0,97.0,113.0,0.0,0.0,0.0,0.1262625221916606,0.6946612085351258,0.1262625221916606,0.48461348416804134,0.7717088226318811,0.7717088226318811,0.05333461298065161,0.7439566963177927,0.602022514819737,0.5,0.6946612085351258,diplomatic_analytic,0.7307045636822098,0.6591658721702729,0.6796562515289334,0.4413675085236062,501.61639646109035,474.834251879798,380.2186427442488,0.7473684210526315,0.25263157894736854,partner_embedded_branch,2002449.8104909663,147117784.88197976,-4907694.419214018,-360562910.5157928,-4911407.868867115,-360835733.5770112,-5608998.004316997,-4118262.8823239096,0.0,inf,0.07631740881253177,5519.553981302695,0.08,501.61639646109035,False,False,False,False,False,,,,0.0,100.0,I_RUSCOMP=0.77; I_FEAS=0.74; I_PROGRAM=0.69,I_FIN=0.05; I_MARKET=0.13; I_ECO=0.48
108.0,SWZ,Eswatini,Sub-Saharan Africa,Lower middle income,True,,C_watchlist,38.32919054130817,106.0,104.0,108.0,0.0,0.0,0.0,0.23458327587254726,0.44971748941372824,0.23458327587254726,0.4236247776783724,0.7276729823434203,0.7276729823434203,0.11720729187497464,0.35858478537096217,0.4391769450170616,0.5,0.44971748941372824,energy_logistics,0.274762629394985,0.36739548414616574,0.4634349757733227,0.4786143648796093,1752.8655088000744,1833.627875335588,1752.6698398320902,0.7473684210526315,0.25263157894736854,partner_embedded_branch,1734014.2324215379,127396118.24035473,-3608595.436004524,-265119537.2282728,-3588899.778088191,-263672518.9063835,-3961424.606772878,-3210579.358697739,0.0,inf,0.2271020028654658,5161.959247142662,0.08,1752.8655088000744,False,False,False,False,False,,,,0.0,100.0,I_RUSCOMP=0.73; I_PROGRAM=0.45; I_HRSTRAT=0.44,I_FIN=0.12; I_MARKET=0.23; I_FEAS=0.36
109.0,NRU,Nauru,East Asia & Pacific,High income,True,,C_watchlist,38.27228355763461,106.0,100.0,112.0,0.0,0.0,0.0,0.15820817314288152,0.6213079215528992,0.15820817314288152,0.4347174116988939,0.7645033398790726,0.7645033398790726,0.05358055601079307,0.6759806415572696,0.6031045643648543,0.5,0.6213079215528992,energy_logistics,0.5707849271162465,0.573440556331596,0.6011513882989786,0.6353728071526132,187.0115577871229,231.37206173749425,219.61287878904113,0.7473684210526315,0.25263157894736854,partner_embedded_branch,2046902.5879068747,150383681.5406714,-5037887.811941642,-370128075.86675936,-4906315.5249594655,-360461604.6716945,-5491078.674027464,-4558141.5784833385,0.0,inf,0.027244516303114384,5316.855665183632,0.08,187.0115577871229,False,False,False,False,False,,,,0.0,86.66666666666667,I_RUSCOMP=0.76; I_FEAS=0.68; I_PROGRAM=0.62,I_FIN=0.05; I_MARKET=0.16; I_ECO=0.43
110.0,PNG,Papua New Guinea,East Asia & Pacific,Lower middle income,True,,C_watchlist,38.01992753087212,107.0,105.0,109.0,0.0,0.0,0.0,0.28259175320876573,0.5187874113162553,0.28259175320876573,0.4061456024526307,0.7260943547301367,0.7260943547301367,0.10354604479466349,0.2813398658474583,0.36846344665425934,0.5,0.5187874113162553,energy_logistics,0.26278713818649113,0.30086337355602283,0.23938743459203968,0.6081648691687889,2256.176844306793,2510.6863090085685,2692.839078088324,0.7473684210526315,0.25263157894736854,partner_embedded_branch,1821987.3639678268,133859407.44461589,-3901161.156475797,-286614018.8890047,-3871761.0907275653,-284454028.39855444,-4296416.525965671,-3399154.3170516863,0.0,inf,0.3045860273634607,4752.246064274427,0.08,2256.176844306793,False,False,False,False,False,,,,0.0,100.0,I_RUSCOMP=0.73; I_PROGRAM=0.52; I_ECO=0.41,I_FIN=0.10; I_FEAS=0.28; I_MARKET=0.28
111.0,NER,Niger,Sub-Saharan Africa,Low income,True,,C_watchlist,37.417087250896316,111.0,105.0,113.0,0.0,0.0,0.0,0.39499516890802056,0.3816171374892317,0.39499516890802056,0.3665982889300995,0.7005341714965894,0.7005341714965894,0.13379965819593143,0.19633960234422113,0.26977048123055025,0.5,0.3816171374892317,energy_logistics,0.14087658783918475,0.14145720959773106,0.22543048639993418,0.45720374597085744,4001.1320280154227,5248.104983377645,7130.456011237709,0.7473684210526315,0.25263157894736854,partner_embedded_branch,1691506.3272146154,124273109.20349787,-3340897.904806999,-245452094.07847494,-3245348.5276241465,-238432186.4411657,-3440401.485690998,-3087412.5343051013,0.0,inf,0.4904987631563597,4444.444998521231,0.08,4001.1320280154227,False,False,False,False,False,,,,0.0,100.0,I_RUSCOMP=0.70; I_MARKET=0.39; I_PROGRAM=0.38,I_FIN=0.13; I_FEAS=0.20; I_HRSTRAT=0.27
112.0,TLS,Timor-Leste,East Asia & Pacific,Lower middle income,True,,C_watchlist,37.31053747414228,111.0,108.0,113.0,0.0,0.0,0.0,0.3205546312392376,0.3803885278930964,0.3205546312392376,0.25208075700967425,0.7067912447140282,0.7067912447140282,0.13812623022136983,0.35177315155287725,0.3229365993726543,0.5,0.3803885278930964,diplomatic_analytic,0.4012308943588184,0.3975805584998281,0.3328833661790746,0.23503028450358673,4725.363649726204,4872.823205251763,4548.051548312999,0.7473684210526315,0.25263157894736854,partner_embedded_branch,1631610.068209063,119872596.94024484,-3213490.687872335,-236091625.9982238,-3155765.2095603007,-231850598.6046648,-3409400.0836681626,-2812894.56625423,0.0,inf,0.5804684814301202,4706.627750472073,0.08,4725.363649726204,False,False,False,False,False,,,,0.0,100.0,I_RUSCOMP=0.71; I_PROGRAM=0.38; I_FEAS=0.35,I_FIN=0.14; I_ECO=0.25; I_MARKET=0.32
113.0,BFA,Burkina Faso,Sub-Saharan Africa,Low income,True,,C_watchlist,36.89925798862305,114.0,109.0,116.0,0.0,0.0,0.0,0.44042281541799666,0.3260737276410185,0.44042281541799666,0.31574087424036873,0.693173295356269,0.693173295356269,0.13144251039217053,0.20707617941458498,0.25471602160139195,0.5,0.3260737276410185,energy_logistics,0.149553815328358,0.17374848548002467,0.2235377883627371,0.377254535374299,11268.874835509265,13685.69837832597,14786.913498660319,0.7473684210526315,0.25263157894736854,partner_embedded_branch,1687348.3135754776,123967624.51524541,-3318086.973882026,-243776200.0754412,-3294154.1687151236,-242017883.20591456,-3733191.430945776,-2898431.0707911146,0.0,inf,1.3274376640951577,4553.56388197978,0.08,11268.874835509265,False,False,False,False,False,,,,0.0,100.0,I_RUSCOMP=0.69; I_MARKET=0.44; I_PROGRAM=0.33,I_FIN=0.13; I_FEAS=0.21; I_HRSTRAT=0.25
114.0,SLB,Solomon Islands,East Asia & Pacific,Lower middle income,True,,C_watchlist,36.85282157893492,113.0,112.0,115.0,0.0,0.0,0.0,0.3209979670259776,0.44121529472836285,0.3209979670259776,0.2577677201460111,0.7132007251510692,0.7132007251510692,0.09643624643991525,0.3730266372859603,0.32565996398527386,0.5,0.44121529472836285,energy_logistics,0.36195681593113566,0.26723744810355476,0.24260353138094787,0.49482439000609424,2147.095979918182,2571.6131948081634,2935.870469157433,0.7473684210526315,0.25263157894736854,partner_embedded_branch,1858613.3021100871,136550274.83139578,-4113390.2962577417,-302206260.3367304,-4018972.167681423,-295269464.2901697,-4824963.256535188,-3440394.8889263896,0.0,inf,0.2749177443799317,4527.311182891982,0.08,2147.095979918182,False,False,False,False,False,,,,0.0,93.33333333333331,I_RUSCOMP=0.71; I_PROGRAM=0.44; I_FEAS=0.37,I_FIN=0.10; I_ECO=0.26; I_MARKET=0.32
115.0,MOZ,Mozambique,Sub-Saharan Africa,Low income,True,,C_watchlist,36.42827000085332,116.0,112.0,118.0,0.0,0.0,0.0,0.44005599192668626,0.33402795986134387,0.44005599192668626,0.26370961885807215,0.6910549226757844,0.6910549226757844,0.1302655043370261,0.23163021078282253,0.2304343890804156,0.5,0.33402795986134387,energy_logistics,0.16316206743172884,0.1758293809778274,0.1478446473220833,0.39515905286078024,7005.509394161928,9076.291781898437,11994.37141050525,0.7473684210526315,0.25263157894736854,partner_embedded_branch,1677850.671388203,123269843.19115277,-3309167.0760936453,-243120864.99681643,-3318524.5263980962,-243808346.5774891,-3524660.359082801,-2955784.502558822,0.0,inf,0.8288227393376367,4434.45,0.08,7005.509394161928,False,False,False,False,False,,,,0.0,100.0,I_RUSCOMP=0.69; I_MARKET=0.44; I_PROGRAM=0.33,I_FIN=0.13; I_HRSTRAT=0.23; I_FEAS=0.23
116.0,SUR,Suriname,Latin America & Caribbean,Upper middle income,True,,C_watchlist,36.37455052046867,115.0,111.0,120.0,0.0,0.0,0.0,0.12578427227029354,0.491798211733219,0.12578427227029354,0.44279691876371297,0.7326057607707734,0.7326057607707734,0.10674581078715646,0.5214981902625617,0.44521616331209546,0.5,0.491798211733219,digital_finance_business_informatics,0.30464323397424065,0.4064731936127829,0.5400599427561531,0.3575007604193313,554.1457083811805,543.1760133092733,519.715464891179,0.7473684210526315,0.25263157894736854,partner_embedded_branch,1799588.7739703152,132213807.6759477,-3970598.3599277223,-291715493.8456938,-3805508.719808967,-279586539.584773,-4172511.791646658,-3343487.2766664377,0.0,inf,0.07382758128010404,5537.432415815133,0.08,554.1457083811805,False,False,False,False,False,,,,0.0,100.0,I_RUSCOMP=0.73; I_FEAS=0.52; I_PROGRAM=0.49,I_FIN=0.11; I_MARKET=0.13; I_ECO=0.44
117.0,GNQ,Equatorial Guinea,Sub-Saharan Africa,Upper middle income,True,,C_watchlist,36.07833168481788,117.0,116.0,118.0,0.0,0.0,0.0,0.28973463074249184,0.3536575852824263,0.28973463074249184,0.3815935423458557,0.7009291305081843,0.7009291305081843,0.09203311349246743,0.3346783240804921,0.29636143316617913,0.5,0.3536575852824263,digital_finance_business_informatics,0.1826165834559875,0.24645780011405677,0.4046816905608996,0.2018380563586742,1007.4227578803886,1323.4646172775142,1640.6330303798227,0.7473684210526315,0.25263157894736854,partner_embedded_branch,1852448.553736427,136097357.5496062,-4045217.606502697,-297197687.810386,-4110140.7087318054,-301967516.71574616,-4748407.720250069,-3698595.0160244736,0.0,inf,0.12129150525441643,5396.081363696706,0.08,1007.4227578803886,False,False,False,False,False,,,,0.0,100.0,I_RUSCOMP=0.70; I_ECO=0.38; I_PROGRAM=0.35,I_FIN=0.09; I_MARKET=0.29; I_HRSTRAT=0.30
118.0,TON,Tonga,East Asia & Pacific,Upper middle income,True,,C_watchlist,35.88498708341969,118.0,115.0,121.0,0.0,0.0,0.0,0.18995274679920016,0.4322448406777051,0.18995274679920016,0.31338822054213744,0.7199369263307763,0.7199369263307763,0.08501241383673071,0.5563829334884242,0.3892703521917148,0.5,0.4322448406777051,diplomatic_analytic,0.44895815410198336,0.3693688216392194,0.4251080238316959,0.36138832055756864,1028.5615242323656,1040.870061701484,859.8124151137646,0.7473684210526315,0.25263157894736854,partner_embedded_branch,1839806.6565161066,135168571.2669162,-4161899.2473264486,-305770159.6119021,-4255506.963261422,-312647415.5331571,-4461580.704334804,-4012177.809969026,0.0,inf,0.13136258447532673,4962.245477204594,0.08,1028.5615242323656,False,False,False,False,False,,,,0.0,100.0,I_RUSCOMP=0.72; I_FEAS=0.56; I_PROGRAM=0.43,I_FIN=0.09; I_MARKET=0.19; I_ECO=0.31
119.0,MLI,Mali,Sub-Saharan Africa,Low income,True,,C_watchlist,35.78657558885152,119.0,116.0,122.0,0.0,0.0,0.0,0.4329773492126391,0.2906423628040874,0.4329773492126391,0.3106313535623154,0.686424095262474,0.686424095262474,0.13556873087040827,0.18928318372425684,0.22799882485054332,0.5,0.2906423628040874,energy_logistics,0.07787915681873409,0.11523780122708328,0.2252256041423628,0.34445747608491073,6504.140469604073,8408.268698827147,11368.86110538972,0.7473684210526315,0.25263157894736854,partner_embedded_branch,1694240.7766522483,124474006.19578637,-3339024.822569125,-245314480.78684878,-3208719.20557798,-235741070.44268805,-3528797.661523662,-2853299.8452250743,0.0,inf,0.7456796981139309,4599.95274283297,0.08,6504.140469604073,False,False,False,False,False,,,,0.0,100.0,I_RUSCOMP=0.69; I_MARKET=0.43; I_ECO=0.31,I_FIN=0.14; I_FEAS=0.19; I_HRSTRAT=0.23
120.0,ZWE,Zimbabwe,Sub-Saharan Africa,Lower middle income,True,,C_watchlist,35.303555018376166,120.0,118.0,124.0,0.0,0.0,0.0,0.4534779992815123,0.24052535424330077,0.4534779992815123,0.30027015184735145,0.6786412353599085,0.6786412353599085,0.12001975832423219,0.22870065797145417,0.20490583279648616,0.5,0.24052535424330077,digital_finance_business_informatics,0.14328307202245247,0.15674381648875468,0.27096464570581646,0.16498943189177714,14201.397785398018,16482.59199402725,18481.42577945964,0.7473684210526315,0.25263157894736854,partner_embedded_branch,1714431.709094109,125957411.7922642,-3427440.9896357064,-251810319.32344678,-3530666.591402202,-259394190.73706925,-4011553.632779315,-3131262.247190126,0.0,inf,1.566558155768599,4826.592264276739,0.08,14201.397785398018,False,False,False,False,False,,,,0.0,100.0,I_RUSCOMP=0.68; I_MARKET=0.45; I_ECO=0.30,I_FIN=0.12; I_HRSTRAT=0.20; I_FEAS=0.23
121.0,MDG,Madagascar,Sub-Saharan Africa,Low income,True,,C_watchlist,35.03199427120714,122.0,120.0,124.0,0.0,0.0,0.0,0.38185304784399643,0.28370518696762,0.38185304784399643,0.2867969459781098,0.6847036160949034,0.6847036160949034,0.12461581329346255,0.240863850327893,0.21944247831784391,0.5,0.28370518696762,energy_logistics,0.13283460124473512,0.15080806132733734,0.18904784369476246,0.32860307480579243,5433.902912184217,6359.845357765195,7928.029682464703,0.7473684210526315,0.25263157894736854,partner_embedded_branch,1674283.1983873989,123007744.87400398,-3304928.8509388515,-242809487.2567414,-3435503.5265724272,-252402665.043397,-3698336.507727821,-3115603.2540573394,0.0,inf,0.6195268191946119,4434.45,0.08,5433.902912184217,False,False,False,False,False,,,,0.0,100.0,I_RUSCOMP=0.68; I_MARKET=0.38; I_ECO=0.29,I_FIN=0.12; I_HRSTRAT=0.22; I_FEAS=0.24
122.0,STP,São Tomé and Principe,Sub-Saharan Africa,Lower middle income,True,,C_watchlist,34.88207071631184,122.0,119.0,124.0,0.0,0.0,0.0,0.1543652602810513,0.45496230001448346,0.1543652602810513,0.3119632091604606,0.7214151451945855,0.7214151451945855,0.1150241932772013,0.4411196282121897,0.3826576266094754,0.5,0.45496230001448346,digital_finance_business_informatics,0.35263892788652734,0.39400972228557013,0.5033523533905749,0.21037922855858138,443.6394647136861,484.39945940328533,573.3800216324753,0.7473684210526315,0.25263157894736854,partner_embedded_branch,1735314.3130027303,127491633.7305663,-3681500.96862801,-270475826.5140344,-3634101.664223266,-266993451.75865272,-3867879.6634464394,-3377381.223098,0.0,inf,0.05750263429644024,4849.017730191995,0.08,443.6394647136861,False,False,False,False,False,,,,0.0,93.33333333333331,I_RUSCOMP=0.72; I_PROGRAM=0.45; I_FEAS=0.44,I_FIN=0.12; I_MARKET=0.15; I_ECO=0.31
123.0,SOM,"Somalia, Fed. Rep.",Sub-Saharan Africa,Low income,True,,C_watchlist,34.668864681984545,123.0,120.0,125.0,0.0,0.0,0.0,0.3057586119833566,0.5115791942901814,0.3057586119833566,0.3602936544489176,0.7236464119416759,0.7236464119416759,0.11931601756263498,0.10790882933115502,0.3540707709388131,0.5,0.5115791942901814,energy_logistics,0.15925793996786458,0.18875015107302467,0.2791727506799511,0.6192554178164175,1347.1699507335736,1809.5386356547401,2556.389885674996,0.7473684210526315,0.25263157894736854,partner_embedded_branch,1728897.763439419,127020216.89235434,-3425521.781082166,-251669317.18214756,-3545237.8113218024,-260464722.2362204,-3856238.6865547253,-3067667.947201042,0.0,inf,0.18089228650871111,4438.557788649607,0.08,1347.1699507335736,False,False,False,False,False,,,,0.0,93.33333333333331,I_RUSCOMP=0.72; I_PROGRAM=0.51; I_ECO=0.36,I_FEAS=0.11; I_FIN=0.12; I_MARKET=0.31
124.0,TUV,Tuvalu,East Asia & Pacific,Upper middle income,True,,C_watchlist,34.2399182372718,124.0,121.0,126.0,0.0,0.0,0.0,0.1290328266123131,0.4719189133102729,0.1290328266123131,0.3570741464744602,0.7300736550576877,0.7300736550576877,0.06811050427121884,0.5774908880992679,0.4406813643888355,0.5,0.4719189133102729,energy_logistics,0.46704950629906195,0.468258809853416,0.38837735390741795,0.48284259956614506,26.760003121180777,32.47737420522572,25.67742398100659,0.7473684210526315,0.25263157894736854,partner_embedded_branch,2008005.4631280382,147525952.57000753,-4829574.317859066,-354823512.6013559,-4605467.424243274,-338358625.6449867,-5124480.253875914,-4274758.460033365,0.0,inf,0.0035184456110534364,4874.199872025269,0.08,26.760003121180777,False,False,False,False,False,,,,0.0,86.66666666666667,I_RUSCOMP=0.73; I_FEAS=0.58; I_PROGRAM=0.47,I_FIN=0.07; I_MARKET=0.13; I_ECO=0.36
125.0,MMR,Myanmar,East Asia & Pacific,Lower middle income,True,,C_watchlist,34.226587140850995,125.0,121.0,127.0,0.0,0.0,0.0,0.5505414261792121,0.24388593408106823,0.5505414261792121,0.2842873128231439,0.6805875446011149,0.6805875446011149,0.12941504876334767,0.11112097540914229,0.21832459327506604,0.5,0.24388593408106823,energy_logistics,0.1631056522611177,0.16725166043390735,0.22145509545407674,0.26522352321087705,94769.7247004805,93114.33858356578,85247.8630495616,0.7473684210526315,0.25263157894736854,partner_embedded_branch,1724618.2547758282,126705806.09829986,-3244783.8767608856,-238390702.16335785,-3336133.5322595634,-245102060.86822465,-3546801.970271424,-3115600.3790152697,0.0,inf,10.488388811292255,4831.61641506276,0.08,94769.7247004805,False,False,False,False,False,,,,0.0,93.33333333333331,I_RUSCOMP=0.68; I_MARKET=0.55; I_ECO=0.28,I_FEAS=0.11; I_FIN=0.13; I_HRSTRAT=0.22
126.0,DMA,Dominica,Latin America & Caribbean,Upper middle income,True,,C_watchlist,33.897585834780976,125.0,120.0,128.25,0.0,0.0,0.0,0.0654298949081644,0.515163075183216,0.0654298949081644,0.40940539359414335,0.7378839640427988,0.7378839640427988,0.09061177451640566,0.7114064114423493,0.469730471037309,0.5,0.515163075183216,digital_finance_business_informatics,0.40832673981393525,0.508426649423301,0.5515647217132053,0.32192195841678883,119.54259626009444,112.18720242132386,95.06183574168162,0.7473684210526315,0.25263157894736854,partner_embedded_branch,1805210.7734245297,132626849.79164945,-4124729.750648686,-303039357.5774333,-4139570.0723990337,-304129659.6920774,-4345307.859373654,-3816811.8175679473,0.0,inf,0.016188947803123844,5528.429324297494,0.08,119.54259626009444,False,False,False,False,False,,,,0.0,93.33333333333331,I_RUSCOMP=0.74; I_FEAS=0.71; I_PROGRAM=0.52,I_MARKET=0.07; I_FIN=0.09; I_ECO=0.41
127.0,LBR,Liberia,Sub-Saharan Africa,Low income,True,,C_watchlist,33.08588126049006,127.0,126.0,128.0,0.0,0.0,0.0,0.2769688768640519,0.289821596773285,0.2769688768640519,0.2401232932845555,0.6853784720248973,0.6853784720248973,0.11845611675365442,0.3058719318322453,0.2199692695630724,0.5,0.289821596773285,energy_logistics,0.1055056017977537,0.1178923670958074,0.20487950784851708,0.3421658543164111,1778.5188348000536,2044.1859038572698,2368.1433711949635,0.7473684210526315,0.25263157894736854,partner_embedded_branch,1696449.9599518222,124636312.46270443,-3442761.014106705,-252935864.6693041,-3563042.384369782,-261772804.6330251,-3982543.2241976107,-3274953.1608537636,0.0,inf,0.20368941700637413,4434.45,0.08,1778.5188348000536,False,False,False,False,False,,,,0.0,93.33333333333331,I_RUSCOMP=0.69; I_FEAS=0.31; I_PROGRAM=0.29,I_FIN=0.12; I_HRSTRAT=0.22; I_ECO=0.24
128.0,MHL,Marshall Islands,East Asia & Pacific,Upper middle income,True,,C_watchlist,32.47935637333317,128.0,125.0,135.0,0.0,0.0,0.0,0.06102346925212425,0.5694805535742806,0.06102346925212425,0.39473205089556795,0.7511453923292478,0.7511453923292478,0.0607502406828665,0.6477930785717658,0.5349778080984973,0.5,0.5694805535742806,diplomatic_analytic,0.5822427328527827,0.5325397715230084,0.5471539177157145,0.5211810318510297,379.55542336871895,330.6579546917073,189.80124270874688,0.7473684210526315,0.25263157894736854,partner_embedded_branch,1949939.3583048345,143259899.72136205,-4650626.970314921,-341676447.8193699,-4757864.479046101,-349555069.6245901,-5499020.538791729,-4077006.7780207014,0.0,inf,0.05337546140048671,5001.9647662393,0.08,379.55542336871895,False,False,False,False,False,,,,0.0,100.0,I_RUSCOMP=0.75; I_FEAS=0.65; I_PROGRAM=0.57,I_FIN=0.06; I_MARKET=0.06; I_ECO=0.39
129.0,SYR,Syrian Arab Republic,Middle East & North Africa,Low income,True,,C_watchlist,32.08816227829102,129.0,127.0,132.0,0.0,0.0,0.0,0.5446083415594364,0.15730713187773077,0.5446083415594364,0.24019361273940526,0.6605528571124225,0.6605528571124225,0.13558931299431212,0.1419914653137067,0.1235178660387442,0.5,0.15730713187773077,digital_finance_business_informatics,0.12696502152510838,0.07864697510808824,0.1774576884289665,0.09646899378243709,97122.95429947706,77384.47717884296,106224.73748394953,0.7473684210526315,0.25263157894736854,partner_embedded_branch,1712601.1116814136,125822919.81401062,-3232554.548813308,-237492226.89131007,-3208293.0448804884,-235709760.88502014,-3581445.665022038,-2870620.246488476,0.0,inf,9.996374475075358,4760.526826519943,0.08,97122.95429947706,False,False,False,False,False,,,,0.0,100.0,I_RUSCOMP=0.66; I_MARKET=0.54; I_ECO=0.24,I_HRSTRAT=0.12; I_FIN=0.14; I_FEAS=0.14
130.0,BDI,Burundi,Sub-Saharan Africa,Low income,True,,C_watchlist,31.917397798870084,130.0,129.0,130.0,0.0,0.0,0.0,0.3194422196873288,0.28715424861626937,0.3194422196873288,0.25372407244069406,0.6826493201349033,0.6826493201349033,0.12577275625206902,0.16622263212842225,0.19944912727730235,0.5,0.28715424861626937,energy_logistics,0.09682192685808229,0.11063231535671011,0.15596551020500782,0.34624409529428724,1994.7743456022415,2553.524151837712,2912.7123947254777,0.7473684210526315,0.25263157894736854,partner_embedded_branch,1703186.2694212117,125131221.70948006,-3368078.08414239,-247448991.95604888,-3411548.582928084,-250642721.6842851,-3656364.1509239418,-3099739.5371464863,0.0,inf,0.22775346744097574,4434.45,0.08,1994.7743456022415,False,False,False,False,False,,,,0.0,93.33333333333331,I_RUSCOMP=0.68; I_MARKET=0.32; I_PROGRAM=0.29,I_FIN=0.13; I_FEAS=0.17; I_HRSTRAT=0.20
131.0,YEM,"Yemen, Rep.",Middle East & North Africa,Low income,True,,C_watchlist,31.17985456108278,132.0,129.0,136.0,0.0,0.0,0.0,0.604029412772098,0.16498050420763063,0.604029412772098,0.3749356662229588,0.6672846652862525,0.6672846652862525,0.08353281223957339,0.06530857851677571,0.1732217905457444,0.5,0.16498050420763063,energy_logistics,0.048926393758546814,0.16531788915108786,0.17601580917915177,0.1774003337625245,53462.9857741781,68012.9666488595,87226.36299099994,0.7473684210526315,0.25263157894736854,partner_embedded_branch,1985443.2381076515,145868330.71620724,-4276412.827550164,-314183346.3860003,-4286142.67664065,-314898187.6958443,-4544681.205085005,-3988662.4832027354,0.0,inf,5.55181114859814,5340.857924603943,0.08,53462.9857741781,False,False,False,False,False,,,,0.0,93.33333333333331,I_RUSCOMP=0.67; I_MARKET=0.60; I_ECO=0.37,I_FEAS=0.07; I_FIN=0.08; I_PROGRAM=0.16
132.0,SLE,Sierra Leone,Sub-Saharan Africa,Low income,True,,C_watchlist,31.177824593197016,132.0,131.0,134.0,0.0,0.0,0.0,0.2041042083185526,0.2383266989395772,0.2041042083185526,0.272149301111369,0.6769862895531475,0.6769862895531475,0.1385968595533882,0.2842424664021328,0.19294683049324793,0.5,0.2383266989395772,energy_logistics,0.09056883831007836,0.11495748898377657,0.1888781375281872,0.27636109595613356,862.5407030156041,970.9924270332824,1075.9375319509486,0.7473684210526315,0.25263157894736854,partner_embedded_branch,1657553.9819874268,121778667.74723607,-3274592.8372626123,-240580733.70156315,-3146020.6503821583,-231134676.56086177,-3650859.2399326563,-2631539.406419734,0.0,inf,0.09492615985493034,4621.53019196716,0.08,862.5407030156041,False,False,False,False,False,,,,0.0,100.0,I_RUSCOMP=0.68; I_FEAS=0.28; I_ECO=0.27,I_FIN=0.14; I_HRSTRAT=0.19; I_MARKET=0.20
133.0,ERI,Eritrea,Sub-Saharan Africa,Low income,True,,C_watchlist,31.123532586026492,133.0,130.0,134.0,0.0,0.0,0.0,0.1897659957571944,0.3667324023168418,0.1897659957571944,0.37954536591634713,0.699081816882446,0.699081816882446,0.12448556294470149,0.13562913028709586,0.2700714720896811,0.5,0.3667324023168418,energy_logistics,0.05790977076161689,0.10002310724139918,0.2648320578288627,0.4471057226190541,854.0192101545083,890.6947413764588,1088.667931762134,0.7473684210526315,0.25263157894736854,partner_embedded_branch,1715075.7410620993,126004728.11251728,-3387912.9934085696,-248906240.92143488,-3438200.4095440693,-252600802.0687523,-3876699.675143238,-3095711.2905604425,0.0,inf,0.10361927969659881,4688.329401779147,0.08,854.0192101545083,False,False,False,False,False,,,,0.0,86.66666666666667,I_RUSCOMP=0.70; I_ECO=0.38; I_PROGRAM=0.37,I_FIN=0.12; I_FEAS=0.14; I_MARKET=0.19
134.0,TCD,Chad,Sub-Saharan Africa,Low income,True,,C_watchlist,31.01305221161236,133.0,131.0,134.0,0.0,0.0,0.0,0.37795263447088084,0.2410239069003337,0.37795263447088084,0.2596369053009654,0.672889678331489,0.672889678331489,0.1275419381624016,0.11927805466436218,0.15656073034546297,0.5,0.2410239069003337,energy_logistics,0.039715415717303505,0.05617670260161182,0.12370023893932558,0.3007587466308307,3419.4361790618573,4380.231121444824,6352.348320840543,0.7473684210526315,0.25263157894736854,partner_embedded_branch,1721440.432981371,126472335.02666505,-3400080.586950103,-249800180.63457844,-3374916.99911201,-247951439.51606038,-3654528.8492610743,-3015897.2871260243,0.0,inf,0.3763359684612774,4535.506443789672,0.08,3419.4361790618573,False,False,False,False,False,,,,0.0,100.0,I_RUSCOMP=0.67; I_MARKET=0.38; I_ECO=0.26,I_FEAS=0.12; I_FIN=0.13; I_HRSTRAT=0.16
135.0,COM,Comoros,Sub-Saharan Africa,Lower middle income,True,,C_watchlist,30.97527591253155,133.0,132.0,134.0,0.0,0.0,0.0,0.2566930872328134,0.2301914696485887,0.2566930872328134,0.23073853227555394,0.6787170470477316,0.6787170470477316,0.13132976158279325,0.23094967990948012,0.21414916735727169,0.5,0.2301914696485887,digital_finance_business_informatics,0.15306260833125815,0.13411534257948507,0.24859863238722046,0.24825037209512657,1137.4943439687725,1348.5928531814932,1533.592078407166,0.7473684210526315,0.25263157894736854,partner_embedded_branch,1700652.2461625265,124945049.80809006,-3401331.135911065,-249892057.0911365,-3296488.675662513,-242189396.86338162,-3712608.16788204,-2889984.869310519,0.0,inf,0.1245600361389622,4664.327535852912,0.08,1137.4943439687725,False,False,False,False,False,,,,0.0,100.0,I_RUSCOMP=0.68; I_MARKET=0.26; I_FEAS=0.23,I_FIN=0.13; I_HRSTRAT=0.21; I_PROGRAM=0.23
136.0,AFG,Afghanistan,Middle East & North Africa,Low income,True,,C_watchlist,30.616816374833117,135.0,132.0,137.0,0.0,0.0,0.0,0.48917893673407414,0.24370034318499842,0.48917893673407414,0.25208910921247357,0.6754287617572668,0.6754287617572668,0.11967265743772619,0.06035469667216436,0.17548939532305782,0.5,0.24370034318499842,energy_logistics,0.08837982849396582,0.10325831340393828,0.14324809480727166,0.29070887792989225,15546.880492511755,19073.248649469333,24373.182679964713,0.7473684210526315,0.25263157894736854,partner_embedded_branch,1744435.5143212103,128161758.35811357,-3428535.4244768345,-251890726.24734613,-3537853.4471700676,-259922201.124793,-3876199.59107833,-3172503.8475189647,0.0,inf,1.7163134800696829,4473.247185451126,0.08,15546.880492511755,False,False,False,False,False,,,,0.0,100.0,I_RUSCOMP=0.68; I_MARKET=0.49; I_ECO=0.25,I_FEAS=0.06; I_FIN=0.12; I_HRSTRAT=0.18
137.0,MWI,Malawi,Sub-Saharan Africa,Low income,True,,D_not_recommended,29.454257644979226,137.0,136.0,138.0,0.0,0.0,0.0,0.26236481532062816,0.15856744951841217,0.26236481532062816,0.18562111490709995,0.6627198302386921,0.6627198302386921,0.12672800794049824,0.30522067802743724,0.1405257107237563,0.5,0.15856744951841217,energy_logistics,0.15025808307822874,0.15626623000714154,0.1099156711912838,0.1655985774836677,1485.9111048990637,1691.8148560882778,2062.367190655076,0.7473684210526315,0.25263157894736854,partner_embedded_branch,1649481.5819810703,121185597.39840907,-3261722.9462775085,-239635196.96776766,-3391769.733683823,-249189591.38704345,-3703354.6738472246,-3037417.243950087,0.0,inf,0.15323643679876542,4434.45,0.08,1485.9111048990637,False,False,False,False,False,,,,0.0,100.0,I_RUSCOMP=0.66; I_FEAS=0.31; I_MARKET=0.26,I_FIN=0.13; I_HRSTRAT=0.14; I_PROGRAM=0.16
138.0,VUT,Vanuatu,East Asia & Pacific,Lower middle income,True,,D_not_recommended,29.43103665089214,137.0,136.0,138.0,0.0,0.0,0.0,0.17105474962357056,0.31509674262341236,0.17105474962357056,0.19534187158297536,0.6923050174336131,0.6923050174336131,0.05855861482843685,0.44108905794256054,0.25662785976059765,0.5,0.31509674262341236,economic_legal,0.30799838861546813,0.33830437255421203,0.2263114618578262,0.21537321083734529,102.85740228517531,135.0910176586238,153.06552077792605,0.7473684210526315,0.25263157894736854,partner_embedded_branch,1984555.7759471592,145803129.84748426,-4648798.281685342,-341542096.07731223,-4803242.925270956,-352888974.15243936,-5159656.023157681,-4209809.69562147,0.0,inf,0.012022415744296836,4629.9586087089465,0.08,102.85740228517531,False,False,False,False,False,,,,0.0,100.0,I_RUSCOMP=0.69; I_FEAS=0.44; I_PROGRAM=0.32,I_FIN=0.06; I_MARKET=0.17; I_ECO=0.20
139.0,GNB,Guinea-Bissau,Sub-Saharan Africa,Low income,True,,D_not_recommended,26.73577502222319,139.0,139.0,139.0,0.0,0.0,0.0,0.13105762906939197,0.21480025014759224,0.13105762906939197,0.21487388553541062,0.6707057805486489,0.6707057805486489,0.1269255732372959,0.23721895604540644,0.16021462944907988,0.5,0.21480025014759224,energy_logistics,0.024794544001248905,0.04226213242970952,0.17163890281175131,0.2629347619848883,248.16218858907635,288.82860287697656,326.55621266918706,0.7473684210526315,0.25263157894736854,partner_embedded_branch,1675691.1544122093,123111185.85439517,-3312808.440842848,-243388392.05943912,-3387679.0691306056,-248889054.76204956,-3679875.2590549146,-3126638.318740022,0.0,inf,0.02677647531973488,4578.818375950798,0.08,248.16218858907635,False,False,False,False,False,,,,0.0,100.0,I_RUSCOMP=0.67; I_FEAS=0.24; I_ECO=0.21,I_FIN=0.13; I_MARKET=0.13; I_HRSTRAT=0.16
140.0,SSD,South Sudan,Sub-Saharan Africa,Low income,True,,D_not_recommended,25.452158339557958,140.0,140.0,141.0,0.0,0.0,0.0,0.35323406816778163,0.16302055417630135,0.35323406816778163,0.20224315196739498,0.664112747214264,0.664112747214264,0.09372894032103803,0.045454545454545456,0.14842243163861524,0.5,0.16302055417630135,economic_legal,0.12981449250896346,0.17356003648992946,0.15230103535828213,0.11811335516107845,7220.74262016549,7297.505171986971,8372.553555037253,0.7473684210526315,0.25263157894736854,partner_embedded_branch,1958009.5752553006,143852809.68347415,-4250367.84094415,-312269849.8695417,-4075027.969761593,-299387822.4076175,-4402242.158962148,-3680707.4562501595,0.0,inf,0.747631497080311,4688.329401779147,0.08,7220.74262016549,False,False,False,False,False,,,,0.0,86.66666666666667,I_RUSCOMP=0.66; I_MARKET=0.35; I_ECO=0.20,I_FEAS=0.05; I_FIN=0.09; I_HRSTRAT=0.15
141.0,SDN,Sudan,Sub-Saharan Africa,Low income,True,,D_not_recommended,25.23691264207015,141.0,140.0,141.0,0.0,0.0,0.0,0.49510532986406863,0.0921842861160653,0.49510532986406863,0.14334032707614788,0.6473219714549804,0.6473219714549804,0.11347338653986726,0.06457675223677839,0.06752952369478157,0.5,0.0921842861160653,digital_finance_business_informatics,0.09973263898667648,0.08816081419065214,0.10270319859396482,0.0,20088.62794318297,23524.895249227266,29649.14713692621,0.7473684210526315,0.25263157894736854,partner_embedded_branch,1799835.6524575155,132231945.56683597,-3642974.4189371197,-267645323.28744936,-3666211.7070907652,-269352541.28708076,-4342482.008198373,-3214482.5482923896,0.0,inf,1.9538809677556348,4453.89652216189,0.08,20088.62794318297,False,False,False,False,False,,,,0.0,100.0,I_RUSCOMP=0.65; I_MARKET=0.50; I_ECO=0.14,I_FEAS=0.06; I_HRSTRAT=0.07; I_PROGRAM=0.09
142.0,HTI,Haiti,Latin America & Caribbean,Lower middle income,True,,D_not_recommended,23.236249315141873,142.0,142.0,142.0,0.0,0.0,0.0,0.14125771233140028,0.1500435654393898,0.14125771233140028,0.1380721304364657,0.6569113872310752,0.6569113872310752,0.09840345963259535,0.20081505505273278,0.09922525572613497,0.5,0.1500435654393898,digital_finance_business_informatics,0.09546710110591337,0.08860428703879514,0.18160992403624107,0.0,582.9715962894126,603.3693695420011,587.7961086611436,0.7473684210526315,0.25263157894736854,partner_embedded_branch,1894944.3536836503,139219477.22634873,-4131949.7123275814,-303569800.2200239,-3978240.270904228,-292276936.63903564,-4260068.931965983,-3637213.2226187196,0.0,inf,0.05957255893761369,4586.9532603730495,0.08,582.9715962894126,False,False,False,False,False,,,,0.0,100.0,I_RUSCOMP=0.66; I_FEAS=0.20; I_PROGRAM=0.15,I_FIN=0.10; I_HRSTRAT=0.10; I_ECO=0.14
143.0,CAF,Central African Republic,Sub-Saharan Africa,Low income,True,,D_not_recommended,22.07106913452306,143.0,143.0,143.0,0.0,0.0,0.0,0.17180628125201716,0.14145132717112863,0.17180628125201716,0.13964735148596316,0.6559280623131033,0.6559280623131033,0.11587988545391024,0.07533798556693494,0.09819107996658638,0.5,0.14145132717112863,energy_logistics,0.030067846447895164,0.03842862313401651,0.08660920104983406,0.1733960420214927,295.5080266746485,364.1523596467208,542.3156401091735,0.7473684210526315,0.25263157894736854,partner_embedded_branch,1753290.5699384324,128812329.55374971,-3498060.56493013,-256998661.83879524,-3616384.232505925,-265691771.53955457,-3957436.9240437015,-3398374.5779645024,0.0,inf,0.029986571472910117,4434.45,0.08,295.5080266746485,False,False,False,False,False,,,,0.0,100.0,I_RUSCOMP=0.66; I_MARKET=0.17; I_PROGRAM=0.14,I_FEAS=0.08; I_HRSTRAT=0.10; I_FIN=0.12
,MAF,St. Martin (French part),Latin America & Caribbean,High income,False,non_sovereign_or_special_hard_exclusion,D_excluded,0.0,,,,0.0,0.0,0.0,0.07088527085134005,0.582647775761053,0.07088527085134005,0.5019842753028185,0.7519245913484246,0.7519245913484246,0.08362005783759413,0.6258332907751135,0.5304984481026603,0.5,0.582647775761053,digital_finance_business_informatics,0.43947563678626245,0.481549269455281,0.6273260835097649,0.4503441128739003,299.85569843437486,290.66471917201847,150.0235885845036,0.7473684210526315,0.25263157894736854,partner_embedded_branch,1917918.4643205735,140907359.86332178,-4496664.239134239,-330364975.31852955,-4284336.223376678,-314765469.5616389,-4849131.818164765,-3663001.356388939,0.0,inf,0.042502098963158506,5706.640649260736,0.08,299.85569843437486,False,False,True,False,False,,,,0.0,33.333333333333336,I_RUSCOMP=0.75; I_FEAS=0.63; I_PROGRAM=0.58,I_MARKET=0.07; I_FIN=0.08; I_ECO=0.50
,ALB,Albania,Europe & Central Asia,Upper middle income,False,unfriendly_country_hard_exclusion,D_excluded,0.0,,,,0.0,0.0,0.0,0.5306062540914963,0.536882330645371,0.5306062540914963,0.5301732448659607,0.0,0.0,0.09200851559697662,0.5928988044755067,0.47984239046955535,0.5,0.536882330645371,digital_finance_business_informatics,0.5224577159313859,0.4278242329362383,0.5657126173655106,0.41736691214159877,83931.35719550088,75410.38656054826,49578.77706280606,0.7473684210526315,0.25263157894736854,partner_embedded_branch,1849437.553141716,135876142.6480134,-4079853.3882701774,-299742340.59748286,-4110650.017506165,-302004935.0711587,-4631450.70772605,-3590614.4255510443,0.0,inf,7.716964111681711,5637.863818303193,0.08,83931.35719550088,True,False,False,False,False,,,,0.0,100.0,I_FEAS=0.59; I_PROGRAM=0.54; I_MARKET=0.53,I_RUSCOMP=0.00; I_FIN=0.09; I_HRSTRAT=0.48
,ASM,American Samoa,East Asia & Pacific,High income,False,non_sovereign_or_special_hard_exclusion,D_excluded,0.0,,,,0.0,0.0,0.0,0.05355060611721146,0.5708522658111622,0.05355060611721146,0.41506831715335074,0.7429646384879962,0.7429646384879962,0.08103199682707878,0.6588087473722666,0.46566176589066516,0.5,0.5708522658111622,economic_legal,0.5706631561705643,0.6077569465271279,0.34082710792591764,0.4900127958738659,337.65734085083204,301.93530699256905,180.48821707356763,0.7473684210526315,0.25263157894736854,partner_embedded_branch,1834143.8762090353,134752533.026814,-4203761.873099922,-308845760.6785909,-4337923.01017012,-318702431.84188753,-4779530.030146565,-3889020.9973636945,0.0,inf,0.047348313514121304,5347.104050964543,0.08,337.65734085083204,False,False,True,False,False,,,,0.0,80.0,I_RUSCOMP=0.74; I_FEAS=0.66; I_PROGRAM=0.57,I_MARKET=0.05; I_FIN=0.08; I_ECO=0.42
,AND,Andorra,Europe & Central Asia,High income,False,unfriendly_country_hard_exclusion,D_excluded,0.0,,,,0.0,0.0,0.0,0.2576855896283668,0.8037167123364053,0.2576855896283668,0.6817977379241357,0.0,0.0,0.02181075349563378,0.9034412755829142,0.7285308479500313,0.5,0.8037167123364053,economic_legal,0.8017772013990455,0.838722315340904,0.8261644026179893,0.48816130766854793,3463.685804233754,2795.5137909347604,2359.7658659722383,0.7473684210526315,0.25263157894736854,partner_embedded_branch,2171984.8988264306,159573341.33338916,-5637903.684228898,-414210581.9862445,-5564121.359880867,-408789875.7769515,-5971431.24275788,-5102013.249946195,0.0,inf,0.3683467399945292,6747.260949044274,0.08,3463.685804233754,True,False,False,False,False,,,,0.0,93.33333333333331,I_FEAS=0.90; I_PROGRAM=0.80; I_HRSTRAT=0.73,I_RUSCOMP=0.00; I_FIN=0.02; I_MARKET=0.26
,ABW,Aruba,Latin America & Caribbean,High income,False,non_sovereign_or_special_hard_exclusion,D_excluded,0.0,,,,0.0,0.0,0.0,0.13673581043176267,0.9019511962619257,0.13673581043176267,0.7754632490317459,0.8272765050983412,0.8272765050983412,0.0182184913779613,0.808950146582142,0.8923448789345708,0.5,0.9019511962619257,digital_finance_business_informatics,0.6999745865353088,0.8694244867548779,0.9349307332899378,0.8584841319737746,860.0848780240997,778.7146765007999,625.645069547431,0.7473684210526315,0.25263157894736854,partner_embedded_branch,2174748.3719730983,159776370.66565436,-5596548.118529596,-411172234.0654391,-5638500.512236143,-414254430.28342605,-6046664.518111099,-5255489.228369234,0.0,inf,0.14898615568484513,6403.375760580152,0.08,860.0848780240997,False,False,True,False,False,,,,0.0,100.0,I_PROGRAM=0.90; I_HRSTRAT=0.89; I_RUSCOMP=0.83,I_FIN=0.02; I_MARKET=0.14; I_ECO=0.78
,AUS,Australia,East Asia & Pacific,High income,False,unfriendly_country_hard_exclusion,D_excluded,0.0,,,,0.0,0.0,0.0,0.8687505878723625,0.695507911052051,0.8687505878723625,0.6735805657840084,0.0,0.0,0.17006632951958803,0.911281500880021,0.5335593309098026,0.5,0.695507911052051,diplomatic_analytic,0.7588391339715497,0.7048582570066836,0.6773973177368912,0.17047642237680333,1905835.9510483884,2030796.9394326557,2071904.1131154392,0.7473684210526315,0.25263157894736854,partner_embedded_branch,2288388.7110643648,168125401.37431672,-2609638.600976059,-191727277.41125,-2494433.31502581,-183263271.77829975,-3875367.537601845,-1257946.2326803668,0.0,inf,191.54618822910376,6596.872082146615,0.08,1905835.9510483884,True,False,False,False,False,,,,0.0,100.0,I_FEAS=0.91; I_MARKET=0.87; I_PROGRAM=0.70,I_RUSCOMP=0.00; I_FIN=0.17; I_HRSTRAT=0.53
,AUT,Austria,Europe & Central Asia,High income,False,unfriendly_country_hard_exclusion,D_excluded,0.0,,,,0.0,0.0,0.0,0.7350426986596001,0.7522484784084471,0.7350426986596001,0.6563499499310423,0.0,0.0,0.0442413266712226,0.8465517087988518,0.5928585000357466,0.5,0.7522484784084471,diplomatic_analytic,0.8116173542396621,0.7768046478636392,0.6595331264135893,0.3200128503707301,490112.7747075358,513344.1533794544,433649.3522909538,0.7473684210526315,0.25263157894736854,partner_embedded_branch,2261997.47375863,166186466.19982544,-5000231.795339003,-367361529.7485817,-5099687.817730477,-374668454.3120587,-5768064.337804691,-4655191.580858376,0.0,inf,50.75974112124212,6685.087972897391,0.08,490112.7747075358,True,False,False,False,False,,,,0.0,100.0,I_FEAS=0.85; I_PROGRAM=0.75; I_MARKET=0.74,I_RUSCOMP=0.00; I_FIN=0.04; I_HRSTRAT=0.59
,BHS,"Bahamas, The",Latin America & Caribbean,High income,False,unfriendly_country_hard_exclusion,D_excluded,0.0,,,,0.0,0.0,0.0,0.2484582257587779,0.6986661119579979,0.2484582257587779,0.6176484499153115,0.0,0.0,0.0,0.6941885508247497,0.6099398044875034,0.5,0.6986661119579979,digital_finance_business_informatics,0.5123910395258641,0.6245540497299537,0.7666031458104101,0.3864411041478442,3024.7033805527685,2739.259084673233,2461.9898044274787,0.7473684210526315,0.25263157894736854,partner_embedded_branch,2291055.0420221724,168321293.77682278,-5970868.231809042,-438673121.03595537,-6099531.067599826,-448125838.05238485,-6932877.112782811,-5376938.802044341,0.0,inf,0.30451361790854875,6117.691082196357,0.08,3024.7033805527685,True,False,False,False,False,,,,0.0,100.0,I_PROGRAM=0.70; I_FEAS=0.69; I_ECO=0.62,I_RUSCOMP=0.00; I_FIN=0.00; I_MARKET=0.25
,BEL,Belgium,Europe & Central Asia,High income,False,unfriendly_country_hard_exclusion,D_excluded,0.0,,,,0.0,0.0,0.0,0.7443903877781893,0.8284700805703471,0.7443903877781893,0.7554611711719345,0.0,0.0,0.07069204131309326,0.8185735736481784,0.7504349574963047,0.5,0.8284700805703471,economic_legal,0.8469140137520668,0.85910980426271,0.7862787773763145,0.5939683508898862,679676.3125365603,680625.6035895713,561687.4266253642,0.7473684210526315,0.25263157894736854,partner_embedded_branch,2270584.482326876,166817344.27362502,-4580736.718844684,-336541687.9231282,-4552015.718699923,-334431587.63559276,-5281316.173513465,-3821764.5078005404,0.0,inf,73.18842607860175,6717.696710771946,0.08,679676.3125365603,True,False,False,False,False,,,,0.0,100.0,I_PROGRAM=0.83; I_FEAS=0.82; I_ECO=0.76,I_RUSCOMP=0.00; I_FIN=0.07; I_MARKET=0.74
,BMU,Bermuda,North America,High income,False,unfriendly_country_hard_exclusion;non_sovereign_or_special_hard_exclusion,D_excluded,0.0,,,,0.0,0.0,0.0,0.10061366631095775,0.8107849325598807,0.10061366631095775,0.7378557280084638,0.0,0.0,0.0,0.8440400603965958,0.7241579750318333,0.5,0.8107849325598807,digital_finance_business_informatics,0.5879883024894031,0.7487039904334695,0.8828830282541312,0.4879785553338001,578.1346829995173,513.1162329144363,412.5937159604663,0.7473684210526315,0.25263157894736854,partner_embedded_branch,2707243.4187686914,198898196.00917512,-7657543.332259061,-562591285.3234078,-7862125.567724395,-577621717.1225868,-8328830.112364926,-7343191.983880024,0.0,inf,0.061702461802309747,7344.578303898786,0.08,578.1346829995173,True,False,True,False,False,,,,0.0,100.0,I_FEAS=0.84; I_PROGRAM=0.81; I_ECO=0.74,I_RUSCOMP=0.00; I_FIN=0.00; I_MARKET=0.10
,VGB,British Virgin Islands,Latin America & Caribbean,High income,False,unfriendly_country_hard_exclusion;non_sovereign_or_special_hard_exclusion,D_excluded,0.0,,,,0.0,0.0,0.0,0.0684078026240792,0.5472799193758109,0.0684078026240792,0.460916261830715,0.0,0.0,0.06348618641236888,0.5630229118571053,0.493589741225948,0.5,0.5472799193758109,digital_finance_business_informatics,0.4299105176758265,0.481549269455281,0.5890454892160126,0.37835588234319545,420.7359368675251,348.5727100777587,289.46372993198383,0.7473684210526315,0.25263157894736854,partner_embedded_branch,1946570.4865746805,143012392.42110655,-4564123.240498901,-335321113.94388974,-4701215.682943695,-345393144.88862205,-5406185.315687951,-4123535.176554573,0.0,inf,0.03892014927920395,5690.600174273108,0.08,420.7359368675251,True,False,True,False,False,,,,0.0,40.0,I_FEAS=0.56; I_PROGRAM=0.55; I_HRSTRAT=0.49,I_RUSCOMP=0.00; I_FIN=0.06; I_MARKET=0.07
,BGR,Bulgaria,Europe & Central Asia,High income,False,unfriendly_country_hard_exclusion,D_excluded,0.0,,,,0.0,0.0,0.0,0.6241305934374328,0.6479212446793651,0.6241305934374328,0.6518731593938981,0.0,0.0,0.08684624434462193,0.6267697308557933,0.6033478163882076,0.5,0.6479212446793651,digital_finance_business_informatics,0.6098486997550511,0.6042013685635546,0.6742277106108524,0.5079877385826672,190942.0211047257,184305.48518027735,150996.03478667093,0.7473684210526315,0.25263157894736854,partner_embedded_branch,1950305.2346786917,143286780.25608534,-4276432.150587359,-314184766.02828765,-4217536.805663743,-309857789.821629,-4953397.453997513,-3466232.86559286,0.0,inf,18.70023800525746,6044.394512709634,0.08,190942.0211047257,True,False,False,False,False,,,,0.0,100.0,I_ECO=0.65; I_PROGRAM=0.65; I_FEAS=0.63,I_RUSCOMP=0.00; I_FIN=0.09; I_HRSTRAT=0.60
,CAN,Canada,North America,High income,False,unfriendly_country_hard_exclusion,D_excluded,0.0,,,,0.0,0.0,0.0,0.8384476791918668,0.6800078459031158,0.8384476791918668,0.6877094807827683,0.0,0.0,0.18786444302433228,0.8892007011153256,0.5669317118269698,0.5,0.6800078459031158,economic_legal,0.7246067181880003,0.7250457413544849,0.6867447920553894,0.2490669086615618,1786737.6124673167,1809258.33694677,1791939.0878619005,0.7473684210526315,0.25263157894736854,partner_embedded_branch,2245372.081819546,164965016.94199204,-2682075.722698706,-197049153.063379,-2125916.6108874166,-156188754.89362654,-3497533.9291751543,-439485.6208628869,0.0,inf,178.0814734870976,6526.174215483845,0.08,1786737.6124673167,True,False,False,False,False,,,,0.0,100.0,I_FEAS=0.89; I_MARKET=0.84; I_ECO=0.69,I_RUSCOMP=0.00; I_FIN=0.19; I_HRSTRAT=0.57
,CYM,Cayman Islands,Latin America & Caribbean,High income,False,unfriendly_country_hard_exclusion;non_sovereign_or_special_hard_exclusion,D_excluded,0.0,,,,0.0,0.0,0.0,0.26659676378957514,0.801919018789651,0.26659676378957514,0.7465968874584079,0.0,0.0,0.0,0.8345553452074377,0.7568588002412733,0.5,0.801919018789651,digital_finance_business_informatics,0.6686779960485739,0.8014401518420666,0.8418671850711883,0.5989329355339262,1388.6509437375205,1551.0281193600076,1745.5128312538825,0.7473684210526315,0.25263157894736854,partner_embedded_branch,2572660.2963479534,189010522.04635817,-7138311.216570213,-524443872.9390754,-7026844.999020427,-516254572.5485319,-7782832.42480648,-5992680.252786252,0.0,inf,0.14754178111538108,6956.3060371725005,0.08,1388.6509437375205,True,False,True,False,False,,,,0.0,100.0,I_FEAS=0.83; I_PROGRAM=0.80; I_HRSTRAT=0.76,I_RUSCOMP=0.00; I_FIN=0.00; I_MARKET=0.27
,HRV,Croatia,Europe & Central Asia,High income,False,unfriendly_country_hard_exclusion,D_excluded,0.0,,,,0.0,0.0,0.0,0.5908948773043937,0.6572501045832487,0.5908948773043937,0.6664958476096671,0.0,0.0,0.03990266219904154,0.6824720112446069,0.6109612514917973,0.5,0.6572501045832487,digital_finance_business_informatics,0.6662334212252943,0.6258537958977126,0.6777304406028369,0.5070431216044957,152504.96006480785,136066.18557102617,110658.29202758406,0.7473684210526315,0.25263157894736854,partner_embedded_branch,2033955.629899641,149432482.77753374,-4695629.378213078,-344982725.22499883,-5189521.514499762,-381268437.1966316,-5766150.3009739155,-4502698.05277435,0.0,inf,15.012623431602796,6245.580381534277,0.08,152504.96006480785,True,False,False,False,False,,,,0.0,100.0,I_FEAS=0.68; I_ECO=0.67; I_PROGRAM=0.66,I_RUSCOMP=0.00; I_FIN=0.04; I_MARKET=0.59
,CUW,Curaçao,Latin America & Caribbean,High income,False,non_sovereign_or_special_hard_exclusion,D_excluded,0.0,,,,0.0,0.0,0.0,0.20899504243908598,0.7314258469981352,0.20899504243908598,0.6510665333347785,0.7897844024918739,0.7897844024918739,0.0337174593103128,0.5942567544307222,0.7220151482671693,0.5,0.7314258469981352,energy_logistics,0.5643834380785621,0.674598425114018,0.7305182887439088,0.7580943507846677,1789.535678704411,1713.3075094025417,1256.9707500506202,0.7473684210526315,0.25263157894736854,partner_embedded_branch,2105240.6562282294,154669715.24836618,-5188693.360119614,-381207593.6052919,-5317588.490944991,-390677377.08238846,-5860975.632017643,-4578654.68174084,0.0,inf,0.27985216878316804,5941.350252972288,0.08,1789.535678704411,False,False,True,False,False,,,,0.0,73.33333333333334,I_RUSCOMP=0.79; I_PROGRAM=0.73; I_HRSTRAT=0.72,I_FIN=0.03; I_MARKET=0.21; I_FEAS=0.59
,CYP,Cyprus,Europe & Central Asia,High income,False,unfriendly_country_hard_exclusion,D_excluded,0.0,,,,0.0,0.0,0.0,0.6254545808404695,0.8858243955780778,0.6254545808404695,0.7921375884881235,0.0,0.0,0.026902798826035267,0.7145433847124222,0.8584896846002523,0.5,0.8858243955780778,diplomatic_analytic,0.8958667701048761,0.8662844440899183,0.866405898834582,0.8401399727981472,91862.1438657553,103477.76979457343,95989.26795386814,0.7473684210526315,0.25263157894736854,partner_embedded_branch,2167490.4014526648,159243135.5552857,-5310011.918857167,-390120734.6653253,-5458688.626126098,-401043848.8039957,-5931168.835916006,-5046196.693099997,0.0,inf,10.176195850632073,6556.802429702849,0.08,91862.1438657553,True,False,False,False,False,,,,0.0,100.0,I_PROGRAM=0.89; I_HRSTRAT=0.86; I_ECO=0.79,I_RUSCOMP=0.00; I_FIN=0.03; I_MARKET=0.63
,CZE,Czechia,Europe & Central Asia,High income,False,unfriendly_country_hard_exclusion,D_excluded,0.0,,,,0.0,0.0,0.0,0.6927351370253468,0.7113134586952853,0.6927351370253468,0.6691496736535364,0.0,0.0,0.0820567675957965,0.8211215181826398,0.6359707303786726,0.5,0.7113134586952853,economic_legal,0.7183331930630189,0.7420057825843054,0.6629457395876648,0.49396899922771675,361738.0521959909,378733.9965413913,291579.8430902904,0.7473684210526315,0.25263157894736854,partner_embedded_branch,2044406.869839584,150200323.87955743,-4421723.06000341,-324859129.32308453,-4316704.741948347,-317143549.0157289,-5263002.35114159,-3799264.2539315843,0.0,inf,36.665093181652566,6378.010039865585,0.08,361738.0521959909,True,False,False,False,False,,,,0.0,100.0,I_FEAS=0.82; I_PROGRAM=0.71; I_MARKET=0.69,I_RUSCOMP=0.00; I_FIN=0.08; I_HRSTRAT=0.64
,DNK,Denmark,Europe & Central Asia,High income,False,unfriendly_country_hard_exclusion,D_excluded,0.0,,,,0.0,0.0,0.0,0.6817661936423786,0.8045900008240329,0.6817661936423786,0.7699348219150863,0.0,0.0,0.032705044909054896,0.9188543652653873,0.7420456256758177,0.5,0.8045900008240329,economic_legal,0.8132502423781552,0.8306066234647365,0.7849259928542142,0.5963108049823703,337456.9584106884,318409.5359868613,311239.6806679922,0.7473684210526315,0.25263157894736854,partner_embedded_branch,2329485.533338578,171144739.70029867,-5582068.032175624,-410108398.04910773,-5338550.915882575,-392217463.3838854,-5667499.2248269925,-4958516.587225797,0.0,inf,35.902870163690174,6834.928303481558,0.08,337456.9584106884,True,False,False,False,False,,,,0.0,100.0,I_FEAS=0.92; I_PROGRAM=0.80; I_ECO=0.77,I_RUSCOMP=0.00; I_FIN=0.03; I_MARKET=0.68
,EST,Estonia,Europe & Central Asia,High income,False,unfriendly_country_hard_exclusion,D_excluded,0.0,,,,0.0,0.0,0.0,0.5029859879317345,0.7726080391330754,0.5029859879317345,0.6166848267766503,0.0,0.0,0.05446073710378534,0.8344657983047973,0.6735028397245533,0.5,0.7726080391330754,economic_legal,0.7867843971397945,0.8115540880229556,0.6920256371853363,0.5107545281451067,45548.68447604211,46059.220566353266,30856.310881964546,0.7473684210526315,0.25263157894736854,partner_embedded_branch,2038104.5629757347,149737300.32680798,-5005079.511991739,-367717686.15856993,-4888091.040923673,-359122671.87651724,-5202276.082389053,-4387950.5555544505,0.0,inf,4.767413003678467,6266.83639808226,0.08,45548.68447604211,True,False,False,False,False,,,,0.0,100.0,I_FEAS=0.83; I_PROGRAM=0.77; I_HRSTRAT=0.67,I_RUSCOMP=0.00; I_FIN=0.05; I_MARKET=0.50
,FRO,Faroe Islands,Europe & Central Asia,High income,False,non_sovereign_or_special_hard_exclusion,D_excluded,0.0,,,,0.0,0.0,0.0,0.3007366864931347,0.627514063761467,0.3007366864931347,0.5482175099791348,0.7607722444737718,0.7607722444737718,0.0,0.6957937830621891,0.5668403174802077,0.5,0.627514063761467,digital_finance_business_informatics,0.6345461699982214,0.6403200866602915,0.655027406101845,0.375777763471274,2976.622509087289,2933.1514655264446,2924.3809918255724,0.7473684210526315,0.25263157894736854,partner_embedded_branch,2477436.44785807,182014530.64403978,-6674917.419515029,-490398840.40260774,-7006014.581366655,-514724184.6769687,-7936974.280190561,-6601292.655233905,0.0,inf,0.43443330147317333,6749.948845304007,0.08,2976.622509087289,False,False,True,False,False,,,,0.0,66.66666666666667,I_RUSCOMP=0.76; I_FEAS=0.70; I_PROGRAM=0.63,I_FIN=0.00; I_MARKET=0.30; I_ECO=0.55
,FIN,Finland,Europe & Central Asia,High income,False,unfriendly_country_hard_exclusion,D_excluded,0.0,,,,0.0,0.0,0.0,0.6868311335511109,0.7298673837640056,0.6868311335511109,0.6336246642560394,0.0,0.0,0.04368869871426699,0.8832256115130538,0.5626714393972113,0.5,0.7298673837640056,diplomatic_analytic,0.7928816187332965,0.7378990790359243,0.6512678814624165,0.2693152103382246,375644.69627337944,357254.48891044554,289137.84402992774,0.7473684210526315,0.25263157894736854,partner_embedded_branch,2230010.9429492704,163836450.96644565,-5154861.833642079,-378722028.5696665,-5111130.189600829,-375509112.7867644,-5485923.572870966,-4678234.911476898,0.0,inf,38.450811620811635,6541.388985508735,0.08,375644.69627337944,True,False,False,False,False,,,,0.0,100.0,I_FEAS=0.88; I_PROGRAM=0.73; I_MARKET=0.69,I_RUSCOMP=0.00; I_FIN=0.04; I_HRSTRAT=0.56
,FRA,France,Europe & Central Asia,High income,False,unfriendly_country_hard_exclusion,D_excluded,0.0,,,,0.0,0.0,0.0,0.8499634301217723,0.6677324893885923,0.8499634301217723,0.6909341256019466,0.0,0.0,0.6389722878063694,0.7895191885832571,0.5609419900124708,0.5,0.6677324893885923,economic_legal,0.7059644959198267,0.7113117663874481,0.6857188311955824,0.2442030920600114,2933369.2404005397,2785900.140057239,2494925.8062191065,0.7473684210526315,0.25263157894736854,partner_embedded_branch,2222049.9946232885,163251568.84997892,-375981.36371568654,-27622937.212691404,-32440.259493169655,-2383350.180677732,-2214873.026054544,3044963.591899539,0.5,8.0,290.42111001890663,6485.618335746562,0.08,2933369.2404005397,True,False,False,False,False,,,,0.0,100.0,I_MARKET=0.85; I_FEAS=0.79; I_ECO=0.69,I_RUSCOMP=0.00; I_HRSTRAT=0.56; I_FIN=0.64
,PYF,French Polynesia,East Asia & Pacific,High income,False,non_sovereign_or_special_hard_exclusion,D_excluded,0.0,,,,0.0,0.0,0.0,0.039627330780955955,0.539560019788077,0.039627330780955955,0.42052147937859286,0.7397592094772006,0.7397592094772006,0.08973221768436389,0.6328239331975453,0.46502672915327353,0.5,0.539560019788077,digital_finance_business_informatics,0.48468825982484454,0.5465959225570989,0.5823092634368294,0.2270808233713737,114.53424862621026,97.37196335478328,70.3721317425872,0.7473684210526315,0.25263157894736854,partner_embedded_branch,1845596.0364673552,135593910.64361647,-4230854.164285878,-310836201.51050276,-4157781.630874601,-305467642.860563,-4565523.826382093,-3831549.7632553536,0.0,inf,0.015748883806120304,5333.79366500695,0.08,114.53424862621026,False,False,True,False,False,,,,0.0,60.0,I_RUSCOMP=0.74; I_FEAS=0.63; I_PROGRAM=0.54,I_MARKET=0.04; I_FIN=0.09; I_ECO=0.42
,DEU,Germany,Europe & Central Asia,High income,False,unfriendly_country_hard_exclusion,D_excluded,0.0,,,,0.0,0.0,0.0,0.8808792179690718,0.6787323978041941,0.8808792179690718,0.6610931215358206,0.0,0.0,0.3946861880299155,0.851259069932013,0.5412132115217216,0.5,0.6787323978041941,economic_legal,0.7236964859547079,0.7328757835455876,0.6450568245249203,0.2110924888269242,3158722.5126331677,3407156.6878943956,2983920.185985179,0.7473684210526315,0.25263157894736854,partner_embedded_branch,2246242.048191466,165028932.414374,40884.72724276502,3003755.937325979,-742346.98550719,-54539416.443529196,-1945911.9268280447,90228.69041512189,0.2,7.0,314.60772139215163,6626.117513431818,0.08,3158722.5126331677,True,False,False,False,False,,,,0.0,100.0,I_MARKET=0.88; I_FEAS=0.85; I_PROGRAM=0.68,I_RUSCOMP=0.00; I_FIN=0.39; I_HRSTRAT=0.54
,GIB,Gibraltar,Europe & Central Asia,High income,False,unfriendly_country_hard_exclusion;non_sovereign_or_special_hard_exclusion,D_excluded,0.0,,,,0.0,0.0,0.0,0.2735692188995294,0.6702422638593954,0.2735692188995294,0.5486237113885899,0.0,0.0,0.046806480941646064,0.7734204265664397,0.6102525425743104,0.5,0.6702422638593954,digital_finance_business_informatics,0.6715577461310581,0.6498632539602663,0.6982399508543689,0.453325286814943,1755.11178302566,1760.6440502692399,2019.6233106093143,0.7473684210526315,0.25263157894736854,partner_embedded_branch,2023316.4263646244,148650832.19693998,-4990822.2376028225,-366670219.89221805,-5046575.323696151,-370766337.7991002,-6111686.29742909,-4209946.466327751,0.0,inf,0.17400431290988919,6238.459129882682,0.08,1755.11178302566,True,False,True,False,False,,,,0.0,33.333333333333336,I_FEAS=0.77; I_PROGRAM=0.67; I_HRSTRAT=0.61,I_RUSCOMP=0.00; I_FIN=0.05; I_MARKET=0.27
,GRC,Greece,Europe & Central Asia,High income,False,unfriendly_country_hard_exclusion,D_excluded,0.0,,,,0.0,0.0,0.0,0.7017243927849943,0.6546667339396723,0.7017243927849943,0.64089812363148,0.0,0.0,0.07974092966257801,0.6578256094685527,0.5680976053219741,0.5,0.6546667339396723,diplomatic_analytic,0.6897277918128321,0.6236083573798834,0.675519339698301,0.3693578740956288,514645.9430330631,476075.54705492937,357584.23686706834,0.7473684210526315,0.25263157894736854,partner_embedded_branch,2054012.0567184195,150906006.3938399,-4126311.040026933,-303155533.1686348,-4364655.046470276,-320666405.1436201,-4943417.418328175,-3900613.0687246984,0.0,inf,50.590108523648475,6125.36131165155,0.08,514645.9430330631,True,False,False,False,False,,,,0.0,100.0,I_MARKET=0.70; I_FEAS=0.66; I_PROGRAM=0.65,I_RUSCOMP=0.00; I_FIN=0.08; I_HRSTRAT=0.57
,GRL,Greenland,Europe & Central Asia,High income,False,non_sovereign_or_special_hard_exclusion,D_excluded,0.0,,,,0.0,0.0,0.0,0.3028644973034823,0.6835232715019268,0.3028644973034823,0.5648781894222685,0.7644885889440036,0.7644885889440036,0.0,0.8263557440506695,0.5511355149484239,0.5,0.6835232715019268,economic_legal,0.7107461481422894,0.734832953650446,0.5847872523406983,0.32256909305670284,2699.5609840167936,2928.708838432155,2362.0162315127745,0.7473684210526315,0.25263157894736854,partner_embedded_branch,2292842.570718833,168452621.54388487,-6051492.161763653,-444596472.48339766,-6464700.665924708,-474954446.75475585,-7395381.29930091,-5540814.685770284,0.0,inf,0.4069639506156097,6764.270197355363,0.08,2699.5609840167936,False,False,True,False,False,,,,0.0,93.33333333333331,I_FEAS=0.83; I_RUSCOMP=0.76; I_PROGRAM=0.68,I_FIN=0.00; I_MARKET=0.30; I_HRSTRAT=0.55
,GUM,Guam,East Asia & Pacific,High income,False,non_sovereign_or_special_hard_exclusion,D_excluded,0.0,,,,0.0,0.0,0.0,0.29729877199913457,0.5718077687005872,0.29729877199913457,0.47317544716147647,0.7502151029835665,0.7502151029835665,0.08683367243432137,0.7634704184741147,0.5252860509458971,0.5,0.5718077687005872,digital_finance_business_informatics,0.5385515922351951,0.5179222164967382,0.5983507213757655,0.43523032482189794,1973.008115851551,2335.851685162748,2148.392091509103,0.7473684210526315,0.25263157894736854,partner_embedded_branch,1788198.8456775208,131377002.17319722,-4094329.6115142684,-300805892.79538065,-4217797.111844365,-309876914.23038244,-4659157.204115443,-3777249.46198835,0.0,inf,0.2777138646112008,5347.510481114441,0.08,1973.008115851551,False,False,True,False,False,,,,0.0,73.33333333333334,I_FEAS=0.76; I_RUSCOMP=0.75; I_PROGRAM=0.57,I_FIN=0.09; I_MARKET=0.30; I_ECO=0.47
,HKG,"Hong Kong SAR, China",East Asia & Pacific,High income,False,non_sovereign_or_special_hard_exclusion,D_excluded,0.0,,,,0.0,0.0,0.0,0.6704685323273213,0.9518687624981341,0.6704685323273213,0.8387137416106903,0.8307360521894978,0.8307360521894978,0.07341601186406865,0.8977946235883665,0.8795764661640357,0.5,0.9518687624981341,diplomatic_analytic,0.9779188488381757,0.9730198036379971,0.8876408394696274,0.7753806309492856,378309.4618643691,356972.88452035486,197183.31240086435,0.7473684210526315,0.25263157894736854,partner_embedded_branch,2214852.557294743,162722781.04663175,-4498640.290172007,-330510153.6146182,-4495614.873219984,-330287879.55911165,-5298058.711333793,-3615673.9583817143,0.0,inf,67.21285993274648,6829.043211186046,0.08,378309.4618643691,False,False,True,False,False,,,,0.0,100.0,I_PROGRAM=0.95; I_FEAS=0.90; I_HRSTRAT=0.88,I_FIN=0.07; I_MARKET=0.67; I_RUSCOMP=0.83
,HUN,Hungary,Europe & Central Asia,High income,False,unfriendly_country_hard_exclusion,D_excluded,0.0,,,,0.0,0.0,0.0,0.6588178448511386,0.6550700731973425,0.6588178448511386,0.6316945319224546,0.0,0.0,0.0748371570620507,0.6968412324742267,0.6235915884814388,0.5,0.6550700731973425,digital_finance_business_informatics,0.6486590247537197,0.6619372943099884,0.6707621936498883,0.5223517424282899,260814.38636353298,259082.52921797443,229229.26142590566,0.7473684210526315,0.25263157894736854,partner_embedded_branch,2008148.6724143384,147536473.9987418,-4272062.013406377,-313863696.8567518,-4466189.52180154,-328126031.3582852,-5129578.014688443,-3897696.320051763,0.0,inf,33.33712304253692,6198.148233456821,0.08,260814.38636353298,True,False,False,False,False,,,,3.0,100.0,I_FEAS=0.70; I_MARKET=0.66; I_PROGRAM=0.66,I_RUSCOMP=0.00; I_FIN=0.07; I_HRSTRAT=0.62
,ISL,Iceland,Europe & Central Asia,High income,False,unfriendly_country_hard_exclusion,D_excluded,0.0,,,,0.0,0.0,0.0,0.4526551480992131,0.6997833529253111,0.4526551480992131,0.5673901861733438,0.0,0.0,0.0,0.9259516771861172,0.5558132720569537,0.5,0.6997833529253111,diplomatic_analytic,0.7553848994622887,0.7481336146494696,0.6660073638195991,0.21656747378091074,21297.50224752425,20494.285431191063,18959.757271400907,0.7473684210526315,0.25263157894736854,partner_embedded_branch,2399493.268933093,176288131.02591854,-6500394.086545227,-477576803.1049827,-6664509.656108582,-489634193.47367585,-7111374.903807393,-6036877.025518765,0.0,inf,2.145421571322,6714.636567058371,0.08,21297.50224752425,True,False,False,False,False,,,,0.0,100.0,I_FEAS=0.93; I_PROGRAM=0.70; I_ECO=0.57,I_RUSCOMP=0.00; I_FIN=0.00; I_MARKET=0.45
,IRL,Ireland,Europe & Central Asia,High income,False,unfriendly_country_hard_exclusion,D_excluded,0.0,,,,0.0,0.0,0.0,0.6954729569566204,0.8747874364129122,0.6954729569566204,0.8025289103309609,0.0,0.0,0.002134562314600912,0.8855872348391937,0.8196726575551876,0.5,0.8747874364129122,economic_legal,0.8642868634553297,0.8971970573533875,0.7915523384935108,0.7796420165058899,384206.8194895909,383266.4040167596,322156.0520155049,0.7473684210526315,0.25263157894736854,partner_embedded_branch,2495107.4891013806,183312802.60604042,-5985717.560336606,-439764084.8686141,-5971524.376054371,-438721327.231901,-6963639.960836394,-4941518.147998498,0.0,inf,42.33234188731695,7492.646676867651,0.08,384206.8194895909,True,False,False,False,False,,,,0.0,100.0,I_FEAS=0.89; I_PROGRAM=0.87; I_HRSTRAT=0.82,I_RUSCOMP=0.00; I_FIN=0.00; I_MARKET=0.70
,IMN,Isle of Man,Europe & Central Asia,High income,False,unfriendly_country_hard_exclusion;non_sovereign_or_special_hard_exclusion,D_excluded,0.0,,,,0.0,0.0,0.0,0.2754695348682365,0.7049137863004423,0.2754695348682365,0.5194804600099681,0.0,0.0,0.03006057252226733,0.7028865354771671,0.5887244408410022,0.5,0.7049137863004423,diplomatic_analytic,0.751007362415522,0.7440257621492605,0.7085293277587702,0.273683270309053,3316.4067422309013,2991.3106716175334,2510.0688953156873,0.7473684210526315,0.25263157894736854,partner_embedded_branch,2057768.6436379526,151181998.70257238,-5072282.8495603325,-372655041.44606316,-5393305.7216604,-396240238.73409575,-5885631.971371144,-4768812.574818338,0.0,inf,0.3349992969332835,6255.530380077814,0.08,3316.4067422309013,True,False,True,False,False,,,,0.0,40.0,I_PROGRAM=0.70; I_FEAS=0.70; I_HRSTRAT=0.59,I_RUSCOMP=0.00; I_FIN=0.03; I_MARKET=0.28
,ITA,Italy,Europe & Central Asia,High income,False,unfriendly_country_hard_exclusion,D_excluded,0.0,,,,0.0,0.0,0.0,0.8026742823185433,0.5954031331878169,0.8026742823185433,0.6493412334867775,0.0,0.0,0.2770342715775585,0.7044425486172182,0.49672653807634065,0.5,0.5954031331878169,digital_finance_business_informatics,0.6185103628225064,0.6033303356585316,0.6385045414795946,0.20108540262314437,2098556.333145748,1855450.5703434704,1474280.5237315705,0.7473684210526315,0.25263157894736854,partner_embedded_branch,2199750.3040450043,161613235.11285204,-1946941.961287274,-143039684.2596186,-1728998.025361488,-127027583.02548064,-2777921.1723094787,-337342.68905361893,0.1,inf,199.57739292497854,6420.640598624633,0.08,2098556.333145748,True,False,False,False,False,,,,0.0,100.0,I_MARKET=0.80; I_FEAS=0.70; I_ECO=0.65,I_RUSCOMP=0.00; I_FIN=0.28; I_HRSTRAT=0.50
,JPN,Japan,East Asia & Pacific,High income,False,unfriendly_country_hard_exclusion,D_excluded,0.0,,,,0.0,0.0,0.0,0.831305545379926,0.6387603788348242,0.831305545379926,0.6334094273620707,0.0,0.0,0.72,0.8930470149509635,0.4905888736484403,0.5,0.6387603788348242,economic_legal,0.6938466440879627,0.6970323765568796,0.6209372148219191,0.11034758250869593,3368653.3369157687,3067045.1052322346,2426866.810965183,0.7473684210526315,0.25263157894736854,partner_embedded_branch,2042400.3216389816,150052904.99046218,909337.0631436827,66807993.75839691,608340.5161847246,44694108.54952392,-981029.3204483367,1663271.825269584,0.6,6.0,328.24934647647393,6304.46380162605,0.08,3368653.3369157687,True,False,False,False,False,,,,0.0,100.0,I_FEAS=0.89; I_MARKET=0.83; I_FIN=0.72,I_RUSCOMP=0.00; I_HRSTRAT=0.49; I_ECO=0.63
,KAZ,Kazakhstan,Europe & Central Asia,Upper middle income,False,existing_mgimo_branch_hard_exclusion,D_excluded,0.0,,,,0.0,0.0,0.0,0.8014204252349296,0.6080131954483511,0.8014204252349296,0.6655755540985459,0.553095330826739,0.553095330826739,0.12978531800954876,0.5599270096595175,0.519116760682531,0.5,0.6080131954483511,digital_finance_business_informatics,0.43736492304498703,0.45873411503683525,0.6738277199723648,0.3732181272751149,577150.1664505334,739304.2369590341,715796.326693207,0.7473684210526315,0.25263157894736854,partner_embedded_branch,1948753.5632435586,143172780.6625847,-3173858.2351159,-233179873.28990656,-3328466.9667992713,-244538806.737079,-4165945.46830496,-2417458.2098678444,0.0,inf,75.66487313242055,6067.619397143688,0.08,577150.1664505334,False,False,False,True,False,,operational,branch_or_campus,0.0,100.0,I_MARKET=0.80; I_ECO=0.67; I_PROGRAM=0.61,I_FIN=0.13; I_HRSTRAT=0.52; I_RUSCOMP=0.55
,KOR,"Korea, Rep.",East Asia & Pacific,High income,False,unfriendly_country_hard_exclusion,D_excluded,0.0,,,,0.0,0.0,0.0,0.8252891375500248,0.6944345084980843,0.8252891375500248,0.6962331444805352,0.0,0.0,0.6440835708538182,0.8389710538988182,0.5711668685005442,0.5,0.6944345084980843,diplomatic_analytic,0.7422395680393014,0.6642934052806603,0.6705431854934555,0.3455385757298799,2752649.0924606808,2439752.947675035,1603418.347586831,0.7473684210526315,0.25263157894736854,partner_embedded_branch,2105316.2433177056,154675268.54868418,-98465.25194441975,-7234133.748579381,73390.79850419587,5391941.236224917,-2303043.6189138484,1801940.5448594247,0.5,7.0,276.4957370984226,6504.221273161315,0.08,2752649.0924606808,True,False,False,False,False,,,,0.0,100.0,I_FEAS=0.84; I_MARKET=0.83; I_ECO=0.70,I_RUSCOMP=0.00; I_HRSTRAT=0.57; I_FIN=0.64
,XKX,Kosovo,Europe & Central Asia,Upper middle income,False,non_sovereign_or_special_hard_exclusion,D_excluded,0.0,,,,0.0,0.0,0.0,0.4782819062299428,0.5594239377879159,0.4782819062299428,0.5194812603386669,0.7492928439276318,0.7492928439276318,0.106440936207607,0.5117912732710532,0.5279204179070008,0.5,0.5594239377879159,digital_finance_business_informatics,0.5064170046910913,0.4087253592422658,0.5816950249469586,0.575416000518459,52786.07403862094,42629.45756879986,32477.362099688668,0.7473684210526315,0.25263157894736854,partner_embedded_branch,1787594.790013542,131332622.86802591,-3797877.5551199066,-279025886.30934894,-3811821.2638435466,-280050315.25119513,-4319979.951181179,-3262579.2804616108,0.0,inf,7.374036774854047,5432.404440481863,0.08,52786.07403862094,False,False,True,False,False,,,,0.0,93.33333333333331,I_RUSCOMP=0.75; I_PROGRAM=0.56; I_HRSTRAT=0.53,I_FIN=0.11; I_MARKET=0.48; I_FEAS=0.51
,LVA,Latvia,Europe & Central Asia,High income,False,unfriendly_country_hard_exclusion,D_excluded,0.0,,,,0.0,0.0,0.0,0.556016595692936,0.721737703468768,0.556016595692936,0.5916919104203803,0.0,0.0,0.057088991655355,0.770045638933184,0.6213685274468947,0.5,0.721737703468768,diplomatic_analytic,0.7593557159108864,0.7395895738412127,0.6692442578578861,0.4393131738379214,75922.10480820977,79287.66749990951,49019.245499333614,0.7473684210526315,0.25263157894736854,partner_embedded_branch,1987704.5713889748,146034468.38491946,-4715383.494517993,-346434038.420393,-4833672.031587486,-355124567.12149787,-5450960.912936694,-4184332.910009269,0.0,inf,7.738037711243971,6161.028615692314,0.08,75922.10480820977,True,False,False,False,False,,,,0.0,100.0,I_FEAS=0.77; I_PROGRAM=0.72; I_HRSTRAT=0.62,I_RUSCOMP=0.00; I_FIN=0.06; I_MARKET=0.56
,LIE,Liechtenstein,Europe & Central Asia,High income,False,unfriendly_country_hard_exclusion,D_excluded,0.0,,,,0.0,0.0,0.0,0.19329987476434585,0.6700689035404807,0.19329987476434585,0.46045228008270594,0.0,0.0,0.049422237826282876,0.8487807959872958,0.5462373950571763,0.5,0.6700689035404807,economic_legal,0.6682098911124349,0.7232020710303834,0.6102873711982765,0.2838727508958357,794.8965508796261,817.3201208064243,839.3636302259883,0.7473684210526315,0.25263157894736854,partner_embedded_branch,1986653.0587109248,145957214.90512708,-4902113.464694914,-360152883.92632425,-4992415.083303442,-366787244.5137123,-5358425.625455301,-4590104.080419808,0.0,inf,0.07879975271990551,6238.373772299001,0.08,794.8965508796261,True,False,False,False,False,,,,0.0,80.0,I_FEAS=0.85; I_PROGRAM=0.67; I_HRSTRAT=0.55,I_RUSCOMP=0.00; I_FIN=0.05; I_MARKET=0.19
,LTU,Lithuania,Europe & Central Asia,High income,False,unfriendly_country_hard_exclusion,D_excluded,0.0,,,,0.0,0.0,0.0,0.579248150653865,0.763160389067111,0.579248150653865,0.6962432806864621,0.0,0.0,0.06639520354050067,0.809211757826841,0.7085268338535047,0.5,0.763160389067111,economic_legal,0.7756323700057512,0.7843550690495544,0.7265793622128472,0.6086285608449984,110053.97819003032,111216.9926746559,73442.09606965055,0.7473684210526315,0.25263157894736854,partner_embedded_branch,2031725.3690274933,149268627.964544,-4832703.731232378,-355053427.15953845,-4640983.377758345,-340967943.68219006,-5195808.409430992,-4244995.453057319,0.0,inf,11.462827111054718,6388.013525276904,0.08,110053.97819003032,True,False,False,False,False,,,,0.0,100.0,I_FEAS=0.81; I_PROGRAM=0.76; I_HRSTRAT=0.71,I_RUSCOMP=0.00; I_FIN=0.07; I_MARKET=0.58
,LUX,Luxembourg,Europe & Central Asia,High income,False,unfriendly_country_hard_exclusion,D_excluded,0.0,,,,0.0,0.0,0.0,0.4078652626832533,0.9428405917811944,0.4078652626832533,0.7625718053482317,0.0,0.0,0.0,0.9394678606915848,0.8468485684765351,0.5,0.9428405917811944,economic_legal,0.8099854317546418,1.0,0.8581931189597547,0.6785710696421108,9562.508699027452,10514.764539033504,10658.38008322975,0.7473684210526315,0.25263157894736854,partner_embedded_branch,2525248.6006681914,185527236.9176313,-6991276.47094537,-513641391.91623837,-6941265.353563495,-509967130.1344211,-7805062.945543044,-6427468.479947479,0.0,inf,1.0887307086433482,7635.345402837895,0.08,9562.508699027452,True,False,False,False,False,,,,0.0,100.0,I_PROGRAM=0.94; I_FEAS=0.94; I_HRSTRAT=0.85,I_RUSCOMP=0.00; I_FIN=0.00; I_MARKET=0.41
,MAC,"Macao SAR, China",East Asia & Pacific,High income,False,non_sovereign_or_special_hard_exclusion,D_excluded,0.0,,,,0.0,0.0,0.0,0.5584770050264218,0.9149627960291319,0.5584770050264218,0.8791259142341562,0.8277693509241795,0.8277693509241795,0.0,0.8676729345930742,0.8856089276772183,0.5,0.9149627960291319,digital_finance_business_informatics,0.8740056094201782,0.888608540649921,0.9345256933675344,0.817386960450761,48376.58519111298,58635.92297767648,32786.708952033434,0.7473684210526315,0.25263157894736854,partner_embedded_branch,2329983.6196443895,171181333.5532917,-6036810.169439071,-443517802.6575022,-6104213.214583425,-448469830.2409082,-7261093.808506061,-5518272.184417968,0.0,inf,8.434414250966443,7432.241403317477,0.08,48376.58519111298,False,False,True,False,False,,,,0.0,100.0,I_PROGRAM=0.91; I_HRSTRAT=0.89; I_ECO=0.88,I_FIN=0.00; I_MARKET=0.56; I_RUSCOMP=0.83
,MLT,Malta,Middle East & North Africa,High income,False,unfriendly_country_hard_exclusion,D_excluded,0.0,,,,0.0,0.0,0.0,0.4934019771196096,0.952214821301373,0.4934019771196096,0.8712301279807072,0.0,0.0,0.02570006072892468,0.771297969588337,0.943678612614947,0.5,0.952214821301373,energy_logistics,0.8590457496732613,0.8917162981417336,0.9635862444814756,0.9690974179327889,25921.347269797585,28047.217169115193,23108.04557711931,0.7473684210526315,0.25263157894736854,partner_embedded_branch,2205730.2595126075,162052575.8631058,-5627379.573018599,-413437387.1121462,-5483591.775517225,-402873455.7962975,-6242466.920807307,-4990120.761253283,0.0,inf,2.964366130219866,6771.527257900493,0.08,25921.347269797585,True,False,False,False,False,,,,0.0,100.0,I_PROGRAM=0.95; I_HRSTRAT=0.94; I_ECO=0.87,I_RUSCOMP=0.00; I_FIN=0.03; I_MARKET=0.49
,FSM,"Micronesia, Fed. Sts.",East Asia & Pacific,Lower middle income,False,unfriendly_country_hard_exclusion,D_excluded,0.0,,,,0.0,0.0,0.0,0.08173366353016812,0.44669128685674914,0.08173366353016812,0.26842734996754636,0.0,0.0,0.07461239369317421,0.5194296313715993,0.3858041003007563,0.5,0.44669128685674914,diplomatic_analytic,0.467766308287407,0.45022953216029066,0.37071639175774135,0.34149561316524196,143.3555849989447,141.0331354417048,137.03724962815232,0.7473684210526315,0.25263157894736854,partner_embedded_branch,1957364.329751639,143805404.20609018,-4597304.486128683,-337758903.5609396,-4470843.332773547,-328467941.7312064,-5048436.485504055,-3968294.887685241,0.0,inf,0.012482827159321686,4699.913059066784,0.08,143.3555849989447,True,False,False,False,False,,,,0.0,100.0,I_FEAS=0.52; I_PROGRAM=0.45; I_HRSTRAT=0.39,I_RUSCOMP=0.00; I_FIN=0.07; I_MARKET=0.08
,MCO,Monaco,Europe & Central Asia,High income,False,unfriendly_country_hard_exclusion,D_excluded,0.0,,,,0.0,0.0,0.0,0.2899599828845951,0.8739557524555555,0.2899599828845951,0.7260093971740491,0.0,0.0,0.06378536461309024,0.931059428757075,0.811200345596717,0.5,0.8739557524555555,digital_finance_business_informatics,0.839554523142762,0.8192690099881458,0.9082866537688934,0.673683270309053,1415.8230719206153,1603.0879266289767,1790.7726576931864,0.7473684210526315,0.25263157894736854,partner_embedded_branch,1946796.5406167554,143029000.36291835,-4799890.209694631,-352642653.82703394,-4695021.084597612,-344938034.5621935,-5287420.953694931,-4009363.577589185,0.0,inf,0.1559334344461749,6338.761732338671,0.08,1415.8230719206153,True,False,False,False,False,,,,0.0,80.0,I_FEAS=0.93; I_PROGRAM=0.87; I_HRSTRAT=0.81,I_RUSCOMP=0.00; I_FIN=0.06; I_MARKET=0.29
,MNE,Montenegro,Europe & Central Asia,Upper middle income,False,unfriendly_country_hard_exclusion,D_excluded,0.0,,,,0.0,0.0,0.0,0.39162728464019314,0.6474808161068515,0.39162728464019314,0.5785263839425862,0.0,0.0,0.08278947525774173,0.6163812511048857,0.5984110144443325,0.5,0.6474808161068515,digital_finance_business_informatics,0.5614109617238691,0.587657837714836,0.682664393680133,0.4968263521927618,14361.220664705359,13597.823651244626,10347.445511246933,0.7473684210526315,0.25263157894736854,partner_embedded_branch,1880879.2224744367,138186127.50805214,-4318958.937512217,-317309162.28419137,-4301533.751348414,-316028953.02444154,-4597020.073835643,-3964225.2520286147,0.0,inf,1.4061496766394754,5883.9553883911485,0.08,14361.220664705359,True,False,False,False,False,,,,0.0,100.0,I_PROGRAM=0.65; I_FEAS=0.62; I_HRSTRAT=0.60,I_RUSCOMP=0.00; I_FIN=0.08; I_MARKET=0.39
,NLD,Netherlands,Europe & Central Asia,High income,False,unfriendly_country_hard_exclusion,D_excluded,0.0,,,,0.0,0.0,0.0,0.7883404439641215,0.8604427317464274,0.7883404439641215,0.7776338047218403,0.0,0.0,0.11591912902077275,0.9145146399262485,0.7579151118300816,0.5,0.8604427317464274,economic_legal,0.891253431620438,0.8991211732005535,0.7895753274683852,0.5744954296085382,1186132.2339500969,1106996.310641025,1111222.6352987948,0.7473684210526315,0.25263157894736854,partner_embedded_branch,2273270.222851094,167014662.67562473,-3545621.9077532827,-260492941.37853518,-3615571.6795398504,-265632074.16694534,-4410163.872343144,-2565802.2660482884,0.0,inf,129.77107461671164,6850.217703140483,0.08,1186132.2339500969,True,False,False,False,False,,,,0.0,100.0,I_FEAS=0.91; I_PROGRAM=0.86; I_MARKET=0.79,I_RUSCOMP=0.00; I_FIN=0.12; I_HRSTRAT=0.76
,NCL,New Caledonia,East Asia & Pacific,High income,False,non_sovereign_or_special_hard_exclusion,D_excluded,0.0,,,,0.0,0.0,0.0,0.28666208320178904,0.44407409685288907,0.28666208320178904,0.314365230301099,0.7147342793918764,0.7147342793918764,0.09158754785906814,0.6575517155632261,0.33605724755489463,0.5,0.44407409685288907,diplomatic_analytic,0.48842760392324414,0.45333572770510794,0.48541571122335203,0.019634149180071576,3108.7824289344962,3069.3810615113716,2944.6342967547635,0.7473684210526315,0.25263157894736854,partner_embedded_branch,1834697.4679768735,134793204.80504614,-4200118.13784111,-308578059.45723474,-4119366.314504792,-302645311.8237211,-4424062.098320895,-3680862.656920945,0.0,inf,0.39903772180877173,5316.966520944462,0.08,3108.7824289344962,False,False,True,False,False,,,,0.0,53.333333333333336,I_RUSCOMP=0.71; I_FEAS=0.66; I_PROGRAM=0.44,I_FIN=0.09; I_MARKET=0.29; I_ECO=0.31
,NZL,New Zealand,East Asia & Pacific,High income,False,unfriendly_country_hard_exclusion,D_excluded,0.0,,,,0.0,0.0,0.0,0.671025204008932,0.6715072421998582,0.671025204008932,0.6174513564598801,0.0,0.0,0.038880943739864206,0.921078299555336,0.5347760820670129,0.5,0.6715072421998582,diplomatic_analytic,0.7253863435519454,0.711226935225531,0.6665672036313234,0.18260373348941417,255151.2774006705,257608.33608448345,237130.72232624097,0.7473684210526315,0.25263157894736854,partner_embedded_branch,2213435.18105881,162618647.9736916,-5375765.682665776,-394951591.3632037,-5210676.583492497,-382822676.8449519,-5682157.096473795,-4844523.710085701,0.0,inf,25.31348556235551,6384.573032512715,0.08,255151.2774006705,True,False,False,False,False,,,,0.0,100.0,I_FEAS=0.92; I_PROGRAM=0.67; I_MARKET=0.67,I_RUSCOMP=0.00; I_FIN=0.04; I_HRSTRAT=0.53
,MKD,North Macedonia,Europe & Central Asia,Upper middle income,False,unfriendly_country_hard_exclusion,D_excluded,0.0,,,,0.0,0.0,0.0,0.4699081103393276,0.6385155788899084,0.4699081103393276,0.5812506933045756,0.0,0.0,0.08516058024659298,0.6080433798171223,0.6146560782292896,0.5,0.6385155788899084,digital_finance_business_informatics,0.5400249134993331,0.5717376709420308,0.6636059749935689,0.5923079564975093,35442.99005380196,35066.20382683777,23575.168876727592,0.7473684210526315,0.25263157894736854,partner_embedded_branch,1819363.1106669884,133666606.44128191,-4042416.0774458856,-296991862.55226403,-4252439.121435831,-312422024.56885695,-4501722.495630976,-3926089.631454195,0.0,inf,3.453178369101141,5765.375414425257,0.08,35442.99005380196,True,False,False,False,False,,,,0.0,100.0,I_PROGRAM=0.64; I_HRSTRAT=0.61; I_FEAS=0.61,I_RUSCOMP=0.00; I_FIN=0.09; I_MARKET=0.47
,MNP,Northern Mariana Islands,East Asia & Pacific,High income,False,non_sovereign_or_special_hard_exclusion,D_excluded,0.0,,,,0.0,0.0,0.0,0.09944599607820184,0.5888731088680436,0.09944599607820184,0.5228768877317727,0.7500047375711116,0.7500047375711116,0.07936927282593653,0.5757899415679878,0.5093118890358936,0.5,0.5888731088680436,energy_logistics,0.5251654856946077,0.4968769209156128,0.43107043692836244,0.6260687932995492,577.0282948493177,506.8807383346782,358.8285233364794,0.7473684210526315,0.25263157894736854,partner_embedded_branch,1870795.3705188693,137445277.99711376,-4287127.889127309,-314970570.1735054,-4372350.3425179785,-321231770.07941914,-4774889.687524594,-3927981.117949906,0.0,inf,0.08201014169709736,5354.7693485015525,0.08,577.0282948493177,False,False,True,False,False,,,,0.0,46.66666666666666,I_RUSCOMP=0.75; I_PROGRAM=0.59; I_FEAS=0.58,I_FIN=0.08; I_MARKET=0.10; I_HRSTRAT=0.51
,NOR,Norway,Europe & Central Asia,High income,False,unfriendly_country_hard_exclusion,D_excluded,0.0,,,,0.0,0.0,0.0,0.6991980987542258,0.6917619695576329,0.6991980987542258,0.6714148203301703,0.0,0.0,0.009455758930315755,0.9109841136726516,0.5693398199410068,0.5,0.6917619695576329,diplomatic_analytic,0.7386044401096326,0.6915467552788163,0.6519858002062207,0.33693824424957874,398258.8278971162,381726.72850745503,339193.11304455297,0.7473684210526315,0.25263157894736854,partner_embedded_branch,2405004.475359625,176693033.29974878,-5766773.529053709,-423678507.728694,-5819936.217767077,-427584311.9895076,-6476706.927744213,-4976357.711406012,0.0,inf,39.94651581006384,7052.360763143248,0.08,398258.8278971162,True,False,False,False,False,,,,0.0,100.0,I_FEAS=0.91; I_MARKET=0.70; I_PROGRAM=0.69,I_RUSCOMP=0.00; I_FIN=0.01; I_HRSTRAT=0.57
,POL,Poland,Europe & Central Asia,High income,False,unfriendly_country_hard_exclusion,D_excluded,0.0,,,,0.0,0.0,0.0,0.7964620289255648,0.6443771953180819,0.7964620289255648,0.6930375568868863,0.0,0.0,0.19426472462451833,0.6895010694119513,0.5912385582043922,0.5,0.6443771953180819,digital_finance_business_informatics,0.646588395548225,0.625530758220258,0.6690300100370435,0.45322442241165783,1449798.1212178888,1469870.623377782,978141.3517567894,0.7473684210526315,0.25263157894736854,partner_embedded_branch,2049611.852012805,150582728.19434357,-2410227.749384632,-177076781.4967646,-1993396.3479826166,-146452636.95030007,-3208453.488282918,-499846.24004671635,0.0,inf,141.7111775374675,6287.7990422616695,0.08,1449798.1212178888,True,False,False,False,False,,,,0.0,100.0,I_MARKET=0.80; I_ECO=0.69; I_FEAS=0.69,I_RUSCOMP=0.00; I_FIN=0.19; I_HRSTRAT=0.59
,PRT,Portugal,Europe & Central Asia,High income,False,unfriendly_country_hard_exclusion,D_excluded,0.0,,,,0.0,0.0,0.0,0.6831415257772919,0.6778547607399579,0.6831415257772919,0.655865161127998,0.0,0.0,0.06309688562749612,0.7550249738788939,0.5858314188741367,0.5,0.6778547607399579,diplomatic_analytic,0.714352799317581,0.6739981888276709,0.6805003175445006,0.37143945069345086,391603.4467404179,354285.6490560062,346584.8517093003,0.7473684210526315,0.25263157894736854,partner_embedded_branch,2042233.8691126525,150040675.90645057,-4342245.962046562,-319020034.3610027,-4709276.30364496,-345985349.8248612,-5318323.049895874,-3885759.571198831,0.0,inf,38.985024887839124,6242.20730214938,0.08,391603.4467404179,True,False,False,False,False,,,,0.0,100.0,I_FEAS=0.76; I_MARKET=0.68; I_PROGRAM=0.68,I_RUSCOMP=0.00; I_FIN=0.06; I_HRSTRAT=0.59
,PRI,Puerto Rico (US),Latin America & Caribbean,High income,False,non_sovereign_or_special_hard_exclusion,D_excluded,0.0,,,,0.0,0.0,0.0,0.5496893526328587,0.5948653285698531,0.5496893526328587,0.6162871382963921,0.7555005145782985,0.7555005145782985,0.02025021854099472,0.6870884446428026,0.5501165143442751,0.5,0.5948653285698531,digital_finance_business_informatics,0.5689517190706332,0.5701732535689967,0.6195405151153167,0.43749444075816446,130078.16284848377,88836.63785152024,56904.50626709367,0.7473684210526315,0.25263157894736854,partner_embedded_branch,2238216.5272257216,164439306.21709383,-5436721.851764024,-399429974.05506593,-5596432.829184794,-411163763.8840947,-6234909.560298285,-4796716.794125105,0.0,inf,18.595771767894497,6243.65597291845,0.08,130078.16284848377,False,False,True,False,False,,,,0.0,100.0,I_RUSCOMP=0.76; I_FEAS=0.69; I_ECO=0.62,I_FIN=0.02; I_MARKET=0.55; I_HRSTRAT=0.55
,ROU,Romania,Europe & Central Asia,High income,False,unfriendly_country_hard_exclusion,D_excluded,0.0,,,,0.0,0.0,0.0,0.6828669951686832,0.5887204883989812,0.6828669951686832,0.6054945713588824,0.0,0.0,0.09705155113204726,0.6240882153036437,0.5069486395671462,0.5,0.5887204883989812,digital_finance_business_informatics,0.5468444258955747,0.5783399740763873,0.6330387886056924,0.2674371063398434,457062.7721096691,428868.9883177598,347072.0392140376,0.7473684210526315,0.25263157894736854,partner_embedded_branch,1994144.504074823,146507603.15542278,-3983267.959167161,-292646315.36525625,-4006232.05018948,-294333461.8721659,-4880637.137372031,-3423880.311170417,0.0,inf,43.30283906102375,6161.6416376396155,0.08,457062.7721096691,True,False,False,False,False,,,,0.0,100.0,I_MARKET=0.68; I_FEAS=0.62; I_ECO=0.61,I_RUSCOMP=0.00; I_FIN=0.10; I_HRSTRAT=0.51
,RUS,Russian Federation,Europe & Central Asia,High income,False,domestic_russia_hard_exclusion,D_excluded,0.0,,,,0.0,0.0,0.0,0.8844135664246698,0.5703510420703695,0.8844135664246698,0.6746390978606,0.7406696174546191,0.7406696174546191,1.0,0.3935061876825094,0.44695427706318386,0.5,0.5703510420703695,digital_finance_business_informatics,0.3750169076073405,0.34076514759098675,0.6558529908906823,0.27461178809871645,3887212.2034224705,4569903.533670044,3298302.954031958,0.7473684210526315,0.25263157894736854,partner_embedded_branch,2071169.1520874458,152166519.31779736,5409056.491074565,397397430.4371081,5021714.414371292,368939834.13800305,3456285.9955814066,7418424.762281124,1.0,4.0,544.3731134622074,6178.722765315576,0.08,3887212.2034224705,False,True,False,False,False,,,,0.0,100.0,I_FIN=1.00; I_MARKET=0.88; I_RUSCOMP=0.74,I_FEAS=0.39; I_HRSTRAT=0.45; I_PROGRAM=0.57
,SMR,San Marino,Europe & Central Asia,High income,False,unfriendly_country_hard_exclusion,D_excluded,0.0,,,,0.0,0.0,0.0,0.18014163669556146,0.8024362769970771,0.18014163669556146,0.6163001118020903,0.0,0.0,0.012552672211688563,0.8860974956980091,0.7434250042524319,0.5,0.8024362769970771,economic_legal,0.7720758623031996,0.8295723660661392,0.7259894332938059,0.6805250703835594,1128.398749967249,1031.3558293605472,839.782426221103,0.7473684210526315,0.25263157894736854,partner_embedded_branch,2271381.4546994916,166875896.9571715,-6013130.926352044,-441778114.7150657,-5755813.451320525,-422873282.87372255,-6271068.068815538,-5372379.228592311,0.0,inf,0.11992193384356,6826.358591797989,0.08,1128.398749967249,True,False,False,False,False,,,,0.0,100.0,I_FEAS=0.89; I_PROGRAM=0.80; I_HRSTRAT=0.74,I_RUSCOMP=0.00; I_FIN=0.01; I_MARKET=0.18
,SGP,Singapore,East Asia & Pacific,High income,False,unfriendly_country_hard_exclusion,D_excluded,0.0,,,,0.0,0.0,0.0,0.6937600133690492,0.9532622247741598,0.6937600133690492,0.8846569880106818,0.0,0.0,0.061971213574003765,0.9480523948271897,0.9034876710536872,0.5,0.9532622247741598,diplomatic_analytic,0.970405363207882,0.965988703700149,0.8889931879649807,0.8603126158588341,563790.6431918708,377682.9539885214,419522.05239006225,0.7473684210526315,0.25263157894736854,partner_embedded_branch,2344137.118157564,172221175.52020627,-4903222.958319461,-360234397.2024767,-4732583.771314672,-347697723.83634055,-5211524.711096785,-4140247.6725427792,0.0,inf,64.50698786119396,7684.72280520773,0.08,563790.6431918708,True,False,False,False,False,,,,0.0,100.0,I_PROGRAM=0.95; I_FEAS=0.95; I_HRSTRAT=0.90,I_RUSCOMP=0.00; I_FIN=0.06; I_MARKET=0.69
,SXM,Sint Maarten (Dutch part),Latin America & Caribbean,High income,False,non_sovereign_or_special_hard_exclusion,D_excluded,0.0,,,,0.0,0.0,0.0,0.07785592058813434,0.6717207257214084,0.07785592058813434,0.5881438590236567,0.7684683808431751,0.7684683808431751,0.003173835721398815,0.6258332907751135,0.5941359022586183,0.5,0.6717207257214084,digital_finance_business_informatics,0.4645677232287363,0.6326512930731684,0.7373660323975253,0.3646470045921923,155.61537477714114,145.23539045090018,147.48579355686027,0.7473684210526315,0.25263157894736854,partner_embedded_branch,2283931.6426353734,167797945.459614,-5896007.891623607,-433173214.18890566,-5950005.825199543,-437140382.9710027,-6471672.580660937,-5086014.448868012,0.0,inf,0.0233506305528733,6345.003790935742,0.08,155.61537477714114,False,False,True,False,False,,,,0.0,60.0,I_RUSCOMP=0.77; I_PROGRAM=0.67; I_FEAS=0.63,I_FIN=0.00; I_MARKET=0.08; I_ECO=0.59
,SVK,Slovak Republic,Europe & Central Asia,High income,False,unfriendly_country_hard_exclusion,D_excluded,0.0,,,,0.0,0.0,0.0,0.6060063624264139,0.7133199417271269,0.6060063624264139,0.6751592933274634,0.0,0.0,0.045392558398393165,0.6720591404716615,0.7033464275027831,0.5,0.7133199417271269,economic_legal,0.6698402345820298,0.7232768437161087,0.7050423509457059,0.681154780032227,129714.97640515643,137944.92421724153,104930.47041947558,0.7473684210526315,0.25263157894736854,partner_embedded_branch,2059182.5972423425,151285880.31853795,-4822978.723140514,-354338941.5125382,-5075851.127303519,-372917198.88674957,-5503944.529831497,-4561320.552497365,0.0,inf,13.161714990184333,6218.521204270247,0.08,129714.97640515643,True,False,False,False,False,,,,0.0,100.0,I_PROGRAM=0.71; I_HRSTRAT=0.70; I_ECO=0.68,I_RUSCOMP=0.00; I_FIN=0.05; I_MARKET=0.61
,SVN,Slovenia,Europe & Central Asia,High income,False,unfriendly_country_hard_exclusion,D_excluded,0.0,,,,0.0,0.0,0.0,0.5883432510120962,0.7406067212911933,0.5883432510120962,0.66286465520927,0.0,0.0,0.02864555887385872,0.7576550977844185,0.6785517284342683,0.5,0.7406067212911933,diplomatic_analytic,0.763156907261416,0.7305236232501565,0.69025435225472,0.610976335191111,89310.49127956515,94815.98632791267,75642.26051932783,0.7473684210526315,0.25263157894736854,partner_embedded_branch,2108681.318396854,154922496.91316664,-5138177.360976275,-377496238.7158299,-5422604.117014682,-398392759.61254,-5947527.55791021,-4784312.8750162255,0.0,inf,9.193545566990311,6406.281651044848,0.08,89310.49127956515,True,False,False,False,False,,,,0.0,100.0,I_FEAS=0.76; I_PROGRAM=0.74; I_HRSTRAT=0.68,I_RUSCOMP=0.00; I_FIN=0.03; I_MARKET=0.59
,ESP,Spain,Europe & Central Asia,High income,False,unfriendly_country_hard_exclusion,D_excluded,0.0,,,,0.0,0.0,0.0,0.8303331651828346,0.6967144652269479,0.8303331651828346,0.7267338077480542,0.0,0.0,0.47113634296017803,0.7423480111472538,0.5978784876957373,0.5,0.6967144652269479,digital_finance_business_informatics,0.720662919707534,0.653008256037874,0.739772189274548,0.35355711724851935,2536858.803334675,2296544.903355023,1798974.7233020354,0.7473684210526315,0.25263157894736854,partner_embedded_branch,2123424.8766429694,156005689.91959468,-605171.1669184683,-44461259.94521626,-608794.0763492199,-44727431.11589321,-2029395.6854466712,1238728.521249773,0.3,8.0,255.13238858912115,6380.499440221714,0.08,2536858.803334675,True,False,False,False,False,,,,0.0,100.0,I_MARKET=0.83; I_FEAS=0.74; I_ECO=0.73,I_RUSCOMP=0.00; I_FIN=0.47; I_HRSTRAT=0.60
,SWE,Sweden,Europe & Central Asia,High income,False,unfriendly_country_hard_exclusion,D_excluded,0.0,,,,0.0,0.0,0.0,0.7515288568491632,0.7589341375744649,0.7515288568491632,0.6938167936845319,0.0,0.0,0.06175029005917561,0.9072133958546968,0.6376732569489452,0.5,0.7589341375744649,diplomatic_analytic,0.8051131026018336,0.7983654662909175,0.7139934470113015,0.3752207941904976,606794.1685400396,645617.4808557963,530739.4347080936,0.7473684210526315,0.25263157894736854,partner_embedded_branch,2246566.021218178,165052734.35627618,-4757198.501171067,-349506140.9626871,-4737158.0766493045,-348033793.0175401,-5729302.34949738,-3950348.8771034726,0.0,inf,63.063092299692805,6675.135460032901,0.08,606794.1685400396,True,False,False,False,False,,,,0.0,100.0,I_FEAS=0.91; I_PROGRAM=0.76; I_MARKET=0.75,I_RUSCOMP=0.00; I_FIN=0.06; I_HRSTRAT=0.64
,CHE,Switzerland,Europe & Central Asia,High income,False,unfriendly_country_hard_exclusion,D_excluded,0.0,,,,0.0,0.0,0.0,0.7280708047743987,0.8371471254870725,0.7280708047743987,0.7605291186837124,0.0,0.0,0.0,0.9262748360082865,0.7327696470240338,0.5,0.8371471254870725,economic_legal,0.8411728625419675,0.8813454261683721,0.7904402529189033,0.5072997266865361,410489.5006029316,446660.55056018,403498.8380121489,0.7473684210526315,0.25263157894736854,partner_embedded_branch,2518389.261977782,185023288.8493195,-6158665.810115056,-452470402.53676206,-6140971.730237264,-451170437.95162857,-6831460.217503289,-5536792.2258229125,0.0,inf,44.39428035188718,7012.699129740112,0.08,410489.5006029316,True,False,False,False,False,,platform,educational_platform,0.0,100.0,I_FEAS=0.93; I_PROGRAM=0.84; I_ECO=0.76,I_RUSCOMP=0.00; I_FIN=0.00; I_MARKET=0.73
,TCA,Turks and Caicos Islands,Latin America & Caribbean,High income,False,unfriendly_country_hard_exclusion;non_sovereign_or_special_hard_exclusion,D_excluded,0.0,,,,0.0,0.0,0.0,0.11922912223150436,0.5518007344413257,0.11922912223150436,0.573983238342985,0.0,0.0,0.0,0.5073071672496869,0.5198236471225307,0.5,0.5518007344413257,economic_legal,0.4771324904352209,0.5741573304766896,0.5062578408803119,0.4835777054246636,415.93396871816094,414.0981442544269,409.06958159289485,0.7473684210526315,0.25263157894736854,partner_embedded_branch,2388754.7158208955,175499181.3411738,-6225696.482902401,-457395072.33270824,-6066262.976427673,-445681667.9888671,-6517241.865122217,-5583005.260269349,0.0,inf,0.03857743014946651,5978.000261216226,0.08,415.93396871816094,True,False,True,False,False,,,,0.0,66.66666666666667,I_ECO=0.57; I_PROGRAM=0.55; I_HRSTRAT=0.52,I_RUSCOMP=0.00; I_FIN=0.00; I_MARKET=0.12
,UKR,Ukraine,Europe & Central Asia,Upper middle income,False,unfriendly_country_hard_exclusion,D_excluded,0.0,,,,0.0,0.0,0.0,0.7417636533037176,0.5437824734614924,0.7417636533037176,0.5581886859189382,0.0,0.0,0.18353660849456893,0.42052218219891635,0.46538801350105685,0.5,0.5437824734614924,digital_finance_business_informatics,0.5185251848232948,0.4127473559025614,0.5841718376133894,0.3596502389497755,1014237.4678809341,935392.1385282337,533010.3564013097,0.7473684210526315,0.25263157894736854,partner_embedded_branch,1804696.724082223,132589083.15192443,-2344888.004778499,-172276342.33427107,-2215526.0695831142,-162772263.25359488,-3123512.8541898006,-1372037.224751191,0.0,inf,93.63051684213083,5449.770010047772,0.08,1014237.4678809341,True,False,False,False,False,,,,0.0,100.0,I_MARKET=0.74; I_ECO=0.56; I_PROGRAM=0.54,I_RUSCOMP=0.00; I_FIN=0.18; I_FEAS=0.42
,GBR,United Kingdom,Europe & Central Asia,High income,False,unfriendly_country_hard_exclusion,D_excluded,0.0,,,,0.0,0.0,0.0,0.8816158743566437,0.693863503886694,0.8816158743566437,0.6914141150434222,0.0,0.0,0.645020040650157,0.8475712577322188,0.5729972367766724,0.5,0.693863503886694,diplomatic_analytic,0.7423650507047871,0.7404816078323798,0.7115970880439701,0.22071306403123447,3457161.9434499447,3712797.216618499,3267386.2347980593,0.7473684210526315,0.25263157894736854,partner_embedded_branch,2249706.385026786,165283453.43089446,431270.62854940916,31684978.68183369,92780.76153482635,6816500.491126004,-2798985.526293168,2329401.5211248538,0.5,7.0,347.15549671097034,6458.856413802821,0.08,3457161.9434499447,True,False,False,False,False,,,,0.0,100.0,I_MARKET=0.88; I_FEAS=0.85; I_PROGRAM=0.69,I_RUSCOMP=0.00; I_HRSTRAT=0.57; I_FIN=0.65
,USA,United States,North America,High income,False,unfriendly_country_hard_exclusion,D_excluded,0.0,,,,0.0,0.0,0.0,0.8601042682345231,0.7105286250525158,0.8601042682345231,0.7500924032451197,0.0,0.0,1.0,0.805184295259501,0.5848887543290033,0.5,0.7105286250525158,digital_finance_business_informatics,0.7279007730396575,0.7384505273414778,0.7671056441324884,0.18837112824521518,20398822.798459332,19558992.79004745,18945054.464818362,0.7473684210526315,0.25263157894736854,partner_embedded_branch,2492675.4054088667,183134120.0924435,8605181.675249068,632213231.9807063,8887147.662499517,652928962.9014108,6639886.557676919,10918779.492285501,1.0,2.0,600.0,6845.813756034988,0.08,20398822.798459332,True,False,False,False,False,,,,0.0,100.0,I_FIN=1.00; I_MARKET=0.86; I_FEAS=0.81,I_RUSCOMP=0.00; I_HRSTRAT=0.58; I_PROGRAM=0.71
,UZB,Uzbekistan,Europe & Central Asia,Lower middle income,False,existing_mgimo_branch_hard_exclusion,D_excluded,0.0,,,,0.0,0.0,0.0,0.8080292928800243,0.5018766301707536,0.8080292928800243,0.5410820772253694,0.5326796391012487,0.5326796391012487,0.15344943067481923,0.4747500865887661,0.43743313403477657,0.5,0.5018766301707536,digital_finance_business_informatics,0.33287737254583044,0.2619966017693766,0.5559707854703628,0.4548194643860614,486792.56063653715,621711.1196676173,752491.8680692378,0.7473684210526315,0.25263157894736854,partner_embedded_branch,1688633.9333382838,124062077.58503705,-2559248.7318596737,-188025189.1561252,-2838492.5207187617,-208540923.15543464,-3432066.9518545982,-2139131.9415809927,0.0,inf,59.40550560018111,5166.413807451671,0.08,486792.56063653715,False,False,False,True,False,,operational,branch_or_campus,0.0,100.0,I_MARKET=0.81; I_ECO=0.54; I_RUSCOMP=0.53,I_FIN=0.15; I_HRSTRAT=0.44; I_FEAS=0.47
,VIR,Virgin Islands (US),Latin America & Caribbean,High income,False,non_sovereign_or_special_hard_exclusion,D_excluded,0.0,,,,0.0,0.0,0.0,0.1958623500466731,0.7622217904250974,0.1958623500466731,0.5582182028794858,0.78461528549363,0.78461528549363,0.0006102481133610243,0.7565744820831395,0.6532758870926682,0.5,0.7622217904250974,economic_legal,0.6734626608937736,0.8144275470227024,0.5699279441106054,0.6032548178053844,1417.5720420981716,1280.180416635778,1206.3013916793795,0.7473684210526315,0.25263157894736854,partner_embedded_branch,2286909.5772389662,168016731.0392119,-5993266.867630708,-440318724.17127377,-6003085.880893776,-441040116.2747968,-6625313.024390291,-4980279.739785184,0.0,inf,0.22477172474333704,6373.647276716638,0.08,1417.5720420981716,False,False,True,False,False,,,,0.0,93.33333333333331,I_RUSCOMP=0.78; I_PROGRAM=0.76; I_FEAS=0.76,I_FIN=0.00; I_MARKET=0.20; I_ECO=0.56
,PSE,West Bank and Gaza,Middle East & North Africa,Lower middle income,False,non_sovereign_or_special_hard_exclusion,D_excluded,0.0,,,,0.0,0.0,0.0,0.5284198675550502,0.3925487855039327,0.5284198675550502,0.2477537283972434,0.7080469407811779,0.7080469407811779,0.11306764088342247,0.3939523925558037,0.32326718525653786,0.5,0.3925487855039327,digital_finance_business_informatics,0.3529275977468888,0.32356132203634913,0.43068138255235916,0.17975411874896494,26368.714750903233,32300.814279163103,33221.59287630985,0.7473684210526315,0.25263157894736854,partner_embedded_branch,1758637.811807001,129205185.53186738,-3695604.4055742286,-271511990.51269245,-3674612.825107663,-269969762.1865524,-3983006.0991124976,-3309513.2322182436,0.0,inf,3.266478022201427,4702.0672726084285,0.08,26368.714750903233,False,False,True,False,False,,,,0.0,100.0,I_RUSCOMP=0.71; I_MARKET=0.53; I_FEAS=0.39,I_FIN=0.11; I_ECO=0.25; I_HRSTRAT=0.32
