iso3,country,format,capacity_students,capex_usd,capex_base_usd_for_diag,cost_factor,risk_premium,capex_rub,avg_tuition_usd,students_year_1,students_year_10,capture_ceiling,demand_pool_students,host_subsidy_share,annual_revenue_year_10_usd,annual_opex_year_10_usd,cashflow_year_10_usd,npv_10y_usd,npv_10y_rub,npv_expected_usd,npv_expected_rub,npv_p10_usd,npv_p90_usd,npv_positive_probability,payback_years,margin_year_10,breakeven_students,discount_rate
ARE,United Arab Emirates,partner_embedded_branch,600,2210941.8253280874,1940787.478159924,0.985503016123532,0.03563483202203647,162435463.87084675,6819.488953702283,25.0,86.6736048042813,0.00016567684982780003,523421.05145924253,0.08,687426.9029187392,875785.5136757344,-118295.76966293645,-4055308.436992449,-297939050.0265546,-4199531.335590083,-308534947.74133426,-4919696.322109088,-3321983.943893368,0.0,inf,-0.200138446542219,149.34010221809632,0.11
ARE,United Arab Emirates,urban_standard_branch,1400,7910837.847940116,6944214.841454486,0.985503016123532,0.03563483202203647,581200554.7665277,6819.488953702283,40.0,86.4463488468277,0.00016567684982780003,523421.05145924253,0.0,885939.1242068822,2075574.2160836775,-1189635.0918767953,-16712520.629273038,-1227850506.859998,-16635521.088704327,-1222193435.3139095,-18097796.866301075,-15616562.184199942,0.0,inf,-2.017972674715171,431.2218798996558,0.11
ARE,United Arab Emirates,flagship_regional_hub,2500,29894715.304459997,26241888.620222818,0.985503016123532,0.03563483202203647,2196331849.231841,6819.488953702283,75.0,85.33936851812196,0.00016567684982780003,523421.05145924253,0.0,1508692.0456882506,5976195.838850634,-4467503.793162383,-59849286.51521635,-4397061246.057779,-60263537.89980711,-4427495839.607139,-69130902.42652096,-54263080.80504743,0.0,inf,-7.676507432914186,1636.8991532777275,0.11
SAU,Saudi Arabia,partner_embedded_branch,600,2155765.5226530023,1837054.1347091307,0.8962814038639384,0.06680951951683137,158381721.60724118,6563.157695394815,38.49977375655967,293.1912543218751,0.00013847921441420379,2118324.9170561926,0.08,1967290.01954407,1122026.3882317254,935025.7423708825,220658.80617088272,16211559.764687967,-214695.33798497496,-15773430.316884328,-2329892.154343322,1572293.088427641,0.5,7.0,0.48591434110470116,142.7767650688061,0.11
SAU,Saudi Arabia,urban_standard_branch,1400,7624647.006030869,6497408.535826736,0.8962814038639384,0.06680951951683137,560174428.4213814,6563.157695394815,40.0,292.42251441116764,0.00013847921441420379,2118324.9170561926,0.0,2162446.4727337817,2345503.1333680255,-183056.66063424386,-12717868.229725534,-934367789.1828823,-12019347.891756143,-883048268.324643,-13645433.296719046,-9417514.656210931,0.0,inf,-0.0953810039040772,408.63375802211124,0.11
SAU,Saudi Arabia,flagship_regional_hub,2500,28643449.458964005,24408761.856514588,0.8962814038639384,0.06680951951683137,2104402723.9556808,6563.157695394815,75.0,288.67792628868483,0.00013847921441420379,2118324.9170561926,0.0,2768853.2032757113,6156588.226144087,-3387735.0228683753,-54382888.07134299,-3995450965.424691,-53726883.42269665,-3947255025.493758,-56320805.05953208,-51479107.95715657,0.0,inf,-1.7880638284037766,1520.2336223898521,0.11
MYS,Malaysia,partner_embedded_branch,600,1857863.0671324236,1593265.073518148,0.7025988222554103,0.06006618279554065,136495155.89284533,6067.290267821616,25.0,123.65426624678966,0.0001534985082205195,805992.6844053838,0.08,840236.4731268191,679607.8151349082,214997.28320270358,-2049963.071237041,-150608531.88440704,-2062853.0497542962,-151555544.42709342,-2886352.833389196,-1477393.0440297676,0.0,inf,0.28656892503450465,114.94559463368466,0.11
MYS,Malaysia,urban_standard_branch,1400,6397717.048884458,5486550.276265681,0.7025988222554103,0.06006618279554065,470033234.0927874,6067.290267821616,40.0,123.33004794835162,0.0001534985082205195,805992.6844053838,0.0,1038348.0316611268,1568515.7175200034,-530167.6858588767,-11692136.673651855,-859008420.0628608,-11171683.565421836,-820771302.6996204,-11967224.58906184,-9811231.14464516,0.0,inf,-0.7085158669504348,322.0192932334546,0.11
MYS,Malaysia,flagship_regional_hub,2500,23709363.321229998,20332661.304997817,0.7025988222554103,0.06006618279554065,1741900842.9111147,6067.290267821616,75.0,121.75075699114687,0.0001534985082205195,805992.6844053838,0.0,1659149.295672608,4436067.017910759,-2776917.722238151,-44133075.891060695,-3242408539.3327494,-42929125.76486675,-3153955647.906419,-45861000.21954618,-38757075.98020533,0.0,inf,-3.759209844268618,1143.792298629718,0.11
TUR,Türkiye,partner_embedded_branch,600,1974475.6285581803,1620404.8208138875,0.7147770158755772,0.10773420387766383,145062552.5069781,6053.501444306604,95.34942465036282,600.0,0.0001402107209809233,5181504.059417091,0.08,3606816.8319206038,1277712.9687311305,2431320.9006879637,7563513.303513441,555683002.5444987,8309879.641414827,610517716.3871418,6355609.617803683,10635808.720148845,1.0,4.0,0.6693979572694665,123.07561947475712,0.11
TUR,Türkiye,urban_standard_branch,1400,6794513.411697513,5576094.294685717,0.7147770158755772,0.10773420387766383,499185426.3926635,6053.501444306604,63.833346748577576,724.2203208834861,0.0001402107209809233,5181504.059417091,0.0,4528706.008125801,2603641.742521934,1925064.2656038664,-3893576.65667752,-286056794.03177506,-2920266.7759137144,-214548787.7329271,-6372677.8652907945,-165930.91625055857,0.1,10.0,0.4391044875578471,345.5649009896723,0.11
TUR,Türkiye,flagship_regional_hub,2500,25162635.48030045,20650371.798428085,0.7147770158755772,0.10773420387766383,1848671149.8386457,6053.501444306604,75.0,714.9463878653607,0.0001402107209809233,5181504.059417091,0.0,5104811.83188296,6018168.973784734,-913357.1419017734,-40963922.55732676,-3009574329.971984,-40779662.857638374,-2996036972.5215483,-46719179.500004224,-35372578.3568049,0.0,inf,-0.21103792222241902,1233.1858158078282,0.11
THA,Thailand,partner_embedded_branch,600,1799129.822859097,1501211.020017962,0.6230683950307861,0.08950210491791709,132180089.04265273,5686.184142292818,25.0,185.07871311989368,0.00014720961655972006,1257900.946740161,0.08,1130295.9778735691,679033.2657012457,505585.37342842296,-783787.6700114361,-57584017.9493032,-969589.8208950507,-71234697.5923564,-1935785.2877079789,521781.001175769,0.2,9.0,0.48041561000060257,110.31295111738893,0.11
THA,Thailand,urban_standard_branch,1400,6099141.725970517,5089181.811864942,0.6230683950307861,0.08950210491791709,448097233.5511553,5686.184142292818,40.0,184.5934415052041,0.00014720961655972006,1257900.946740161,0.0,1327647.0078638229,1508875.053133744,-181228.0452699212,-9912552.143924598,-728264302.2067819,-8867980.694449915,-651520786.8424714,-10280880.638309035,-7577437.189366739,0.0,inf,-0.17265860177360495,307.2034522937075,0.11
THA,Thailand,flagship_regional_hub,2500,22412003.91543659,18700789.032039803,0.6230683950307861,0.08950210491791709,1646585274.4628193,5686.184142292818,75.0,182.22964810871926,0.00014720961655972006,1257900.946740161,0.0,1944743.6819181438,4153450.992765457,-2208707.310847313,-40090953.57828628,-2945438259.3477573,-38462482.57851109,-2825796286.3123736,-40876237.28675905,-35671661.42857043,0.0,inf,-2.1315631925651197,1077.7516329357968,0.11
CHN,China,partner_embedded_branch,600,1926718.3719421877,1600727.191870396,0.7017359482639538,0.09422902616181461,141553879.3963834,5720.949103829381,600.0,600.0,0.00013974239750921987,40042687.00524328,0.08,3415266.683805723,1247577.675951269,2267495.2219305555,11049310.441328252,811780683.8829012,11558959.244109277,849224020.8095402,9507703.626779208,13894526.528854163,1.0,1.0,0.6605824723537517,127.55597673299684,0.11
CHN,China,urban_standard_branch,1400,6621112.197425964,5500852.895361558,0.7017359482639538,0.09422902616181461,486445829.92146844,5720.949103829381,491.6566889706093,1400.0,0.00013974239750921987,40042687.00524328,0.0,8008955.595546688,3581887.430742445,4427068.164804243,14160868.77555516,1040383451.9843845,14143514.402516266,1039108445.2870274,11924304.976785066,17539479.70248849,1.0,3.0,0.5527389754563795,359.78612798712095,0.11
CHN,China,flagship_regional_hub,2500,24505092.62212753,20358952.647553388,0.7017359482639538,0.09422902616181461,1800362199.3458254,5720.949103829381,377.96839101864725,2500.0,0.00013974239750921987,40042687.00524328,0.0,14680277.849190513,9738468.721478622,4941809.12771189,-12679263.66544328,-931531554.3100859,-10050502.89478635,-738399392.126769,-13319656.542337904,-5438161.780864257,0.0,10.0,0.34552372608272536,1296.4623322659827,0.11
CHL,Chile,partner_embedded_branch,600,1889494.462610326,1626571.1657467235,0.7300491754565359,0.05603878570421531,138819079.7240718,5921.210076467734,25.0,153.3974050601147,0.00014362057805848737,1068630.331709049,0.08,991966.3301241156,739870.9972066681,311285.01269398094,-1747975.7864467308,-128421858.25687623,-1977047.797536825,-145251526.93245324,-2563819.680429073,-1419355.7657071822,0.0,inf,0.34271232943557095,123.91039516807454,0.11
CHL,Chile,urban_standard_branch,1400,6536652.770064762,5627077.044511305,0.7300491754565359,0.05603878570421531,480240688.698611,5921.210076467734,40.0,152.99520101845113,0.00014362057805848737,1068630.331709049,0.0,1189680.056884793,1672003.297569065,-482323.2406842718,-11797066.374379767,-866717489.7526697,-11513212.471016759,-845863055.7118832,-13307100.934761053,-10165401.222098496,0.0,inf,-0.5324145441663712,349.727268596443,0.11
CHL,Chile,flagship_regional_hub,2500,24282842.464942586,20903883.106002733,0.7300491754565359,0.05603878570421531,1784033724.7726204,5921.210076467734,75.0,151.03603582323973,0.00014362057805848737,1068630.331709049,0.0,1808543.4533372563,4659194.944212147,-2850651.4908748907,-45373228.002284564,-3333521150.777045,-44535994.93078817,-3272010557.970583,-48440742.23233564,-41375559.62913034,0.0,inf,-3.18752116809268,1261.944850785508,0.11
ARG,Argentina,partner_embedded_branch,600,1943526.264981255,1608737.7684907122,0.707334520287245,0.0982784725266234,142788736.80928132,5777.889732991785,38.826110877964645,295.676442691072,0.00012766592179118294,2317223.3363430025,0.08,1760050.4472117876,904416.7544239897,927987.0331417171,630531.8245091003,46324479.561676644,1097103.6066494626,80602995.16656871,-966693.8032781258,3875461.436683445,0.5,6.0,0.5431952128854279,127.71097366030845,0.11
ARG,Argentina,urban_standard_branch,1400,6683476.921286198,5532192.6653833175,0.707334520287245,0.0982784725266234,491027697.5822836,5777.889732991785,40.0,294.9011866805257,0.00012766592179118294,2317223.3363430025,0.0,1955750.2772177632,1896079.3482450705,59670.928972692695,-10136970.275114693,-744752055.4453739,-10145677.267895104,-745391748.6272587,-10880207.759269295,-9348593.623972828,0.0,inf,0.035020071591379535,360.1361335844875,0.11
ARG,Argentina,flagship_regional_hub,2500,24744176.242969517,20481786.940316755,0.707334520287245,0.0982784725266234,1817927409.9771032,5777.889732991785,75.0,291.12485816090543,0.00012766592179118294,2317223.3363430025,0.0,2564803.835827122,4988721.800297896,-2423917.9644707744,-44698440.235716686,-3283945235.8338456,-43674053.45346014,-3208684665.766918,-51498518.29172841,-38068546.04343593,0.0,inf,-1.4410179083455334,1297.052292149833,0.11
VNM,Viet Nam,partner_embedded_branch,600,1735881.7706997597,1427292.2009884617,0.5607053421100122,0.10564209340378694,127533324.22336358,5489.373661609645,33.89884875092005,258.1533608014093,0.00022291997909966156,1158657.1447716802,0.08,1480416.2490616972,685190.5363281603,850040.9556397897,724769.1814428854,53247994.51450921,1261609.7417946241,92689079.95893507,170619.41492948445,2327583.1201443546,0.9,6.0,0.5998453179143035,102.73737575963253,0.11
VNM,Viet Nam,urban_standard_branch,1400,5805890.293341432,4773770.930344147,0.5607053421100122,0.10564209340378694,426552373.37247235,5489.373661609645,40.0,257.47648934427696,0.00022291997909966156,1158657.1447716802,0.08,1676849.2727265826,1464498.5169261699,329510.6371545063,-7384620.354895233,-542539934.3917624,-7257646.895795557,-533211334.0225142,-8562182.788272226,-6267012.652043463,0.0,inf,0.23313585232106282,284.1471180742951,0.11
VNM,Viet Nam,flagship_regional_hub,2500,21176762.81106245,17412146.90573518,0.5607053421100122,0.10564209340378694,1555833469.2896662,5489.373661609645,75.0,254.17939915353506,0.00022291997909966156,1158657.1447716802,0.08,2289474.271075693,3913472.0136809926,-1310919.9815108203,-34425253.84708056,-2529185532.365777,-36075382.92591502,-2650418700.645758,-38358033.18548145,-33673324.81107351,0.0,inf,-0.9395351664647773,983.0243656795269,0.11
PHL,Philippines,partner_embedded_branch,600,1679413.4823763913,1373904.7013916846,0.5168755181476478,0.11124121482849975,123384661.19536287,5175.022721517766,27.353278987288853,208.30621568868278,0.0001370971734825514,1520197.0394094791,0.08,1154869.8232534213,591201.6648913966,610964.2915533364,-115064.10555643757,-8453633.264715357,-58415.43604057746,-4291717.828921582,-1431512.1378783954,802377.0621306093,0.6,7.0,0.5667628011871916,100.4935660826297,0.11
PHL,Philippines,urban_standard_branch,1400,5560460.904269561,4548935.362523443,0.5168755181476478,0.11124121482849975,408520946.12969,5175.022721517766,40.0,207.76004216103544,0.0001370971734825514,1520197.0394094791,0.0,1352156.4212545734,1298840.1253709765,53316.295883596875,-8105050.766948413,-595469164.2918563,-7913323.145697603,-581383146.8589426,-9594040.790270383,-6328317.633250865,0.0,inf,0.0495890380510736,277.3739724005405,0.11
PHL,Philippines,flagship_regional_hub,2500,20167805.024185307,16498999.460377652,0.5168755181476478,0.11124121482849975,1481706450.541368,5175.022721517766,75.0,205.09959110866248,0.0001370971734825514,1520197.0394094791,0.0,1968939.242394878,3545124.888749512,-1576185.6463546338,-34274531.3624213,-2518112117.212594,-33023807.9418614,-2426222843.299821,-37532775.542989634,-29386665.003268883,0.0,inf,-1.4850131956288413,955.6655542644951,0.11
BRA,Brazil,partner_embedded_branch,600,1879179.5139668381,1547384.148632253,0.6571030649385963,0.1040212698360308,138061251.79367825,5559.251244264256,97.75664487696751,600.0,0.00013474588319253468,5527767.533165593,0.08,3322128.716696211,1172860.181609203,2243097.3496157443,7012640.945108274,515211016.3320653,6127153.971945341,450155262.4494551,3770140.5275145937,8402172.336106846,1.0,4.0,0.6724818538377971,122.8238344064465,0.11
BRA,Brazil,urban_standard_branch,1400,6405048.28754929,5274147.636090518,0.6571030649385963,0.1040212698360308,470571852.1331301,5559.251244264256,65.44490260209749,742.5042047280043,0.00013474588319253468,5527767.533165593,0.0,4282656.727045376,2415477.0913527617,1867179.6356926141,-3407995.14496416,-250381654.50585738,-3598478.1143981004,-264376228.73890263,-6354865.563230801,-602213.378234048,0.0,10.0,0.4523461338528363,344.8998704637656,0.11
BRA,Brazil,flagship_regional_hub,2500,23601580.365370255,19434392.014497362,0.6571030649385963,0.1040212698360308,1733982147.7053509,5559.251244264256,75.0,732.9961392101468,0.00013474588319253468,5527767.533165593,0.0,4861913.310987107,5555679.686889029,-693766.3759019217,-37676307.66789509,-2768036880.4218183,-36255881.032051444,-2663679697.9556847,-39224987.981317416,-32604548.993095566,0.0,inf,-0.17025319017046073,1231.128039494686,0.11
IDN,Indonesia,partner_embedded_branch,600,1721044.852089301,1425876.6463692568,0.5612452746451648,0.09728021225120304,126443272.13366365,5355.095315135381,64.28498072103704,489.55597118144317,0.00012742195901306307,3844007.5208474323,0.08,2636754.132259486,896762.8101179451,1811732.3469509762,4580875.403643986,336551876.94277966,3623542.461174199,266217678.72576112,2457626.8418339947,5191788.849387663,1.0,4.0,0.6910738839282109,105.20151114981506,0.11
IDN,Indonesia,urban_standard_branch,1400,5759818.600666473,4771979.544893019,0.5612452746451648,0.09728021225120304,423167536.79050505,5355.095315135381,43.036709242229996,488.27236804518054,0.00012742195901306307,3844007.5208474323,0.0,2830155.267803652,1742199.398533475,1087955.8692701773,-4975421.44627999,-365538740.6945999,-4155760.8452599808,-305319177.964321,-5480195.68809736,-2442461.31034477,0.0,inf,0.41608487247613063,291.67072805204157,0.11
IDN,Indonesia,flagship_regional_hub,2500,21017169.723828044,17412615.043475024,0.5612452746451648,0.09728021225120304,1544108340.7229502,5355.095315135381,75.0,482.0198436333711,0.00012742195901306307,3844007.5208474323,0.0,3428011.7181856204,4287369.8854164705,-859358.1672308501,-33733332.06665987,-2478350800.2722273,-32801136.841512866,-2409863442.4954247,-35989094.630646445,-28692299.064618353,0.0,inf,-0.33292168656315413,1014.0226647865122,0.11
ISR,Israel,partner_embedded_branch,600,2372965.8761420036,2014318.1441032253,1.037263751832545,0.07095381725017592,174339192.65768924,6321.404027333335,25.0,53.28402972142279,0.00014529158593364777,366929.6037400659,0.08,443356.6848706091,891015.161414258,-376377.2636305082,-5349470.5617059795,-393019717.7509205,-5307618.976579755,-389944927.82844037,-5969110.433095278,-4755600.527210913,0.0,inf,-1.1174105561784524,183.56870056341975,0.11
ISR,Israel,urban_standard_branch,1400,8520589.662578175,7232796.109016831,1.037263751832545,0.07095381725017592,625998349.8609897,6321.404027333335,40.0,53.14432036909261,0.00014529158593364777,366929.6037400659,0.0,642508.8519786319,2176368.2025587596,-1533859.3505801277,-18927744.64818384,-1390600578.782954,-19110817.535670355,-1404050742.4464118,-20663766.283386283,-17457334.97308971,0.0,inf,-4.565781582498964,542.7326601106137,0.11
ISR,Israel,flagship_regional_hub,2500,32248836.179631118,27374778.750908673,1.037263751832545,0.07095381725017592,2369286520.397701,6321.404027333335,75.0,52.463785933390064,0.00014529158593364777,366929.6037400659,0.0,1268378.9961809465,6389523.045954782,-5121144.049773835,-65653268.17227261,-4823473394.021879,-61895506.95333581,-4547394810.803933,-66660052.32898857,-56793828.77333968,0.0,inf,-15.441653961961636,2180.427231292414,0.11
COL,Colombia,partner_embedded_branch,600,1793596.9518267666,1475366.6027984275,0.5992576860166072,0.10517798111067324,131773595.09406555,5512.256722329409,25.0,145.76928592659215,0.0001297650419018802,1123917.5929155764,0.08,891377.0172076946,620979.2599212527,320076.09808014205,-1477111.2223433377,-108521736.68322045,-1352751.2075473075,-99385143.19217238,-1843396.8895474493,-243932.1208906613,0.0,inf,0.39834354317326326,110.81737740605604,0.11
COL,Colombia,urban_standard_branch,1400,6046856.04353015,4973987.8568972275,0.5992576860166072,0.10517798111067324,444255861.9765123,5512.256722329409,40.0,145.38708261665278,0.0001297650419018802,1123917.5929155764,0.0,1089354.4865537654,1416903.3580064755,-327548.8714527101,-10283896.769176165,-755546583.3449267,-10827654.306170426,-795495851.4546045,-12141293.030949859,-9825658.086030731,0.0,inf,-0.4087152568683007,308.35807615743363,0.11
COL,Colombia,flagship_regional_hub,2500,22151366.372421984,18221142.781792626,0.5992576860166072,0.10517798111067324,1627436520.8788335,5512.256722329409,75.0,143.5253424431063,0.0001297650419018802,1123917.5929155764,0.0,1709502.5923583773,3975430.697993882,-2265928.1056355047,-39726107.56601072,-2918633424.156485,-40170014.28924177,-2951246762.8148746,-41914480.29516816,-37988692.01492189,0.0,inf,-2.864099482077417,1080.0031451957896,0.11
KWT,Kuwait,partner_embedded_branch,600,2137643.0577080417,1824503.1503335326,0.8865788408844779,0.06511839691174147,157050284.04244635,6263.49841008304,25.0,15.901570003996643,0.00013906808507528384,114403.33509689089,0.08,215615.48010034283,703165.9248708345,-431297.17078082485,-5100123.68224279,-374700476.7983274,-5284447.43528706,-388242540.17836154,-5649166.639377203,-4978877.6393383015,0.0,inf,-4.33031642486212,149.42610630583448,0.11
KWT,Kuwait,urban_standard_branch,1400,7552357.902400369,6446025.090900742,0.8865788408844779,0.06511839691174147,554863427.4956625,6263.49841008304,40.0,15.859876497369871,0.00013906808507528384,114403.33509689089,0.0,415364.77877637395,1777910.4204442184,-1362545.6416678445,-16598746.390156511,-1219491638.6637697,-16910614.33171647,-1242404233.2754443,-18393400.10380633,-15449603.743102685,0.0,inf,-13.716215072112037,430.0264843342159,0.11
KWT,Kuwait,flagship_regional_hub,2500,28356743.50829623,24202809.5745593,0.8865788408844779,0.06511839691174147,2083338753.1366649,6263.49841008304,75.0,15.656784388420316,0.00013906808507528384,114403.33509689089,0.0,1044143.5943589283,5331175.04757767,-4287031.453218741,-56526814.363437645,-4152962871.7859645,-55772561.801673986,-4097548765.751006,-60224173.60093017,-50077399.96177858,0.0,inf,-43.71566884730577,1619.8622298435255,0.11
PER,Peru,partner_embedded_branch,600,1833607.6991750642,1511605.8490498788,0.6287356397919689,0.1027451972396711,134713140.6899229,5404.498958567224,25.0,120.9694531661912,0.00013124580128804375,922181.6010249588,0.08,747628.1123089219,624696.7298994383,172907.12080143858,-2131611.578435707,-156607157.89493513,-2191737.169552493,-161024518.93613514,-2815113.6869046814,-1570540.809338168,0.0,inf,0.26447323297666353,120.26324999553827,0.11
PER,Peru,urban_standard_branch,1400,6217860.447767933,5125935.185400058,0.6287356397919689,0.1027451972396711,456819367.4510175,5404.498958567224,40.0,120.65227437843917,0.00013124580128804375,922181.6010249588,0.0,945982.4875779598,1449558.5799930154,-503576.0924150556,-11201244.251937486,-822943093.8211701,-11770925.808779625,-864796971.1526495,-13311546.321347097,-10724393.463209756,0.0,inf,-0.7722788709136958,337.0923059505137,0.11
PER,Peru,flagship_regional_hub,2500,22849673.262731086,18837017.192042917,0.6287356397919689,0.1027451972396711,1678740359.972264,5404.498958567224,75.0,119.10727339074921,0.00013124580128804375,922181.6010249588,0.0,1567966.5295981623,4114826.821829981,-2546860.2922318187,-41772432.58613076,-3068974672.4271827,-42988527.751085214,-3158319846.491705,-46503693.113967195,-39983832.29291051,0.0,inf,-3.956502113686348,1198.6388589843186,0.11
DOM,Dominican Republic,partner_embedded_branch,600,1844570.4768716819,1547489.8219274292,0.661268977954543,0.08361439793700153,135518563.9082379,5744.840835749256,25.0,48.384489123374735,0.00014239580417668108,339965.7151827424,0.08,386842.7413755157,568715.6382607725,-136375.64582439495,-3364500.3222621875,-247186137.72624844,-3128454.862167665,-229844137.42310998,-3918419.8774872306,-2260664.970454863,0.0,inf,-0.49062837278822763,116.6204921646168,0.11
DOM,Dominican Republic,urban_standard_branch,1400,6299099.544636276,5284586.604228974,0.661268977954543,0.08361439793700153,462787914.5349281,5744.840835749256,40.0,48.257626240188266,0.00014239580417668108,339965.7151827424,0.0,586143.0865865201,1395841.879629358,-809698.7930428379,-12418405.279912794,-912366575.6693851,-12185397.23563875,-895247730.9654199,-14015986.623804709,-11038087.053466268,0.0,inf,-2.9206501333200308,326.49105434010835,0.11
DOM,Dominican Republic,flagship_regional_hub,2500,23237982.875370875,19495347.254363507,0.661268977954543,0.08361439793700153,1707269040.0723355,5744.840835749256,75.0,47.63966789179606,0.00014239580417668108,339965.7151827424,0.0,1212735.0171260699,4110397.4452959145,-2897662.4281698447,-43552423.2709965,-3199748630.0545154,-44043043.089884214,-3235793928.4663944,-46476142.717003696,-41152500.643533885,0.0,inf,-10.587686260747892,1158.0398241316352,0.11
MEX,Mexico,partner_embedded_branch,600,1974471.6706803686,1616998.1081476153,0.7115853330049653,0.11006576756563484,145062261.72604895,5637.527377821153,48.85045214386896,372.01583128294016,0.00013454435533834407,2766445.3420121446,0.08,2133359.456486851,1005522.3587447088,1208278.8864417188,1701214.415344336,124986351.7594915,2272807.486749866,166980665.96327725,-428934.01264559524,5269511.155211756,0.8,6.0,0.5761255036932474,134.20120501239708,0.11
MEX,Mexico,urban_standard_branch,1400,6790114.553376863,5560779.903786919,0.7115853330049653,0.11006576756563484,498862247.11058944,5637.527377821153,40.0,371.0404153634454,0.00013454435533834407,2766445.3420121446,0.0,2328080.4798939736,2042186.278464954,285894.20142901945,-9542292.84802392,-701061759.0221846,-8982005.817930043,-659898087.2369206,-10389371.604022935,-7539307.140468433,0.0,inf,0.13667700877524094,379.90703612566733,0.11
MEX,Mexico,flagship_regional_hub,2500,25137456.223963354,20586377.4909396,0.7115853330049653,0.11006576756563484,1846821257.5727413,5637.527377821153,75.0,366.2890933418535,0.00013454435533834407,2766445.3420121446,0.0,2932366.2002355075,5231478.939706811,-2299112.7394713033,-44957592.6403569,-3302984877.9351172,-42152007.95481266,-3096861657.231336,-46314521.41600294,-37560962.40486544,0.0,inf,-1.1133907698941998,1379.701286186697,0.11
IND,India,partner_embedded_branch,600,1667963.3077023032,1365169.9094939,0.5099906445524391,0.1107264152134038,122543429.45724975,5131.718318167629,181.9194572445319,600.0,0.0001305029568884198,10621302.750913672,0.08,3075869.7512645544,912741.9960065095,2236147.1149385655,8946007.262011614,657253312.932005,8771089.51398499,644402298.3940119,7961056.420490162,10179405.241457071,1.0,2.0,0.7262502785931755,99.84204410811812,0.11
IND,India,urban_standard_branch,1400,5513796.9484175,4512850.880040055,0.5099906445524391,0.1107264152134038,405092596.62359047,5131.718318167629,121.78917531160006,1381.7573434102858,0.0001305029568884198,10621302.750913672,0.0,7127157.891623554,2598254.448767723,4528903.442855831,7429416.881657427,545831085.9368014,7725632.822235945,567593745.2535704,3457531.0209447537,11286520.69002665,1.0,5.0,0.6387022857941422,275.45258673402316,0.11
IND,India,flagship_regional_hub,2500,19980993.72821546,16353747.875378648,0.5099906445524391,0.1107264152134038,1467981630.1188889,5131.718318167629,93.62723963420989,1364.0633838781125,0.0001305029568884198,10621302.750913672,0.0,7669989.492021471,5328721.099828759,2341268.392192712,-22525284.35647518,-1654907863.8574393,-21001868.04618754,-1542984143.2985477,-25591883.834657032,-16468884.074657602,0.0,inf,0.3344674361728633,948.1981030592766,0.11
IRN,"Iran, Islamic Rep.",partner_embedded_branch,600,1864025.294804508,1473594.3049051194,0.5888842660019755,0.14995588961059964,136947887.98146293,5475.551064739519,28.99338897684394,220.79631259429283,0.00013068625709133626,1690394.4212976426,0.08,1280622.2251355902,702116.2024801048,634675.3188538938,-334517.5228736492,-24576634.43625185,-1315914.071842151,-96678759.35276382,-1843986.1515596602,-452327.4948147481,0.0,8.0,0.5249669469568857,113.79049341000297,0.11
IRN,"Iran, Islamic Rep.",urban_standard_branch,1400,6254772.5893161725,4944673.922496102,0.5888842660019755,0.14995588961059964,459531261.88721097,5475.551064739519,40.0,220.21739035453894,0.00013068625709133626,1690394.4212976426,0.0,1477579.1035807556,1538104.8442933427,-60525.74071258702,-9655991.053052409,-709415041.0776021,-10146193.349267472,-745429664.557997,-12251591.352695366,-8985202.36447249,0.0,inf,-0.050195024171002585,316.28588636226783,0.11
IRN,"Iran, Islamic Rep.",flagship_regional_hub,2500,22846936.616435118,18061512.242535267,0.5888842660019755,0.14995588961059964,1678539301.57921,5475.551064739519,75.0,217.397417939124,0.00013068625709133626,1690394.4212976426,0.0,2092755.8367374649,4189137.1565035237,-2096381.3197660588,-40178745.270376526,-2951888218.3947663,-40194052.573148854,-2953012829.091416,-45123461.83406083,-35732914.80105229,0.0,inf,-1.7611164189903596,1105.2995322943289,0.11
JOR,Jordan,partner_embedded_branch,600,1647833.2156583415,1394497.9192504217,0.540749653968347,0.07424340715995267,121064493.73788114,5144.94154006281,25.0,14.679230401772461,0.00014085464809696882,104269.73229436572,0.08,192502.83097942272,431343.0119581183,-204332.7400220461,-3258250.052911931,-239380047.3123814,-3269892.4610165707,-240235402.22918034,-3737581.029369399,-2877247.20668017,0.0,inf,-2.7055416701843944,103.34946311636133,0.11
JOR,Jordan,urban_standard_branch,1400,5497983.432031312,4652732.074573378,0.540749653968347,0.07424340715995267,403930794.9695653,5144.94154006281,40.0,14.640741838072248,0.00014085464809696882,104269.73229436572,0.0,392312.7304256321,1092076.336176227,-699763.605750595,-10628542.317583304,-780867312.676296,-10775416.045860728,-791657963.9317373,-12093091.186755456,-9892910.952068778,0.0,inf,-9.289831231188764,286.61435528056154,0.11
JOR,Jordan,flagship_regional_hub,2500,20031937.906130027,16952259.162643224,0.540749653968347,0.07424340715995267,1471724442.8316765,5144.94154006281,75.0,14.453261239659446,0.00014085464809696882,104269.73229436572,0.0,1021386.7367756515,3277250.151560912,-2255863.4147852603,-36228301.677042134,-2661653473.080441,-36793343.56870922,-2703166479.3151407,-38173907.15551972,-35325403.582204156,0.0,inf,-30.336571974144384,996.9970309769567,0.11
EGY,"Egypt, Arab Rep.",partner_embedded_branch,600,1810149.130837639,1460321.2251234003,0.5828832622300025,0.12686858934358916,132989665.47859743,5449.397599209665,25.0,167.28307867629005,0.00012485561865583218,1340510.0554749868,0.08,995128.3270338973,633805.3803262792,412027.37713372044,-1131261.8053225,-83112560.44905822,-730341.4984304007,-53657386.51403327,-1743820.2943013425,-117270.60636590411,0.1,10.0,0.4519866056547504,110.76272273223556,0.11
EGY,"Egypt, Arab Rep.",urban_standard_branch,1400,6074777.006742771,4900770.687734988,0.5828832622300025,0.12686858934358916,446307184.430684,5449.397599209665,40.0,166.84446675636113,0.00012485561865583218,1340510.0554749868,0.0,1192833.7631201898,1429092.6165525985,-236258.85343240877,-9978013.329032186,-733073663.4693328,-10614957.239804285,-779869231.9554571,-11658063.790188083,-9774072.338261405,0.0,inf,-0.2598530314458983,307.70235318473704,0.11
EGY,"Egypt, Arab Rep.",flagship_regional_hub,2500,22194832.403557453,17905477.67297672,0.5828832622300025,0.12686858934358916,1630629922.3737223,5449.397599209665,75.0,164.70795613310804,0.00012485561865583218,1340510.0554749868,0.0,1811656.7750935901,3975880.9844191456,-2164224.2093255557,-39383721.057489544,-2893478664.0005937,-39064577.22101803,-2870031517.393252,-43207281.237234965,-34491113.6515371,0.0,inf,-2.411232988595564,1074.1076172663138,0.11
MAR,Morocco,partner_embedded_branch,600,1666701.9398381962,1379069.2892035507,0.5235154090835907,0.09870011139624904,122450758.14777845,5108.086938903729,25.0,54.501026635949756,0.00013707150943812466,397817.2786964589,0.08,387260.1430233016,461212.24553042336,-37055.12286468787,-2622222.316636521,-192651789.1587369,-2545127.647224619,-186987728.60118082,-2797126.9352196893,-2230388.926837955,0.0,inf,-0.13310221848904294,102.50941204976505,0.11
MAR,Morocco,urban_standard_branch,1400,5531099.950662014,4576565.188502609,0.5235154090835907,0.09870011139624904,406363829.1651925,5108.086938903729,40.0,54.35812634908243,0.00013707150943812466,397817.2786964589,0.0,586559.3938179456,1126701.0076697653,-540141.6138518197,-10094060.238411844,-741599502.249856,-9880814.049356962,-725932539.3108017,-10422101.922311574,-9131816.06260443,0.0,inf,-1.945292348810997,283.6051511351026,0.11
MAR,Morocco,flagship_regional_hub,2500,20089014.205606163,16622133.73557053,0.5235154090835907,0.09870011139624904,1475917775.7702587,5108.086938903729,75.0,53.66204863872875,0.00013707150943812466,397817.2786964589,0.0,1213145.9933756546,3308132.0733262864,-2094986.0799506318,-35721540.320242025,-2624422273.6338296,-34719268.62588813,-2550786474.7485127,-37696033.73535751,-29560326.13151009,0.0,inf,-7.642854869089846,981.7665078588864,0.11
OMN,Oman,partner_embedded_branch,600,1974527.162098527,1688317.4589688736,0.7780133072943273,0.06320329940385722,145066338.6195005,6065.372553741021,25.0,16.457628891348016,0.00014047258611827717,117220.03358681039,0.08,215828.78455414803,616701.1665812813,-351536.2887006308,-4472244.403052364,-328570876.8234138,-4595414.141970183,-337620022.0549932,-5209028.208601997,-3978629.7105895365,0.0,inf,-3.521643718249557,131.2116024394926,0.11
OMN,Oman,urban_standard_branch,1400,6877303.019967462,5880431.012602624,0.7780133072943273,0.06320329940385722,505267887.8436875,6065.372553741021,40.0,16.41447741265315,0.00014047258611827717,117220.03358681039,0.0,415577.5239514,1558390.1833870742,-1142812.659435674,-14635506.79455179,-1075254585.138246,-14758856.230700234,-1084316932.5276926,-16048889.620689763,-13130833.41457339,0.0,inf,-11.478641710954022,372.23227870964115,0.11
OMN,Oman,flagship_regional_hub,2500,25636476.922454834,21920443.742405888,0.7780133072943273,0.06320329940385722,1883483759.3681421,6065.372553741021,75.0,16.20428341551872,0.00014047258611827717,117220.03358681039,0.0,1044353.6152462669,4671325.524865011,-3626971.9096187437,-49921831.5176312,-3667702047.5856953,-51132678.65621237,-3756661654.925401,-55677493.555736385,-46272793.59273324,0.0,inf,-36.902592700302,1358.064175082412,0.11
GEO,Georgia,partner_embedded_branch,600,1811786.1049393904,1526712.2199138477,0.6456017673000118,0.07884004315533152,133109932.16518159,5817.465907045056,25.0,24.465926557470386,0.0001538735992407629,159082.9770260433,0.08,256636.5058870581,527542.9026662973,-228702.96456593537,-3660152.1761422567,-268907354.21377784,-3534756.074677296,-259694640.5748588,-3967000.0390726025,-3238577.7605401715,0.0,inf,-1.6068534873453149,110.95874440701816,0.11
GEO,Georgia,urban_standard_branch,1400,6171547.981953386,5200491.2136954935,0.6456017673000118,0.07884004315533152,453416841.5313352,5817.465907045056,40.0,24.40177752873941,0.0001538735992407629,159082.9770260433,0.0,456278.2484909501,1323185.3487511356,-866907.1002601855,-12388279.984669223,-910153303.3656647,-12051786.188612767,-885431474.3125726,-13022629.200770967,-11286145.683779912,0.0,inf,-6.106849959295189,309.41155943379175,0.11
GEO,Georgia,flagship_regional_hub,2500,22737786.03797753,19160129.16940218,0.6456017673000118,0.07884004315533152,1670520128.6455677,5817.465907045056,75.0,24.089302935305383,0.0001538735992407629,159082.9770260433,0.0,1084533.1506085948,3948617.314871559,-2864084.1642629644,-42611362.65153649,-3130609941.509469,-42974976.29407933,-3157324235.8520856,-46919342.04407175,-38965063.667957604,0.0,inf,-20.437496522264542,1088.4645490034893,0.11
GHA,Ghana,partner_embedded_branch,600,1597942.2256534633,1315451.157557712,0.47149757551461235,0.10431675265778546,117399057.58231173,4963.958524560955,25.0,15.492593173270906,0.0001266518479252099,122387.97250452953,0.08,193828.40635201245,386944.3116617792,-162160.3603768244,-2966157.3053528494,-217920314.45123798,-3148717.2288443595,-231332791.21424338,-3331858.5338560757,-2887249.429891869,0.0,inf,-2.1085914440506945,94.01835271974663,0.11
GHA,Ghana,urban_standard_branch,1400,5234547.2873318065,4309161.606637767,0.47149757551461235,0.10431675265778546,384576431.1982518,4963.958524560955,40.0,15.451971993351357,0.0001266518479252099,122387.97250452953,0.0,393634.83017376665,979291.1903648109,-585656.3601910442,-9700649.06760344,-712696016.2828504,-9748101.067904955,-716182262.5478023,-10701538.571560979,-9122404.6343978,0.0,inf,-7.6353826641091915,258.37866919997685,0.11
GHA,Ghana,flagship_regional_hub,2500,18873620.259414975,15537060.864261981,0.47149757551461235,0.10431675265778546,1386624119.476933,4963.958524560955,75.0,15.254103265932224,0.0001266518479252099,122387.97250452953,0.0,1022691.9065037991,2938119.005668831,-1915427.099165032,-33071974.88789232,-2429761615.841072,-32872759.044756033,-2415125446.983277,-37477365.54032045,-29449935.00283727,0.0,inf,-25.295938759046432,882.5777267911227,0.11
BHR,Bahrain,partner_embedded_branch,600,2083007.2153981656,1788682.7888447817,0.8592102055603958,0.0586801275771473,153036248.8073663,6577.666991482304,25.0,9.10264921992663,0.00015394560344965196,59159.796450683556,0.08,177479.22749659538,667837.5114547578,-436931.28304178175,-5013191.72182489,-368313681.2915807,-5115089.096889874,-375799969.3504925,-5642922.06409729,-4556891.1954059815,0.0,inf,-7.297489023229401,133.7453490557184,0.11
BHR,Bahrain,urban_standard_branch,1400,7336847.925616158,6300167.139081489,0.8592102055603958,0.0586801275771473,539030146.562301,6577.666991482304,40.0,9.078782308327535,0.00015394560344965196,59159.796450683556,0.0,377328.51844384597,1699974.5058802213,-1322645.9874363753,-16074578.063139413,-1180981568.2629833,-15501547.744283104,-1138881661.069961,-17473540.580571204,-14138649.167900236,0.0,inf,-22.148490531508283,380.3571273853353,0.11
BHR,Bahrain,flagship_regional_hub,2500,27506275.94320366,23619698.482618604,0.8592102055603958,0.0586801275771473,2020855836.6436355,6577.666991482304,75.0,8.962524842766696,0.00015394560344965196,59159.796450683556,0.0,1006594.4036658624,5117793.259933026,-4111198.856267163,-54559813.00448969,-4008449445.6455526,-56413928.92364903,-4144669302.6986785,-63127002.660587244,-52184951.70500402,0.0,inf,-69.7374766119702,1395.209260299063,0.11
DZA,Algeria,partner_embedded_branch,600,1788174.729814849,1445096.2408437347,0.5710935839863539,0.124917043443169,131375230.40729417,5398.016037845982,25.0,97.76533074078215,0.00012633552034979097,774257.7385239471,0.08,626629.2703526965,554676.394991552,116326.9869604687,-2235285.640372845,-164223977.1839885,-2305305.3509739703,-169368248.30017152,-2817519.7588051753,-1914950.0679176669,0.0,inf,0.22042529718882353,109.09775840862876,0.11
DZA,Algeria,urban_standard_branch,1400,5987067.361760966,4838391.010622783,0.5710935839863539,0.124917043443169,439863253.2944802,5398.016037845982,40.0,97.50899256385466,0.00012633552034979097,774257.7385239471,0.0,825300.9014661363,1311011.7482257101,-485710.8467595738,-10670184.762990618,-783926737.3336815,-10478014.731413621,-769808216.5007542,-11965934.498850629,-9263387.926478911,0.0,inf,-0.9227816762967709,302.7495864484572,0.11
DZA,Algeria,flagship_regional_hub,2500,21846893.717057254,17655357.420189552,0.5710935839863539,0.124917043443169,1605067249.8091078,5398.016037845982,75.0,96.26035062489481,0.00012633552034979097,774257.7385239471,0.0,1448830.3198225852,3768042.646518715,-2319212.32669613,-39245947.63501178,-2883356602.201917,-38576348.18758561,-2834161867.358908,-42187830.296763726,-35402707.5353416,0.0,inf,-4.4633290021748175,1054.494445502871,0.11
URY,Uruguay,partner_embedded_branch,600,2007868.8926765139,1747015.0173378342,0.8286458242424115,0.04483094813927918,147515918.88916153,5976.274799520072,25.0,22.164400074487986,0.00014499036453039535,152947.71506787578,0.08,247162.1237871776,653676.8795828228,-354220.6054290194,-4571258.057088976,-335845301.07046425,-4799148.020767123,-352588126.0229377,-5293391.2858094815,-4281561.522895053,0.0,inf,-2.6741593415109954,142.64947841965935,0.11
URY,Uruguay,urban_standard_branch,1400,7049450.207025195,6133615.307537144,0.8286458242424115,0.04483094813927918,517915352.31491333,5976.274799520072,40.0,22.106285588864754,0.00014499036453039535,152947.71506787578,0.0,446828.7079766971,1642020.6028314694,-1195191.8948547724,-15170827.108014945,-1114583979.7160392,-15148618.747181505,-1112952355.8748033,-15884421.660528332,-14016465.220955288,0.0,inf,-9.0467232329718,409.20728599626557,0.11
URY,Uruguay,flagship_regional_hub,2500,26388069.45713775,22959842.541671705,0.8286458242424115,0.04483094813927918,1938702436.1395078,5976.274799520072,75.0,21.823205694640595,0.00014499036453039535,152947.71506787578,0.0,1075204.6152681187,4904510.388041565,-3829305.7727734465,-51922819.269743375,-3814712416.646849,-53310526.33169198,-3916665728.010445,-58577960.70364783,-48170508.64570542,0.0,inf,-29.361006652911936,1530.2416380487473,0.11
BLR,Belarus,partner_embedded_branch,600,1963320.1751203167,1574328.3484635456,0.6727200777653284,0.1337130050275405,144242973.61389706,5892.896724724852,25.0,33.88421111376855,0.00014458541176151282,234476.35655259533,0.08,311689.11042452365,586734.5527256252,-228106.67808305158,-3897152.724484355,-286319523.79986864,-4061894.130017481,-298422893.6488413,-4626680.083187796,-3425321.119206502,0.0,inf,-1.1423831561154458,120.76098673813871,0.11
BLR,Belarus,urban_standard_branch,1400,6698945.9996434115,5371686.557144855,0.6727200777653284,0.1337130050275405,492164193.75320184,5892.896724724852,40.0,33.79536758572322,0.00014458541176151282,234476.35655259533,0.0,511186.5065185096,1460958.885758355,-949772.3792398454,-13502079.646193473,-991982939.3182237,-13828369.693749234,-1015955110.1930932,-14743636.80910794,-12551747.454687059,0.0,inf,-4.769068176796139,337.77252621587485,0.11
BLR,Belarus,flagship_regional_hub,2500,24693452.158357773,19800948.5396077,0.6727200777653284,0.1337130050275405,1814200767.2771716,5892.896724724852,75.0,33.362604286661714,0.00014458541176151282,234476.35655259533,0.0,1138738.2862679937,4340535.855697419,-3201797.5694294246,-46654735.05348092,-3427672064.170685,-47732268.96440632,-3506837295.319072,-51399788.88247149,-43158069.84502729,0.0,inf,-16.285649972935516,1195.7617586909698,0.11
PAN,Panama,partner_embedded_branch,600,2034223.004256095,1682317.0517597175,0.7660028542688768,0.09925393569448591,149452126.47739062,6074.9460268194225,25.0,21.64349745796064,0.00014362622048776384,150771.71108754785,0.08,246223.7557331657,633618.1080300687,-336704.9036544975,-4493766.005208232,-330152045.26004314,-4537599.49270695,-333372443.3697376,-5060035.094397525,-3940211.094223376,0.0,inf,-2.560823084615174,132.71826172851746,0.11
PAN,Panama,urban_standard_branch,1400,7058952.537942828,5837804.506830127,0.7660028542688768,0.09925393569448591,518613478.11486787,6074.9460268194225,40.0,21.586748765569684,0.00014362622048776384,150771.71108754785,0.0,445892.80029953277,1594136.6813416898,-1148243.881042157,-14902925.353519378,-1094901532.50518,-14658158.254814014,-1076918763.0071054,-15543711.77779888,-13920414.800012952,0.0,inf,-8.755974314478426,375.6584306303104,0.11
PAN,Panama,flagship_regional_hub,2500,26257438.028879564,21715090.056049246,0.7660028542688768,0.09925393569448591,1929105088.79995,6074.9460268194225,75.0,21.31032174970416,0.00014362622048776384,150771.71108754785,0.0,1074280.6922658645,4765980.931511877,-3691700.2392460126,-50975805.295221575,-3745136341.6541047,-48697548.36836016,-3577755311.320216,-54963866.25875737,-43859286.0774537,0.0,inf,-28.516354109894138,1363.8745846446502,0.11
ZAF,South Africa,partner_embedded_branch,600,1768020.297262286,1449171.881997089,0.5775154844424775,0.10911010577596866,129894506.41753317,5317.196560926899,25.0,55.786574296960524,0.0001310540487983302,425897.8082267698,0.08,404763.0537577838,514339.4045196418,-68429.19840028667,-2929673.1041863505,-215239860.32415658,-3036401.02136184,-223081042.9983309,-3676646.996873729,-2743970.977241257,0.0,inf,-0.23069014606140614,111.08474852574057,0.11
ZAF,South Africa,urban_standard_branch,1400,5933073.805029362,4863091.077277666,0.5775154844424775,0.10911010577596866,435896406.07432175,5317.196560926899,40.0,55.64030333726594,0.0001310540487983302,425897.8082267698,0.0,604016.4123716863,1255670.181888888,-651653.7695172016,-11173221.255692048,-820884275.1123135,-11399505.862762365,-837509156.280702,-12477814.11320353,-10185421.79080795,0.0,inf,-2.20264601440645,309.0728016187647,0.11
ZAF,South Africa,flagship_regional_hub,2500,21679370.56977575,17769668.310800783,0.5775154844424775,0.10911010577596866,1592759508.4537976,5317.196560926899,75.0,54.927806833952545,0.0001310540487983302,425897.8082267698,0.0,1230379.4677728796,3685295.3990251594,-2454915.93125228,-39447220.13339358,-2898143871.25828,-41190206.70143092,-3026199177.126758,-45649478.64222398,-36724559.07374562,0.0,inf,-8.405463184312916,1082.2963850067154,0.11
SEN,Senegal,partner_embedded_branch,600,1580752.6878802977,1290820.606776885,0.45,0.11328242710753979,116136161.15060881,4761.082175796968,25.0,4.238754534268459,0.00012747608574536476,33268.69013723598,0.08,139373.81631425678,363850.78162453725,-195368.9027803175,-3054808.2173009925,-224433399.4360649,-2896743.7767748195,-212820578.86149156,-3177617.1612787633,-2700670.577639513,0.0,inf,-9.680805455509958,94.22424756882357,0.11
SEN,Senegal,urban_standard_branch,1400,5146187.95096408,4202305.334909147,0.45,0.11328242710753979,378084767.95058495,4761.082175796968,40.0,4.227640629149696,0.00012747608574536476,33268.69013723598,0.0,339323.0186673149,930992.9847898851,-591669.9661225702,-9546875.847570842,-701398466.9575975,-9618012.571545351,-706624803.8176084,-10278073.584186956,-8888556.576310435,0.0,inf,-29.395157001967334,258.8386177324543,0.11
SEN,Senegal,flagship_regional_hub,2500,18488274.443403944,15097267.155239802,0.45,0.11328242710753979,1358313186.255,4761.082175796968,75.0,4.173503987455341,0.00012747608574536476,33268.69013723598,0.0,969075.5796274795,2811293.7543735006,-1842218.1747460212,-32153254.19667227,-2362264217.2498956,-31708403.409888167,-2329581519.280733,-34072779.15127273,-28848156.985428974,0.0,inf,-92.71170167791414,883.4353698829921,0.11
NGA,Nigeria,partner_embedded_branch,600,1722473.848378705,1347439.3655232787,0.48552762878898925,0.1621193181481686,126548258.91915025,5025.104047649466,25.0,45.22306947807408,0.00011727385155809045,385820.23574969935,0.08,338160.60430214694,442482.67856436817,-68923.45997707179,-2787204.630876336,-204772858.30539045,-2794035.6072728084,-205274722.62716526,-3289319.84837056,-2345547.366618762,0.0,inf,-0.3032927131350899,100.98325555714905,0.11
NGA,Nigeria,urban_standard_branch,1400,5642438.1858969405,4413909.294684237,0.48552762878898925,0.1621193181481686,414543726.83584374,5025.104047649466,40.0,45.10449575569993,0.00011727385155809045,385820.23574969935,0.0,537588.5928215897,1092024.7718025346,-554436.1789809449,-10203106.13280278,-749610984.1602743,-10079796.549668947,-740551564.727973,-11574803.227231849,-9087596.339917898,0.0,inf,-2.446170200926522,277.9187547569695,0.11
NGA,Nigeria,flagship_regional_hub,2500,20334204.67522062,15906835.318161393,0.48552762878898925,0.1621193181481686,1493931649.8633163,5025.104047649466,75.0,44.52691451364862,0.00011727385155809045,385820.23574969935,0.0,1164802.2832178024,3226768.8530834164,-2061966.569865614,-35685283.68092534,-2621758538.225536,-34763470.568256944,-2554033942.832213,-39498498.65893296,-30954372.62955091,0.0,inf,-9.21539509458498,952.028880561957,0.11
AGO,Angola,partner_embedded_branch,600,1708211.3898808467,1358430.631959319,0.4981101669694825,0.14317169298986301,125500411.78201695,5079.941036774271,25.0,7.3425667710985465,0.00011514303510089556,63802.307503174765,0.08,155807.81400552831,416021.0406809311,-226931.54342092833,-3390708.7076043175,-249111638.96811086,-3450185.195627591,-253481311.11904395,-3744626.0171585386,-3182884.288905699,0.0,inf,-6.083987189233529,101.10981762337636,0.11
AGO,Angola,urban_standard_branch,1400,5619613.730467524,4468917.299385734,0.4981101669694825,0.14317169298986301,412866839.20234555,5079.941036774271,40.0,7.323314750307431,0.00011514303510089556,63802.307503174765,0.0,355713.92684028903,1061462.267882139,-705748.3410418499,-10716288.163298443,-787313903.440557,-10654849.97439991,-782800107.2841896,-12114904.945371361,-9473838.02297883,0.0,inf,-18.97070603381158,278.6206413540838,0.11
AGO,Angola,flagship_regional_hub,2500,20303964.32501363,16146436.707245953,0.4981101669694825,0.14317169298986301,1491709924.597994,5079.941036774271,75.0,7.229536754155446,0.00011514303510089556,63802.307503174765,0.0,985256.59561693,3199945.907926959,-2214689.312310029,-36184268.775788344,-2658418424.2615166,-35787819.46172601,-2629291729.251602,-38918858.51700887,-33043756.354520038,0.0,inf,-60.30365957388934,956.8447108583402,0.11
CRI,Costa Rica,partner_embedded_branch,600,1962469.9935774852,1679296.9558331089,0.7709601199444007,0.06238722361043173,144180511.71114492,5853.356099683406,25.0,21.011288283611023,0.00014812210052269153,141925.02313521804,0.08,238067.0903395978,616450.0183695866,-329066.9265604218,-4366691.447956766,-320816017.3207909,-4221345.586098534,-310137616.7305146,-4728223.882084295,-3651039.426852621,0.0,inf,-2.675633392754625,135.65751466596308,0.11
CRI,Costa Rica,urban_standard_branch,1400,6828638.5305400025,5843305.596696621,0.7709601199444007,0.06238722361043173,501692561.33639044,5853.356099683406,40.0,20.956197227377608,0.00014812210052269153,141925.02313521804,0.0,437757.5214723576,1550801.6986044748,-1113044.177132117,-14455122.853386972,-1062001975.4032022,-14712068.178508097,-1080879465.7999935,-15666998.859458348,-13462193.302602375,0.0,inf,-9.073920686226884,386.2389260404392,0.11
CRI,Costa Rica,flagship_regional_hub,2500,25442466.21851632,21771265.909525976,0.7709601199444007,0.06238722361043173,1869230006.361554,5853.356099683406,75.0,20.687844678025996,0.00014812210052269153,141925.02313521804,0.0,1066249.5889620092,4636169.275480268,-3569919.6865182584,-49438538.49518242,-3632195040.8487077,-51262278.20732854,-3766183191.3864,-54904652.29119773,-46651745.92867571,0.0,inf,-29.480731326951375,1420.3707455591589,0.11
CIV,Côte d'Ivoire,partner_embedded_branch,600,1641832.1594196802,1319310.8906312396,0.4691829095042467,0.13132901500372493,120623602.73718855,4942.70542325894,25.0,7.369983756215934,0.00012258757684425022,60151.46712354841,0.08,154970.55233393164,387881.658179407,-201880.5731911228,-3177698.084868861,-233461982.82742187,-3188261.7544313427,-234238084.0101409,-3594725.9499552064,-2829177.3631420983,0.0,inf,-5.541958514490781,96.24554293654384,0.11
CIV,Côte d'Ivoire,urban_standard_branch,1400,5366097.492758289,4311982.087674132,0.4691829095042467,0.13132901500372493,394241280.0857095,4942.70542325894,40.0,7.350659848796619,0.00012258757684425022,60151.46712354841,0.0,354878.86044721166,989567.810646335,-634688.9501991234,-10045748.142626895,-738050065.715841,-10292632.46521101,-756188385.3233413,-10862122.300471196,-9540858.126911068,0.0,inf,-17.469073942748857,264.4855138422487,0.11
CIV,Côte d'Ivoire,flagship_regional_hub,2500,19318490.203592997,15523568.819094023,0.4691829095042467,0.13132901500372493,1419308224.9187536,4942.70542325894,75.0,7.2565316876403525,0.00012258757684425022,60151.46712354841,0.0,984432.2225854883,2983035.723665081,-1998603.5010795926,-33928414.995123945,-2492683328.4352617,-32466465.009606384,-2385275471.1442704,-34969322.57441258,-29953623.262943305,0.0,inf,-55.72278572121688,903.3441934417643,0.11
SRB,Serbia,partner_embedded_branch,600,1904450.3092301171,1584520.6151487695,0.6890875002732493,0.09264495922883136,139917869.32379657,5843.899458310613,25.0,24.30778785267319,0.00014685388677411276,165609.84330641793,0.08,256370.1775343675,569745.9662897787,-267796.1114522289,-3980496.39037174,-292442691.25458235,-4092577.6718023666,-300677179.7118809,-4603028.942047917,-3408524.453707292,0.0,inf,-1.8851941945250479,121.19161144728274,0.11
SRB,Serbia,urban_standard_branch,1400,6531428.054558636,5434209.728996754,0.6890875002732493,0.09264495922883136,479856834.59756297,5843.899458310613,40.0,24.244053459549562,0.00014685388677411276,165609.84330641793,0.0,456012.6184443346,1429670.5729649998,-973657.9545206652,-13373472.751842866,-982534332.2578684,-13257572.345939811,-974019256.9266175,-14287703.287400346,-11439327.565760257,0.0,inf,-6.872242053941375,340.22115372699164,0.11
SRB,Serbia,flagship_regional_hub,2500,24147894.533655334,20091275.95273572,0.6890875002732493,0.09264495922883136,1774119248.7036705,5843.899458310613,75.0,23.93359858637308,0.00014685388677411276,165609.84330641793,0.0,1084270.9220617563,4267522.97362003,-3183252.051558274,-45899033.95970695,-3372151536.082314,-45811843.42254238,-3365745743.2264237,-50620961.34202014,-42992330.18573037,0.0,inf,-22.759372785795065,1213.7105394895689,0.11
VEN,"Venezuela, RB",partner_embedded_branch,600,2141229.2437995104,1685131.080665025,0.7570757105211006,0.15514577005459768,157313757.18978187,5669.157190680772,25.0,132.80247711207411,0.00012516038774512065,1061611.0498579722,0.08,842762.9933377283,795557.143361727,110850.42144493945,-2920380.811322012,-214557165.78893578,-2707593.8042804347,-198923938.44729885,-3893214.8934437637,-1763749.8751743431,0.0,inf,0.1472355468778356,150.16245817652566,0.11
VEN,"Venezuela, RB",urban_standard_branch,1400,7397941.9350441685,5822123.868239752,0.7570757105211006,0.15514577005459768,543518656.2315665,5669.157190680772,40.0,132.4542724405774,0.00012516038774512065,1061611.0498579722,0.0,1040867.9274011737,1838497.09586904,-797629.1684678661,-14216969.774060607,-1044505130.6334814,-14344814.471561372,-1053897739.9296954,-16093854.581019778,-12528462.641165983,0.0,inf,-1.0622250937001594,428.3719715134845,0.11
VEN,"Venezuela, RB",flagship_regional_hub,2500,27446618.54697064,21600279.422014087,0.7570757105211006,0.15514577005459768,2016472873.3655314,5669.157190680772,75.0,130.75814211233703,0.00012516038774512065,1061611.0498579722,0.0,1661636.923132365,5204264.527242321,-3542627.6041099555,-52299940.100039095,-3842419069.2157626,-52152762.032641664,-3831606058.4999475,-54980685.391480215,-46587180.6476636,0.0,inf,-4.779013552270365,1582.120175105752,0.11
QAT,Qatar,partner_embedded_branch,600,2360347.8675991115,2079541.3120217707,1.0972634260545835,0.03184811781416573,173412161.44985238,7247.43233979467,25.0,9.709913454112428,0.00014447172341719132,67244.79280694255,0.08,187557.06315258413,832770.2739534685,-578591.588884607,-6130121.659297753,-450373295.1747807,-6277903.083501173,-461230633.85143936,-7073300.771781605,-5616288.111067384,0.0,inf,-8.221907516534433,158.3801522009365,0.11
QAT,Qatar,urban_standard_branch,1400,8539177.666894305,7523286.280281626,1.0972634260545835,0.03184811781416573,627363990.0912911,7247.43233979467,40.0,9.684454311345855,0.00014447172341719132,67244.79280694255,0.0,387379.9302745394,2117965.0962410783,-1730585.165966539,-19684642.646171737,-1446209042.1073267,-19620075.588055007,-1441465371.3712547,-20664993.303910512,-18446402.355266355,0.0,inf,-24.65662627667708,461.0017457932213,0.11
QAT,Qatar,flagship_regional_hub,2500,32443706.91524904,28583934.500304665,1.0972634260545835,0.03184811781416573,2383603458.98574,7247.43233979467,75.0,9.560440971743683,0.00014447172341719132,67244.79280694255,0.0,1016517.1031180606,6372891.524023441,-5356374.42090538,-66840596.050322495,-4910705067.161539,-67702060.10296944,-4973995883.499052,-73480919.35016577,-62381014.178039975,0.0,inf,-77.30522231165813,1782.9973770124468,0.11
MNG,Mongolia,partner_embedded_branch,600,1746558.70068027,1453635.6258950264,0.5844520170281724,0.09228241843924419,128317746.5244087,5516.366474301389,25.0,15.50417915198017,0.00014808784662786185,104750.35763102693,0.08,202105.66472212411,474589.7875705556,-234516.93984278702,-3544141.821655631,-260384201.0810354,-3573827.278809081,-262565158.9640965,-4142120.1795699657,-3076395.498753759,0.0,inf,-2.7420308088488143,106.11857747466156,0.11
MNG,Mongolia,urban_standard_branch,1400,5875273.968934424,4889905.818688081,0.5844520170281724,0.09228241843924419,431649915.6962463,5516.366474301389,40.0,15.463527593923116,0.00014808784662786185,104750.35763102693,0.0,401890.38578580983,1200898.2436130752,-799007.8578272654,-11598696.066657927,-852143441.4516846,-11359027.824592069,-834535279.3421723,-12373567.497139987,-10336882.004396599,0.0,inf,-9.36675943279157,294.523605989454,0.11
MNG,Mongolia,flagship_regional_hub,2500,21499182.34047266,17893459.501562636,0.5844520170281724,0.09228241843924419,1579521277.453952,5516.366474301389,75.0,15.26551089238258,0.00014808784662786185,104750.35763102693,0.0,1030841.746399829,3602623.3824381256,-2571781.6360382964,-39559111.555786826,-2906364410.980947,-38091705.7258921,-2798555718.804994,-41628070.733196266,-33897896.31527674,0.0,inf,-30.540042497176742,1026.135788075579,0.11
KEN,Kenya,partner_embedded_branch,600,1638924.351439834,1300717.8651556417,0.4514806095520233,0.14546841286245005,120409969.28349803,4876.720947447636,25.0,9.330638952232476,0.00011791734921361876,79169.85170825166,0.08,163682.80553416605,379303.6738551892,-185276.574412608,-3093100.8817523657,-227246719.3713764,-3153054.772130588,-231651465.74818498,-3598887.353670447,-2886007.973743814,0.0,inf,-4.071751098884617,94.58480924335312,0.11
KEN,Kenya,urban_standard_branch,1400,5326975.053966653,4227706.796744869,0.4514806095520233,0.14546841286245005,391366997.5423706,4876.720947447636,40.0,9.306174257432582,0.00011791734921361876,79169.85170825166,0.0,363568.27034414664,965983.4638321508,-602415.1934880042,-9835015.95520393,-722567803.711282,-9755259.503181454,-716708184.913288,-10777424.159925414,-8992191.198943807,0.0,inf,-13.273847714869879,259.39198431141176,0.11
KEN,Kenya,flagship_regional_hub,2500,19114685.597528268,15170201.737313675,0.4514806095520233,0.14546841286245005,1404334924.6962447,4876.720947447636,75.0,9.187004946340693,0.00011791734921361876,79169.85170825166,0.0,993010.3610874797,2908935.991904382,-1915925.6308169025,-33257005.66450775,-2443355623.4651537,-33103262.60838737,-2432060290.249351,-36699576.43386662,-29506242.280136958,0.0,inf,-42.76384943254155,882.395810497456,0.11
KGZ,Kyrgyz Republic,partner_embedded_branch,600,1650318.0939535752,1322789.2592374277,0.47139418961780355,0.1341860888606934,121247055.01286583,5036.345165272682,25.0,16.921736197595678,0.00020560976151073925,82343.1250864043,0.08,201814.7561153095,398108.8206096329,-164445.35884555275,-3044483.2777210083,-223674837.482557,-3120386.315903929,-229251350.20451418,-3485537.501825184,-2845424.955504597,0.0,inf,-1.9295730011005907,94.8825383389308,0.11
KGZ,Kyrgyz Republic,urban_standard_branch,1400,5395955.361483389,4325052.134885959,0.47139418961780355,0.1341860888606934,396434904.85728693,5036.345165272682,40.0,16.87736784150797,0.00020560976151073925,82343.1250864043,0.08,401600.239933863,1006603.1195337687,-524474.6300372042,-9515963.585756743,-699127377.0856036,-9757422.688825082,-716867111.7830211,-10782343.664763447,-8650853.601037804,0.0,inf,-6.170271622286887,260.43864006880204,0.11
KGZ,Kyrgyz Republic,flagship_regional_hub,2500,19429846.105504222,15573719.897492778,0.47139418961780355,0.1341860888606934,1427489420.5406792,5036.345165272682,75.0,16.661246345920176,0.00020560976151073925,82343.1250864043,0.08,1030555.3159824245,3018380.3461416257,-1746354.602467871,-32643044.181646887,-2398248548.676997,-33566248.763678275,-2466075373.793803,-36341488.544920824,-30009153.314513978,0.0,inf,-20.81179122598108,887.4970606460619,0.11
IRQ,Iraq,partner_embedded_branch,600,1875819.397957937,1460564.6533772354,0.5749406134418411,0.16755554629973604,137814387.7666319,5277.689665290445,25.0,23.71961840381772,0.0001185574832963876,200172.71542876764,0.08,240177.39351788335,505819.73717913637,-225176.76468692214,-3686061.6051674397,-270810891.46388614,-3909251.0757200695,-287208376.35697025,-4367841.610304373,-3595970.3844420942,0.0,inf,-1.7987550551034166,117.36917957498308,0.11
IRQ,Iraq,urban_standard_branch,1400,6269809.961684984,4881846.740362428,0.5749406134418411,0.16755554629973604,460636041.09403795,5277.689665290445,40.0,23.657426175826675,0.0001185574832963876,200172.71542876764,0.0,439862.2914901108,1271782.4919910058,-831920.200500895,-12264372.584461458,-901049962.9705405,-11529918.48167419,-847090427.938273,-12821075.234985387,-10340026.801313283,0.0,inf,-6.663007878059389,326.6577532866923,0.11
IRQ,Iraq,flagship_regional_hub,2500,22849917.394281592,17791575.09246832,0.5749406134418411,0.16755554629973604,1678758296.048735,5277.689665290445,75.0,23.354483301387283,0.0001185574832963876,200172.71542876764,0.0,1068327.4065516128,3800765.6382585093,-2732438.231706897,-41939694.285229586,-3081263205.472104,-40807520.47171005,-2998083640.7840185,-45231088.71700676,-37221202.259018615,0.0,inf,-22.16849653756625,1144.5907148483625,0.11
AZE,Azerbaijan,partner_embedded_branch,600,1842850.5202695557,1509406.71062209,0.625541638996425,0.10991864750623505,135392200.588632,5638.278496417774,25.0,21.104604498790785,0.000134672775949457,156791.8773184784,0.08,234233.89221209654,521679.222203996,-245710.99221557978,-3757294.1213744874,-276044266.0738501,-3782002.8374614418,-277859588.26517093,-4402676.7971239695,-3410063.158234651,0.0,inf,-2.0649086532830085,114.11583362144768,0.11
AZE,Azerbaijan,urban_standard_branch,1400,6242847.2668973515,5113271.77890984,0.625541638996425,0.10991864750623505,458655121.56695485,5638.278496417774,40.0,21.04926876984675,0.000134672775949457,156791.8773184784,0.0,433934.3738915313,1313423.4373295552,-879489.0634380239,-12496664.042199159,-918116160.8499259,-12412706.614403417,-911947900.9829433,-14087807.627204506,-11023471.30142846,0.0,inf,-7.4104896710479045,318.2058392469254,0.11
AZE,Azerbaijan,flagship_regional_hub,2500,22927806.52032369,18779268.660683032,0.625541638996425,0.10991864750623505,1684480724.4610093,5638.278496417774,75.0,20.77972440189262,0.000134672775949457,156791.8773184784,0.0,1062475.3983264116,3928377.454383762,-2865902.0560573507,-42777290.232424736,-3142800458.35699,-41668423.90410597,-3061333268.9683714,-45996150.32475431,-36552118.293050274,0.0,inf,-24.461046724464005,1119.33364740459,0.11
ECU,Ecuador,partner_embedded_branch,600,1821550.1564303841,1473209.550403524,0.5937585237636159,0.12404558279601587,133827286.28776826,5332.050988686168,25.0,50.88939645704016,0.00012391221543711964,410903.0195628179,0.08,380491.0624247072,530392.8063471258,-107470.31941464852,-3170497.085913994,-232932933.35530666,-3109390.579468521,-228443505.54391482,-3854111.856118846,-2265452.6646756376,0.0,inf,-0.3960654376304501,116.09774385075247,0.11
ECU,Ecuador,urban_standard_branch,1400,6127561.76648382,4955769.394108611,0.5937585237636159,0.12404558279601587,450185222.6656231,5332.050988686168,40.0,50.75596577139837,0.00012391221543711964,410903.0195628179,0.0,579808.0615741818,1301012.4769643238,-721204.415390142,-11728555.444907185,-861684067.1263415,-11483269.04551966,-843663145.1783793,-12102359.905303331,-10903772.90700137,0.0,inf,-2.664875887913321,323.85874914909414,0.11
ECU,Ecuador,flagship_regional_hub,2500,22417073.827688057,18130188.256670754,0.5937585237636159,0.12404558279601587,1646957755.3390312,5332.050988686168,75.0,50.10601517865611,0.00012391221543711964,410903.0195628179,0.0,1206481.1146615783,3829732.925123148,-2623251.8104615696,-41125622.918818764,-3021454277.660404,-40474674.64849852,-2973629824.283073,-46347930.39607948,-37020768.356199,0.0,inf,-9.818741396870413,1140.137651536052,0.11
TZA,Tanzania,partner_embedded_branch,600,1623899.7439320728,1297045.2871135017,0.45,0.138181148454007,119306127.89697108,4688.597030729617,25.0,2.5857513789855897,0.00011507670935020585,22481.51035491107,0.08,131638.6043882082,370690.612497995,-209396.75910994725,-3168800.800949552,-232808309.16488257,-3090159.2448069127,-227030600.5407946,-3421210.303817679,-2809939.887639758,0.0,inf,-17.271906668570733,98.11506647128654,0.11
TZA,Tanzania,urban_standard_branch,1400,5278428.432896004,4215999.631649704,0.45,0.138181148454007,387800330.69359326,4688.597030729617,40.0,2.578971605527508,0.00011507670935020585,22481.51035491107,0.0,331608.08826753177,950088.987977433,-618480.8997099013,-9824316.987139089,-721781762.2964231,-9964328.487049643,-732068253.1822015,-10702509.682575032,-9364461.17037859,0.0,inf,-51.14896183053856,269.87224793870763,0.11
TZA,Tanzania,flagship_regional_hub,2500,18942292.491212312,15129635.492990209,0.45,0.138181148454007,1391669392.8076284,4688.597030729617,75.0,2.545946834976838,0.00011507670935020585,22481.51035491107,0.0,961459.4420200331,2871768.08993889,-1910308.6479188572,-32997015.174819283,-2424254408.1772804,-32046324.86855737,-2354408237.135555,-34750689.18885816,-29676851.872848928,0.0,inf,-160.03364725753,923.4280149280166,0.11
BGD,Bangladesh,partner_embedded_branch,600,1710591.8314211105,1352934.6064795428,0.4924646626543241,0.14941511264655066,125675300.20349444,5055.336902513481,25.0,86.16669922634304,0.0001202214419890562,717106.5319168705,0.08,538177.6265920433,477569.5443732582,98813.64576864574,-2128072.810605376,-156347168.5150853,-2151087.9023560914,-158038061.98940945,-2672545.5008323733,-1659096.1878069541,0.0,inf,0.22684403446204082,100.86564338313713,0.11
BGD,Bangladesh,urban_standard_branch,1400,5617529.599102877,4442994.557758088,0.4924646626543241,0.14941511264655066,412713720.3635294,5055.336902513481,40.0,85.94077236224737,0.0001202214419890562,717106.5319168705,0.0,737081.1756352445,1140295.8481768188,-403214.67254157434,-9673421.483909711,-710695635.6592143,-9644770.698123837,-708590693.9433904,-11061808.854682002,-8551259.564060563,0.0,inf,-0.9280833282642197,277.79011006857303,0.11
BGD,Bangladesh,flagship_regional_hub,2500,20275219.738767903,16035997.562181322,0.4924646626543241,0.14941511264655066,1489598091.4655652,5055.336902513481,75.0,84.840266144138,0.0001202214419890562,717106.5319168705,0.0,1361740.2831272248,3299380.0063590324,-1937639.7232318076,-35294956.85195109,-2593081655.46031,-35239421.32294764,-2589001521.233508,-37058711.68571918,-32430078.317824896,0.0,inf,-4.517736569700096,952.916173153956,0.11
ARM,Armenia,partner_embedded_branch,600,1832823.422996349,1503853.116853482,0.6214912897751969,0.10795601853794477,134655520.78177646,5674.776628672101,25.0,9.27220555117068,0.00015682208724652452,59156.43246677993,0.08,170512.98754370603,505289.49251088954,-294353.3455663123,-3926973.537585729,-288510426.13553214,-3783217.5273521566,-277948830.1952829,-3914258.5726775406,-3598784.321135374,0.0,inf,-5.594189246857754,112.10872516716893,0.11
ARM,Armenia,urban_standard_branch,1400,6204823.567252358,5091130.517026893,0.6214912897751969,0.10795601853794477,455861562.1801068,5674.776628672101,40.0,9.247894067242028,0.00015682208724652452,59156.43246677993,0.0,370380.5437925316,1286526.7460497976,-916146.202257266,-12554894.843700172,-922394313.7823236,-12996609.896155324,-954846632.7996459,-14142026.313395305,-11600870.09971352,0.0,inf,-17.45714293574878,312.18742857503094,0.11
ARM,Armenia,flagship_regional_hub,2500,22780490.80236631,18691659.90937846,0.6214912897751969,0.10795601853794477,1673657600.7099702,5674.776628672101,75.0,9.129471057468292,0.00015682208724652452,59156.43246677993,0.0,999735.400629497,3873665.13276356,-2873929.732134063,-42554516.97349965,-3126433552.0743484,-42792094.96019576,-3143888145.4211264,-48203708.72205685,-38847809.71612982,0.0,inf,-55.4730133451948,1095.1144721199964,0.11
KHM,Cambodia,partner_embedded_branch,600,1633642.5497347605,1319781.2244058144,0.4707680438440288,0.12528467840311316,120021921.12220816,5021.202431103934,25.0,10.207180364780864,0.00014775823781281277,69116.2616955437,0.08,169202.22610785987,389347.2117602935,-188997.20871161018,-3116591.8963085366,-228972578.37070227,-3181318.292348892,-233727955.48875153,-3372030.9764128723,-2952163.1589676193,0.0,inf,-3.6875835651298283,94.32679507262232,0.11
KHM,Cambodia,urban_standard_branch,1400,5343516.067518291,4316900.401110662,0.4707680438440288,0.12528467840311316,392582247.6128946,5021.202431103934,40.0,10.180417400993472,0.00014775823781281277,69116.2616955437,0.0,369073.2191393804,990577.6770238968,-621504.4578845165,-9971017.592923045,-732559694.432704,-9619903.905212551,-706763758.0216705,-10420642.503265051,-8186525.627126289,0.0,inf,-12.15824618871069,258.9486830433066,0.11
KHM,Cambodia,flagship_regional_hub,2500,19246755.376404397,15548999.002648652,0.4707680438440288,0.12528467840311316,1414037946.073517,5021.202431103934,75.0,10.050053054190558,0.00014775823781281277,69116.2616955437,0.0,998444.8167952881,2981256.0300213825,-1982811.2132260944,-33788472.549982145,-2482401910.9273834,-33937883.60813988,-2493378977.0180683,-36421308.417654276,-32443329.717694383,0.0,inf,-39.29210368862804,882.6577371914104,0.11
TUN,Tunisia,partner_embedded_branch,600,1726757.6252471476,1408618.953402607,0.5440130759059616,0.11441043408062053,126862983.29352017,5291.830648304784,25.0,14.425002612641203,0.00013673909167053573,105547.84343726188,0.08,193281.28409035323,449450.9641755151,-220213.60295112067,-3429484.5379628898,-251960456.57114178,-3498485.173853873,-257029857.38935283,-3964489.373533191,-3027284.7775020897,0.0,inf,-2.884843810493561,104.36318696639549,0.11
TUN,Tunisia,urban_standard_branch,1400,5751442.280228372,4691793.733455341,0.5440130759059616,0.11441043408062053,422552137.7418702,5291.830648304784,40.0,14.3871806276504,0.00013673909167053573,105547.84343726188,0.0,393089.14245257335,1138788.6105730059,-745699.4681204325,-11150141.5278138,-819188632.8927994,-11063775.999744514,-812843452.5476298,-12197442.817344775,-9814318.240509825,0.0,inf,-9.794498408024632,288.81655879633723,0.11
TUN,Tunisia,flagship_regional_hub,2500,20928972.276065163,17073008.15833,0.5440130759059616,0.11441043408062053,1537628571.253004,5291.830648304784,75.0,14.202946982704159,0.00013673909167053573,105547.84343726188,0.0,1022153.2065337489,3418973.9746814882,-2396820.7681477396,-37949734.24478401,-2788125230.2566123,-38322612.246616535,-2815520166.8854456,-42154786.661914065,-35085667.6789906,0.0,inf,-31.889753040228147,1000.3844345737505,0.11
SYR,Syrian Arab Republic,partner_embedded_branch,600,1712601.1116814136,1309690.469407746,0.45,0.18876187763098454,125822919.81401062,4760.526826519943,25.0,9.996374475075358,0.00010297855343473504,97122.95429947706,0.08,165684.48850227403,392581.15640018246,-195490.17538589382,-3232554.548813308,-237492226.89131007,-3208293.0448804884,-235709760.88502014,-3581445.665022038,-2870620.246488476,0.0,inf,-4.107971316371779,100.62657263077764,0.11
SYR,Syrian Arab Republic,urban_standard_branch,1400,5549379.309798548,4243819.0326970415,0.45,0.18876187763098454,407706793.5736586,4760.526826519943,40.0,9.970164238896446,0.00010297855343473504,97122.95429947706,0.0,365564.70495111326,999514.7257243021,-633950.0207731889,-10250460.99825717,-753090094.0348562,-10196020.998551503,-749090447.1404805,-10935297.36854386,-9153934.665220505,0.0,inf,-13.356654467426587,276.4287792816141,0.11
SYR,Syrian Arab Republic,flagship_regional_hub,2500,19870070.95907274,15195390.44092028,0.45,0.18876187763098454,1459832256.2850192,4760.526826519943,75.0,9.842492268551236,0.00010297855343473504,97122.95429947706,0.0,994981.2305448832,3009410.20834471,-2014428.9777998268,-34603006.809325896,-2542244846.9736834,-34402095.67930134,-2527484127.253022,-35583681.94282461,-32733446.951835778,0.0,inf,-42.992416953960344,943.4898123838594,0.11
PAK,Pakistan,partner_embedded_branch,600,1665148.8993603468,1302950.6929661892,0.45,0.16180277186475678,122336657.9722154,4849.738456078201,25.0,37.03081585544072,0.00011657238705064455,317829.16373312636,0.08,292406.180845518,403919.47885684593,-79199.73970278027,-2716835.4606093056,-199602912.77195904,-2726813.2160761403,-200335967.49057636,-3062611.6416424224,-2453703.7247558604,0.0,inf,-0.4410036214583059,96.1922193010994,0.11
PAK,Pakistan,urban_standard_branch,1400,5404579.482925068,4228991.524525616,0.45,0.16180277186475678,397068509.5730735,4849.738456078201,40.0,36.93372201087848,0.00011657238705064455,317829.16373312636,0.0,491954.1362837689,1003765.1923681797,-511811.05608441075,-9632441.390846774,-707684873.2999825,-8993827.400407813,-660766605.8978217,-9692686.141348427,-8151102.916297278,0.0,inf,-2.857381767369633,263.8480783208202,0.11
PAK,Pakistan,flagship_regional_hub,2500,19374662.14296839,15160343.603424184,0.45,0.16180277186475678,1423435115.5155303,4849.738456078201,75.0,36.460770818869534,0.00011657238705064455,317829.16373312636,0.0,1119752.1942833844,2978605.76039151,-1858853.5661081257,-33447233.440898024,-2457331448.945993,-33040870.855582543,-2427476436.801708,-36204238.09154879,-29288455.844518367,0.0,inf,-10.512379124152917,897.8744021306063,0.11
GTM,Guatemala,partner_embedded_branch,600,1812591.2162167556,1455208.7833814526,0.5776964040180603,0.13235311343550898,133169082.8051072,5273.787526273852,25.0,21.1772732221648,0.00012858497061521277,164780.5636859744,0.08,227217.06178516414,491178.7087005825,-224667.35021937173,-3598150.290111129,-264352143.84914556,-3492577.64173235,-256595837.50266987,-4048738.0154087725,-3076220.1397467,0.0,inf,-2.0116262525713147,114.60685125644076,0.11
GTM,Guatemala,urban_standard_branch,1400,6074504.953128807,4876815.513283444,0.5776964040180603,0.13235311343550898,446287196.95092505,5273.787526273852,40.0,21.121746957701394,0.00012858497061521277,164780.5636859744,0.0,426935.9414130928,1237033.50114504,-810097.5597319471,-11916291.372547414,-875476819.2205487,-11952906.52372478,-878166894.1008835,-12474819.347397653,-11000203.767425539,0.0,inf,-7.2725189217575075,319.15080536519605,0.11
GTM,Guatemala,flagship_regional_hub,2500,22176062.125696234,17803683.531845428,0.5776964040180603,0.13235311343550898,1629250890.7065642,5273.787526273852,75.0,20.851274477348234,0.00012858497061521277,164780.5636859744,0.0,1055566.5835957294,3700617.091060699,-2645050.5074649695,-40726713.62869001,-2992146850.9148636,-40403095.094948806,-2968370953.2212844,-44284617.352609195,-36660754.574580535,0.0,inf,-24.05352527927307,1119.59075756025,0.11
PRY,Paraguay,partner_embedded_branch,600,1759066.1397335145,1448911.8057285682,0.5783912285232148,0.10369108029819825,129236654.3134676,5429.820499582083,25.0,12.176833174955588,0.00013374840565201845,91090.25058289716,0.08,183473.29765763044,471243.878961843,-250071.0709872651,-3618488.8528249487,-265846395.6793109,-3525312.15027454,-259000805.83730516,-3999328.9775039614,-3239554.0492689954,0.0,inf,-3.7821924652896097,107.9362419453244,0.11
PRY,Paraguay,urban_standard_branch,1400,5905995.477758028,4864664.482484726,0.5783912285232148,0.10369108029819825,433906991.1558568,5429.820499582083,40.0,12.144905832275242,0.00013374840565201845,91090.25058289716,0.0,383306.8723074388,1196429.6091211922,-813122.7368137534,-11679680.222253498,-858093258.28072,-11677005.75466105,-857896768.0886172,-12764572.456177073,-10811088.770277869,0.0,inf,-12.330380555690155,299.7273213674391,0.11
PRY,Paraguay,flagship_regional_hub,2500,21587221.45241282,17781014.20337517,0.5783912285232148,0.10369108029819825,1585989414.1651723,5429.820499582083,75.0,11.989385419560833,0.00013374840565201845,91090.25058289716,0.0,1012496.202299381,3596342.464747599,-2583846.2624482177,-39686169.63858266,-2915699228.5600657,-38868366.95618602,-2855616165.067335,-41298529.47208248,-35880400.990533605,0.0,inf,-39.690290300645266,1045.3941387542754,0.11
BRN,Brunei Darussalam,partner_embedded_branch,600,2085748.96671588,1830845.0147661238,0.8975437413045317,0.03566135254183699,153237682.26075232,6857.407860460935,25.0,1.605138553631668,0.0001472762700049803,10904.503695761392,0.08,130566.80614541059,671654.1082646555,-487354.9734580724,-5233005.762473213,-384463177.06256825,-5213671.935501303,-383042742.0621517,-5641864.134170683,-4899208.289438561,0.0,inf,-44.27646046321692,131.1751119617571,0.11
BRN,Brunei Darussalam,urban_standard_branch,1400,7389987.80250574,6486841.198681576,0.8975437413045317,0.03566135254183699,542934274.863514,6857.407860460935,40.0,1.6009299217226234,0.0001472762700049803,10904.503695761392,0.0,330539.1002520971,1722831.2155964074,-1392292.1153443102,-16449290.598827919,-1208511286.0762286,-16911559.97848472,-1242473708.9032962,-18457394.240471706,-13723001.143561626,0.0,inf,-126.82301133482201,373.15055018813763,0.11
BRN,Brunei Darussalam,flagship_regional_hub,2500,27791202.02732752,24394778.325699553,0.8975437413045317,0.03566135254183699,2041789042.6255229,6857.407860460935,75.0,1.5804293690142204,0.0001472762700049803,10904.503695761392,0.0,960404.1428268622,5209885.0083905775,-4249480.865563715,-55569239.68769741,-4082610913.6914725,-55067341.633348525,-4045737015.72632,-58060669.99642844,-50935696.26244934,0.0,inf,-392.103578240815,1369.6035219842247,0.11
LBY,Libya,partner_embedded_branch,600,1897711.7573178534,1480293.1878480702,0.5911466024563711,0.1654397391104247,139422795.32720965,5271.132442123836,25.0,19.15857435826129,0.00013099966434568336,146325.21145069844,0.08,216947.88753088604,514728.0524734523,-256601.92074469005,-3853912.6375861536,-283142722.1795534,-3840989.581636568,-282193279.4742989,-4228195.268287221,-3356675.8564136345,0.0,inf,-2.5409304956379084,121.43296313312685,0.11
LBY,Libya,urban_standard_branch,1400,6364990.406559615,4964954.189283863,0.5911466024563711,0.1654397391104247,467628843.68048775,5271.132442123836,40.0,19.108341070179367,0.00013099966434568336,146325.21145069844,0.0,416693.6926689822,1299400.45094899,-882706.7582800078,-12614931.083338734,-926805110.2687051,-12169257.81708241,-894061985.6374459,-13346641.060609767,-11399577.03957355,0.0,inf,-8.763741093741883,338.9971852257328,0.11
LBY,Libya,flagship_regional_hub,2500,23241275.4314499,18129150.312427346,0.5911466024563711,0.1654397391104247,1707510940.5456498,5271.132442123836,75.0,18.86365106347511,0.00013099966434568336,146325.21145069844,0.0,1045455.490973684,3892664.8240313926,-2847209.3330577086,-42963569.07698234,-3156486160.1599083,-42308110.94218495,-3108330372.000292,-45921911.99984264,-38454129.40749366,0.0,inf,-28.6345073693974,1195.296061443229,0.11
RWA,Rwanda,partner_embedded_branch,600,1583988.3157410573,1291289.1117559709,0.45,0.11515644702388389,116373879.17034817,4640.42900118909,25.0,1.2239524033758034,0.00013135861104562738,9322.494506713796,0.08,125452.47765955215,362219.4734952449,-207789.43795607318,-3109855.388869842,-228477654.57933956,-3010244.3497791803,-221159341.10949162,-3248150.344233135,-2789104.7256454043,0.0,inf,-36.58481022629526,97.3276772795672,0.11
RWA,Rwanda,urban_standard_branch,1400,5156115.0196073735,4203336.045863137,0.45,0.11515644702388389,378814098.7640322,4640.42900118909,40.0,1.2207432317262006,0.00013135861104562738,9322.494506713796,0.0,325438.1814036872,929576.2779467923,-604138.0965431051,-9607141.952278227,-705826151.3777338,-9464852.609298592,-695372309.8672974,-9990584.013988638,-8772816.221482372,0.0,inf,-106.64825786946751,267.941748271537,0.11
RWA,Rwanda,flagship_regional_hub,2500,18522384.73097829,15099703.38113105,0.45,0.11515644702388389,1360819231.5617712,4640.42900118909,75.0,1.205111122771362,0.00013135861104562738,9322.494506713796,0.0,955368.5432996132,2811875.3765164535,-1856506.8332168404,-32250780.490086753,-2369429366.7481346,-32348185.640654642,-2376585616.014692,-35417374.519644514,-28679090.372058462,0.0,inf,-331.97954462182855,918.4206063637515,0.11
CMR,Cameroon,partner_embedded_branch,600,1661188.4686092618,1302385.6016878232,0.45,0.15954240675129244,122045689.481407,4801.472034183031,25.0,5.952637400456948,0.00011425196711573114,52128.10013049338,0.08,147438.16512760898,380111.57305725804,-202264.48208506842,-3188895.8402764215,-234284669.5996844,-3312446.148875674,-243361774.867132,-3651961.0415006424,-2988725.2833110117,0.0,inf,-7.07678162510521,97.15546352879872,0.11
CMR,Cameroon,urban_standard_branch,1400,5392478.8130588755,4227748.323713211,0.45,0.15954240675129244,396179486.6687412,4801.472034183031,40.0,5.937029738644916,0.00011425196711573114,52128.10013049338,0.0,347366.2229659679,971196.7130617094,-623830.4900957416,-9997043.191739734,-734471766.5496074,-10097410.044707462,-741845608.8336082,-10965792.74824011,-8775690.010136677,0.0,inf,-21.88381170600942,266.70595835943305,0.11
CMR,Cameroon,flagship_regional_hub,2500,19333219.42543871,15157405.12877668,0.45,0.15954240675129244,1420390364.6456141,4801.472034183031,75.0,5.861003680641402,0.00011425196711573114,52128.10013049338,0.0,977015.7874542498,2930222.965147752,-1953207.177693502,-33665896.54503384,-2473396386.677437,-32490033.59519167,-2387007029.2017775,-37155662.45188478,-29365114.227690224,0.0,inf,-69.40678274735241,909.0452054844443,0.11
MUS,Mauritius,partner_embedded_branch,600,1838144.3527246523,1564755.2711652303,0.6782193386509439,0.0679243914062017,135046443.6358922,5911.17682897064,25.0,4.061062791160282,0.00015459016416047164,26283.548635178984,0.08,143045.43386121743,526031.2022962098,-340903.2722512955,-4157037.866971898,-305412999.3447717,-4311613.743419199,-316769518.9538908,-4611286.831458319,-3977336.368395672,0.0,inf,-14.20095379119736,114.46985143058012,0.11
MUS,Mauritius,urban_standard_branch,1400,6301297.348129625,5364098.976258319,0.6782193386509439,0.0679243914062017,462949384.74000067,5911.17682897064,40.0,4.050414789211265,0.00015459016416047164,26283.548635178984,0.0,342985.0093277174,1345974.4559742645,-1002989.4466465472,-13107155.38352678,-962968288.1567907,-12951843.338445872,-951557683.047946,-14568626.868909465,-11071389.835962942,0.0,inf,-41.89121070399435,320.3547502915863,0.11
MUS,Mauritius,flagship_regional_hub,2500,23295701.181761462,19830907.820497885,0.6782193386509439,0.0679243914062017,1711509540.5527148,5911.17682897064,75.0,3.998547595806714,0.00015459016416047164,26283.548635178984,0.0,972690.6770219542,4064413.923173441,-3091723.246151487,-44295584.000847735,-3254347831.3998823,-42934955.758119896,-3154383971.097735,-49695475.71594649,-38551552.32125397,0.0,inf,-130.80501359363205,1135.4208908400751,0.11
CUB,Cuba,partner_embedded_branch,600,1866498.5999764078,1520605.4422006246,0.6333078660302148,0.11588243865142489,137129598.99180672,5696.641145108448,25.0,19.78509787160142,0.00013969578633529834,141703.65448079855,0.08,228200.25849154772,529496.5265785404,-258936.5459607095,-3847713.0480801403,-282687245.15809506,-3920897.920359046,-288064057.2210668,-4346306.217084681,-3464902.7352164537,0.0,inf,-2.2973982464348675,115.01874305442887,0.11
CUB,Cuba,urban_standard_branch,1400,6329988.05187249,5156936.2446154,0.6333078660302148,0.11588243865142489,465057259.18421483,5696.641145108448,40.0,19.733221855018552,0.00013969578633529834,141703.65448079855,0.0,427916.56020305783,1334883.533201799,-906966.9729987412,-12732868.769883368,-935469862.3676842,-12816307.230625235,-941599994.2960824,-13961204.141404474,-10887350.609774219,0.0,inf,-8.06816203593302,320.7926051701103,0.11
CUB,Cuba,flagship_regional_hub,2500,23260707.34846681,18950112.356881365,0.6333078660302148,0.11588243865142489,1708938582.1137733,5696.641145108448,75.0,19.480529998081977,0.00013969578633529834,141703.65448079855,0.0,1056534.6451669694,3995749.141327277,-2939214.4961603074,-43528171.44197011,-3197966874.852958,-41042662.35381559,-3015359256.2062426,-43747436.487206616,-36808890.979895204,0.0,inf,-26.485711872335898,1128.9345509568182,0.11
UGA,Uganda,partner_embedded_branch,600,1653635.5730634378,1301306.8087283617,0.45,0.1552272349134467,121490786.55384041,4595.532642242652,25.0,1.446882905463791,0.00011654343532327211,12421.433664921104,0.08,126383.22971669926,375367.9346692636,-218955.27017902324,-3247802.977399502,-238612512.1662663,-3371272.2114890506,-247683660.97866794,-3697644.1482023867,-2900518.96000523,0.0,inf,-32.92957776875276,102.00928477005858,0.11
UGA,Uganda,urban_standard_branch,1400,5369395.079066091,4225374.979202395,0.45,0.1552272349134467,394483550.12439877,4595.532642242652,40.0,1.4430892157845985,0.00011654343532327211,12421.433664921104,0.0,326366.49305293424,963155.3313890711,-636788.8383361369,-10016032.969353756,-735866924.6221542,-10168534.035895277,-747071010.2297865,-11592877.467397882,-9317929.433729727,0.0,inf,-96.02104011107734,281.0659867159613,0.11
UGA,Uganda,flagship_regional_hub,2500,19254143.38115405,15151795.40538748,0.45,0.1552272349134467,1414580734.6556687,4595.532642242652,75.0,1.4246098769142956,0.00011654343532327211,12421.433664921104,0.0,956284.9675441481,2913159.962760181,-1956874.995216033,-33578364.531808496,-2466965505.9509854,-32696697.456534553,-2402190395.7643914,-37986967.725889556,-29375766.273676403,0.0,inf,-298.9036907846163,965.0153121075036,0.11
COD,"Congo, Dem. Rep.",partner_embedded_branch,600,1734221.6355957242,1312742.6182657904,0.45,0.2009704730631618,127411355.92341872,4434.45,25.0,2.9682669037201017,0.0001317510096976431,22541.102396732673,0.08,132636.12592435355,391318.3714484766,-227376.77580824494,-3391992.403833501,-249205950.71800312,-3253969.9402597174,-239065592.14394715,-3530574.380035472,-3042520.675258141,0.0,inf,-17.27441670672353,110.71460003450332,0.11
COD,"Congo, Dem. Rep.",urban_standard_branch,1400,5615242.094814006,4250533.760184739,0.45,0.2009704730631618,412545659.93968076,4434.45,40.0,2.960484184416965,0.0001317510096976431,22541.102396732673,0.0,332602.9943279243,1002738.798167655,-670135.8038397308,-10475673.080419486,-769636177.9780313,-10607038.628968883,-779287460.327852,-11525224.636533929,-9764772.888312774,0.0,inf,-51.045835215582265,306.02567645435494,0.11
COD,"Congo, Dem. Rep.",flagship_regional_hub,2500,20095103.66339584,15211261.61498211,0.45,0.2009704730631618,1476365161.535663,4434.45,75.0,2.9225739915712166,0.0001317510096976431,22541.102396732673,0.0,962441.6079074461,3030522.58283741,-2068080.9749299637,-35096833.073777325,-2578525719.414039,-34076082.68346987,-2503532311.0635796,-38694560.33611975,-31015734.52290172,0.0,inf,-159.57404788046463,1057.4316761140767,0.11
LKA,Sri Lanka,partner_embedded_branch,600,1776884.0687578411,1425872.8865493222,0.5541214286978215,0.13288440270818128,130545717.95916297,5324.048299252142,25.0,12.945365032693221,0.0001279885354662051,101197.40729654464,0.08,186164.87873808815,463819.9289956935,-240549.45593794988,-3586722.866338533,-263512583.59473905,-3465544.588353778,-254609748.8073049,-4062329.948972609,-2895244.890960727,0.0,inf,-3.490182134460669,107.69764673508489,0.11
LKA,Sri Lanka,urban_standard_branch,1400,5924951.027023866,4754517.850718171,0.5541214286978215,0.13288440270818128,435299634.5093137,5324.048299252142,40.0,12.911422619293731,0.0001279885354662051,101197.40729654464,0.0,385991.39613168937,1177087.6100758645,-791096.213944175,-11576646.265790194,-850523466.8367133,-11409718.734701242,-838259484.7478921,-12500143.420170782,-10069594.006245196,0.0,inf,-11.5083542689547,298.3920818747046,0.11
LKA,Sri Lanka,flagship_regional_hub,2500,21570379.249742977,17309299.726174887,0.5541214286978215,0.13288440270818128,1584752036.061442,5324.048299252142,75.0,12.746086650269875,0.0001279885354662051,101197.40729654464,0.0,1015146.3497143901,3537325.860366916,-2522179.510652526,-39314659.28223564,-2888404771.340642,-38212048.00808023,-2807397133.9008455,-41137459.16820754,-36107021.015442565,0.0,inf,-37.16696853840125,1035.9887534762752,0.11
ZMB,Zambia,partner_embedded_branch,600,1627399.2853940465,1297548.0073608125,0.45,0.14019202944324974,119563235.35868667,4688.061651054077,25.0,0.8641847226816023,0.00011770406523377583,7345.836810245352,0.08,123889.2972075172,370063.874696204,-216569.46751299046,-3201284.7329907357,-235194867.91962308,-3341724.8092862447,-245512845.8409702,-3674146.793373725,-2983575.910922077,0.0,inf,-53.45610729121712,98.30185353387735,0.11
ZMB,Zambia,urban_standard_branch,1400,5289141.2319949735,4217105.616193787,0.45,0.14019202944324974,388587388.25931555,4688.061651054077,40.0,0.8619188526163933,0.00011770406523377583,7345.836810245352,0.0,323879.0995705006,950063.1641755956,-626184.064605095,-9865345.3554739,-724796071.3867764,-9636697.964878766,-707997599.1118816,-10185671.025313916,-9110415.431056673,0.0,inf,-154.96810305988515,270.3886253610595,0.11
ZMB,Zambia,flagship_regional_hub,2500,18979037.467618857,15132249.638276225,0.45,0.14019202944324974,1394369005.804743,4688.061651054077,75.0,0.8508816344167263,0.00011770406523377583,7345.836810245352,0.0,953829.4261374995,2874470.8940770007,-1920641.4679395012,-33078927.56943401,-2430272421.7059903,-32306939.41105932,-2373555300.8971763,-34777803.80720561,-28272135.18133008,0.0,inf,-481.4861921911614,925.2125775981691,0.11
NPL,Nepal,partner_embedded_branch,600,1611193.9773359094,1295217.370614606,0.45,0.13086948245842336,118372649.2014942,4812.527330889078,25.0,8.056112047146827,0.00011797525994152079,68322.0217566765,0.08,157219.4490312949,372383.3755115357,-185373.25643931792,-3056030.0460329126,-224523165.84898746,-2996072.6867346186,-220118164.61443704,-3356173.899805187,-2460643.81547431,0.0,inf,-4.78132618331115,94.49367711777424,0.11
NPL,Nepal,urban_standard_branch,1400,5239517.386973563,4211978.215352133,0.45,0.13086948245842336,384941578.951822,4812.527330889078,40.0,8.03498912903627,0.00011797525994152079,68322.0217566765,0.0,357121.8605954083,949403.4833843834,-592281.622788975,-9677092.149876144,-710965315.4500355,-9263705.202620402,-680594231.1607981,-9565489.031155376,-8951419.361353366,0.0,inf,-15.316860436347472,259.35042407715474,0.11
NPL,Nepal,flagship_regional_hub,2500,18808783.353601996,15120130.32719595,0.45,0.13086948245842336,1381860623.3274498,4812.527330889078,75.0,7.932097855710569,0.00011797525994152079,68322.0217566765,0.0,986646.500213018,2860856.372303943,-1874209.872090925,-32695636.553787544,-2402112452.406562,-32014251.297649555,-2352051827.1618857,-37172544.22677909,-28746583.11480371,0.0,inf,-49.097225294330826,883.6489646263145,0.11
BEN,Benin,partner_embedded_branch,600,1612745.5674076548,1295440.817231004,0.45,0.1317632689240154,118486642.81731626,4707.663143648046,25.0,1.662830082698281,0.00012260691515543487,13569.350534706753,0.08,127514.92213868922,367925.9504677844,-210976.95229167247,-3159489.035244963,-232124183.9815087,-3135197.8572004456,-230339537.85087383,-3392420.987377061,-2879598.7551662186,0.0,inf,-26.95142683611798,97.08901772793845,0.11
BEN,Benin,urban_standard_branch,1400,5244270.447596709,4212469.797908208,0.45,0.1317632689240154,385290781.08743787,4707.663143648046,40.0,1.658470185087243,0.00012260691515543487,13569.350534706753,0.0,327495.2182065674,943834.8068624792,-616339.5886559119,-9768886.97692875,-717709380.4192806,-10021505.392256286,-736268977.5131379,-10560653.538454648,-9581608.29378844,0.0,inf,-78.94179846441745,266.95883226991367,0.11
BEN,Benin,flagship_regional_hub,2500,18825095.461440463,15121292.24960122,0.45,0.1317632689240154,1383059055.9470234,4707.663143648046,75.0,1.6372328061218278,0.00012260691515543487,13569.350534706753,0.0,957399.2389173931,2854327.377453059,-1896928.1385356658,-32791443.4399231,-2409151278.9433665,-32105985.34287539,-2358791426.557178,-34622065.05457789,-28663838.869473837,0.0,inf,-246.11328723465795,912.8418380112921,0.11
ETH,Ethiopia,partner_embedded_branch,600,1700043.6062380562,1307912.4036165632,0.45,0.18164961446625266,124900333.70234314,4597.0561405620465,25.0,7.309682221180856,0.00011840232267179351,61768.12657605743,0.08,152258.8987588192,388281.9141362927,-204960.46224657007,-3255907.96277506,-239207976.52632463,-3156249.805957684,-231886201.3689245,-3476172.2419537148,-2881919.141668625,0.0,inf,-6.099465614985223,104.30086846311073,0.11
ETH,Ethiopia,urban_standard_branch,1400,5511093.29340502,4239907.287956439,0.45,0.18164961446625266,404893962.0638441,4597.0561405620465,40.0,7.290516422831901,0.00011840232267179351,61768.12657605743,0.0,352174.3167578699,990940.915301759,-638766.5985438891,-10219359.56792367,-750805106.1598275,-10167214.54721097,-746974068.8475882,-11976330.708736945,-9051729.796315322,0.0,inf,-19.05917503134357,287.37170071826654,0.11
ETH,Ethiopia,flagship_regional_hub,2500,19739171.971467376,15186144.498806128,0.45,0.18164961446625266,1450215251.6545396,4597.0561405620465,75.0,7.19715842247863,0.00011840232267179351,61768.12657605743,0.0,981762.3116678271,2987797.0644543148,-2006034.7527864878,-34404828.22226673,-2527684884.1788926,-32877761.919199467,-2415493002.665474,-34738052.039163135,-31191063.314140137,0.0,inf,-60.631398080062155,986.6088343841377,0.11
MRT,Mauritania,partner_embedded_branch,600,1649160.1958158738,1313302.8517098483,0.4623268490669632,0.14157716150457636,121161985.51037686,4923.990831297291,25.0,0.6882545520451282,0.00013352976516934899,5157.000358155703,0.08,123253.40073971408,380527.9034939224,-226832.2704746945,-3277738.9136721496,-240811872.4746878,-3279283.3474848093,-240925340.3280267,-3548182.37428084,-3034308.1250720154,0.0,inf,-66.93272580827039,95.85884985840232,0.11
MRT,Mauritania,urban_standard_branch,1400,5377015.374647095,4281967.053975726,0.4623268490669632,0.14157716150457636,395043404.85841,4923.990831297291,40.0,0.6864499663520559,0.00013352976516934899,5157.000358155703,0.0,323244.8704068434,977094.4796336229,-653849.6092267795,-10107766.196302235,-742606463.8995093,-9954102.076768136,-731316930.0678705,-11055330.296598034,-8900544.405376986,0.0,inf,-193.44243256492084,263.18582328736755,0.11
MRT,Mauritania,flagship_regional_hub,2500,19329419.154802144,15392914.140362175,0.4623268490669632,0.14157716150457636,1420111162.9422433,4923.990831297291,75.0,0.6776596979424685,0.00013352976516934899,5157.000358155703,0.0,953203.3185338321,2956549.154299181,-2003345.8357653487,-33902427.815404855,-2490774078.927198,-33650364.63220472,-2472255274.1269855,-35466176.441567965,-31794489.72227623,0.0,inf,-600.3811303879394,897.3106449772231,0.11
NAM,Namibia,partner_embedded_branch,600,1664779.5352423904,1383645.2691874886,0.5281555293805047,0.09380342984743001,122309521.19676965,5159.61299236151,25.0,2.457475550489779,0.00013500356331005016,18212.523642947748,0.08,132172.4378675691,418084.3806065915,-252465.1922904951,-3456474.479033428,-253943377.85265902,-3416680.261432243,-251019740.45913935,-3886257.175853138,-2967560.9755817475,0.0,inf,-19.911096465286544,101.90251014242827,0.11
NAM,Namibia,urban_standard_branch,1400,5532239.756551036,4598000.639194711,0.5281555293805047,0.09380342984743001,406447569.4500724,5159.61299236151,40.0,2.451032112947214,0.00013500356331005016,18212.523642947748,0.0,332140.52204927144,1071589.867188083,-739449.3451388115,-10781035.043856002,-792070785.5335523,-10288523.302922962,-755886489.6901169,-11751333.793119274,-9036592.463962069,0.0,inf,-58.471239412300235,281.8942761894759,0.11
NAM,Namibia,flagship_regional_hub,2500,20109063.7567203,16713210.575792257,0.5281555293805047,0.09380342984743001,1477390794.2361083,5159.61299236151,75.0,2.419645659149539,0.00013500356331005016,18212.523642947748,0.0,961985.0577726647,3239072.2879894404,-2277087.2302167756,-36309993.663884565,-2667655293.492569,-37767668.47449063,-2774749058.3855047,-40604561.4900255,-35471962.375230104,0.0,inf,-182.39409291742396,975.6221367476682,0.11
LBN,Lebanon,partner_embedded_branch,600,1762130.0468096363,1396849.0551909578,0.5281149617004173,0.14682141226174483,129461756.19605249,5210.707387628909,25.0,9.20898043898103,0.000122186875488623,75407.25738396532,0.08,166065.89030969143,444095.16385448084,-242501.66043643095,-3551533.4330074466,-260927254.6362808,-3456892.1198125137,-253974061.4612936,-3879147.578355605,-3108589.1687660515,0.0,inf,-5.053665357467248,105.56335706120933,0.11
LBN,Lebanon,urban_standard_branch,1400,5836913.333934329,4626949.577586129,0.5281149617004173,0.14682141226174483,428831602.0394879,5210.707387628909,40.0,9.184834729666669,0.000122186875488623,75407.25738396532,0.0,365945.1067328237,1131130.487506847,-765185.3807740232,-11300438.46800119,-830230783.7617327,-11266243.071381422,-827718485.5870146,-12469588.810936172,-10132740.557198618,0.0,inf,-15.988165395168659,291.75383382864743,0.11
LBN,Lebanon,flagship_regional_hub,2500,21169646.915008225,16781282.03164903,0.5281149617004173,0.14682141226174483,1555310672.234048,5210.707387628909,75.0,9.067219220119009,0.000122186875488623,75407.25738396532,0.0,995356.761128504,3406504.3146040505,-2411147.5534755467,-38223906.3053738,-2808268349.9588776,-38972203.85485287,-2863244947.7918,-43973942.34299232,-32738063.406232156,0.0,inf,-51.03322181181663,1007.8859376686047,0.11
BOL,Bolivia,partner_embedded_branch,600,1730164.4369693892,1392509.425668531,0.5281021740234076,0.129526832557086,127113278.00326037,5210.651656607469,25.0,10.995599222880728,0.00011988882466073376,91762.73593005525,0.08,175002.46781385146,439065.234401227,-228937.54783527736,-3454835.026140857,-253822929.05204004,-3347723.6931375857,-245953577.23875597,-3692913.359270456,-2924723.829663315,0.0,inf,-3.9958215450565358,103.9697124128158,0.11
BOL,Bolivia,urban_standard_branch,1400,5736988.962470689,4617371.062828117,0.5281021740234076,0.129526832557086,421490268.38486284,5210.651656607469,40.0,10.966769045171905,0.00011988882466073376,91762.73593005525,0.0,374858.2527611422,1116276.779463155,-741418.5267020128,-11077649.62443132,-813862732.4923822,-10911827.590535963,-801679970.0663277,-12605273.969555197,-9580029.084972247,0.0,inf,-12.974561707843797,287.34899577302997,0.11
BOL,Bolivia,flagship_regional_hub,2500,20822130.907116797,16758530.536815772,0.5281021740234076,0.129526832557086,1529779053.4018734,5210.651656607469,75.0,10.826335148721576,0.00011988882466073376,91762.73593005525,0.0,1004155.7707305668,3358155.199489668,-2353999.4287591013,-37557505.11982895,-2759308587.898201,-37542704.92598044,-2758221233.9363647,-41538701.915878385,-31529790.243931063,0.0,inf,-41.72850688159868,992.6666188305718,0.11
SLV,El Salvador,partner_embedded_branch,600,1737061.6206313835,1430643.3290537656,0.5637542688418214,0.10380197200595578,127620006.50000507,5227.450782536248,25.0,7.8927097632306635,0.000132715984397555,59501.656233798625,0.08,159608.40175500634,455378.36860144115,-259339.6973583195,-3614717.5750411833,-265569324.04894322,-3582618.008273702,-263211004.1880598,-4032230.4573376123,-3269805.771991156,0.0,inf,-6.285689359644974,109.59375598713895,0.11
SLV,El Salvador,urban_standard_branch,1400,5814248.862935197,4788613.282580747,0.5637542688418214,0.10380197200595578,427166468.2860997,5227.450782536248,40.0,7.872015281696215,0.000132715984397555,59501.656233798625,0.0,359504.5495466626,1160968.5271803772,-801463.9776337146,-11479845.872999186,-843411648.45879,-11256079.661442462,-826971791.0385501,-12538179.592982803,-10040142.721542265,0.0,inf,-19.476374932956727,304.7053306178184,0.11
SLV,El Salvador,flagship_regional_hub,2500,21216354.787113715,17473782.209285993,0.5637542688418214,0.10380197200595578,1558742248.218979,5227.450782536248,75.0,7.771210954152559,0.000132715984397555,59501.656233798625,0.0,988998.6778721975,3498310.477959887,-2509311.8000876894,-38839894.49287845,-2853524324.507838,-39217883.50037737,-2881294761.1008754,-42209747.14408133,-36440788.73280773,0.0,inf,-61.76976911828943,1065.4336211812442,0.11
GUY,Guyana,partner_embedded_branch,600,2235965.850122295,1816520.722120857,0.8694155274107683,0.11900525142958678,164273951.44604987,6864.9246085225395,25.0,3.2899775137695038,0.00017074577664512913,19278.316842065604,0.08,141682.0296919316,705193.5793431439,-507096.0633037607,-5516445.346162892,-405287171.4927069,-5475478.345996162,-402277371.05415744,-6171238.670414095,-4790209.481338617,0.0,inf,-22.452336229055394,135.86156867319593,0.11
GUY,Guyana,urban_standard_branch,1400,7861073.429760774,6386413.630822268,0.8694155274107683,0.11900525142958678,577544417.7037513,6864.9246085225395,40.0,3.2813512775401374,0.00017074577664512913,19278.316842065604,0.0,341625.17996901646,1806105.2876205677,-1464480.1076515513,-17362940.089107033,-1275636109.1125958,-17886899.16174117,-1314130805.824046,-18859297.13987651,-16525790.134052068,0.0,inf,-65.01221748719765,384.77505986032213,0.11
GUY,Guyana,flagship_regional_hub,2500,29433951.791571688,23912432.902484596,0.8694155274107683,0.11900525142958678,2162480060.7798014,6864.9246085225395,75.0,3.23933225228036,0.00017074577664512913,19278.316842065604,0.0,971348.2608261057,5456861.638595195,-4485513.377769088,-58615396.93286699,-4306408735.721112,-59762919.63806728,-4390715966.597201,-69228661.6337628,-53978325.19421411,0.0,inf,-201.70696234854915,1398.6998524283977,0.11
HND,Honduras,partner_embedded_branch,600,1719319.638855803,1374828.1464463775,0.5124860472258854,0.1368823496560831,126316522.61513312,4931.352428725275,25.0,5.136257577473813,0.00012828556605498225,40058.54348952732,0.08,144315.54842806474,423841.395472641,-245618.53540676498,-3495516.1334424443,-256811725.2562696,-3403345.815724435,-250040073.40087694,-3828485.2968328292,-3055261.161301725,0.0,inf,-9.697243501953833,107.88184628535312,0.11
HND,Honduras,urban_standard_branch,1400,5677856.497924258,4540212.73788545,0.5124860472258854,0.1368823496560831,417145871.26034755,4931.352428725275,40.0,5.122790442512335,0.00012828556605498225,40058.54348952732,0.0,344251.79368691245,1083653.0208160568,-739401.2271291444,-10955975.095946984,-804923438.7266195,-10850269.385535996,-797157356.4590056,-11586360.26814212,-10220248.965323476,0.0,inf,-29.268976439752453,298.86002235594145,0.11
HND,Honduras,flagship_regional_hub,2500,20559573.056947686,16440154.046296503,0.5124860472258854,0.1368823496560831,1510489216.963584,4931.352428725275,75.0,5.057191046776247,0.00012828556605498225,40058.54348952732,0.0,973941.2396970058,3270797.906136137,-2296856.666439131,-36911989.46197611,-2711883262.582977,-35973982.61928647,-2642968931.658096,-39291651.09708074,-32656942.50683432,0.0,inf,-92.09975872959185,1037.315521532974,0.11
NER,Niger,partner_embedded_branch,600,1691506.3272146154,1306701.3218710679,0.45,0.17680528748427135,124273109.20349787,4444.444998521231,25.0,0.4904987631563597,0.00012265385105591231,4001.1320280154227,0.08,122092.79498370348,381649.10847654747,-229024.3848147202,-3340897.904806999,-245452094.07847494,-3245348.5276241465,-238432186.4411657,-3440401.485690998,-3087412.5343051013,0.0,inf,-105.05730906954533,108.1914936665021,0.11
NER,Niger,urban_standard_branch,1400,5485050.844489206,4237242.908116349,0.45,0.17680528748427135,402980651.988693,4444.444998521231,40.0,0.4892126880438429,0.00012265385105591231,4001.1320280154227,0.0,322087.307729206,980174.7223918192,-658087.4146626133,-10254012.9508129,-753351052.081978,-9969795.852101143,-732469934.4784337,-11043276.834462823,-9074809.231355218,0.0,inf,-302.66927546731586,298.9899011578311,0.11
NER,Niger,flagship_regional_hub,2500,19650096.470627178,15179846.873729553,0.45,0.17680528748427135,1443670972.590861,4444.444998521231,75.0,0.48294812245556856,0.00012265385105591231,4001.1320280154227,0.0,952060.5789126972,2966223.0370911895,-2014162.4581784923,-34312807.049144246,-2520924189.812874,-32961594.30704885,-2421652075.9851413,-35268621.9335701,-30681184.96080222,0.0,inf,-938.3751080517505,1032.6925508382003,0.11
BFA,Burkina Faso,partner_embedded_branch,600,1687348.3135754776,1306110.8101321978,0.45,0.1744432405287913,123967624.51524541,4553.56388197978,25.0,1.3274376640951577,0.00011785818130902725,11268.874835509265,0.08,125802.78931469118,381505.232396919,-225182.0244904743,-3318086.973882026,-243776200.0754412,-3294154.1687151236,-242017883.20591456,-3733191.430945776,-2898431.0707911146,0.0,inf,-37.253591641446626,104.85749777256716,0.11
BFA,Burkina Faso,urban_standard_branch,1400,5472363.096608576,4235943.782290835,0.45,0.1744432405287913,402048497.10842586,4553.56388197978,40.0,1.3239571567596766,0.00011785818130902725,11268.874835509265,0.0,325787.5745506971,979034.7153254107,-653247.1407747136,-10216227.508934833,-750574997.2311825,-9439067.400842456,-693477898.9657544,-10350401.680954477,-8751997.94067589,0.0,inf,-108.35579734660827,289.1458659764916,0.11
BFA,Burkina Faso,flagship_regional_hub,2500,19606688.45960979,15176776.212687429,0.45,0.1744432405287913,1440481833.770226,4553.56388197978,75.0,1.3070033519069233,0.00011785818130902725,11268.874835509265,0.0,955713.4623265951,2961420.235808464,-2005706.7734818687,-34219997.16854027,-2514105549.9757686,-34733796.345032826,-2551853810.2935824,-38144565.1168591,-32096857.45412327,0.0,inf,-337.00729828563993,994.3474532932862,0.11
MDG,Madagascar,partner_embedded_branch,600,1674283.1983873989,1304252.4882319658,0.45,0.16700995292786353,123007744.87400398,4434.45,25.0,0.6195268191946119,0.00011407077479941538,5433.902912184217,0.08,122637.37027524244,378571.22341187974,-225648.1552636869,-3304928.8509388515,-242809487.2567414,-3435503.5265724272,-252402665.043397,-3698336.507727821,-3115603.2540573394,0.0,inf,-82.1356906486049,107.58386077981265,0.11
MDG,Madagascar,urban_standard_branch,1400,5432479.203402913,4231855.474110325,0.45,0.16700995292786353,399118271.3468883,4434.45,40.0,0.6179024358453539,0.00011407077479941538,5433.902912184217,0.0,322630.45515836903,972147.5092239333,-649517.0540655643,-10152353.32016623,-745882230.8439608,-10081229.408173036,-740656835.266124,-10843273.558402542,-9322588.169467365,0.0,inf,-237.04504899811704,297.3720156190149,0.11
MDG,Madagascar,flagship_regional_hub,2500,19470188.932444625,15167112.938806223,0.45,0.16700995292786353,1430453363.658881,4434.45,75.0,0.6099899461836777,0.00011407077479941538,5433.902912184217,0.0,952596.77112018,2941716.017353142,-1989119.2462329622,-33987134.23983159,-2496997366.7527633,-33129696.311758887,-2434002345.3589826,-37777403.983272046,-29879386.87249272,0.0,inf,-735.3572525295372,1027.5300835821795,0.11
TGO,Togo,partner_embedded_branch,600,1638308.6280917155,1299113.1234461875,0.45,0.14645249378475025,120364732.76640745,4605.301780528178,25.0,1.0375507109062299,0.00012522220586244311,8289.992483650716,0.08,124587.10477087175,372220.989389107,-217856.20546710666,-3222730.9205548842,-236770495.72915477,-3370674.1653336696,-247639723.18548286,-3784629.2427395936,-2971805.8129718374,0.0,inf,-45.59345550083793,100.97636250285456,0.11
TGO,Togo,urban_standard_branch,1400,5322524.656861669,4220548.871581612,0.45,0.14645249378475025,391040031.76250434,4605.301780528178,40.0,1.0348302796890665,0.00012522220586244311,8289.992483650716,0.0,324575.07750041265,955446.1830526968,-630871.105552284,-9930506.529225096,-729583391.1449857,-9612549.943587061,-706223470.5504035,-11173697.049553785,-8695433.372509755,0.0,inf,-132.37726820486967,278.1686816543661,0.11
TGO,Togo,flagship_regional_hub,2500,19093509.442500565,15140388.241920175,0.45,0.14645249378475025,1402779135.8801298,4605.301780528178,75.0,1.021578860994743,0.00012522220586244311,8289.992483650716,0.0,954516.4917895895,2890485.3868486583,-1935968.8950590687,-33290374.831645537,-2445807219.468683,-33395460.329663046,-2453527735.4139814,-38843324.05407669,-28281294.73321876,0.0,inf,-411.49862013269285,954.7173289185604,0.11
AFG,Afghanistan,partner_embedded_branch,600,1744435.5143212103,1314180.491683031,0.45,0.20672196673212384,128161758.35811357,4473.247185451126,25.0,1.7163134800696829,0.00011045350648313662,15546.880492511755,0.08,127370.39466631059,392252.27998015983,-233501.70291543644,-3428535.4244768345,-251890726.24734613,-3537853.4471700676,-259922201.124793,-3876199.59107833,-3172503.8475189647,0.0,inf,-30.413789891529348,110.07827385651935,0.11
AFG,Afghanistan,urban_standard_branch,1400,5646332.679146433,4253697.081702668,0.45,0.20672196673212384,414829850.9709414,4473.247185451126,40.0,1.7118133503694761,0.00011045350648313662,15546.880492511755,0.0,327351.0696814956,1006290.7325213589,-678939.6628398632,-10547232.832231259,-774893594.2279152,-9996314.689475598,-734418244.2896138,-10992556.675269809,-9514514.839183712,0.0,inf,-88.66492967233866,304.0252937883678,0.11
AFG,Afghanistan,flagship_regional_hub,2500,20201264.73462404,15218738.556751762,0.45,0.20672196673212384,1484164698.6616201,4473.247185451126,75.0,1.6898928906791253,0.00011045350648313662,15546.880492511755,0.0,957256.9362722664,3043296.7567474497,-2086039.8204751834,-35295896.48857863,-2593150689.529735,-34741173.0941789,-2552395771.9389205,-35919697.402831785,-32901747.193609904,0.0,inf,-275.9564301686671,1048.8466916773646,0.11
MLI,Mali,partner_embedded_branch,600,1694240.7766522483,1307089.424895166,0.45,0.1783576995806635,124474006.19578637,4599.95274283297,25.0,0.7456796981139309,0.00011470664074602337,6504.140469604073,0.08,123292.88771770947,382341.56183998456,-228461.34917507632,-3339024.822569125,-245314480.78684878,-3208719.20557798,-235741070.44268805,-3528797.661523662,-2853299.8452250743,0.0,inf,-66.60503303180762,103.93156654827249,0.11
MLI,Mali,urban_standard_branch,1400,5493393.310881466,4238096.734769365,0.45,0.1783576995806635,403593563.81781936,4599.95274283297,40.0,0.7437245451682187,0.00011470664074602337,6504.140469604073,0.0,323284.2538510004,981719.0722006188,-658434.8183496185,-10261383.438330498,-753892553.6923596,-9899306.385075087,-727291150.874443,-10843047.882494707,-9084785.441441195,0.0,inf,-192.46302335097926,286.3385216539268,0.11
MLI,Mali,flagship_regional_hub,2500,19678634.280673943,15181865.009454863,0.45,0.1783576995806635,1445767614.103406,4599.95274283297,75.0,0.7342008526993139,0.00011470664074602337,6504.140469604073,0.0,953242.197657118,2970485.613132788,-2017243.4154756698,-34351883.62850305,-2523795103.1141276,-33155985.657698095,-2435933794.686856,-35612871.04840532,-30904865.141441334,0.0,inf,-597.296612871558,982.9546496290135,0.11
BWA,Botswana,partner_embedded_branch,600,1744756.257404577,1475068.1216287687,0.6049943209045769,0.07530088199219064,128185322.99963114,5497.309428711041,25.0,2.7645135288659803,0.00013177728285747344,20989.607886483198,0.08,134589.49083651282,471156.3170709456,-298874.3208687571,-3808822.098523609,-279829969.8742212,-3606016.571462636,-264930070.88713127,-3785053.0114503466,-3480410.5053402213,0.0,inf,-19.66616595802916,109.45953640281635,0.11
BWA,Botswana,urban_standard_branch,1400,5899234.566451677,4987385.953799505,0.6049943209045769,0.07530088199219064,433410274.4391816,5497.309428711041,40.0,2.7572650456591896,0.00013177728285747344,20989.607886483198,0.0,334551.2375676393,1207189.1000340478,-872637.8624664085,-11930788.078095779,-876541876.230811,-11341230.382999117,-833227720.8855238,-11730242.949482799,-10846681.2570942,0.0,inf,-57.57120960149773,304.9640696253634,0.11
BWA,Botswana,flagship_regional_hub,2500,21649085.426619705,18302771.885585967,0.6049943209045769,0.07530088199219064,1590534492.2997806,5497.309428711041,75.0,2.721957155768075,0.00013177728285747344,20989.607886483198,0.0,964364.9031074733,3648190.173191219,-2683825.270083746,-40243271.54328981,-2956628892.686805,-39635173.73415198,-2911952615.557039,-43685616.85810811,-33642769.91197217,0.0,inf,-179.35883312293268,1070.886292077561,0.11
LAO,Lao PDR,partner_embedded_branch,600,1665448.114043995,1348270.9616611036,0.4940263445414713,0.12295212393705737,122358640.94588688,5062.14299611983,25.0,2.4066507617114703,0.00012321720936393776,19541.94823063936,0.08,131695.497885604,401394.677325622,-237587.60525396824,-3369837.2941477383,-247578239.1800108,-3456242.0193130514,-253926299.29270867,-3885668.785235051,-3076696.131589916,0.0,inf,-19.501871854857786,98.75919100777026,0.11
LAO,Lao PDR,urban_standard_branch,1400,5480249.737464374,4436560.659781032,0.4940263445414713,0.12295212393705737,402627919.93679637,5062.14299611983,40.0,2.400340585454879,0.00012321720936393776,19541.94823063936,0.0,331664.8325916441,1028929.5051020465,-697264.6725104025,-10480684.65569412,-770004372.9007257,-10359067.019842643,-761069258.9741173,-10767843.536140606,-10007077.923871934,0.0,inf,-57.38394274852104,272.0316108151006,0.11
LAO,Lao PDR,flagship_regional_hub,2500,19806438.7680991,16034390.996489072,0.4940263445414713,0.12295212393705737,1455157269.209596,5062.14299611983,75.0,2.369603257091819,0.00012321720936393776,19541.94823063936,0.0,961515.4597102113,3110329.4280976076,-2148813.968387396,-35250702.485172376,-2589830335.812881,-34382442.14525905,-2526040203.725823,-37436412.56472448,-32034312.495128423,0.0,inf,-179.13843316412863,933.4544777317986,0.11
MOZ,Mozambique,partner_embedded_branch,600,1677850.671388203,1304760.3384069446,0.45,0.16904135362777906,123269843.19115277,4434.45,25.0,0.8288227393376367,0.00011837175655994259,7005.509394161928,0.08,123528.35807659755,379384.7994593586,-225505.6574260124,-3309167.0760936453,-243120864.99681643,-3318524.5263980962,-243808346.5774891,-3524660.359082801,-2955784.502558822,0.0,inf,-61.35585630178784,107.77113075942117,0.11
MOZ,Mozambique,urban_standard_branch,1400,5443372.205803681,4232972.744495278,0.45,0.16904135362777906,399918568.2509701,4434.45,40.0,0.8266495874811655,0.00011837175655994259,7005.509394161928,0.0,323519.10681267764,974045.3099867324,-650526.2031740549,-10170893.953215554,-747244390.7593983,-10477313.34308799,-769756686.2719972,-11054824.85260572,-9627246.241817014,0.0,inf,-177.4612673867432,297.88964764018857,0.11
MOZ,Mozambique,flagship_regional_hub,2500,19507476.41640448,15169753.759716112,0.45,0.16904135362777906,1433192834.089179,4434.45,75.0,0.816064006432557,0.00011837175655994259,7005.509394161928,0.0,953474.0432319918,2947122.6204309766,-1993648.5771989848,-34052856.830205664,-2501825933.172697,-35466576.56111206,-2605690366.710686,-38387444.42127519,-32160040.109379027,0.0,inf,-550.9150307878238,1029.3186932900371,0.11
TJK,Tajikistan,partner_embedded_branch,600,1655673.0454978112,1301597.9685158124,0.45,0.15639187406324978,121640477.41237415,4787.501281167077,25.0,5.655490694266159,0.00012852747391758676,44025.112506210746,0.08,145992.6421866506,378870.1690369855,-202567.91332737607,-3182961.2586303633,-233848662.41418833,-3189233.784056886,-234309497.95749697,-3477422.0529529783,-2927466.549318447,0.0,inf,-7.481547870272117,97.22871353650325,0.11
TJK,Tajikistan,urban_standard_branch,1400,5375623.02134748,4226015.530734788,0.45,0.15639187406324978,394941110.1930759,4787.501281167077,40.0,5.640662143457668,0.00012852747391758676,44025.112506210746,0.0,345924.4901488968,968280.4906796785,-622356.0005307817,-9969117.057960501,-732420064.2195942,-10269176.91551876,-754465131.8885564,-11130569.881459212,-9311424.021648336,0.0,inf,-23.046229919201476,266.97057870357634,0.11
TJK,Tajikistan,flagship_regional_hub,2500,19275480.287011,15153309.436282225,0.45,0.15639187406324978,1416148333.6583827,4787.501281167077,75.0,5.568431191925561,0.00012852747391758676,44025.112506210746,0.0,975592.5166068169,2921875.484152125,-1946282.9675453082,-33565254.69267219,-2466002340.490464,-32905101.233764805,-2417501592.0333433,-36112009.828090064,-28792049.627894234,0.0,inf,-73.00695267872993,910.373759122817,0.11
FJI,Fiji,partner_embedded_branch,600,1723064.7585750043,1448112.7905126188,0.5821503840145901,0.08169924197752512,126591672.44127114,5342.7494548903005,25.0,3.8081694884192387,0.0001396412441654598,27285.29878404445,0.08,139532.25164004648,457050.30305059045,-280954.02716649673,-3692463.9385272944,-271281263.85326797,-3719237.101566204,-273248258.6912573,-4149200.84515487,-3212011.2693537977,0.0,inf,-13.808744176060332,108.7665382128358,0.11
FJI,Fiji,urban_standard_branch,1400,5797181.292509924,4872116.579963507,0.5821503840145901,0.08169924197752512,425912532.66128236,5342.7494548903005,40.0,3.7981845661907183,0.0001396412441654598,27285.29878404445,0.0,339481.03857976466,1169830.965973474,-830349.9273937094,-11592562.784345655,-851692835.9468125,-11162449.342086552,-820092874.4688227,-12049818.14720648,-10311437.062517019,0.0,inf,-40.91855406138156,302.72169550011944,0.11
FJI,Fiji,flagship_regional_hub,2500,21216993.87790888,17831367.078877173,0.5821503840145901,0.08169924197752512,1558789201.5167,5342.7494548903005,75.0,3.7495472824227623,0.0001396412441654598,27285.29878404445,0.0,969231.5760312796,3533151.804200905,-2563920.228169625,-39119840.36555326,-2874091639.832796,-38769812.26815213,-2848375460.547642,-42841325.47631877,-35110314.64508834,0.0,inf,-127.98552833316934,1060.76689328992,0.11
NIC,Nicaragua,partner_embedded_branch,600,1674734.3929420242,1335795.689250186,0.4806846536634397,0.13975948868354557,123040893.64161828,5003.99748151139,25.0,4.712006725313258,0.00012759403657125484,36948.91406882252,0.08,142635.71499487897,398199.9568351259,-223708.24529343686,-3316972.6212913063,-243694329.81638888,-3186811.051207642,-234131502.44006914,-3515542.6599302595,-2851648.8026826703,0.0,inf,-9.487657691850504,98.35239412255838,0.11
NIC,Nicaragua,urban_standard_branch,1400,5486882.770469727,4376427.917825837,0.4806846536634397,0.13975948868354557,403115241.57536334,5003.99748151139,40.0,4.699651965149458,0.00012759403657125484,36948.91406882252,0.0,342576.3647336844,1018519.9671631726,-675943.6024294882,-10384077.087647589,-762906721.144672,-10025984.87337442,-736598080.063458,-10888647.188044433,-8927610.801846495,0.0,inf,-28.742707959715368,270.54469099878554,0.11
NIC,Nicaragua,flagship_regional_hub,2500,19779011.833630692,15776065.062220842,0.4806846536634397,0.13975948868354557,1453142242.50383,5003.99748151139,75.0,4.639471028110674,0.00012759403657125484,36948.91406882252,0.0,972287.2652866024,3074956.7922592475,-2102669.526972645,-34974850.76934558,-2569563813.687974,-34930069.73170571,-2566273800.111714,-39187285.400449194,-31589911.507875532,0.0,inf,-90.57023012631161,925.8621420662982,0.11
GIN,Guinea,partner_embedded_branch,600,1671441.3199174707,1303847.6991904946,0.45,0.1653907967619781,122798955.18888468,4719.030730533079,25.0,2.187960774482348,0.0001296651687952274,16882.717613559627,0.08,129912.05196670383,379211.1790259341,-218962.23273715551,-3269080.9291588794,-240175779.8762808,-3244866.9149421426,-238396802.8871928,-3595655.177864564,-2758778.731908124,0.0,inf,-21.206884723140814,99.68574329037646,0.11
GIN,Guinea,urban_standard_branch,1400,5423800.360465451,4230964.938219088,0.45,0.1653907967619781,398480646.3030002,4719.030730533079,40.0,2.182223997734702,0.0001296651687952274,16882.717613559627,0.0,329886.0628219681,972348.2400621042,-642462.1772401361,-10106545.168698203,-742516756.3445715,-9987460.349572396,-733767725.6766994,-11072395.01669301,-9083565.158316689,0.0,inf,-62.38719106457633,274.0434980853488,0.11
GIN,Guinea,flagship_regional_hub,2500,19440476.877504956,15165008.035790572,0.45,0.1653907967619781,1428270451.665724,4719.030730533079,75.0,2.15427974016285,0.0001296651687952274,16882.717613559627,0.0,959759.4678041536,2939790.028077712,-1980030.5602735584,-33900389.96952038,-2490624360.631696,-33794726.264802456,-2482861364.4761453,-37082077.67393746,-31090442.999499395,0.0,inf,-194.76772463490622,936.6929403075151,0.11
SOM,"Somalia, Fed. Rep.",partner_embedded_branch,600,1728897.763439419,1313865.8518057538,0.4518406699351739,0.1962600575471459,127020216.89235434,4438.557788649607,25.0,0.18089228650871111,0.0001343457139346159,1347.1699507335736,0.08,120770.78483250228,389308.50290120195,-237393.03783660353,-3425521.781082166,-251669317.18214756,-3545237.8113218024,-260464722.2362204,-3856238.6865547253,-3067667.947201042,0.0,inf,-295.669176030997,110.70289725610333,0.11
SOM,"Somalia, Fed. Rep.",urban_standard_branch,1400,5602404.0150068505,4257514.515313834,0.4518406699351739,0.1962600575471459,411602460.33813685,4438.557788649607,40.0,0.18041799159667493,0.0001343457139346159,1347.1699507335736,0.0,320768.7638545414,1000139.3941743864,-679370.6303198449,-10494524.27698824,-771021154.6536213,-10132792.455132637,-744445115.6068943,-11016985.764325006,-9366744.636257863,0.0,inf,-848.3694976738047,306.0821718901112,0.11
SOM,"Somalia, Fed. Rep.",flagship_regional_hub,2500,20059093.633436173,15243792.143449942,0.4518406699351739,0.1962600575471459,1473719544.245559,4438.557788649607,75.0,0.17810766651867777,0.0001343457139346159,1347.1699507335736,0.0,950758.9195236269,3027155.5730760526,-2076396.6535524256,-35086463.72721334,-2577763894.928264,-34232533.61087044,-2515026588.6036797,-38199933.94386257,-30978876.69652087,0.0,inf,-2626.550939003519,1058.2442921254994,0.11
GAB,Gabon,partner_embedded_branch,600,1848662.8547399072,1499739.4156320868,0.615672251822527,0.12059640341571146,135819226.40860078,5528.340555880691,25.0,0.8278234066312566,0.0001255563312481545,6596.6772931034775,0.08,124393.43012350741,497583.43201056565,-333383.327326213,-4098635.764825453,-301122261.14238477,-4183941.49575493,-307389579.35746944,-4940931.30999676,-3343013.175262399,0.0,inf,-72.84695220727903,115.75442322572442,0.11
GAB,Gabon,urban_standard_branch,1400,6246883.551152288,5067823.731355782,0.615672251822527,0.12059640341571146,458951662.93125236,5528.340555880691,40.0,0.8256528749993799,0.0001255563312481545,6596.6772931034775,0.0,324381.91066298104,1277470.5349315798,-953088.6242685989,-12732964.032675816,-935476861.2202563,-12344632.15557139,-906946545.3744589,-13000349.92878207,-10812403.98096262,0.0,inf,-208.80505096272384,322.90413407265225,0.11
GAB,Gabon,flagship_regional_hub,2500,22910012.857685115,18585892.61271349,0.615672251822527,0.12059640341571146,1683173443.639982,5528.340555880691,75.0,0.8150800572557049,0.0001255563312481545,6596.6772931034775,0.0,954325.7985313436,3865108.270761211,-2910782.4722298672,-42821651.355041154,-3146059621.2383833,-43923587.75476341,-3227017676.3959374,-47162684.27281822,-38695112.69293561,0.0,inf,-645.9734897715477,1136.799425960316,0.11
COG,"Congo, Rep.",partner_embedded_branch,600,1650845.9358625696,1309889.3851947442,0.45876711633690703,0.14572195909444133,121285834.97729355,4902.05096240482,25.0,1.1030179939494102,0.00012149964248271492,9083.09280723209,0.08,125190.76840203795,379281.0295284733,-223747.77876415744,-3264947.2672321275,-239872084.28155047,-3256516.0651065893,-239252653.13570952,-3713277.934390813,-2842982.290424158,0.0,inf,-41.38074577345021,95.83331925986344,0.11
COG,"Congo, Rep.",urban_standard_branch,1400,5376082.251505773,4265736.082453859,0.45876711633690703,0.14572195909444133,394974849.32765245,4902.05096240482,40.0,1.100125909203777,0.00012149964248271492,9083.09280723209,0.0,325177.1583410997,973506.5282007534,-648329.3698596538,-10078599.224106802,-740463598.5359802,-10004040.66983654,-734985863.5681539,-10677719.357334979,-9470075.87075656,0.0,inf,-120.21965604649871,263.0457197180192,0.11
COG,"Congo, Rep.",flagship_regional_hub,2500,19312177.965589765,15323547.989897821,0.45876711633690703,0.14572195909444133,1418844471.736118,4902.05096240482,75.0,1.086038353664029,0.00012149964248271492,9083.09280723209,0.0,955110.8627425159,2945014.0719863195,-1989903.2092438038,-33810680.70314782,-2484033519.511497,-32709329.81010581,-2403118480.885683,-35257024.945811376,-30584538.978647113,0.0,inf,-373.7738963292347,896.3632748343775,0.11
MWI,Malawi,partner_embedded_branch,600,1649481.5819810703,1300712.8627084908,0.45,0.15285145083396381,121185597.39840907,4434.45,25.0,0.15323643679876542,0.00010317996370016338,1485.9111048990637,0.08,120652.33854447579,373637.64812452736,-223094.2977300894,-3261722.9462775085,-239635196.96776766,-3391769.733683823,-249189591.38704345,-3703354.6738472246,-3037417.243950087,0.0,inf,-328.3119288819411,106.27862228180395,0.11
MWI,Malawi,urban_standard_branch,1400,5356695.592295758,4224068.29795868,0.45,0.15285145083396381,393550532.80081785,4434.45,40.0,0.15283465481173353,0.00010317996370016338,1485.9111048990637,0.0,320650.6281296287,959900.1391275384,-639249.5109979097,-10012304.271385241,-735592981.2839752,-9839592.883297902,-722904065.5837252,-11121748.992546583,-9029057.274544394,0.0,inf,-943.2108797819903,293.764212364856,0.11
MWI,Malawi,flagship_regional_hub,2500,19210629.58306863,15148706.886084152,0.45,0.15285145083396381,1411383823.775511,4434.45,75.0,0.15087754547538787,0.00010317996370016338,1485.9111048990637,0.0,950642.296574272,2905396.1302775266,-1954753.8337032546,-33521266.059761908,-2462770544.0180416,-33433626.593867045,-2456331768.862159,-34796334.7087362,-31889742.98475583,0.0,inf,-2921.6467213484393,1015.0637915823181,0.11
GMB,"Gambia, The",partner_embedded_branch,600,1599511.251753638,1293532.8887950398,0.45,0.12413155518015967,117514332.20396286,4616.748984246746,25.0,0.2631588882651747,0.00012064510400571177,2182.4007147676293,0.08,121166.34098888999,364414.0193529086,-214094.5568157859,-3155695.450466734,-231845473.48079544,-3152568.0244143372,-231615704.92889452,-3746421.648043505,-2813802.664742186,0.0,inf,-176.2184271160334,98.71549611016287,0.11
GMB,"Gambia, The",urban_standard_branch,1400,5203716.922184268,4208272.355349088,0.45,0.12413155518015967,382311358.18426377,4616.748984246746,40.0,0.26246889244406896,0.00012064510400571177,2182.4007147676293,0.0,321163.282872884,936099.3638910025,-614936.0810181184,-9710841.629732791,-713444852.6106756,-9655211.055483464,-709357735.5142092,-10420363.070886627,-9098344.602785744,0.0,inf,-507.4764285954113,271.8820552706393,0.11
GMB,"Gambia, The",flagship_regional_hub,2500,18685885.90832312,15111371.021734208,0.45,0.12413155518015967,1372831483.2100005,4616.748984246746,75.0,0.2591078725200513,0.00012064510400571177,2182.4007147676293,0.0,951148.3865669766,2833172.9745361675,-1882024.587969191,-32557438.349572904,-2391959182.360937,-34709590.753431134,-2550075452.104757,-38679928.87547569,-30988205.822732184,0.0,inf,-1573.2886959894688,932.7421169651144,0.11
BIH,Bosnia and Herzegovina,partner_embedded_branch,600,1854510.3795745478,1509764.3617432322,0.6244761703731027,0.11667659510741506,136248837.6259245,5609.884455314913,25.0,5.295740829345881,0.00013946047199410078,37992.83893048954,0.08,148520.154391607,507539.9605551845,-318416.60931916273,-4055009.1979926606,-297917065.266403,-3979052.705678222,-292336625.3282027,-4616397.156970875,-3590143.9207483735,0.0,inf,-10.718032614730607,115.28619630395126,0.11
BIH,Bosnia and Herzegovina,urban_standard_branch,1400,6278618.045522912,5111448.213249212,0.6244761703731027,0.11667659510741506,461283161.32471836,5609.884455314913,40.0,5.281855533409284,0.00013946047199410078,37992.83893048954,0.0,348445.37528200814,1297331.6231823438,-948886.2479003356,-12782627.915113734,-939125612.0326995,-12544795.8353854,-921652350.7503465,-13330013.124055134,-12018679.064269865,0.0,inf,-32.02386289346976,321.58286278410645,0.11
BIH,Bosnia and Herzegovina,flagship_regional_hub,2500,23050714.16972179,18765679.151474796,0.6244761703731027,0.11667659510741506,1693510614.2638733,5609.884455314913,75.0,5.214219245092358,0.00013946047199410078,37992.83893048954,0.0,978081.1207900615,3915186.4550480936,-2937105.334258032,-43159358.37386865,-3170870584.433919,-43237243.78821783,-3176592740.152197,-45966735.07866649,-40786389.913088694,0.0,inf,-100.40984980505571,1132.0378344701119,0.11
MMR,Myanmar,partner_embedded_branch,600,1724618.2547758282,1311388.346352497,0.45,0.1955533854099887,126705806.09829986,4831.61641506276,25.0,10.488388811292255,0.00011073000355902789,94769.7247004805,0.08,168648.83668627223,395146.9255652208,-194886.3348337309,-3244783.8767608856,-238390702.16335785,-3336133.5322595634,-245102060.86822465,-3546801.970271424,-3115600.3790152697,0.0,inf,-3.8457421427545686,99.42865408870989,0.11
MMR,Myanmar,urban_standard_branch,1400,5585995.796890044,4247554.361975494,0.45,0.1955533854099887,410396966.60213494,4831.61641506276,40.0,10.46088852620733,0.00011073000355902789,94769.7247004805,0.0,368521.28069059044,1005654.4729947608,-637133.1923041705,-10309539.826622238,-757430550.5681267,-10232544.703786904,-751773803.5880498,-10831448.322402567,-9428260.611073332,0.0,inf,-12.60576505621004,272.8076291014963,0.11
MMR,Myanmar,flagship_regional_hub,2500,19995201.57516334,15204219.401032984,0.45,0.1955533854099887,1469025465.005518,4831.61641506276,75.0,10.326932633636165,0.00011073000355902789,94769.7247004805,0.0,997899.9461407268,3027200.602257094,-2029300.656116367,-34817805.14283026,-2558025844.2580824,-33596382.788645424,-2468289287.460712,-35387893.36996069,-30128491.13562518,0.0,inf,-40.67078956932938,928.9139000647488,0.11
YEM,"Yemen, Rep.",partner_embedded_branch,600,1985443.2381076515,1497097.1486468893,0.5965512963722496,0.20563211272630935,145868330.71620724,5340.857924603943,25.0,5.55181114859814,0.0001038981057482767,53462.9857741781,0.08,148465.37718613909,523304.1090798754,-332974.40316734626,-4276412.827550164,-314183346.3860003,-4286142.67664065,-314898187.6958443,-4544681.205085005,-3988662.4832027354,0.0,inf,-11.229622040501368,124.99400464900764,0.11
YEM,"Yemen, Rep.",urban_standard_branch,1400,6651087.580523797,5015164.403135168,0.5965512963722496,0.20563211272630935,488648088.34474486,5340.857924603943,40.0,5.537254442885654,0.0001038981057482767,53462.9857741781,0.0,348390.74170096085,1337826.7535162962,-989436.0118153354,-13400834.129341563,-984544542.5651824,-13767169.234241575,-1011458779.7535709,-15556720.343898682,-11902028.394663274,0.0,inf,-33.45663108585059,348.7878363735476,0.11
YEM,"Yemen, Rep.",flagship_regional_hub,2500,24262609.467526376,18294898.97036144,0.5965512963722496,0.20563211272630935,1782547228.7087488,5340.857924603943,75.0,5.4663476686253105,0.0001038981057482767,53462.9857741781,0.0,978027.1868140331,4037748.80489464,-3059721.618080607,-45104765.20367505,-3313797484.2722816,-42963587.52487077,-3156487515.505978,-47009722.58381255,-40067152.21145843,0.0,inf,-104.80298193490742,1228.7201907371868,0.11
DJI,Djibouti,partner_embedded_branch,600,1720288.934569531,1378388.7872851314,0.5157940604138234,0.1345848470714093,126387735.70499542,5099.44165349481,25.0,0.2290795509471431,0.00016953420955076934,1351.9328837609912,0.08,121121.4506919012,421547.69059994275,-266702.4246600461,-3578016.111841713,-262872907.91928765,-3656441.516206283,-268634736.1100078,-4251689.736894926,-3220846.5744178817,0.0,inf,-228.30636203860965,104.1816673685996,0.11
DJI,Djibouti,urban_standard_branch,1400,5686273.599608006,4556150.780041156,0.5157940604138234,0.1345848470714093,417764266.46224064,5099.44165349481,40.0,0.22847891026996017,0.00016953420955076934,1351.9328837609912,0.0,321118.5102770967,1082901.6972793376,-761783.1870022409,-11046622.07758044,-811583172.7555497,-11071690.3078588,-813424908.0590475,-12789610.575400146,-10200431.099337164,0.0,inf,-653.826678660835,287.88191609819523,0.11
DJI,Djibouti,flagship_regional_hub,2500,20600996.453091256,16506635.569883121,0.5157940604138234,0.1345848470714093,1513532548.3125162,5099.44165349481,75.0,0.2255531457632241,0.00016953420955076934,1351.9328837609912,0.0,951104.1873023185,3277548.5516837365,-2326444.364381418,-37072181.90835033,-2723652425.4064,-37995370.29349976,-2791478060.5561047,-40081511.05409286,-35932388.20675665,0.0,inf,-2022.65194058711,994.140911529756,0.11
TCD,Chad,partner_embedded_branch,600,1721440.432981371,1310939.7069934602,0.45,0.19375882797384034,126472335.02666505,4535.506443789672,25.0,0.3763359684612774,0.00011011522743317765,3419.4361790618573,0.08,121638.59924158652,387057.28972010675,-234454.10730091168,-3400080.586950103,-249800180.63457844,-3374916.99911201,-247951439.51606038,-3654528.8492610743,-3015897.2871260243,0.0,inf,-137.35874965434124,107.09362599700829,0.11
TCD,Chad,urban_standard_branch,1400,5576314.995984809,4246567.355385612,0.45,0.19375882797384034,409685728.80850834,4535.506443789672,40.0,0.3753492252534691,0.00011011522743317765,3419.4361790618573,0.0,321634.30287661625,994175.8200212229,-672541.5171446067,-10426399.962269213,-766016136.1879606,-10472279.096076194,-769386825.6817124,-11363453.312110448,-9618430.908629272,0.0,inf,-395.0552040853036,295.41580367732325,0.11
TCD,Chad,flagship_regional_hub,2500,19962124.801319845,15201886.476365993,0.45,0.19375882797384034,1466595350.8156877,4535.506443789672,75.0,0.37054272718509196,0.00011011522743317765,3419.4361790618573,0.0,951613.3749697735,3008789.153598501,-2057175.7786287274,-34871377.13998542,-2561961719.959875,-35247450.82881375,-2589591440.1970344,-38647441.10658076,-32541127.927728955,0.0,inf,-1224.0730050255124,1016.622043889113,0.11
MDA,Moldova,partner_embedded_branch,600,1818610.3806012925,1484397.837498983,0.6047636792260607,0.11377295386562825,133611304.19135831,5443.418292139244,25.0,8.800066002096841,0.00013606050623953672,64711.28163466596,0.08,165986.34263793274,493751.223652843,-288264.7831226828,-3873546.667405263,-284585212.7529305,-3867916.2043346926,-284171548.8246451,-4269620.019760858,-3659251.924234148,0.0,inf,-6.017747355483448,114.70919251146474,0.11
MDA,Moldova,urban_standard_branch,1400,6134751.514367489,5007346.25660161,0.6047636792260607,0.11377295386562825,450713445.5339137,5443.418292139244,40.0,8.776992455894657,0.00013606050623953672,64711.28163466596,0.0,365865.7676330097,1257781.0581445375,-891915.2905115278,-12339931.526909625,-906601195.3573706,-12439816.324441943,-913939621.5587927,-13853834.23804484,-11177705.893076455,0.0,inf,-18.668360371555828,319.9073155062725,0.11
MDA,Moldova,flagship_regional_hub,2500,22478985.841701765,18347942.10377259,0.6047636792260607,0.11377295386562825,1651506362.905403,5443.418292139244,75.0,8.664599530994039,0.00013606050623953672,64711.28163466596,0.0,995278.4379978311,3788232.9134359187,-2792954.4754380877,-41778342.36600105,-3069408857.4534945,-42678172.49102494,-3135518386.9258623,-45645207.12183114,-39451200.17525964,0.0,inf,-59.21662528528477,1125.6596350550876,0.11
BDI,Burundi,partner_embedded_branch,600,1703186.2694212117,1308357.7552329367,0.45,0.1834310209317471,125131221.70948006,4434.45,25.0,0.22775346744097574,0.0001142345243642473,1994.7743456022415,0.08,120969.56290914588,383600.75773146097,-231943.1342037982,-3368078.08414239,-247448991.95604888,-3411548.582928084,-250642721.6842851,-3656364.1509239418,-3099739.5371464863,0.0,inf,-229.65545271507693,109.09767982613134,0.11
BDI,Burundi,urban_standard_branch,1400,5520677.035348122,4240887.061512461,0.45,0.1834310209317471,405598069.04228765,4434.45,40.0,0.2271563037205611,0.0001142345243642473,1994.7743456022415,0.0,320967.0207401923,985431.2096663628,-664464.1889261706,-10325387.673614362,-758594874.4540063,-10319818.749740958,-758185731.7428435,-11068866.994235361,-9665241.203258477,0.0,inf,-659.6400623654436,301.55635533152605,0.11
BDI,Burundi,flagship_regional_hub,2500,19771944.622554272,15188460.327211272,0.45,0.1834310209317471,1452623022.2799778,4434.45,75.0,0.22424747572360634,0.0001142345243642473,1994.7743456022415,0.0,950954.6376499736,2982558.997976637,-2031604.3603266634,-34535798.59922759,-2537307133.7067924,-34108525.66865356,-2505915861.4977417,-36869428.04705181,-31904991.000153974,0.0,inf,-2043.0162019772024,1041.9885218638813,0.11
BTN,Bhutan,partner_embedded_branch,600,1683350.7889834887,1422253.8762156772,0.5626067953526533,0.0759815280994419,123673930.78074904,5385.2417186685725,25.0,0.38919598653795573,0.00013936786861969616,2794.035045157683,0.08,122012.07788490487,436216.54506166594,-279307.1435718278,-3612220.040656648,-265385832.94499922,-3763487.859336503,-276499313.1888076,-4271115.247062246,-2947675.5125417057,0.0,inf,-133.26266335939187,102.75894969165944,0.11
BTN,Bhutan,urban_standard_branch,1400,5642532.882536432,4767345.17628849,0.5626067953526533,0.0759815280994419,414550684.0937809,5385.2417186685725,40.0,0.38817552469426636,0.00013936786861969616,2794.035045157683,0.0,322006.80226855964,1120386.3192715156,-798379.517002956,-11213897.077017434,-823872682.9616863,-11352905.651407996,-834085490.0127289,-12389746.661589997,-10092634.856456863,0.0,inf,-381.923196086949,284.8113442611511,0.11
BTN,Bhutan,flagship_regional_hub,2500,20610286.893359315,17413518.688934997,0.5626067953526533,0.0759815280994419,1514215106.7395263,5385.2417186685725,75.0,0.38320478069346464,0.00013936786861969616,2794.035045157683,0.0,951981.1043569123,3390653.6487452486,-2438672.544388336,-37735376.53746664,-2772376605.293483,-38178228.01548769,-2804912416.247064,-42429562.52348317,-32032584.643645205,0.0,inf,-1181.7275725250418,989.5597561091797,0.11
ZWE,Zimbabwe,partner_embedded_branch,600,1714431.709094109,1332472.5386770475,0.47204085989238187,0.1696858552462801,125957411.7922642,4826.592264276739,25.0,1.566558155768599,0.00011036759626166028,14201.397785398018,0.08,127258.69197712546,398760.593285594,-239601.05384562103,-3427440.9896357064,-251810319.32344678,-3530666.591402202,-259394190.73706925,-4011553.632779315,-3131262.247190126,0.0,inf,-31.68849324598094,103.13239898525326,0.11
ZWE,Zimbabwe,urban_standard_branch,1400,5594295.912691811,4347939.69182584,0.47204085989238187,0.1696858552462801,411006766.9799634,4826.592264276739,40.0,1.562450680668194,0.00011036759626166028,14201.397785398018,0.0,327239.65987388196,1023080.6955299112,-695841.0356560292,-10584157.49241382,-777606408.3944018,-10580908.761540752,-777367727.7107614,-12629156.464881208,-9570317.683359236,0.0,inf,-92.2705494272894,284.1299347966282,0.11
ZWE,Zimbabwe,flagship_regional_hub,2500,20114847.441908095,15633449.669560183,0.47204085989238187,0.1696858552462801,1477815715.2248018,4826.592264276739,75.0,1.5424428701458868,0.00011036759626166028,14201.397785398018,0.0,957146.9531121296,3094238.392502848,-2137091.4393907185,-35491802.10960562,-2607543660.0104046,-34475594.76297767,-2532884024.08173,-36475531.90412752,-32762393.25435024,0.0,inf,-287.0604787280856,975.3262992113437,0.11
SLE,Sierra Leone,partner_embedded_branch,600,1657553.9819874268,1301866.6643478828,0.45,0.1574666573915308,121778667.74723607,4621.53019196716,25.0,0.09492615985493034,0.0001101114465781653,862.5407030156041,0.08,120421.15594922598,375089.6796685483,-224661.34934583845,-3274592.8372626123,-240580733.70156315,-3146020.6503821583,-231134676.56086177,-3650859.2399326563,-2631539.406419734,0.0,inf,-512.1022171677325,101.51652471498612,0.11
SLE,Sierra Leone,urban_standard_branch,1400,5381371.913137896,4226606.661565342,0.45,0.1574666573915308,395363474.9491368,4621.53019196716,40.0,0.09467726591087508,0.0001101114465781653,862.5407030156041,0.0,320420.05168918404,963684.7227717013,-643264.6710825172,-10053722.453893567,-738635929.592861,-10272588.77414342,-754715797.3886656,-11164437.268136615,-9751645.256022966,0.0,inf,-1470.1383190217184,279.57166663551016,0.11
SLE,Sierra Leone,flagship_regional_hub,2500,19295174.420785405,15154706.654608991,0.45,0.1574666573915308,1417595240.0032408,4621.53019196716,75.0,0.0934648853726908,0.0001101114465781653,862.5407030156041,0.0,950414.672758053,2916946.3601417528,-1966531.6873836997,-33662598.02349521,-2473154047.9283676,-34321715.81250917,-2521578706.857655,-36565433.996463634,-32141433.97563496,0.0,inf,-4552.675292083279,958.9524671137015,0.11
SDN,Sudan,partner_embedded_branch,600,1799835.6524575155,1356960.9992130206,0.4844101764688347,0.20579311450790874,132231945.56683597,4453.89652216189,25.0,1.9538809677556348,9.731369914910624e-05,20088.62794318297,0.08,128354.28830112492,422112.57958649384,-259989.2849184494,-3642974.4189371197,-267645323.28744936,-3666211.7070907652,-269352541.28708076,-4342482.008198373,-3214482.5482923896,0.0,inf,-29.8756404525929,120.97087833791632,0.11
SDN,Sudan,urban_standard_branch,1400,5878640.60341482,4432119.130617291,0.4844101764688347,0.20579311450790874,431897258.62822306,4453.89652216189,40.0,1.9487579422269248,9.731369914910624e-05,20088.62794318297,0.0,328332.38357256306,1082658.9384529279,-754326.5548803648,-11228406.723073209,-824938690.6967933,-10704949.9313723,-786480896.0129985,-11363089.243240569,-9784113.03414633,0.0,inf,-86.90832417624749,336.62593730856975,0.11
SDN,Sudan,flagship_regional_hub,2500,21142568.46843199,15940144.75470581,0.4844101764688347,0.20579311450790874,1553321248.550383,4453.89652216189,75.0,1.9238033115660433,9.731369914910624e-05,20088.62794318297,0.0,958225.6840435592,3273840.270843725,-2315614.586800166,-37598987.32953065,-2762356240.2145543,-35397050.673703805,-2600582376.2412777,-37283347.801428325,-33442332.32459035,0.0,inf,-270.24986512444247,1179.1167470843427,0.11
MDV,Maldives,partner_embedded_branch,600,1948636.1015468668,1606898.611187731,0.7050336196607652,0.10242634644709804,143164150.88093662,5767.25750425762,25.0,1.594594187003736,0.0001555442304001766,10257.048863433623,0.08,128828.57787959315,561473.2991044559,-387726.85729650623,-4523609.706794372,-332344629.18750507,-4617188.600636139,-339219767.5812764,-5501384.89525103,-3938731.6672789147,0.0,inf,-42.16055950132238,127.96359634977306,0.11
MDV,Maldives,urban_standard_branch,1400,6696975.741401227,5522509.312781883,0.7050336196607652,0.10242634644709804,492019441.04743266,5767.25750425762,40.0,1.5904132021521682,0.0001555442304001766,10257.048863433623,0.0,328805.4295759832,1440374.9777819053,-1111569.5482059221,-14122891.837379048,-1037593328.1112176,-14704514.396543335,-1080324497.7482028,-16721297.189995544,-13102153.789033394,0.0,inf,-121.18736026101665,360.7854893695592,0.11
MDV,Maldives,flagship_regional_hub,2500,24785571.85012207,20438860.2632573,0.7050336196607652,0.10242634644709804,1820968699.6994336,5767.25750425762,75.0,1.570047320275354,0.0001555442304001766,10257.048863433623,0.0,958692.6725023017,4356018.2717422275,-3397325.599239926,-47573232.83683618,-3495153085.966234,-49242546.10382908,-3617795695.4476085,-52359559.47818243,-46615809.43239604,0.0,inf,-375.1933107346155,1298.9062522005995,0.11
TKM,Turkmenistan,partner_embedded_branch,600,1919457.5557229004,1491114.2707132907,0.5988434366718385,0.17023989949397011,141020435.2156502,5518.954941277084,25.0,4.554277944095463,0.00011755795910939301,38760.88177483708,0.08,144129.4605729743,509069.19196504407,-324214.19603486627,-4148102.838856008,-304756552.6576282,-4330381.363252538,-318148355.3386644,-5040129.183571008,-3646678.77434375,0.0,inf,-12.898988241041568,117.0665539015158,0.11
TKM,Turkmenistan,urban_standard_branch,1400,6446125.585917325,5007617.815415245,0.5988434366718385,0.17023989949397011,473589756.05920136,5518.954941277084,40.0,4.542336744729956,0.00011755795910939301,38760.88177483708,0.0,344066.193749381,1302446.720618247,-958380.526868866,-12999397.489521015,-955051434.2178706,-12571977.950174648,-923649390.8235862,-13822385.493231999,-11130867.789407289,0.0,inf,-38.22978055338628,325.68366900340135,0.11
TKM,Turkmenistan,flagship_regional_hub,2500,23553098.330262184,18297024.03945077,0.5988434366718385,0.17023989949397011,1730420225.9161994,5518.954941277084,75.0,4.484170292475473,0.00011755795910939301,38760.88177483708,0.0,973758.016441458,3932751.1850440246,-2958993.1686025667,-43783550.784710824,-3216729314.2468414,-45097300.12170792,-3313249032.9117475,-48615502.63187276,-41832010.84886784,0.0,inf,-119.56526121858926,1140.231020746614,0.11
GNQ,Equatorial Guinea,partner_embedded_branch,600,1852448.553736427,1469022.227134028,0.585943627966764,0.14637076870229176,136097357.5496062,5396.081363696706,25.0,0.12129150525441643,0.00012046053362158158,1007.4227578803886,0.08,120628.31887783496,483747.4914647376,-324419.37326972367,-4045217.606502697,-297197687.810386,-4110140.7087318054,-301967516.71574616,-4748407.720250069,-3698595.0160244736,0.0,inf,-495.6760163121246,114.78299083843254,0.11
GNQ,Equatorial Guinea,urban_standard_branch,1400,6213503.662295819,4927410.788213434,0.585943627966764,0.14637076870229176,456499279.21484536,5396.081363696706,40.0,0.1209734820543912,0.00012046053362158158,1007.4227578803886,0.0,320626.6714419346,1242816.9413457855,-922190.269903851,-12512854.915080618,-919305686.4705665,-12181568.0387501,-894966404.0821273,-13258362.442521758,-10654152.368599858,0.0,inf,-1412.7062442397075,319.35472143770755,0.11
GNQ,Equatorial Guinea,flagship_regional_hub,2500,22691959.99516939,17995098.186615024,0.585943627966764,0.14637076870229176,1667153339.6891005,5396.081363696706,75.0,0.11942436787298684,0.00012046053362158158,1007.4227578803886,0.0,950618.6466616166,3761785.3498043013,-2811166.703142685,-42012219.28159979,-3086591537.177927,-42694224.104154326,-3136697681.285704,-46926341.569560446,-39193501.50293598,0.0,inf,-4362.296287132049,1118.2454488938586,0.11
CPV,Cabo Verde,partner_embedded_branch,600,1679492.4349054315,1420672.6386867655,0.5615960809725656,0.07471014988423333,123390461.75082366,5193.669227113112,25.0,0.5368736913605968,0.00014815194260236133,3625.692151855444,0.08,122676.81059487951,435055.6511823502,-277574.38849288266,-3603353.54871447,-264734421.53514856,-3647837.2678513355,-268002591.448043,-3996498.779861371,-3225196.5714133764,0.0,inf,-99.54810155896072,107.0527804517643,0.11
CPV,Cabo Verde,urban_standard_branch,1400,5628825.817179402,4761390.20349367,0.5615960809725656,0.07471014988423333,413543641.0797718,5193.669227113112,40.0,0.5354660223818194,0.00014815194260236133,3625.692151855444,0.0,322669.7920665048,1117234.6398226444,-794564.8477561397,-11185476.141211592,-821784628.0710604,-10863427.95871065,-798124102.355717,-11316375.964898925,-10257621.324631792,0.0,inf,-285.7084877192388,297.7201809814535,0.11
CPV,Cabo Verde,flagship_regional_hub,2500,20558888.111456346,17390640.89527338,0.5615960809725656,0.07471014988423333,1510438894.7717752,5193.669227113112,75.0,0.5286091642105476,0.00014815194260236133,3625.692151855444,0.0,952635.6043033571,3380817.1277844333,-2428181.523481076,-37635610.14702987,-2765046878.331123,-37031873.9502299,-2720691044.0620456,-38763656.43876685,-34073995.10544418,0.0,inf,-884.4477373074029,1041.5788276095357,0.11
TTO,Trinidad and Tobago,partner_embedded_branch,600,2027819.5213534508,1680318.1633417779,0.764835097811583,0.09709716430919577,148981669.63236454,5942.086297463336,25.0,1.9273641405856687,0.00013883283303975965,13889.855984572436,0.08,130994.46148799645,606583.1511933511,-427062.0376098866,-4836011.584471583,-355296451.49838436,-4952810.723915966,-363877555.79430974,-5364813.252610464,-4588465.5543605015,0.0,inf,-37.28964411336556,135.99573862756355,0.11
TTO,Trinidad and Tobago,urban_standard_branch,1400,7036342.969712887,5830545.948990289,0.764835097811583,0.09709716430919577,516952378.00753915,5942.086297463336,40.0,1.922310641494226,0.00013883283303975965,13889.855984572436,0.0,330965.63429339917,1555566.6228250084,-1224600.988531609,-15130100.63930742,-1111591850.859213,-14739052.738246996,-1082861991.7209947,-15987084.48106797,-13601960.680676108,0.0,inf,-107.20920628349013,385.9827284997888,0.11
TTO,Trinidad and Tobago,flagship_regional_hub,2500,26172942.05993764,21687763.367645197,0.764835097811583,0.09709716430919577,1922897262.9073527,5942.086297463336,75.0,1.8976946791756053,0.00013883283303975965,13889.855984572436,0.0,960825.2149279026,4703450.547886359,-3742625.332958456,-50998517.45495349,-3746804979.0462327,-52435071.88431109,-3852347052.761263,-58230126.99820197,-48268699.87006587,0.0,inf,-331.90290849368677,1409.6512090466226,0.11
LBR,Liberia,partner_embedded_branch,600,1696449.9599518222,1337916.4560223387,0.4797915298184899,0.15270817499690603,124636312.46270443,4434.45,25.0,0.20368941700637413,0.00011458721144442949,1778.5188348000536,0.08,120867.12051383416,398364.1774295914,-245627.92272138994,-3442761.014106705,-252935864.6693041,-3563042.384369782,-261772804.6330251,-3982543.2241976107,-3274953.1608537636,0.0,inf,-271.93775496082054,114.90768446165679,0.11
LBR,Liberia,urban_standard_branch,1400,5552360.122382864,4378905.451304445,0.4797915298184899,0.15270817499690603,407925790.5953345,4434.45,40.0,0.20315534860585618,0.00011458721144442949,1778.5188348000536,0.0,320864.84694620024,1023374.7334987798,-702509.8865525796,-10583263.294399906,-777540712.6499373,-10738060.820019139,-788913516.5799042,-11758603.719190886,-9950056.764509266,0.0,inf,-779.8021303694783,319.5847272648855,0.11
LBR,Liberia,flagship_regional_hub,2500,20001281.636314064,15774142.753684266,0.4797915298184899,0.15270817499690603,1469472160.4101944,4434.45,75.0,0.20055386250982085,0.00011458721144442949,1778.5188348000536,0.0,950853.7722325824,3097432.1593478164,-2146578.387115234,-35448226.70015957,-2604342222.611354,-34631203.21671406,-2544316406.008444,-38652897.59242592,-32142880.868300878,0.0,inf,-2413.65925593243,1118.2126038824226,0.11
SUR,Suriname,partner_embedded_branch,600,1799588.7739703152,1480171.5464996411,0.6030831575712656,0.10527039814223642,132213807.6759477,5537.432415815133,25.0,0.07382758128010404,0.00013329713669585705,554.1457083811805,0.08,120392.4626320912,480003.8372926789,-321211.06767717336,-3970598.3599277223,-291715493.8456938,-3805508.719808967,-279586539.584773,-4172511.791646658,-3343487.2766664377,0.0,inf,-785.7120646798891,111.07319269212103,0.11
SUR,Suriname,urban_standard_branch,1400,6071608.683335474,4993931.138348811,0.6030831575712656,0.10527039814223642,446074411.1951056,5537.432415815133,40.0,0.07363400726517552,0.00013329713669585705,554.1457083811805,0.0,320391.4336051871,1233252.1254562228,-912860.6918510357,-12312042.358215557,-904552208.811503,-12097967.507506657,-888824365.0122559,-13120968.752391886,-11248514.280859487,0.0,inf,-2238.812029841279,309.1269462228397,0.11
SUR,Suriname,flagship_regional_hub,2500,22251035.748067297,18301597.82658149,0.6030831575712656,0.10527039814223642,1634759120.2711816,5537.432415815133,75.0,0.07269109413288402,0.00013329713669585705,554.1457083811805,0.0,950386.4211401528,3732927.68561854,-2782541.264478387,-41396683.10086423,-3041368771.069084,-38491950.649669334,-2827961273.0854917,-41322000.32686732,-34305679.12389299,0.0,inf,-6912.767797442377,1083.1059478465781,0.11
SYC,Seychelles,partner_embedded_branch,600,1969847.7737018913,1666456.4278328395,0.7582455471954085,0.07459797535431618,144722549.10132688,5980.656370498291,25.0,0.13859109687282795,0.00016183573841718592,856.8149835159445,0.08,120795.71109735055,586835.9655185202,-419093.3771796881,-4713659.069830234,-346307346.83545053,-4823297.057883937,-354362329.2159692,-5252909.633059871,-4314124.69275103,0.0,inf,-505.62276111533714,130.65036012816407,0.11
SYC,Seychelles,urban_standard_branch,1400,6836910.72800786,5783905.731860998,0.7582455471954085,0.07459797535431618,502300310.5849367,5980.656370498291,40.0,0.1382277145895423,0.00016183573841718592,856.8149835159445,0.0,320793.6247633658,1507627.4734075717,-1186833.8486442058,-14688476.975560088,-1079146246.0697267,-15014602.935180213,-1103106361.5844617,-16159151.275145395,-12735158.605214212,0.0,inf,-1435.6413097121224,370.0686479042008,0.11
SYC,Seychelles,flagship_regional_hub,2500,25438041.50173467,21520133.859064188,0.7582455471954085,0.07459797535431618,1868904927.2867944,5980.656370498291,75.0,0.1364576530082984,0.00016183573841718592,856.8149835159445,0.0,950783.4620784966,4563251.879154726,-3612468.417076229,-49475706.460577086,-3634925730.381492,-48338646.44147648,-3551387181.5441914,-52273143.17781224,-42192912.052072026,0.0,inf,-4426.467822217752,1345.6524671366233,0.11
PNG,Papua New Guinea,partner_embedded_branch,600,1821987.3639678268,1430225.9473928642,0.5525597120115795,0.15810522951355918,133859407.44461589,4752.246064274427,25.0,0.3045860273634607,0.0001350712730935681,2256.176844306793,0.08,121389.56903978015,461021.7485578423,-302750.43963343475,-3901161.156475797,-286614018.8890047,-3871761.0907275653,-284454028.39855444,-4296416.525965671,-3399154.3170516863,0.0,inf,-209.15867706298422,126.2162840872564,0.11
PNG,Papua New Guinea,urban_standard_branch,1400,6064180.873577216,4760268.378692671,0.5525597120115795,0.15810522951355918,445528698.18275714,4752.246064274427,40.0,0.303787410651582,0.0001350712730935681,2256.176844306793,0.0,321385.9256255793,1184225.5338884788,-862839.6082628994,-12034993.269810578,-884197717.0403864,-11938064.98277664,-877076502.4131187,-13305209.340269217,-10917971.314281678,0.0,inf,-597.6698955877636,353.75689456369804,0.11
PNG,Papua New Guinea,flagship_regional_hub,2500,22050578.151198354,17309290.7506108,0.5525597120115795,0.15810522951355918,1620031721.132577,4752.246064274427,75.0,0.2998972904534969,0.0001350712730935681,2256.176844306793,0.0,951368.1782895144,3584078.540352435,-2632710.3620629204,-40355988.031903915,-2964910049.1171455,-41534657.4295507,-3051505593.225918,-45020701.67947842,-38517821.2012972,0.0,inf,-1847.275290764473,1257.7349007975215,0.11
TLS,Timor-Leste,partner_embedded_branch,600,1631610.068209063,1298152.4766645918,0.45,0.142609906658367,119872596.94024484,4706.627750472073,25.0,0.5804684814301202,0.0001229050029039783,4725.363649726204,0.08,122622.76710045445,370636.6076047728,-218362.9118959365,-3213490.687872335,-236091625.9982238,-3155765.2095603007,-231850598.6046648,-3409400.0836681626,-2812894.56625423,0.0,inf,-79.92642403657435,98.04530646614778,0.11
TLS,Timor-Leste,urban_standard_branch,1400,5302028.747664167,4218435.448662102,0.45,0.142609906658367,389534219.8592639,4706.627750472073,40.0,0.5789465080356028,0.0001229050029039783,4725.363649726204,0.0,322615.8902727289,951795.9043360458,-629180.0140633169,-9892777.425928783,-726811475.4278191,-9675639.560481135,-710858595.3050325,-10249509.828009417,-8749343.328659039,0.0,inf,-230.90143336581056,269.593248830827,0.11
TLS,Timor-Leste,flagship_regional_hub,2500,19023234.828750577,15135392.878655877,0.45,0.142609906658367,1397616137.3099933,4706.627750472073,75.0,0.5715328647259951,0.0001229050029039783,4725.363649726204,0.0,952582.3927437691,2880174.253125378,-1927591.8603816088,-33160293.549916405,-2436250290.7894535,-32640696.97672712,-2398076102.113467,-35533896.278656684,-30035740.15112721,0.0,inf,-716.578913269974,921.8836543300963,0.11
JAM,Jamaica,partner_embedded_branch,600,1816573.268188917,1522873.1542754874,0.6414150306394326,0.08441746390478605,133461639.78324474,5211.2059512581145,25.0,2.3212545350199583,0.00013181812477768373,17618.69714774754,0.08,131612.67402938966,503261.0602575833,-331387.50140758697,-4074101.6409173524,-299319766.0463929,-3948443.6360268877,-290087810.65089583,-4310347.701388098,-3652361.7826549485,0.0,inf,-27.39524079864351,126.96518778343207,0.11
JAM,Jamaica,urban_standard_branch,1400,6181143.260646549,5181787.764472682,0.6414150306394326,0.08441746390478605,454121796.1021153,5211.2059512581145,40.0,2.3151682654683383,0.00013181812477768373,17618.69714774754,0.0,331582.22589744563,1290056.0367400325,-958473.8108425869,-12724576.142565474,-934860612.1605287,-12660453.477891568,-930149590.5218679,-13623644.051767359,-12056627.576102156,0.0,inf,-79.44369817651476,358.2729360633601,0.11
JAM,Jamaica,flagship_regional_hub,2500,22759107.616072528,19079458.34650431,0.6414150306394326,0.08441746390478605,1672086601.534471,5211.2059512581145,75.0,2.285521602981085,0.00013181812477768373,17618.69714774754,0.0,961433.9108280167,3899689.8012018856,-2938255.890373869,-42870804.329728894,-3149670836.2204194,-41788953.23031983,-3070188425.9830446,-45903741.862078846,-38578256.27429537,0.0,inf,-246.6982380033308,1292.191687059723,0.11
PRK,"Korea, Dem. People's Rep.",partner_embedded_branch,600,2034591.8031305862,1575682.658609206,0.6657743723299475,0.17385877278708647,149479221.72502074,5316.966520944462,25.0,12.388701729015102,0.00012623582408040454,98190.46841374174,0.08,183235.49983789446,576307.3953066235,-346967.30384419917,-4465913.791561959,-328105773.76088643,-4655803.707071803,-342056776.9744876,-5099493.950339405,-4339241.56803607,0.0,inf,-5.267430676507829,140.47223064711883,0.11
PRK,"Korea, Dem. People's Rep.",urban_standard_branch,1400,6918035.687138192,5357649.061148625,0.6657743723299475,0.17385877278708647,508260472.0947872,5316.966520944462,40.0,12.356218872447734,0.00012623582408040454,98190.46841374174,0.0,383069.69798745605,1463919.6106653868,-1080849.9126779307,-14272058.006937228,-1048552402.5058706,-14479695.380996069,-1063807291.9768622,-15839261.23653238,-13215428.271533582,0.0,inf,-16.45189289438464,397.24905825358223,0.11
PRK,"Korea, Dem. People's Rep.",flagship_regional_hub,2500,25446917.573519804,19707278.223552108,0.6657743723299475,0.17385877278708647,1869557042.5171692,5316.966520944462,75.0,12.19799251110981,0.00012623582408040454,98190.46841374174,0.0,1012262.0650921301,4401715.934379505,-3389453.869287375,-48304218.82861842,-3548857822.697884,-46618873.330192104,-3425037342.808551,-51693185.02020545,-40875858.34944316,0.0,inf,-52.26096676525385,1439.4680843476128,0.11
LSO,Lesotho,partner_embedded_branch,600,1623136.272437134,1296935.5695357516,0.45,0.13774227814300652,119250036.48605657,4577.987876410853,25.0,0.22991196002059086,0.0001367638388384874,1681.962991258946,0.08,121010.43279899147,368799.2077486494,-218284.83832976597,-3204567.2161628064,-235436028.34754363,-3171347.596884152,-232995419.4607221,-3617933.586356572,-2757624.9339661696,0.0,inf,-207.38978881696318,100.92861991106356,0.11
LSO,Lesotho,urban_standard_branch,1400,5276091.038728527,4215758.252978654,0.45,0.13774227814300652,387628604.9152423,4577.987876410853,40.0,0.22930913678827586,0.0001367638388384874,1681.962991258946,0.0,321007.7834702403,947397.4625994733,-626389.679129233,-9851702.972810533,-723793780.5391198,-9781762.056923864,-718655298.3839338,-10222482.0575347,-9300903.467310015,0.0,inf,-596.6897748587675,278.18122348121534,0.11
LSO,Lesotho,flagship_regional_hub,2500,18934274.51912512,15129064.96158591,0.45,0.13774227814300652,1391080321.2181516,4577.987876410853,75.0,0.2263727408964506,0.0001367638388384874,1681.962991258946,0.0,950994.8783968389,2867426.330893927,-1916431.452497088,-33010649.241550867,-2425256088.062577,-33308496.072566032,-2447138567.1057467,-35242925.858483285,-31201654.76194542,0.0,inf,-1849.245294945461,955.7454513190363,0.11
BLZ,Belize,partner_embedded_branch,600,1842587.0578953018,1509661.6595556196,0.6258148168084378,0.10957255418028954,135372844.29780415,5302.28651987288,25.0,0.47326182033897857,0.0001407012637147094,3365.3452584844613,0.08,122408.99497953971,500447.2877336124,-338002.5097353837,-4121646.2256002906,-302812814.3840052,-4509052.427205115,-331275121.86908984,-5147507.984621394,-4081585.7260664394,0.0,inf,-134.69617500322371,123.21533046102321,0.11
BLZ,Belize,urban_standard_branch,1400,6242402.093912599,5114501.952203035,0.6258148168084378,0.10957255418028954,458622415.19745535,5302.28651987288,40.0,0.47202094004618095,0.0001407012637147094,3365.3452584844613,0.0,322402.67865680443,1285265.7226863897,-962863.0440295853,-12790894.825003609,-939732972.8087077,-13229715.964240188,-971972679.205166,-14197662.351245986,-11913473.81973495,0.0,inf,-384.7158335762625,345.9403770159207,0.11
BLZ,Belize,flagship_regional_hub,2500,22927109.91535207,18784555.473411568,0.6258148168084378,0.10957255418028954,1684429545.6600096,5302.28651987288,75.0,0.46597652171806675,0.0001407012637147094,3365.3452584844613,0.0,952371.9113884956,3889470.897023932,-2937098.9856354366,-43006632.075824134,-3159649951.315516,-45658024.142806396,-3354444809.945429,-48284395.252161,-41042720.92788285,0.0,inf,-1188.752261102946,1234.399403255547,0.11
CHI,Channel Islands,partner_embedded_branch,600,2070836.441356622,1757390.4940494339,0.8316653523169946,0.0712352146127627,152142075.42638552,6288.68224757156,25.0,1.0952493058541852,0.00015991503214277407,6852.512733919383,0.08,126612.16787173468,642957.5862509286,-464908.8114791196,-5089587.598427683,-373926402.3101236,-5326988.694694916,-391367999.71167135,-5699449.938771777,-4847541.412648427,0.0,inf,-67.49865818256464,137.50699971784954,0.11
CHI,Channel Islands,urban_standard_branch,1400,7263213.769176235,6163839.20008539,0.8316653523169946,0.0712352146127627,533620326.08623195,6288.68224757156,40.0,1.09237759040847,0.00015991503214277407,6852.512733919383,0.0,326594.83093802887,1650180.7262301934,-1323585.8952921645,-15925389.215306478,-1170020827.7204301,-15540842.800102925,-1141768625.5964818,-16399004.726443615,-14756218.064032644,0.0,inf,-192.67248416534238,391.7274702561462,0.11
CHI,Channel Islands,flagship_regional_hub,2500,27170098.678348094,23057578.177653477,0.8316653523169946,0.0712352146127627,1996157262.7896883,6288.68224757156,75.0,1.0783892552129166,0.00015991503214277407,6852.512733919383,0.0,956510.3814706202,4991871.851019251,-4035361.469548631,-53703432.09912564,-3945532082.547452,-52719916.21455606,-3873274252.375598,-56854745.37989399,-48056141.75853288,0.0,inf,-595.0414777150739,1442.362372698702,0.11
ERI,Eritrea,partner_embedded_branch,600,1715075.7410620993,1310040.3978342097,0.45,0.1901615913368389,126004728.11251728,4688.329401779147,25.0,0.10361927969659881,0.00012139452038253976,854.0192101545083,0.08,120466.36926296903,385689.29290831054,-234367.78021267668,-3387912.9934085696,-248906240.92143488,-3438200.4095440693,-252600802.0687523,-3876699.675143238,-3095711.2905604425,0.0,inf,-482.43545805699864,102.60297018511224,0.11
ERI,Eritrea,urban_standard_branch,1400,5556921.315352706,4244588.875235261,0.45,0.1901615913368389,408260896.4255165,4688.329401779147,40.0,0.10334759261641707,0.00012139452038253976,854.0192101545083,0.0,320465.146454784,990911.8389046086,-670446.6924498247,-10387133.447983446,-763131268.576551,-10399186.431909088,-764016788.0472857,-11218503.724032046,-9437835.278950768,0.0,inf,-1383.7122010329988,282.2178961947908,0.11
ERI,Eritrea,flagship_regional_hub,2500,19895849.29121825,15197210.06873789,0.45,0.1901615913368389,1461726161.9915848,4688.329401779147,75.0,0.10202418505124415,0.00012139452038253976,854.0192101545083,0.0,950459.1900670095,2999349.5339069804,-2048890.3438399709,-34744066.46605835,-2552608344.7881947,-33075213.362496555,-2429999543.007923,-35666482.04281322,-31307355.986032724,0.0,inf,-4283.487103490349,965.6806152776976,0.11
SWZ,Eswatini,partner_embedded_branch,600,1734014.2324215379,1381439.750617939,0.5169295310506734,0.14111134721838833,127396118.24035473,5161.959247142662,25.0,0.2271020028654658,0.00012962791128917755,1752.8655088000744,0.08,121125.39963238657,424903.09354536573,-269785.4464293499,-3608595.436004524,-265119537.2282728,-3588899.778088191,-263672518.9063835,-3961424.606772878,-3210579.358697739,0.0,inf,-230.13516365110425,103.52334170781839,0.11
SWZ,Eswatini,urban_standard_branch,1400,5730900.00056822,4565644.802433616,0.5169295310506734,0.14111134721838833,421042919.05174655,5161.959247142662,40.0,0.22650654726837416,0.00012962791128917755,1752.8655088000744,0.0,321122.4488635619,1091524.7775804473,-770402.3287168853,-11139949.87576119,-818439863.4273114,-11503962.300390553,-845183455.8511635,-12667033.319409385,-10380705.194473695,0.0,inf,-658.9041688912592,285.8040231596545,0.11
SWZ,Eswatini,flagship_regional_hub,2500,20760080.574828368,16538964.903448045,0.5169295310506734,0.14111134721838833,1525220283.744008,5161.959247142662,75.0,0.22360603966459525,0.00012962791128917755,1752.8655088000744,0.0,951108.075453597,3303653.5846797344,-2352545.5092261373,-37381182.92057451,-2746354389.873397,-36974419.783346854,-2716469949.620732,-41224327.64709971,-34953470.58017588,0.0,inf,-2038.1677813777715,985.176235970943,0.11
SSD,South Sudan,partner_embedded_branch,600,1958009.5752553006,1471081.574196319,0.5748652593570552,0.21000000000000002,143852809.68347415,4688.329401779147,25.0,0.747631497080311,0.0001035933503196303,7220.74262016549,0.08,123364.93702027947,501531.76311974623,-338044.2850498871,-4250367.84094415,-312269849.8695417,-4075027.969761593,-299387822.4076175,-4402242.158962148,-3680707.4562501595,0.0,inf,-96.44237371816807,140.98669827945028,0.11
SSD,South Sudan,urban_standard_branch,1400,6528287.933062052,4904799.348656688,0.5748652593570552,0.21000000000000002,479626133.32534266,4688.329401779147,40.0,0.745671226568024,0.0001035933503196303,7220.74262016549,0.0,323356.1142421564,1287778.9361334916,-964422.8218913352,-13104817.107137078,-962796497.5625434,-12772225.579914259,-938361363.9081627,-14077471.481742645,-11861698.415225867,0.0,inf,-275.8684127572482,397.6511244305123,0.11
SSD,South Sudan,flagship_regional_hub,2500,23751921.86428905,17845170.44649816,0.5748652593570552,0.21000000000000002,1745027572.255266,4688.329401779147,75.0,0.7361226060594208,0.0001035933503196303,7220.74262016549,0.0,953313.1378470105,3896598.8284732443,-2943285.690626234,-43898623.79900472,-3225183602.026698,-44420250.18310249,-3263506918.6773386,-47752904.783136085,-40345229.043771595,0.0,inf,-852.83329383674,1432.768253515291,0.11
GNB,Guinea-Bissau,partner_embedded_branch,600,1675691.1544122093,1304452.9574175025,0.45,0.1678118296700106,123111185.85439517,4578.818375950798,25.0,0.02677647531973488,0.00010795529599075551,248.16218858907635,0.08,120117.7004325477,378390.9143460083,-228001.94076577996,-3312808.440842848,-243388392.05943912,-3387679.0691306056,-248889054.76204956,-3679875.2590549146,-3126638.318740022,0.0,inf,-1859.6521558782702,103.57346750872897,0.11
GNB,Guinea-Bissau,urban_standard_branch,1400,5436778.519424789,4232296.506318506,0.45,0.1678118296700106,399434137.3657679,4578.818375950798,40.0,0.026706268091712466,0.00010795529599075551,248.16218858907635,0.0,320117.3918250477,972229.7874056946,-652112.3955806468,-10162124.69866414,-746600123.2736859,-10227415.247177972,-751396948.0533937,-11196325.519307906,-9164289.350951077,0.0,inf,-5332.806603039043,285.4664699085726,0.11
GNB,Guinea-Bissau,flagship_regional_hub,2500,19484906.413904835,15168155.378571015,0.45,0.1678118296700106,1431534640.832533,4578.818375950798,75.0,0.02636428356807399,0.00010795529599075551,248.16218858907635,0.0,950115.8885754275,2942922.5889440044,-1992806.700368577,-34009227.60546011,-2498620542.022788,-34284562.127669506,-2518849066.5015383,-36251402.84525452,-31218057.20664254,0.0,inf,-16508.050300016537,980.7443290726775,0.11
BRB,Barbados,partner_embedded_branch,600,2240957.256927118,1902153.003231476,0.9475194581876708,0.07101472198755047,164640664.61345276,5674.872728904498,25.0,0.8055965615173235,0.0001438344330018375,5603.777621263191,0.08,124388.79163915574,731920.7235326903,-548978.2740109194,-5768009.540903949,-423769316.15971816,-5854269.023744097,-430106705.4785527,-6311326.026654283,-5299942.652112653,0.0,inf,-120.08297189334422,188.0980195215843,0.11
BRB,Barbados,urban_standard_branch,1400,7971321.819822046,6766159.279669041,0.9475194581876708,0.07101472198755047,585644245.648324,5674.872728904498,40.0,0.8034843081003535,0.0001438344330018375,5603.777621263191,0.0,324377.28434061573,1879068.382249828,-1554691.097909212,-18020215.628129892,-1323925419.9615123,-17581365.058740653,-1291683551.3641112,-19520358.13091073,-15373641.033679716,0.0,inf,-340.9656165454624,558.1940182180404,0.11
BRB,Barbados,flagship_regional_hub,2500,30030450.118171718,25490227.760524902,0.9475194581876708,0.07101472198755047,2206304136.6869464,5674.872728904498,75.0,0.7931953677881743,0.0001438344330018375,5603.777621263191,0.0,954321.2314509003,5685250.679836395,-4730929.448385495,-60719035.17864932,-4460960723.636669,-58430036.09623387,-4292790478.950597,-63978179.30458423,-52840970.18247852,0.0,inf,-1051.0180540095437,2263.600090549414,0.11
PLW,Palau,partner_embedded_branch,600,2002449.8104909663,1723334.3122817364,0.8074015444633721,0.05632952681008561,147117784.88197976,5519.553981302695,25.0,0.07631740881253177,0.00015222221841263632,501.61639646109035,0.08,120404.38853534775,614176.7768239615,-444638.2461426968,-4907694.419214018,-360562910.5157928,-4911407.868867115,-360835733.5770112,-5608998.004316997,-4118262.8823239096,0.0,inf,-1055.55098373378,154.81304159199877,0.11
PLW,Palau,urban_standard_branch,1400,7006017.064094328,6029469.270955082,0.8074015444633721,0.05632952681008561,514724367.08023983,5519.553981302695,40.0,0.07611730653399804,0.00015222221841263632,501.61639646109035,0.0,320403.3282390327,1577967.0750140266,-1257563.7467749938,-15293239.696070556,-1123577497.9066381,-15378021.179344695,-1129806300.2231576,-16369519.894223655,-14502526.516971832,0.0,inf,-2993.2473853039774,447.93103030580625,0.11
PLW,Palau,flagship_regional_hub,2500,26177458.584375642,22528660.818583924,0.8074015444633721,0.05632952681008561,1923229086.9896357,5519.553981302695,75.0,0.07514259375397653,0.00015222221841263632,501.61639646109035,0.0,950398.1634584194,4776327.789652248,-3825929.6261938284,-51511697.460022904,-3784507749.520677,-54086906.41508516,-3973705518.71925,-59744544.39567041,-46591833.1434147,0.0,inf,-9224.58443506286,1708.3101541835435,0.11
GRD,Grenada,partner_embedded_branch,600,1895999.7091417613,1589503.5595268146,0.694725560510135,0.08438643555658255,139297013.03096515,5542.632688729044,25.0,0.7661009721520622,0.00014592944231662193,5252.538507751599,0.08,124076.36763947243,543290.8808411981,-375751.2427344299,-4397171.691681159,-323055367.2989539,-4167747.705810239,-306199839.4234019,-4495756.578220076,-3663092.5252411566,0.0,inf,-88.49083913141294,129.93071832749524,0.11
GRD,Grenada,urban_standard_branch,1400,6511614.75628921,5458985.454208822,0.694725560510135,0.08438643555658255,478401173.3683364,5542.632688729044,40.0,0.7640922751522584,0.00014592944231662193,5252.538507751599,0.0,324065.6795086057,1394867.1381206238,-1070801.458612018,-13695792.193118118,-1006214787.0569757,-13505704.265153218,-992249236.0861154,-14714617.15983303,-12557737.426097283,0.0,inf,-252.8407362389656,367.48526194157483,0.11
GRD,Grenada,flagship_regional_hub,2500,24093801.173999496,20198939.136936396,0.694725560510135,0.08438643555658255,1770145069.0724516,5542.632688729044,75.0,0.7543077656941634,0.00014592944231662193,5252.538507751599,0.0,954013.6168443187,4220389.970153641,-3266376.353309322,-46114108.34027968,-3387952814.241174,-47371550.65511716,-3480335717.9257374,-54284852.441087656,-43895544.24023196,0.0,inf,-781.2707143721475,1331.9845193690676,0.11
CAF,Central African Republic,partner_embedded_branch,600,1753290.5699384324,1324469.465284364,0.45889044359243636,0.2034256431752743,128812329.55374971,4434.45,25.0,0.029986571472910117,0.00010152749850233837,295.5080266746485,0.08,120127.65499379333,397635.88451288483,-245697.35875806073,-3498060.56493013,-256998661.83879524,-3616384.232505925,-265691771.53955457,-3957436.9240437015,-3398374.5779645024,0.0,inf,-1847.7104373183781,113.60692166387642,0.11
CAF,Central African Republic,urban_standard_branch,1400,5689707.208690024,4298114.41042707,0.45889044359243636,0.2034256431752743,418016529.94452655,4434.45,40.0,0.029907947455526565,0.00010152749850233837,295.5080266746485,0.0,320127.32028569037,1021675.1692071517,-701547.8489214614,-10711904.866014244,-786991867.4107139,-10730528.54450477,-788360128.5833665,-11196990.2271758,-10200565.132268516,0.0,inf,-5289.698584264323,314.5930340508913,0.11
CAF,Central African Republic,flagship_regional_hub,2500,20387556.238890532,15401152.65156902,0.45889044359243636,0.2034256431752743,1497851330.5594246,4434.45,75.0,0.029524964137585683,0.00010152749850233837,295.5080266746485,0.0,950125.6898981311,3092588.9535164614,-2142463.2636183305,-35804479.944948725,-2630515756.627444,-36157354.71031104,-2656441077.476371,-40033527.77051342,-31245819.4300395,0.0,inf,-16363.803007684617,1091.0334342415636,0.11
SLB,Solomon Islands,partner_embedded_branch,600,1858613.3021100871,1484838.5309583961,0.6002839968072993,0.13793413979708874,136550274.83139578,4527.311182891982,25.0,0.2749177443799317,0.00012810835882500488,2147.095979918182,0.08,121194.85265136644,492092.5279413711,-331530.273054695,-4113390.2962577417,-302206260.3367304,-4018972.167681423,-295269464.2901697,-4824963.256535188,-3440394.8889263896,0.0,inf,-266.36678737627943,146.56044398636107,0.11
SLB,Solomon Islands,urban_standard_branch,1400,6255308.874916811,4997340.560286354,0.6002839968072993,0.13793413979708874,459570662.2003757,4527.311182891982,40.0,0.2741969171412225,0.00012810835882500488,2147.095979918182,0.0,321191.71977851645,1264066.8702975486,-942875.1505190321,-12708566.794433825,-933684422.9635793,-12236692.909426164,-899016367.69334,-13764876.584822306,-10664290.827036284,0.0,inf,-759.5410941531006,417.6716317605283,0.11
SLB,Solomon Islands,flagship_regional_hub,2500,22888186.694974214,18285278.3146895,0.6002839968072993,0.13793413979708874,1681569899.4743912,4527.311182891982,75.0,0.2706857151353991,0.00012810835882500488,2147.095979918182,0.0,951176.4593265743,3825772.1735680625,-2874595.714241488,-42642159.66487587,-3132872564.2027993,-43353449.71548242,-3185130261.8018064,-47818045.90967624,-37655440.76184069,0.0,inf,-2345.6925567561866,1539.1338836402322,0.11
HTI,Haiti,partner_embedded_branch,600,1894944.3536836503,1465084.5174876358,0.5769034764124288,0.1758206878883988,139219477.22634873,4586.9532603730495,25.0,0.05957255893761369,0.0001022409825592761,582.9715962894126,0.08,120262.32628170974,488457.93715291616,-329118.9758989731,-4131949.7123275814,-303569800.2200239,-3978240.270904228,-292276936.63903564,-4260068.931965983,-3637213.2226187196,0.0,inf,-1204.4321857640045,141.5005907003923,0.11
HTI,Haiti,urban_standard_branch,1400,6333275.2343249805,4896599.455683249,0.5769034764124288,0.1758206878883988,465298764.8630986,4586.9532603730495,40.0,0.05941636122378953,0.0001022409825592761,582.9715962894126,0.0,320261.6384689616,1254995.2391006316,-934733.60063167,-12733060.778226525,-935483969.0094467,-12779243.13191608,-938876935.7344294,-14158642.685128666,-11571244.235294685,0.0,inf,-3429.7107002954594,400.38440502204526,0.11
HTI,Haiti,flagship_regional_hub,2500,23078883.694138154,17843539.898915924,0.5769034764124288,0.1758206878883988,1695580198.2362669,4586.9532603730495,75.0,0.0586555107777568,0.0001022409825592761,582.9715962894126,0.0,950258.2880829448,3798781.137451679,-2848522.8493687343,-42668991.04319415,-3134843836.053327,-46017224.256915085,-3380834847.208869,-51378809.080213174,-42700939.96290118,0.0,inf,-10587.33296641468,1452.607354516398,0.11
KNA,St. Kitts and Nevis,partner_embedded_branch,600,2092963.202944321,1762939.4199440612,0.8344968333678116,0.07927351293718682,153767704.26079604,5944.3505812725725,25.0,0.33852513213296126,0.00014545248573690693,2328.6055221246766,0.08,121931.81958333115,648934.3587451498,-475087.7904622067,-5171680.273602338,-379957660.8532628,-5369120.734288432,-394463394.3153634,-6081365.771462372,-4840821.501086093,0.0,inf,-236.09051423801526,149.7735892941418,0.11
KNA,St. Kitts and Nevis,urban_standard_branch,1400,7340443.90751948,6182983.965628073,0.8344968333678116,0.07927351293718682,539294339.397158,5944.3505812725725,40.0,0.337637527963287,0.00014545248573690693,2328.6055221246766,0.0,321926.7544021837,1666822.974820502,-1344896.2204183184,-16132036.377435993,-1185202967.4102073,-16406835.423843678,-1205392151.070829,-18843251.704873398,-14285039.452050755,0.0,inf,-670.0907859031344,430.4674091385216,0.11
KNA,St. Kitts and Nevis,flagship_regional_hub,2500,27456975.00847714,23127489.067542385,0.8344968333678116,0.07927351293718682,2017233751.2003064,5944.3505812725725,75.0,0.3333139433738389,0.00014545248573690693,2328.6055221246766,0.0,951902.0815357189,5044504.104983297,-4092602.0234475783,-54342307.63326952,-3992469565.277915,-55028245.337019004,-4042864653.8409157,-57279365.07379546,-51761851.169154316,0.0,inf,-2065.578088388681,1616.740297954169,0.11
ATG,Antigua and Barbuda,partner_embedded_branch,600,2103894.356461338,1764257.114179871,0.8345856804991884,0.08410005422354343,154570804.0854224,5920.888112739244,25.0,0.15788552830980848,0.00014867664638420502,1062.4921318487234,0.08,120897.42964583337,651654.9735198123,-478625.14599239395,-5202327.911927188,-382209309.12858737,-5085813.0949296625,-373649093.6900779,-5488078.406770148,-4803680.702129684,0.0,inf,-511.99572276890075,151.2513674498982,0.11
ATG,Antigua and Barbuda,urban_standard_branch,1400,7376987.157820542,6186100.568418729,0.8345856804991884,0.08410005422354343,541979131.7992017,5920.888112739244,40.0,0.15747155652468273,0.00014867664638420502,1062.4921318487234,0.0,320895.0766084367,1674121.737457777,-1353226.6608493403,-16216706.360082379,-1191423577.8982563,-16638739.041828835,-1222429854.7902186,-19285699.661726885,-15062380.440654105,0.0,inf,-1451.3814596097452,434.9917426729536,0.11
ATG,Antigua and Barbuda,flagship_regional_hub,2500,27589470.74919997,23135629.360973563,0.8345856804991884,0.08410005422354343,2026968067.525898,5920.888112739244,75.0,0.15545506979356158,0.00014867664638420502,1062.4921318487234,0.0,950883.6147918135,5067138.732089987,-4116255.1172981737,-54613975.34790198,-4012428693.4374757,-53792536.43788099,-3952078480.301035,-58828420.88700429,-49352297.86438364,0.0,inf,-4472.090043327624,1636.1005022818163,0.11
STP,São Tomé and Principe,partner_embedded_branch,600,1735314.3130027303,1404829.5062774199,0.5392728686632722,0.12295368179331828,127491633.7305663,4849.017730191995,25.0,0.05750263429644024,0.00012968320127298307,443.6394647136861,0.08,120267.67804150673,436067.65227421164,-280914.56205076794,-3681500.96862801,-270475826.5140344,-3634101.664223266,-266993451.75865272,-3867879.6634464394,-3377381.223098,0.0,inf,-1007.471431166868,115.79993371031334,0.11
STP,São Tomé and Principe,urban_standard_branch,1400,5770890.173395111,4671843.442035341,0.5392728686632722,0.12295368179331828,423980953.0601481,4849.017730191995,40.0,0.05735186387166502,0.00012968320127298307,443.6394647136861,0.0,320266.9761965823,1120388.1809789694,-800121.2047823871,-11365894.501320962,-835039766.5280997,-10918096.986485977,-802140575.6904396,-11808427.168643022,-10103962.366030855,0.0,inf,-2877.0967839981854,322.98386159235076,0.11
STP,São Tomé and Principe,flagship_regional_hub,2500,20980173.991602153,16984570.02826003,0.5392728686632722,0.12295368179331828,1541390304.9716196,4849.017730191995,75.0,0.05661745014607165,0.00012968320127298307,443.6394647136861,0.0,950263.5574588127,3391333.9887870755,-2441070.4313282627,-38145864.985460185,-2802534740.030276,-39255861.94175583,-2884084995.4126654,-41204781.5066368,-37346672.28370727,0.0,inf,-8891.52454509175,1136.7367308166436,0.11
LCA,St. Lucia,partner_embedded_branch,600,1929199.061203812,1615447.063792816,0.7152267567232484,0.08565447155502211,141736132.90767676,5759.567737913872,25.0,0.14081143436396393,0.00014564807616431003,967.2958494504496,0.08,120778.57247471237,559238.3461350122,-393720.70596949884,-4526873.133804061,-332584389.58013725,-4606877.067027239,-338462190.54971755,-5001858.845012624,-4005038.4770208476,0.0,inf,-485.4678145028807,128.55009083848984,0.11
LCA,St. Lucia,urban_standard_branch,1400,6647373.309733516,5566289.094316154,0.7152267567232484,0.08565447155502211,488375204.9554807,5759.567737913872,40.0,0.1404422304130142,0.00014564807616431003,967.2958494504496,0.0,320776.5310777544,1436725.869923046,-1115949.3388452916,-14085703.470658028,-1034861139.7154278,-14559250.923162226,-1069652150.1487134,-16731715.635543866,-12483763.952188952,0.0,inf,-1379.6117064491289,363.1493563491761,0.11
LCA,St. Lucia,flagship_regional_hub,2500,24638085.73652903,20631112.70420975,0.7152267567232484,0.08565447155502211,1810133057.1684778,5759.567737913872,75.0,0.1386438110643586,0.00014564807616431003,967.2958494504496,0.0,950766.587284417,4348646.510495702,-3397879.923211285,-47417308.93838066,-3483697528.662995,-49439510.61264022,-3632266461.249003,-53624064.94931073,-43378809.17860344,0.0,inf,-4255.177189331558,1312.9114230215202,0.11
VCT,St. Vincent and the Grenadines,partner_embedded_branch,600,1868918.9709833039,1575878.8844693433,0.6850752109023645,0.07813948336555049,137307420.98727527,5561.483808983961,25.0,0.212389479935308,0.00014271864450892576,1488.9442727588262,0.08,121133.95262770439,532036.8560099552,-368339.9549014544,-4320952.074487501,-317455595.8653148,-4335086.586497033,-318494042.91469187,-4785121.739853426,-3875542.5067481934,0.0,inf,-311.83521080704077,126.35803194056278,0.11
VCT,St. Vincent and the Grenadines,urban_standard_branch,1400,6410514.506897888,5405367.812543348,0.6850752109023645,0.07813948336555049,470973449.2558303,5561.483808983961,40.0,0.21183260019406774,0.00014271864450892576,1488.9442727588262,0.0,321130.97943314654,1366741.539584477,-1045610.5601513304,-13439705.765544165,-987400398.9181877,-13572188.375967711,-997133750.5751343,-15236183.445411392,-12180395.27179029,0.0,inf,-887.5370394248758,356.5951344843513,0.11
VCT,St. Vincent and the Grenadines,flagship_regional_hub,2500,23705027.843562786,19988160.75732487,0.6850752109023645,0.07813948336555049,1741582320.13593,5561.483808983961,75.0,0.20911999839513096,0.00014271864450892576,1488.9442727588262,0.0,951116.4967858009,4136641.26518711,-3185524.768401309,-45240811.92031104,-3323792686.89214,-44580983.75936993,-3275315837.718774,-49101454.33247419,-40044414.40747359,0.0,inf,-2739.0170903820135,1286.4144366876963,0.11
KIR,Kiribati,partner_embedded_branch,600,1668769.38345839,1410376.7145103952,0.5531725964004947,0.0756438760391077,122602650.9563661,4675.893866870737,25.0,0.00798035797026213,0.00014341988840885708,55.67229782249006,0.08,120035.82269461305,428419.3192621171,-274109.95102653466,-3578714.013895618,-262924182.01549578,-3569035.902210233,-262213141.7958934,-4127244.737090222,-3232604.465568074,0.0,inf,-7345.77774865925,119.79789173971822,0.11
KIR,Kiribati,urban_standard_branch,1400,5582496.84099637,4718101.633104081,0.5531725964004947,0.0756438760391077,410139902.1614782,4675.893866870737,40.0,0.007959433677388312,0.00014341988840885708,55.67229782249006,0.0,320035.72876843123,1100790.6105343683,-780754.8817659371,-11070107.39792178,-813308613.4071755,-11083411.430186203,-814286046.0232072,-12032684.838112174,-9720142.052259883,0.0,inf,-20978.184230950275,336.4369910649595,0.11
KIR,Kiribati,flagship_regional_hub,2500,20368884.779947616,17214961.563261226,0.5531725964004947,0.0756438760391077,1496479559.0094936,4675.893866870737,75.0,0.007857509922064432,0.00014341988840885708,55.67229782249006,0.0,950035.2712471553,3332107.082314143,-2382071.811066988,-37200821.10233639,-2733103405.485442,-35780598.84801936,-2628761238.70525,-37817225.44448633,-32766675.832316656,0.0,inf,-64834.36575277067,1201.1773268934305,0.11
COM,Comoros,partner_embedded_branch,600,1700652.2461625265,1322322.3608405814,0.46401967458848214,0.16919107041991438,124945049.80809006,4664.327535852912,25.0,0.1245600361389622,0.00010956091082030534,1137.4943439687725,0.08,120557.74925417261,390715.2824274349,-238900.31057906753,-3401331.135911065,-249892057.0911365,-3296488.675662513,-242189396.86338162,-3712608.16788204,-2889984.869310519,0.0,inf,-411.19606425315095,105.22820053737055,0.11
COM,Comoros,urban_standard_branch,1400,5537935.631473134,4305957.39659106,0.46401967458848214,0.16919107041991438,406866039.11513656,4664.327535852912,40.0,0.12423344293521656,0.00010956091082030534,1137.4943439687725,0.0,320556.28685000626,1003802.9939276949,-683246.7070776885,-10445638.358412823,-767429559.9903959,-10335438.410787119,-759333291.0582778,-11386566.503681595,-9335768.445554309,0.0,inf,-1179.098227447181,290.3390128952853,0.11
COM,Comoros,flagship_regional_hub,2500,19888872.78757101,15464361.557904013,0.46401967458848214,0.16919107041991438,1461213605.9427757,4664.327535852912,75.0,0.12264258364120116,0.00010956091082030534,1137.4943439687725,0.0,950549.163372748,3038331.3127292744,-2087782.1493565263,-34970793.08904651,-2569265700.379849,-35480322.135514006,-2606700238.941865,-37081035.773427434,-32953875.415635377,0.0,inf,-3649.6805192106417,999.6253908814872,0.11
NRU,Nauru,partner_embedded_branch,600,2046902.5879068747,1736999.791675731,0.8153429815691047,0.0712842588574007,150383681.5406714,5316.855665183632,25.0,0.027244516303114384,0.00014575947935911615,187.0115577871229,0.08,120139.06095441735,628930.8057233902,-458477.28031110164,-5037887.811941642,-370128075.86675936,-4906315.5249594655,-360461604.6716945,-5491078.674027464,-4558141.5784833385,0.0,inf,-3165.0738407686194,167.3095645654614,0.11
NRU,Nauru,urban_standard_branch,1400,7163558.745576789,6078989.846530914,0.8153429815691047,0.0712842588574007,526298781.12290657,5316.855665183632,40.0,0.027173081883699095,0.00014575947935911615,187.0115577871229,0.0,320138.6963401797,1615957.3300304802,-1295818.6336903004,-15683269.840894097,-1152232583.6136644,-16037733.5063275,-1178274639.2030246,-17542863.904683232,-14281308.481459958,0.0,inf,-8969.13275960289,488.1269537717236,0.11
NRU,Nauru,flagship_regional_hub,2500,26767493.473249212,22714872.149465818,0.8153429815691047,0.0712842588574007,1966578301.2367992,5316.855665183632,75.0,0.02682511962136152,0.00014575947935911615,187.0115577871229,0.0,950136.920277659,4891466.7718454525,-3941329.8515677936,-52795741.60398367,-3878845060.328916,-50783062.95625613,-3730975774.026886,-55970998.53934536,-45537847.49976663,0.0,inf,-27634.158520551155,1898.3794253255082,0.11
WSM,Samoa,partner_embedded_branch,600,1793990.7395482908,1477583.8129775445,0.6013146764060202,0.10376186988007663,131802526.24479944,5005.581725672872,25.0,0.09949269637604147,0.00013385023105661045,743.7007681849267,0.08,120478.09806990511,477968.6259542624,-319253.0378080163,-3965034.019309141,-291306687.8612214,-3871431.0595094487,-284429781.3679938,-4121008.8886428815,-3451130.4793204796,0.0,inf,-641.0461275372194,125.32027188126303,0.11
WSM,Samoa,urban_standard_branch,1400,6051149.152097714,4983905.345745347,0.6013146764060202,0.10376186988007663,444571271.94055176,5005.581725672872,40.0,0.09923182909094777,0.00013385023105661045,743.7007681849267,0.0,320476.84450909065,1227991.4645114855,-907514.6200023949,-12278487.07502655,-902086939.0664182,-12066936.820906688,-886544574.6015114,-13082195.112886792,-11203947.20311626,0.0,inf,-1827.0400908332792,352.5835233024926,0.11
WSM,Samoa,flagship_regional_hub,2500,22173194.60670481,18262498.635370523,0.6013146764060202,0.10376186988007663,1629040217.240535,5005.581725672872,75.0,0.09796112553607808,0.00013385023105661045,743.7007681849267,0.0,950470.7383230174,3716948.591984712,-2766477.8536616946,-41258481.08914724,-3031215221.29045,-40227962.905415714,-2955504183.9016967,-45070449.06598303,-36153262.57946266,0.0,inf,-5641.815441096659,1263.6546826218112,0.11
DMA,Dominica,partner_embedded_branch,600,1805210.7734245297,1543126.6805205056,0.661803226519868,0.06349058948268316,132626849.79164945,5528.429324297494,25.0,0.016188947803123844,0.0001354946331432993,119.54259626009444,0.08,120085.91947561374,506769.160446591,-346141.70813524997,-4124729.750648686,-303039357.5774333,-4139570.0723990337,-304129659.6920774,-4345307.859373654,-3816811.8175679473,0.0,inf,-3867.5287231001726,120.21670096087703,0.11
DMA,Dominica,urban_standard_branch,1400,6172420.9620400695,5276296.602118789,0.661803226519868,0.06349058948268316,453480978.4180257,5528.429324297494,40.0,0.01614650079931602,0.0001354946331432993,119.54259626009444,0.0,320085.69419696357,1302093.2902362559,-982007.5960392923,-12824464.81902737,-942199323.34264,-12380060.03425578,-909549392.6507345,-13142861.723353283,-11762394.564243238,0.0,inf,-11001.063381203672,338.0835851427843,0.11
DMA,Dominica,flagship_regional_hub,2500,22788950.748604972,19480405.52324472,0.661803226519868,0.06349058948268316,1674279143.6541839,5528.429324297494,75.0,0.015939738350690867,0.0001354946331432993,119.54259626009444,0.0,950084.5968482428,3941433.121369512,-2991348.524521269,-43176602.9683359,-3172137525.8203735,-43220822.12082988,-3175386258.313039,-45180138.309413254,-39859545.15976394,0.0,inf,-33945.645058764356,1210.6145584092437,0.11
TON,Tonga,partner_embedded_branch,600,1839806.6565161066,1523831.974444608,0.6395464286291771,0.09759575463254669,135168571.2669162,4962.245477204594,25.0,0.13136258447532673,0.00012778137709520298,1028.5615242323656,0.08,120625.77925505913,505552.30094512866,-344482.3376144592,-4161899.2473264486,-305770159.6119021,-4255506.963261422,-312647415.5331571,-4461580.704334804,-4012177.809969026,0.0,inf,-528.4659749205514,136.28505549212906,0.11
TON,Tonga,urban_standard_branch,1400,6253278.514310813,5179319.093919622,0.6395464286291771,0.09759575463254669,459421493.8400497,4962.245477204594,40.0,0.1310181551652048,0.00012778137709520298,1028.5615242323656,0.0,320624.13847798423,1298816.715989602,-978192.5775116178,-12901621.009305047,-947867903.7705317,-12944245.69001197,-950999492.1749206,-14890051.630051408,-11287415.868093077,0.0,inf,-1504.5777620441759,386.8715314694063,0.11
TON,Tonga,flagship_regional_hub,2500,23008992.47487493,19057349.48223503,0.6395464286291771,0.09759575463254669,1690445367.2373388,4962.245477204594,75.0,0.12934041489732856,0.00012778137709520298,1028.5615242323656,0.0,950616.1461332903,3931251.7212625523,-2980635.575129262,-43366536.183472015,-3186091710.2098875,-42622846.76503755,-3131453666.6958675,-44458386.0127975,-40863376.90491778,0.0,inf,-4644.044647077338,1413.4364248703396,0.11
MAF,St. Martin (French part),partner_embedded_branch,600,1917918.4643205735,1610953.8722878804,0.7122997626244092,0.08231667602947502,140907359.86332178,5706.640649260736,25.0,0.042502098963158506,0.00014181567159254183,299.85569843437486,0.08,120232.84243739718,555122.3687103232,-390479.7367761002,-4496664.239134239,-330364975.31852955,-4284336.223376678,-314765469.5616389,-4849131.818164765,-3663001.356388939,0.0,inf,-1609.9322421437407,128.99420012993758,0.11
MAF,St. Martin (French part),urban_standard_branch,1400,6606630.082127224,5549232.937463139,0.7122997626244092,0.08231667602947502,485381844.8407968,5706.640649260736,40.0,0.04239065955533105,0.00014181567159254183,299.85569843437486,0.0,320232.2319305287,1426294.1648122596,-1106061.9328817308,-13987355.8655011,-1027635649.3469138,-14695836.837179521,-1079686967.0070586,-15685291.300900158,-13854576.527900185,0.0,inf,-4572.23713013534,364.64144084776433,0.11
MAF,St. Martin (French part),flagship_regional_hub,2500,24483991.82077603,20565306.69395091,0.7122997626244092,0.08231667602947502,1798811946.6814122,5706.640649260736,75.0,0.04184783007930818,0.00014181567159254183,299.85569843437486,0.0,950229.2581070854,4317322.309371553,-3367093.051264468,-47083761.697409846,-3459192179.7708344,-46450359.36999207,-3412656807.5180106,-52025359.8888533,-42863334.09017813,0.0,inf,-14099.433037759914,1320.1545761103057,0.11
MHL,Marshall Islands,partner_embedded_branch,600,1949939.3583048345,1645193.4680737823,0.7406576699161834,0.07748552271421152,143259899.72136205,5001.9647662393,25.0,0.05337546140048671,0.00014069951334902303,379.55542336871895,0.08,120256.30289021472,574659.7293268269,-408430.648090466,-4650626.970314921,-341676447.8193699,-4757864.479046101,-349555069.6245901,-5499020.538791729,-4077006.7780207014,0.0,inf,-1529.8049188534985,160.51017828113484,0.11
MHL,Marshall Islands,urban_standard_branch,1400,6748766.583062998,5694036.92105697,0.7406576699161834,0.07748552271421152,495824457.21439713,5001.9647662393,40.0,0.05323551231665103,0.00014069951334902303,379.55542336871895,0.0,320255.63087064377,1476475.3901896887,-1156219.7593190449,-14451517.320320005,-1061737080.8548584,-14751577.4528123,-1083782168.7229216,-16249880.531559905,-14035127.16671671,0.0,inf,-4342.084999949373,465.37963545115804,0.11
MHL,Marshall Islands,flagship_regional_hub,2500,25073084.312778182,21154542.247768328,0.7406576699161834,0.07748552271421152,1842091924.067069,5001.9647662393,75.0,0.05255381013131614,0.00014069951334902303,379.55542336871895,0.0,950252.3574143441,4469188.998668727,-3518936.641254383,-48618729.45054144,-3571964572.128884,-47757419.18780944,-3508685054.567253,-52045689.858439185,-44795380.13884272,0.0,inf,-13386.486719179402,1783.4559020371955,0.11
VUT,Vanuatu,partner_embedded_branch,600,1984555.7759471592,1606594.1442328454,0.7006832339357489,0.12296040725263667,145803129.84748426,4629.9586087089465,25.0,0.012022415744296836,0.00011694518484610232,102.85740228517531,0.08,120053.43675578188,566538.3608531066,-401161.85522907623,-4648798.281685342,-341542096.07731223,-4803242.925270956,-352888974.15243936,-5159656.023157681,-4209809.69562147,0.0,inf,-7206.937909777604,172.26746607168502,0.11
VUT,Vanuatu,urban_standard_branch,1400,6807721.916195402,5511181.040454845,0.7006832339357489,0.12296040725263667,500155840.6887684,4629.9586087089465,40.0,0.011990893280138979,0.00011694518484610232,102.85740228517531,0.0,320053.29664598574,1455671.6140101675,-1135618.3173641819,-14398511.1462139,-1057842775.5500745,-14103928.098541435,-1036200083.0789309,-16096409.051196758,-12215284.312185718,0.0,inf,-20455.200594819766,501.386220700523,0.11
VUT,Vanuatu,flagship_regional_hub,2500,25167357.527446672,20374196.442079153,0.7006832339357489,0.12296040725263667,1849018073.448227,4629.9586087089465,75.0,0.011837345060210764,0.00011694518484610232,102.85740228517531,0.0,950052.6141609591,4406327.078629841,-3456274.464468882,-48359414.82664119,-3552913011.957019,-48498082.34256391,-3563100761.817594,-52040233.443525776,-43765633.74769223,0.0,inf,-63063.31651789087,1938.8451427129799,0.11
TUV,Tuvalu,partner_embedded_branch,600,2008005.4631280382,1670210.1320289278,0.75757770469951,0.09295200461816107,147525952.57000753,4874.199872025269,25.0,0.0035184456110534364,0.00013154999520470379,26.760003121180777,0.08,120016.46362286124,596161.5691921731,-428452.180033938,-4829574.317859066,-354823512.6013559,-4605467.424243274,-338358625.6449867,-5124480.253875914,-4274758.460033365,0.0,inf,-24983.2066914592,173.84584974297417,0.11
TUV,Tuvalu,urban_standard_branch,1400,6961645.70356191,5790527.666977441,0.75757770469951,0.09295200461816107,511464452.03041965,4874.199872025269,40.0,0.003509220337362629,0.00013154999520470379,26.760003121180777,0.0,320016.4204556665,1531798.580075501,-1211782.1596198345,-14996982.01080686,-1101811771.6537683,-14708177.220762838,-1080593601.4145029,-17002535.376312878,-13314556.657618862,0.0,inf,-70845.22481356213,508.46863136616884,0.11
TUV,Tuvalu,flagship_regional_hub,2500,25884345.542249963,21529969.404693317,0.75757770469951,0.09295200461816107,1901694394.2090085,4874.199872025269,75.0,0.0034642833569768217,0.00013154999520470379,26.760003121180777,0.0,950016.2101851155,4636786.133467872,-3686769.9232827565,-50429862.27495951,-3705026508.492773,-49200772.78604377,-3614726655.7405715,-55561706.30867678,-43956835.20322965,0.0,inf,-218337.98325864316,1989.4008010326936,0.11
ALB,Albania,partner_embedded_branch,600,1849437.553141716,1543103.0640134448,0.6565699986076782,0.08956226301538853,135876142.6480134,5637.863818303193,25.0,7.716964111681711,9.199164585485002e-05,83931.35719550088,0.08,161766.90504229878,523429.30306941736,-319788.05378156516,-4079853.3882701774,-299742340.59748286,-4110650.017506165,-302004935.0711587,-4631450.70772605,-3590614.4255510443,0.0,inf,-7.350234146374903,118.98086396843557,0.11
ALB,Albania,urban_standard_branch,1400,6308310.0671463,5263423.23741839,0.6565699986076782,0.08956226301538853,463464601.49216485,5637.863818303193,40.0,7.6967304307151085,9.199164585485002e-05,83931.35719550088,0.0,361657.3932939794,1334559.276029328,-972901.8827353485,-12978700.954809997,-953530882.5788403,-12933236.951157913,-950190692.2409257,-14551877.844372269,-11103988.58065591,0.0,inf,-22.42064933911553,333.53745837422025,0.11
ALB,Albania,flagship_regional_hub,2500,23256533.267966732,19404400.912681244,0.6565699986076782,0.08956226301538853,1708631917.0109212,5637.863818303193,75.0,7.598170696315577,9.199164585485002e-05,83931.35719550088,0.0,991123.9535878872,4021558.8695244095,-3030434.915936522,-43942628.57243259,-3228416584.325193,-43088424.90034487,-3165659180.1609473,-47566691.0819382,-38905224.57998125,0.0,inf,-70.74265155663323,1186.293999641075,0.11
ASM,American Samoa,partner_embedded_branch,600,1834143.8762090353,1550983.4843069597,0.6657743723299475,0.07506207557810135,134752533.026814,5347.104050964543,25.0,0.047348313514121304,0.00014029896687304253,337.65734085083204,0.08,120243.0493046378,515391.1340149162,-353916.7939890851,-4203761.873099922,-308845760.6785909,-4337923.01017012,-318702431.84188753,-4779530.030146565,-3889020.9973636945,0.0,inf,-1397.9061686099378,127.72699831400179,0.11
ASM,American Samoa,urban_standard_branch,1400,6271527.239558397,5303310.877683683,0.6657743723299475,0.07506207557810135,460762207.6103919,5347.104050964543,40.0,0.047224167456670914,0.00014029896687304253,337.65734085083204,0.0,320242.41203562653,1324204.409788905,-1003961.9977532784,-13059730.933494626,-959484065.9798234,-12539302.839578735,-921248786.3907262,-14252620.826130342,-11464979.228187108,0.0,inf,-3975.8897092384072,360.94571837678745,0.11
ASM,American Samoa,flagship_regional_hub,2500,23153318.181330446,19578842.517180428,0.6657743723299475,0.07506207557810135,1701048818.1323485,5347.104050964543,75.0,0.04661944296441193,0.00014029896687304253,337.65734085083204,0.0,950239.3078518356,4008289.377963121,-3058050.0701112854,-43946656.971465796,-3228712546.3709235,-42433666.86723615,-3117554827.7022862,-45014822.19813937,-39267063.79461197,0.0,inf,-12267.579374386793,1305.8899133597768,0.11
AND,Andorra,partner_embedded_branch,600,2171984.8988264306,1933459.4039785601,0.9825189393084963,0.021242919371758876,159573341.33338916,6747.260949044274,25.0,0.3683467399945292,0.00010640070246616587,3463.685804233754,0.08,122385.91831149394,723038.3147602234,-542809.3312679116,-5637903.684228898,-414210581.9862445,-5564121.359880867,-408789875.7769515,-5971431.24275788,-5102013.249946195,0.0,inf,-218.40519665189686,148.7663287242505,0.11
AND,Andorra,urban_standard_branch,1400,7774579.676586006,6920782.090058649,0.9825189393084963,0.021242919371758876,571189816.8011297,6747.260949044274,40.0,0.36738094433780777,0.00010640070246616587,3463.685804233754,0.0,322379.66249518737,1857066.5525659441,-1534686.890070757,-17668548.635004282,-1298088832.8102663,-17365274.595922947,-1275807622.7604034,-18771666.871670906,-15536711.582351785,0.0,inf,-619.1211642186801,430.1079839318076,0.11
AND,Andorra,flagship_regional_hub,2500,29387863.12011543,26160513.520661708,0.9825189393084963,0.021242919371758876,2159093976.7854486,6747.260949044274,75.0,0.3626764833172054,0.00010640070246616587,3463.685804233754,0.0,952349.189958102,5620091.498730209,-4667742.308772107,-59639865.49223116,-4381675313.862183,-58738431.87542478,-4315447977.612396,-64532005.037423335,-53971992.7368393,0.0,inf,-1907.4798957686987,1637.4430024267226,0.11
ABW,Aruba,partner_embedded_branch,600,2174748.3719730983,1897298.6750924117,0.9494327465235437,0.04203096775192875,159776370.66565436,6403.375760580152,25.0,0.14898615568484513,0.00017331284701513632,860.0848780240997,0.08,120915.85376445539,712556.9893989426,-534636.5764825718,-5596548.118529596,-411172234.0654391,-5638500.512236143,-414254430.28342605,-6046664.518111099,-5255489.228369234,0.0,inf,-560.4072760769574,155.50619263221503,0.11
ABW,Aruba,urban_standard_branch,1400,7748734.057422802,6760167.314185988,0.9494327465235437,0.04203096775192875,569290967.5913901,6403.375760580152,40.0,0.1485955178253267,0.00017331284701513632,860.0848780240997,0.0,320913.4524194946,1830586.277990647,-1509672.8255711524,-17502207.37181311,-1285867923.1790004,-16140195.835982675,-1185802433.8542275,-17574234.927235764,-14451965.120531294,0.0,inf,-1586.6025220560016,450.9747444409232,0.11
ABW,Aruba,flagship_regional_hub,2500,29220633.156901594,25492727.935071923,0.9494327465235437,0.04203096775192875,2146807775.3410876,6403.375760580152,75.0,0.14669269234616228,0.00017331284701513632,860.0848780240997,0.0,950901.7552932067,5540726.364603626,-4589824.609310419,-59026823.59443586,-4336635799.977249,-56733338.95495455,-4168136006.3476605,-61202955.44076264,-53136333.730305865,0.0,inf,-4886.2830727270875,1729.1810138494975,0.11
AUS,Australia,partner_embedded_branch,600,2288388.7110643648,2040526.240098846,1.0685173781177977,0.019518069806395377,168125401.37431672,6596.872082146615,25.152472326667475,191.54618822910376,0.00010055742719681073,1905835.9510483884,0.08,1333061.473507368,1122054.6088009214,300771.23341052025,-2609638.600976059,-191727277.41125,-2494433.31502581,-183263271.77829975,-3875367.537601845,-1257946.2326803668,0.0,inf,0.23802617623264716,171.6319673619835,0.11
AUS,Australia,urban_standard_branch,1400,8261896.960643534,7367025.304606065,1.0685173781177977,0.019518069806395377,606992481.6118238,6596.872082146615,40.0,191.04395906140172,0.00010055742719681073,1905835.9510483884,0.0,1529880.857595125,2464433.97208388,-934553.1144887551,-16531046.944460483,-1214517834.857873,-16809677.941925954,-1234988547.7475638,-19582184.17597075,-14142628.396076465,0.0,inf,-0.7415366432794944,506.07950167287567,0.11
AUS,Australia,flagship_regional_hub,2500,31361051.027905885,27964238.431222066,1.0685173781177977,0.019518069806395377,2304061921.8641148,6596.872082146615,75.0,188.5975641885106,0.00010055742719681073,1905835.9510483884,0.0,2144387.845717798,6725198.841301128,-4580810.99558333,-62825898.46565756,-4615749651.783549,-58910764.044903204,-4328109032.5385895,-65074023.198200725,-53304278.11515607,0.0,inf,-3.6818681398395836,2019.6321979152035,0.11
AUT,Austria,partner_embedded_branch,600,2261997.47375863,1989208.401179694,1.0246149961309048,0.03375862406425261,166186466.19982544,6685.087972897391,25.0,50.75974112124212,0.00010362141783405613,490112.7747075358,0.08,445760.00148192083,848442.4705107393,-334807.0713879593,-5000231.795339003,-367361529.7485817,-5099687.817730477,-374668454.3120587,-5768064.337804691,-4655191.580858376,0.0,inf,-0.9866613060851147,161.33193511336415,0.11
AUT,Austria,urban_standard_branch,1400,8126605.775017269,7146565.223116044,1.0246149961309048,0.03375862406425261,597052787.0241662,6685.087972897391,40.0,50.62665038854844,0.00010362141783405613,490112.7747075358,0.0,644905.8671557435,2073648.704324748,-1428742.8371690044,-17924992.18821626,-1316929458.5768418,-16758278.644130629,-1231212297.8777688,-18958467.520442132,-15152987.010608096,0.0,inf,-4.221509250323175,470.6409706650419,0.11
AUT,Austria,flagship_regional_hub,2500,30771770.19648468,27060801.13003253,1.0246149961309048,0.03375862406425261,2260768107.3885136,6685.087972897391,75.0,49.978355731388454,0.00010362141783405613,490112.7747075358,0.0,1270745.3166128886,6090292.271706421,-4819546.955093533,-62410562.13018654,-4585235348.086462,-59908634.52922438,-4401421479.364134,-65862602.79366379,-54144046.931823514,0.0,inf,-14.425043289015157,1829.9457077821805,0.11
BHS,"Bahamas, The",partner_embedded_branch,600,2291055.0420221724,1951484.3353493318,0.9877317645157544,0.06727851881855507,168321293.77682278,6117.691082196357,25.0,0.30451361790854875,0.00010072797004573186,3024.7033805527685,0.08,121788.40343489902,759509.407453811,-576960.2514226071,-5970868.231809042,-438673121.03595537,-6099531.067599826,-448125838.05238485,-6932877.112782811,-5376938.802044341,0.0,inf,-309.7074354461736,178.8764301539998,0.11
BHS,"Bahamas, The",urban_standard_branch,1400,8186591.039838288,6973208.360832129,0.9877317645157544,0.06727851881855507,601459838.4467752,6117.691082196357,40.0,0.3037151910523942,0.00010072797004573186,3024.7033805527685,0.0,321783.71428719565,1950902.0311629132,-1629118.3168757176,-18657727.338638857,-1370762704.0697243,-18320236.288394425,-1345967607.8484213,-20730855.03545753,-17086075.291652564,0.0,inf,-876.7960179651519,527.0962143433638,0.11
BHS,"Bahamas, The",flagship_regional_hub,2500,30911387.137245536,26329829.12929496,0.9877317645157544,0.06727851881855507,2271025610.447579,6117.691082196357,75.0,0.29982599565537604,0.00010072797004573186,3024.7033805527685,0.0,951760.8731070383,5904353.467630692,-4952592.594523653,-62881668.41418484,-4619847008.554905,-61813276.84004297,-4541353454.833433,-67859721.4973249,-57491924.84612855,0.0,inf,-2700.07467984992,2100.1081371599153,0.11
BEL,Belgium,partner_embedded_branch,600,2270584.482326876,1984941.1401399064,1.0199701493524451,0.039913813797400756,166817344.27362502,6717.696710771946,25.0,73.18842607860175,0.00010773738435079873,679676.3125365603,0.08,591991.3431694068,886862.870839408,-223922.4980028486,-4580736.718844684,-336541687.9231282,-4552015.718699923,-334431587.63559276,-5281316.173513465,-3821764.5078005404,0.0,inf,-0.4554439423385343,160.23588967862335,0.11
BEL,Belgium,urban_standard_branch,1400,8151236.636151358,7125797.374221286,1.0199701493524451,0.039913813797400756,598862389.2977405,6717.696710771946,40.0,72.99652791213491,0.00010773738435079873,679676.3125365603,0.0,790753.7940349963,2126059.353598171,-1335305.5595631746,-17638209.514758468,-1295859851.0188384,-17761663.554025806,-1304929883.4843667,-19646694.18900499,-15416229.712961355,0.0,inf,-2.7230653335644712,466.64316296629596,0.11
BEL,Belgium,flagship_regional_hub,2500,30852565.686292302,26971261.09433797,1.0199701493524451,0.039913813797400756,2266704063.1496406,6717.696710771946,75.0,72.06177795981787,0.00010773738435079873,679676.3125365603,0.0,1414725.602022125,6167666.542174254,-4752940.940152129,-62319545.77484202,-4578548476.577291,-60480889.174362876,-4443464398.662349,-65182476.10442871,-55502411.46292734,0.0,inf,-9.818317051378664,1807.017588905537,0.11
BMU,Bermuda,partner_embedded_branch,600,2707243.4187686914,2379487.346086609,1.3367276395267376,0.034311186712748916,198898196.00917512,7344.578303898786,25.0,0.061702461802309747,0.00010678238635823354,578.1346829995173,0.08,120435.05141976038,995602.5838155495,-795519.3256905451,-7657543.332259061,-562591285.3234078,-7862125.567724395,-577621717.1225868,-8328830.112364926,-7343191.983880024,0.0,inf,-1755.421354752896,205.45438973829948,0.11
BMU,Bermuda,urban_standard_branch,1400,9977834.90704192,8769854.878231047,1.3367276395267376,0.034311186712748916,733060555.0019722,7344.578303898786,40.0,0.061540679538080734,0.00010678238635823354,578.1346829995173,0.0,320433.9107261529,2557976.828508715,-2237542.9177825623,-24015172.892011832,-1764368335.6859283,-23900502.988718487,-1755943664.0278597,-26372757.51524028,-22046244.058232386,0.0,inf,-4950.421991445483,622.3356098842452,0.11
BMU,Bermuda,flagship_regional_hub,2500,38246214.466464065,33615884.972788066,1.3367276395267376,0.034311186712748916,2809907306.015202,7344.578303898786,75.0,0.060752626340084506,0.00010678238635823354,578.1346829995173,0.0,950428.3543244693,7742768.916559426,-6792340.562234957,-81042728.02862358,-5954120081.262143,-80199292.19046551,-5892153778.012092,-88001086.54722829,-69451979.67581694,0.0,inf,-15222.554243670093,2663.460039392774,0.11
VGB,British Virgin Islands,partner_embedded_branch,600,1946570.4865746805,1614408.4431283707,0.7122997626244092,0.09613495939143683,143012392.42110655,5690.600174273108,25.0,0.03892014927920395,9.255311564629376e-05,420.7359368675251,0.08,120212.61984794014,562204.9460343658,-397015.9305036764,-4564123.240498901,-335321113.94388974,-4701215.682943695,-345393144.88862205,-5406185.315687951,-4123535.176554573,0.0,inf,-1792.5668604129673,131.11029717597685,0.11
VGB,British Virgin Islands,urban_standard_branch,1400,6700142.798216214,5556832.993312218,0.7122997626244092,0.09613495939143683,492252121.22786725,5690.600174273108,40.0,0.03881810165110939,9.255311564629376e-05,420.7359368675251,0.0,320212.06236417993,1444497.6723249499,-1124285.60996077,-14188710.539726928,-1042428955.7721437,-14903826.107887533,-1094967709.9377785,-16487099.822870292,-13880342.615903934,0.0,inf,-5089.607435700358,370.7566041987583,0.11
VGB,British Virgin Islands,flagship_regional_hub,2500,24818246.565595668,20583270.46232146,0.7122997626244092,0.09613495939143683,1823369275.1030917,5690.600174273108,75.0,0.038321020218536485,9.255311564629376e-05,420.7359368675251,0.0,950209.3468201605,4372433.977487663,-3422224.630667502,-47743703.372991815,-3507677368.739999,-49398350.17682753,-3629242449.306324,-54246577.490769245,-44435993.46965634,0.0,inf,-15693.267482739577,1343.3348755874806,0.11
BGR,Bulgaria,partner_embedded_branch,600,1950305.2346786917,1638468.9899371048,0.7343530601073387,0.08211065921172546,143286780.25608534,6044.394512709634,25.0,18.70023800525746,9.79877472126857e-05,190942.0211047257,0.08,228510.35134592865,594807.6693125971,-318712.70442166075,-4276432.150587359,-314184766.02828765,-4217536.805663743,-309857789.821629,-4953397.453997513,-3466232.86559286,0.0,inf,-2.8196775003463688,124.62576137995505,0.11
BGR,Bulgaria,urban_standard_branch,1400,6741740.348168471,5663796.7751246095,0.7343530601073387,0.08211065921172546,495308247.4655546,6044.394512709634,40.0,18.65120646327774,9.79877472126857e-05,190942.0211047257,0.0,428225.84000196843,1500237.3120289694,-1072011.472027001,-14106765.0831839,-1036408513.2199297,-14358071.486190375,-1054871718.2117721,-15699250.498091575,-13246814.057101712,0.0,inf,-9.509106264522437,351.1082183677685,0.11
BGR,Bulgaria,flagship_regional_hub,2500,25030273.448848445,21028158.119229354,0.7343530601073387,0.08211065921172546,1838946656.9861016,6044.394512709634,75.0,18.41237024940755,9.79877472126857e-05,190942.0211047257,0.0,1056839.9645134371,4491962.793567734,-3435122.829054297,-48206818.25667759,-3541701909.8180203,-47186657.52244027,-3466751822.8504124,-50351719.468024254,-42963441.251806766,0.0,inf,-30.865958547537442,1262.0222158730473,0.11
CAN,Canada,partner_embedded_branch,600,2245372.081819546,1992674.227499917,1.029264212849008,0.024375845754628377,164965016.94199204,6526.174215483845,25.0,178.0814734870976,9.972042367876822e-05,1786737.6124673167,0.08,1235703.0917057917,1061567.7115426525,259060.79708655132,-2682075.722698706,-197049153.063379,-2125916.6108874166,-156188754.89362654,-3497533.9291751543,-439485.6208628869,0.0,inf,0.22290730128107455,166.2274639741017,0.11
CAN,Canada,urban_standard_branch,1400,8074272.4809599845,7165580.621979887,1.029264212849008,0.024375845754628377,593207917.4764011,6526.174215483845,40.0,177.61454845434463,9.972042367876822e-05,1786737.6124673167,0.0,1432777.7469608479,2352740.843794887,-919963.0968340391,-16131376.73800549,-1185154504.4268515,-16497245.937739704,-1212034512.0752046,-18883873.524364684,-14534230.049270237,0.0,inf,-0.7936576512000926,487.5475218217205,0.11
CAN,Canada,flagship_regional_hub,2500,30588744.512623295,27146237.069310185,1.029264212849008,0.024375845754628377,2247321411.7234697,6526.174215483845,75.0,175.34012259537295,9.972042367876822e-05,1786737.6124673167,0.0,2048528.1795408314,6463840.102954499,-4415311.923413668,-60983909.884388894,-4480420776.90518,-60929191.38805314,-4476400669.169738,-68215518.42894983,-51874978.805070326,0.0,inf,-3.858525912597741,1920.4928794881694,0.11
CYM,Cayman Islands,partner_embedded_branch,600,2572660.2963479534,2256645.115714146,1.238036527760444,0.03639782405436371,189010522.04635817,6956.3060371725005,25.0,0.14754178111538108,0.00010630362701464112,1388.6509437375205,0.08,120985.29195139979,924132.2141876819,-729216.3451012676,-7138311.216570213,-524443872.9390754,-7026844.999020427,-516254572.5485319,-7782832.42480648,-5992680.252786252,0.0,inf,-710.4977263872632,199.3036291531676,0.11
CYM,Cayman Islands,urban_standard_branch,1400,9414212.519198703,8257808.747584209,1.238036527760444,0.03639782405436371,691651838.1517576,6956.3060371725005,40.0,0.14715493036874952,0.00010630362701464112,1388.6509437375205,0.0,320982.7085413029,2374132.7754147565,-2053150.0668734536,-22372048.39656308,-1643649786.4422534,-23809412.638202757,-1749251356.1748545,-27119152.26237743,-21357232.779941186,0.0,inf,-2005.7056404387467,600.280173754862,0.11
CYM,Cayman Islands,flagship_regional_hub,2500,35963722.38638295,31546084.254239995,1.238036527760444,0.03639782405436371,2642215123.6329308,6956.3060371725005,75.0,0.14527055219242072,0.00010630362701464112,1388.6509437375205,0.0,950970.1245624699,7185908.371211234,-6234938.246648763,-75482782.35412972,-5545636988.497321,-71276566.79844293,-5236610958.458124,-77255370.32882407,-64753029.762927935,0.0,inf,-6169.868229646324,2529.9278977857107,0.11
HRV,Croatia,partner_embedded_branch,600,2033955.629899641,1728316.9888105062,0.8086823595431676,0.06985615752618649,149432482.77753374,6245.580381534277,25.0,15.012623431602796,9.849150564749542e-05,152504.96006480785,0.08,210012.04452458903,642956.8694951881,-381508.27541098406,-4695629.378213078,-344982725.22499883,-5189521.514499762,-381268437.1966316,-5766150.3009739155,-4502698.05277435,0.0,inf,-4.068877074495236,133.63387784550102,0.11
HRV,Croatia,urban_standard_branch,1400,7112324.6427906705,6043569.156263874,0.8086823595431676,0.06985615752618649,522534667.94872355,6245.580381534277,40.0,14.973260719972847,9.849150564749542e-05,152504.96006480785,0.0,409776.0352642498,1627210.479384099,-1217434.4441198492,-15295331.234331636,-1123731160.9219875,-15078766.817543332,-1107820411.4414093,-16949665.31938446,-13433567.31368307,0.0,inf,-13.018363563449368,379.583144270767,0.11
HRV,Croatia,flagship_regional_hub,2500,26565017.113125723,22573142.555190563,0.8086823595431676,0.06985615752618649,1951702585.7825224,6245.580381534277,75.0,14.781522083295878,9.849150564749542e-05,152504.96006480785,0.0,1038626.4169593424,4882029.314387828,-3843402.8974284856,-52108669.37059856,-3828366619.121569,-51853840.078869924,-3809644591.3704867,-56568771.07630659,-46782084.85998305,0.0,inf,-41.63168170528644,1388.7053343959144,0.11
CUW,Curaçao,partner_embedded_branch,600,2105240.6562282294,1757017.5787429467,0.8277613601893091,0.0892635140252411,154669715.24836618,5941.350252972288,25.0,0.27985216878316804,0.00015646401476194526,1789.535678704411,0.08,121596.19176364293,649570.4023809748,-476008.5784268539,-5188693.360119614,-381207593.6052919,-5317588.490944991,-390677377.08238846,-5860975.632017643,-4578654.68174084,0.0,inf,-286.28655133945676,149.65528834518813,0.11
CUW,Curaçao,urban_standard_branch,1400,7373006.227003578,6153454.005698291,0.8277613601893091,0.0892635140252411,541686657.1911032,5941.350252972288,40.0,0.2791184036108772,0.00015646401476194526,1789.535678704411,0.0,321592.0065899866,1668561.2542968611,-1346969.2477068745,-16175819.25619756,-1188419647.351653,-16992539.63869728,-1248423195.4614868,-18915802.049439102,-15260426.481872465,0.0,inf,-812.2394002210035,429.62031348394186,0.11
CUW,Curaçao,flagship_regional_hub,2500,27557206.017269652,22999031.132208303,0.8277613601893091,0.0892635140252411,2024597613.1621826,5941.350252972288,75.0,0.2755441799878013,0.00015646401476194526,1789.535678704411,0.0,951571.6203041365,5049948.451613252,-4098376.8313091155,-54474808.39670265,-4002204250.6165075,-54599706.26870177,-4011380359.8846235,-58951371.57233589,-51186099.946062535,0.0,inf,-2503.430216383185,1609.2501954929257,0.11
CYP,Cyprus,partner_embedded_branch,600,2167490.4014526648,1854012.9612843648,0.9106502779548384,0.06280045536326712,159243135.5552857,6556.802429702849,25.0,10.176195850632073,0.00011083451736121617,91862.1438657553,0.08,184054.37345141417,712134.93836954,-471109.76984856266,-5310011.918857167,-390120734.6653253,-5458688.626126098,-401043848.8039957,-5931168.835916006,-5046196.693099997,0.0,inf,-7.060647925901073,145.41958688107658,0.11
CYP,Cyprus,urban_standard_branch,1400,7680767.347014459,6569921.695814957,0.9106502779548384,0.06280045536326712,564297528.1410706,6556.802429702849,40.0,10.149514127442034,0.00011083451736121617,91862.1438657553,0.0,383886.4245354707,1810836.9779558885,-1426950.5534204177,-17046032.260720123,-1252353239.5596206,-16967077.636859667,-1246552530.1946793,-19576175.786721796,-14493068.294552637,0.0,inf,-21.44231018161029,417.25973458337023,0.11
CYP,Cyprus,flagship_regional_hub,2500,28882480.324116156,24705296.429023854,0.9106502779548384,0.06280045536326712,2121964058.6844575,6556.802429702849,75.0,10.019545509508765,0.00011083451736121617,91862.1438657553,0.0,1013068.3331276147,5448186.70438766,-4435118.371260045,-57861934.82623919,-4251052703.555485,-57320209.79147124,-4211252761.148622,-62904283.27154418,-47530970.73515087,0.0,inf,-67.50953172956756,1561.2498274141537,0.11
CZE,Czechia,partner_embedded_branch,600,2044406.869839584,1788180.9396791663,0.8626740985433692,0.03935326599981925,150200323.87955743,6378.010039865585,25.0,36.665093181652566,0.00010141092676954539,361738.0521959909,0.08,344496.31912817975,697758.2053504502,-297441.2297942345,-4421723.06000341,-324859129.32308453,-4316704.741948347,-317143549.0157289,-5263002.35114159,-3799264.2539315843,0.0,inf,-1.2719298993914883,137.37030961103363,0.11
CZE,Czechia,urban_standard_branch,1400,7211349.514913114,6307549.60872542,0.8626740985433692,0.03935326599981925,529809916.3762001,6378.010039865585,40.0,36.5689582525131,0.00010141092676954539,361738.0521959909,0.0,543907.6955666759,1728156.4171661711,-1184248.7215994953,-15426972.30231419,-1133402685.3814912,-14758133.391378935,-1084263826.31788,-15833956.93997157,-14003076.7141296,0.0,inf,-5.077443943399313,392.6036006489192,0.11
CZE,Czechia,flagship_regional_hub,2500,27058571.61734275,23667315.315210517,0.8626740985433692,0.03935326599981925,1987963492.297393,6378.010039865585,75.0,36.100678007403836,0.00010141092676954539,361738.0521959909,0.0,1171040.4673060894,5117633.265717413,-3946592.7984113237,-53430371.6413978,-3925470631.084691,-55185956.628624216,-4054451528.9527297,-60076756.01516545,-51911385.687573195,0.0,inf,-17.140431942845865,1455.9791486465908,0.11
DNK,Denmark,partner_embedded_branch,600,2329485.533338578,2080571.6732291807,1.1008869306550215,0.01785203964161479,171144739.70029867,6834.928303481558,25.0,35.902870163690174,0.00010644786004449776,337456.9584106884,0.08,355577.80171970837,872005.0564877952,-446666.8502490632,-5582068.032175624,-410108398.04910773,-5338550.915882575,-392217463.3838854,-5667499.2248269925,-4958516.587225797,0.0,inf,-1.8202062041027502,170.02682586017303,0.11
DNK,Denmark,urban_standard_branch,1400,8435829.17765489,7534430.661208999,1.1008869306550215,0.01785203964161479,619771090.2702094,6834.928303481558,40.0,35.808733763654594,0.00010644786004449776,337456.9584106884,0.0,554960.1227965169,2159726.0218048873,-1604765.8990083705,-19115380.44153434,-1404385974.1210425,-18871219.259393536,-1386447720.646458,-22103755.746710923,-16503601.087696776,0.0,inf,-6.556752033970563,500.7752121000411,0.11
DNK,Denmark,flagship_regional_hub,2500,32068463.17059042,28641833.195289552,1.1008869306550215,0.01785203964161479,2356034713.833791,6834.928303481558,75.0,35.350188499441494,0.00010644786004449776,337456.9584106884,0.0,1181951.3637519113,6395665.381176462,-5213714.017424551,-65883523.34922497,-4840389988.591875,-65285428.68930529,-4796448631.831702,-70737621.18023495,-57007127.23009609,0.0,inf,-21.578512735458432,1992.8418889305094,0.11
EST,Estonia,partner_embedded_branch,600,2038104.5629757347,1787718.0638169341,0.8628909461789585,0.0364175243729446,149737300.32680798,6266.83639808226,25.0,4.767413003678467,0.00010472083411318605,45548.68447604211,0.08,148681.53344269717,650694.7146386798,-449957.6040248882,-5005079.511991739,-367717686.15856993,-4888091.040923673,-359122671.87651724,-5202276.082389053,-4387950.5555544505,0.0,inf,-15.060537147600703,140.21165684752327,0.11
EST,Estonia,urban_standard_branch,1400,7190425.179281152,6307062.558535704,0.8628909461789585,0.0364175243729446,528272628.45408905,6266.83639808226,40.0,4.754912969681102,0.00010472083411318605,45548.68447604211,0.0,348606.3312013865,1663509.838721949,-1314903.5075205625,-15842148.2760164,-1163905207.4758213,-15829709.256247034,-1162991326.3762877,-16904406.420639213,-14456873.146685442,0.0,inf,-44.12685284013485,401.787884892027,0.11
EST,Estonia,flagship_regional_hub,2500,26982982.989310715,23668052.651442956,0.8628909461789585,0.0364175243729446,1982410078.94337,6266.83639808226,75.0,4.6940243932130405,0.00010472083411318605,45548.68447604211,0.0,978240.0156040385,5020722.006723838,-4042481.991119799,-53601895.31110048,-3938072286.4217105,-52004866.36710276,-3820740326.638036,-55925731.40594807,-48622495.264531866,0.0,inf,-137.4214081850587,1498.911815440674,0.11
FRO,Faroe Islands,partner_embedded_branch,600,2477436.44785807,2110939.5471567516,1.1153665641801378,0.06692536772631841,182014530.64403978,6749.948845304007,25.0,0.43443330147317333,0.0001460244238891777,2976.622509087289,0.08,122815.10645917483,857608.7862040933,-666184.9768485909,-6674917.419515029,-490398840.40260774,-7006014.581366655,-514724184.6769687,-7936974.280190561,-6601292.655233905,0.0,inf,-227.18060117772902,184.67324818557896,0.11
FRO,Faroe Islands,urban_standard_branch,1400,8962585.556470636,7636715.085986191,1.1153665641801378,0.06692536772631841,658471301.9897856,6749.948845304007,40.0,0.43329422855588845,0.0001460244238891777,2976.622509087289,0.0,322807.725322609,2202587.051198401,-1879779.325875792,-20899720.28380008,-1535479459.5584798,-21107910.144097365,-1550774939.585675,-22535431.332435537,-19072008.486975074,0.0,inf,-642.722469434402,546.8069658722336,0.11
FRO,Faroe Islands,flagship_regional_hub,2500,34046304.293348685,29009700.82582711,1.1153665641801378,0.06692536772631841,2501344525.4976053,6749.948845304007,75.0,0.4277457213725142,0.0001460244238891777,2976.622509087289,0.0,952771.7712685396,6665551.126324519,-5712779.3550559785,-70480568.13803108,-5178129812.4761915,-68856144.50257811,-5058785194.845461,-74270855.35160993,-63752681.70192544,0.0,inf,-1978.614990025211,2204.956513753235,0.11
FIN,Finland,partner_embedded_branch,600,2230010.9429492704,1976505.5260952425,1.0160663477827683,0.025690365467128166,163836450.96644565,6541.388985508735,25.0,38.450811620811635,0.0001024128387232563,375644.69627337944,0.08,361460.84699543857,814825.1637484217,-388178.3036531094,-5154861.833642079,-378722028.5696665,-5111130.189600829,-375509112.7867644,-5485923.572870966,-4678234.911476898,0.0,inf,-1.543319242618348,163.0079313049682,0.11
FIN,Finland,urban_standard_branch,1400,8008018.223403638,7097674.709477315,1.0160663477827683,0.025690365467128166,588340290.0534196,6541.388985508735,40.0,38.34999458395841,0.0001024128387232563,375644.69627337944,0.0,560827.7428791921,2013739.0133085973,-1452911.2704294052,-17813860.852653503,-1308764761.597515,-17010478.676272027,-1249741156.8191621,-19074253.46024286,-15425262.63551986,0.0,inf,-5.7916700249601565,476.71335307528767,0.11
FIN,Finland,flagship_regional_hub,2500,30317222.33544067,26870790.778545402,1.0160663477827683,0.025690365467128166,2227372976.040257,6541.388985508735,75.0,37.85890745099418,0.0001024128387232563,375644.69627337944,0.0,1187743.8465951947,5955397.197795293,-4767653.351200098,-61528054.110093795,-4520398454.609071,-62031891.26890989,-4557414816.446414,-67645641.88104866,-56866668.884989515,0.0,inf,-19.251590662387315,1864.6273863474837,0.11
FRA,France,partner_embedded_branch,600,2222049.9946232885,1930645.4108768727,0.9752551729991614,0.04630577851168344,163251568.84997892,6485.618335746562,38.136018264657366,290.42111001890663,9.905755442698398e-05,2933369.2404005397,0.08,1928218.0571774305,1202036.1269086131,822344.8204215064,-375981.36371568654,-27622937.212691404,-32440.259493169655,-2383350.180677732,-2214873.026054544,3044963.591899539,0.5,8.0,0.4365906116638131,159.12828623701728,0.11
FRA,France,urban_standard_branch,1400,7937772.197397986,6896795.077777065,0.9752551729991614,0.04630577851168344,583179391.7934129,6485.618335746562,40.0,289.6596333551505,9.905755442698398e-05,2933369.2404005397,0.0,2123476.9560452388,2509250.500455035,-385773.54440979613,-14024221.113922346,-1030344098.5966495,-12699837.258281883,-933043073.5449859,-16209353.600185132,-9052783.147861054,0.0,inf,-0.20534922910548936,462.6165444566764,0.11
FRA,France,flagship_regional_hub,2500,29971022.807243325,26040556.145047575,0.9752551729991614,0.04630577851168344,2201938077.5230794,6485.618335746562,75.0,285.9504250378343,9.905755442698398e-05,2933369.2404005397,0.0,2730382.7069503046,6578836.045823947,-3848453.338873642,-58144081.45051395,-4271781705.6796646,-57193035.912041545,-4201909436.1181893,-66661127.746001355,-47613323.86990142,0.0,inf,-2.0751241802652602,1784.1081866201232,0.11
PYF,French Polynesia,partner_embedded_branch,600,1845596.0364673552,1552412.6490865694,0.6657743723299475,0.08077873469654004,135593910.64361647,5333.79366500695,25.0,0.015748883806120304,0.0001375753296399401,114.53424862621026,0.08,120080.64124480897,518096.7448638345,-356568.3640299188,-4230854.164285878,-310836201.51050276,-4157781.630874601,-305467642.860563,-4565523.826382093,-3831549.7632553536,0.0,inf,-4244.795951247859,128.81414619815294,0.11
PYF,French Polynesia,urban_standard_branch,1400,6308614.14047718,5306455.040198824,0.6657743723299475,0.08077873469654004,463486941.4253039,5333.79366500695,40.0,0.015707590638768292,0.0001375753296399401,114.53424862621026,0.0,320080.4298055439,1331199.3568471223,-1011118.9270415783,-13139137.647968655,-965317989.9448444,-12941464.795142362,-950795182.8878348,-13788707.43010261,-11891557.700282594,0.0,inf,-12068.587800201085,364.133381797093,0.11
PYF,French Polynesia,flagship_regional_hub,2500,23285271.48115566,19586274.174034398,0.6657743723299475,0.08077873469654004,1710743281.9218771,5333.79366500695,75.0,0.015506448611598488,0.0001375753296399401,114.53424862621026,0.0,950079.3998694764,4029538.7926006885,-3079459.392731212,-44205272.42483226,-3247712739.252759,-42459068.04768397,-3119421024.488489,-45131669.010482036,-40384829.66670859,0.0,inf,-37232.81960682413,1318.322348275753,0.11
DEU,Germany,partner_embedded_branch,600,2246242.048191466,1977333.9186822544,1.015322534022812,0.032723004614957155,165028932.414374,6626.117513431818,41.312030686861085,314.60772139215163,9.965154948142646e-05,3158722.5126331677,0.08,2121242.6232743175,1282010.5050488901,941792.9586293385,40884.72724276502,3003755.937325979,-742346.98550719,-54539416.443529196,-1945911.9268280447,90228.69041512189,0.2,7.0,0.4517799240178555,161.1155629181918,0.11
DEU,Germany,urban_standard_branch,1400,8062925.283222294,7097674.829456849,1.015322534022812,0.032723004614957155,592374251.3405305,6626.117513431818,40.0,313.7828280568771,9.965154948142646e-05,3158722.5126331677,0.0,2315995.416705765,2640711.5427344404,-324716.1260286756,-14070785.382199392,-1033765124.166269,-13139306.799307982,-965330417.3076782,-15949050.769875463,-8862033.585349062,0.0,inf,-0.15617645129767407,469.98815548867276,0.11
DEU,Germany,flagship_regional_hub,2500,30517733.578967325,26864313.120478496,1.015322534022812,0.032723004614957155,2242104316.5397925,6626.117513431818,75.0,309.76471251147586,9.965154948142646e-05,3158722.5126331677,0.0,2920435.891150844,6846847.240599938,-3926411.349449094,-59386768.07050195,-4363080524.694901,-57206886.58550145,-4202927029.8615475,-64362611.10257288,-50479220.41493162,0.0,inf,-1.9129548504466278,1827.2069532995254,0.11
GIB,Gibraltar,partner_embedded_branch,600,2023316.4263646244,1752043.566935089,0.8316653523169946,0.04984750615538326,148650832.19693998,6238.459129882682,25.0,0.17400431290988919,9.919308224840734e-05,1755.11178302566,0.08,121042.09804273119,628886.4702228326,-457533.45456227486,-4990822.2376028225,-366670219.89221805,-5046575.323696151,-370766337.7991002,-6111686.29742909,-4209946.466327751,0.0,inf,-421.48828456544965,136.16899058164023,0.11
GIB,Gibraltar,urban_standard_branch,1400,7104615.765213938,6152075.960433832,0.8316653523169946,0.04984750615538326,521968305.19292635,6238.459129882682,40.0,0.17354807808706527,9.919308224840734e-05,1755.11178302566,0.0,321039.36568852724,1615592.8573905088,-1294553.4917019815,-15587866.936243335,-1145223437.152168,-15834848.048509484,-1163368867.7911384,-17188524.453149233,-13976948.621059913,0.0,inf,-1195.7017301532424,388.3567009207638,0.11
GIB,Gibraltar,flagship_regional_hub,2500,26595526.062259033,23029774.156658884,0.8316653523169946,0.04984750615538326,1953944044.7155027,6238.459129882682,75.0,0.17132572501964452,9.919308224840734e-05,1755.11178302566,0.0,951026.0561920953,4889923.763656001,-3938897.707463905,-52554628.13311066,-3861130718.848694,-52381213.06743194,-3848390104.729851,-56438526.24333331,-48585551.97372597,0.0,inf,-3685.3164849028617,1433.5469742465157,0.11
GRC,Greece,partner_embedded_branch,600,2054012.0567184195,1736558.4086066433,0.8141910537019308,0.0752783659169184,150906006.3938399,6125.36131165155,25.0,50.590108523648475,9.835200363274228e-05,514645.9430330631,0.08,417487.3857628893,698310.5812670372,-224958.34900278493,-4126311.040026933,-303155533.1686348,-4364655.046470276,-320666405.1436201,-4943417.418328175,-3900613.0687246984,0.0,inf,-0.7259467976729719,138.93686554467342,0.11
GRC,Greece,urban_standard_branch,1400,7185780.196879639,6075196.580504345,0.8141910537019308,0.0752783659169184,527931366.7065306,6125.36131165155,40.0,50.45746256325276,9.835200363274228e-05,514645.9430330631,0.0,616707.3815062926,1710022.1798175555,-1093314.7983112629,-15000290.59255376,-1102054849.515273,-14548394.37651589,-1068854531.6088083,-16077639.763440154,-13774541.490461685,0.0,inf,-3.537432068762173,396.08501507997715,0.11
GRC,Greece,flagship_regional_hub,2500,26844820.542613942,22695874.003432542,0.8141910537019308,0.0752783659169184,1972259435.9632497,6125.36131165155,75.0,49.811334424366336,9.835200363274228e-05,514645.9430330631,0.0,1242907.9239341605,5028422.767175152,-3785514.8432409912,-52401670.69280117,-3849893103.9623404,-52126808.58650057,-3829699287.360752,-57014601.307669654,-45999903.7656389,0.0,inf,-12.406950965000927,1460.7215086733056,0.11
GRL,Greenland,partner_embedded_branch,600,2292842.570718833,2007704.5376824872,1.0385232828842192,0.038201736308852714,168452621.54388487,6764.270197355363,25.0,0.4069639506156097,0.0001508304240850245,2699.5609840167936,0.08,122642.70155764528,776998.9648887623,-592196.3461400161,-6051492.161763653,-444596472.48339766,-6464700.665924708,-474954446.75475585,-7395381.29930091,-5540814.685770284,0.0,inf,-215.12398577498544,162.40157409417964,0.11
GRL,Greenland,urban_standard_branch,1400,8246919.392604756,7221332.025967809,1.0385232828842192,0.038201736308852714,605892096.1633396,6764.270197355363,40.0,0.4058969016281459,0.0001508304240850245,2699.5609840167936,0.0,322635.77246228687,1995591.2230941388,-1672955.4506318518,-18959342.571005557,-1392922043.4149501,-19152463.89641803,-1407110454.7595468,-21853576.838940967,-17734511.640565585,0.0,inf,-609.323170184857,473.910290755331,0.11
GRL,Greenland,flagship_regional_hub,2500,31244179.094252523,27358651.19777011,1.0385232828842192,0.038201736308852714,2295475469.4577293,6764.270197355363,75.0,0.400699228255253,0.0001508304240850245,2699.5609840167936,0.0,952602.0203338787,6039191.402712098,-5086589.38237822,-63973697.77749303,-4700077204.644858,-63177397.74532602,-4641573917.211583,-68927037.82991168,-57831084.3950951,0.0,inf,-1876.6670434908099,1844.04098701321,0.11
GUM,Guam,partner_embedded_branch,600,1788198.8456775208,1545227.092396358,0.6657743723299475,0.052036507935694774,131377002.17319722,5347.510481114441,25.0,0.2777138646112008,0.00014082989150211202,1973.008115851551,0.08,121425.67468968882,504606.71730906854,-342812.50523465424,-4094329.6115142684,-300805892.79538065,-4217797.111844365,-309876914.23038244,-4659157.204115443,-3777249.46198835,0.0,inf,-230.83807786269884,124.97926869854416,0.11
GUM,Guam,urban_standard_branch,1400,6122548.960526969,5290646.81548036,0.6657743723299475,0.052036507935694774,449816937.3260599,5347.510481114441,40.0,0.27698570601732586,0.00014082989150211202,1973.008115851551,0.0,321421.93660740467,1296180.7515833422,-974758.8149759376,-12740861.183664795,-936057056.2165505,-13030958.667051218,-957370199.2137194,-14949590.250827141,-11654548.079446852,0.0,inf,-658.0943605389489,353.1774575991045,0.11
GUM,Guam,flagship_regional_hub,2500,22622782.877297822,19548909.279245302,0.6657743723299475,0.052036507935694774,1662070972.933906,5347.510481114441,75.0,0.2734387924462606,0.00014082989150211202,1973.008115851551,0.0,951403.7281362077,3922910.446614107,-2971506.718477899,-42908500.17233679,-3152440308.311394,-40997756.873656854,-3012060099.975008,-43305131.04536504,-38781174.35879545,0.0,inf,-2032.1929696768295,1277.7580700609562,0.11
HKG,"Hong Kong SAR, China",partner_embedded_branch,600,2214852.557294743,1969223.9639881938,1.0108821346284431,0.022485182810559376,162722781.04663175,6829.043211186046,25.0,67.21285993274648,0.0001777588884934254,378309.4618643691,0.08,560639.5438349962,856308.703925795,-227164.46377673524,-4498640.290172007,-330510153.6146182,-4495614.873219984,-330287879.55911165,-5298058.711333793,-3615673.9583817143,0.0,inf,-0.4949121981374605,152.25284692134494,0.11
HKG,"Hong Kong SAR, China",urban_standard_branch,1400,7950690.739719957,7068953.950613712,1.0108821346284431,0.022485182810559376,584128502.8874116,6829.043211186046,40.0,67.03662954667102,0.0001777588884934254,378309.4618643691,0.0,759484.1983102282,2061267.6964009176,-1301783.4980906895,-17194293.996777866,-1263245866.2198734,-16554038.916526487,-1216207029.7543929,-18389129.86045409,-15096130.17309032,0.0,inf,-2.843588376947516,441.4146688596313,0.11
HKG,"Hong Kong SAR, China",flagship_regional_hub,2500,30095349.449359674,26757755.564851034,1.0108821346284431,0.022485182810559376,2211072219.160061,6829.043211186046,75.0,66.17819849433835,0.0001777588884934254,378309.4618643691,0.0,1383856.4260700326,5995612.135198203,-4611755.70912817,-60690677.81986726,-4458877339.680046,-59669136.66202233,-4383825834.508452,-65249477.04995506,-54834969.7369514,0.0,inf,-10.204494424264668,1691.4023422552268,0.11
HUN,Hungary,partner_embedded_branch,600,2008148.6724143384,1711444.9996995023,0.7958170139884677,0.06669492885567013,147536473.9987418,6198.148233456821,25.0,33.33712304253692,0.00012788591913845342,260814.38636353298,0.08,318363.2930828476,654978.572674582,-284216.9937777679,-4272062.013406377,-313863696.8567518,-4466189.52180154,-328126031.3582852,-5129578.014688443,-3897696.320051763,0.0,inf,-1.375498005635047,131.80661767791457,0.11
HUN,Hungary,urban_standard_branch,1400,7010771.086518787,5974930.683610651,0.7958170139884677,0.06669492885567013,515073639.8783401,6198.148233456821,40.0,33.249713965311074,0.00012788591913845342,260814.38636353298,0.08,517843.1896419559,1628667.3640537946,-980530.7852875352,-13996989.797809413,-1028343443.7562801,-13399553.409445893,-984450449.4832394,-14866535.678993158,-12396404.188966813,0.0,inf,-4.757856742906118,373.9687927834783,0.11
HUN,Hungary,flagship_regional_hub,2500,26164689.7922343,22298860.701270193,0.7958170139884677,0.06669492885567013,1922290977.8766828,6198.148233456821,75.0,32.82393798071849,0.00012788591913845342,260814.38636353298,0.08,1145309.7278818751,4834783.979228529,-3302691.5330083715,-48717727.25813503,-3579237832.1551967,-49691889.13190512,-3650808433.4430246,-54331161.16605079,-45824420.56703486,0.0,inf,-16.233619830782988,1364.7853975637445,0.11
ISL,Iceland,partner_embedded_branch,600,2399493.268933093,2146391.446140376,1.1538550307084898,0.016290631019054227,176288131.02591854,6714.636567058371,25.0,2.145421571322,0.00010078830105796679,21297.50224752425,0.08,133829.49708917234,848394.0652600834,-646693.0429501045,-6500394.086545227,-477576803.1049827,-6664509.656108582,-489634193.47367585,-7111374.903807393,-6036877.025518765,0.0,inf,-44.89138811259945,185.88157359687585,0.11
ISL,Iceland,urban_standard_branch,1400,8729841.606448691,7809006.006744627,1.1538550307084898,0.016290631019054227,641371860.0000184,6714.636567058371,40.0,2.13979633126843,0.00010078830105796679,21297.50224752425,0.0,333793.23650431266,2174838.138412353,-1841044.9019080405,-20459671.03571984,-1503149525.3561976,-20672419.41596929,-1518779914.8299062,-22682502.18366127,-18847269.971559346,0.0,inf,-128.13548910577404,555.1804025255391,0.11
ISL,Iceland,flagship_regional_hub,2500,33260495.942865774,29752133.465203058,1.1538550307084898,0.016290631019054227,2443612050.3768115,6714.636567058371,75.0,2.112395377061006,0.00010078830105796679,21297.50224752425,0.0,963616.6085531829,6574407.454575419,-5610790.846022236,-69118712.48603626,-5078075775.765349,-68467378.12738998,-5030222956.903402,-73833791.20464043,-60830325.09445785,0.0,inf,-395.57274420746023,2288.818917170535,0.11
IRL,Ireland,partner_embedded_branch,600,2495107.4891013806,2212586.9339079517,1.205035385459286,0.025170808335377395,183312802.60604042,7492.646676867651,25.0,42.33234188731695,0.00011023852156629723,384206.8194895909,0.08,424494.0295353894,973634.0625064035,-471249.30797050183,-5985717.560336606,-439764084.8686141,-5971524.376054371,-438721327.231901,-6963639.960836394,-4941518.147998498,0.0,inf,-1.485741235524299,170.89858412818114,0.11
IRL,Ireland,urban_standard_branch,1400,9111749.662202915,8080027.948972744,1.205035385459286,0.025170808335377395,669430224.7574198,7492.646676867651,40.0,42.22134757816622,0.00011023852156629723,384206.8194895909,0.0,623695.6540394443,2397361.2146180794,-1773665.560578635,-20880290.160101764,-1534051949.7435005,-21643542.109542392,-1590127230.8917592,-23115247.831011493,-20004300.615794476,0.0,inf,-5.606662181390119,503.1920061373905,0.11
IRL,Ireland,flagship_regional_hub,2500,34776163.66511663,30838465.145480994,1.205035385459286,0.025170808335377395,2554966490.6960874,7492.646676867651,75.0,41.68068621023161,0.00011023852156629723,384206.8194895909,0.0,1249806.7088217488,7073758.536528582,-5823951.827706832,-72262113.1200579,-5309017962.606222,-76137885.39029436,-5593766687.950997,-81004968.69771469,-70885030.79416296,0.0,inf,-18.64866125435072,2000.9815465107329,0.11
IMN,Isle of Man,partner_embedded_branch,600,2057768.6436379526,1755922.930944999,0.8316653523169946,0.06536496219502325,151181998.70257238,6255.530380077814,25.0,0.3349992969332835,0.00010106534446022388,3316.4067422309013,0.08,122011.77434810002,638399.2332323875,-465315.52022569644,-5072282.8495603325,-372655041.44606316,-5393305.7216604,-396240238.73409575,-5885631.971371144,-4768812.574818338,0.0,inf,-222.04423664042952,137.6928741594357,0.11
IMN,Isle of Man,urban_standard_branch,1400,7219628.501459406,6160610.561255634,0.8316653523169946,0.06536496219502325,530418164.41087097,6255.530380077814,40.0,0.33412093741261095,0.00010106534446022388,3316.4067422309013,0.0,322006.4995276205,1639761.5132413807,-1317755.0137137603,-15840611.13773323,-1163792275.617009,-15540751.959987646,-1141761951.6731365,-16525950.420122957,-14308945.94543195,0.0,inf,-630.4735165651571,392.55014045939157,0.11
IMN,Isle of Man,flagship_regional_hub,2500,27012266.329318557,23049946.849510416,0.8316653523169946,0.06536496219502325,1984561493.7220724,6255.530380077814,75.0,0.3298423841820998,0.00010106534446022388,3316.4067422309013,0.0,951980.8054926929,4962602.296424805,-4010621.4909321126,-53394289.34473762,-3922819704.439594,-53875599.99577023,-3958181068.529244,-59252204.554312706,-50956906.22585221,0.0,inf,-1943.7530062886299,1447.779312581645,0.11
ITA,Italy,partner_embedded_branch,600,2199750.3040450043,1877681.215287353,0.92914044436904,0.065022639304212,161613235.11285204,6420.640598624633,26.207072555105217,199.57739292497854,9.515176919214211e-05,2098556.333145748,0.08,1350158.1231185065,1018448.4934640094,413185.50913161784,-1946941.961287274,-143039684.2596186,-1728998.025361488,-127027583.02548064,-2777921.1723094787,-337342.68905361893,0.1,inf,0.3224447990155988,153.85901127463373,0.11
ITA,Italy,urban_standard_branch,1400,7810899.508233032,6667292.762336324,0.92914044436904,0.065022639304212,573858194.8804219,6420.640598624633,40.0,199.0541061455989,9.515176919214211e-05,2098556.333145748,0.0,1546932.6802317144,2237566.1608432042,-690633.4806114899,-14786701.631215336,-1086362703.4735966,-13835876.077181092,-1016506595.9268099,-15768968.118085058,-11507376.528224563,0.0,inf,-0.5403785815386519,444.3710004411671,0.11
ITA,Italy,flagship_regional_hub,2500,29401149.854172383,25096478.762845315,0.92914044436904,0.065022639304212,2160070138.5212054,6420.640598624633,75.0,196.5051381117758,9.515176919214211e-05,2098556.333145748,0.0,2161221.312894856,6107512.107911261,-3946290.7950164047,-57336932.4345615,-4212481355.3415556,-56260427.87352377,-4133391749.397131,-60861133.74639723,-50601161.22809729,0.0,inf,-3.1277844295533925,1687.6947892634792,0.11
JPN,Japan,partner_embedded_branch,600,2042400.3216389816,1814043.7386964643,0.8865290596150137,0.02352965671078803,150052904.99046218,6304.46380162605,43.103351102038395,328.24934647647393,9.749306045708049e-05,3368653.3369157687,0.08,2106658.677857604,1133474.1888615643,1063862.4241049648,909337.0631436827,66807993.75839691,608340.5161847246,44694108.54952392,-981029.3204483367,1663271.825269584,0.6,6.0,0.5140832386175849,142.35062064156097,0.11
JPN,Japan,urban_standard_branch,1400,7231422.962444895,6422892.421189005,0.8865290596150137,0.02352965671078803,531284690.4855678,6304.46380162605,40.0,327.38868515189336,9.749306045708049e-05,3368653.3369157687,0.0,2301449.710017977,2317196.33348387,-15746.623465893324,-11540141.661068738,-847841513.682893,-10710311.497641662,-786874804.3890855,-12555924.867427021,-8555609.876133014,0.0,inf,-0.007629140649307946,409.2397489349016,0.11
JPN,Japan,flagship_regional_hub,2500,27187474.455780666,24147698.80563931,0.8865290596150137,0.02352965671078803,1997433842.0443044,6304.46380162605,75.0,323.1963411241989,9.749306045708049e-05,3368653.3369157687,0.0,2906076.4480980765,5969598.330630933,-3063521.8825328564,-51184798.93992348,-3760490874.8373446,-48064530.60303792,-3531248192.421533,-52320709.13895852,-44005247.62520396,0.0,inf,-1.5035102590653362,1537.9260685948325,0.11
KAZ,Kazakhstan,partner_embedded_branch,600,1948753.5632435586,1615215.364220432,0.7128090798013644,0.09681605787490616,143172780.6625847,6067.619397143688,25.0,75.66487313242055,0.000131169129790341,577150.1664505334,0.08,560741.4258246636,651902.8245209565,-39009.172734616324,-3173858.2351159,-233179873.28990656,-3328466.9667992713,-244538806.737079,-4165945.46830496,-2417458.2098678444,0.0,inf,-0.084967746689937,121.08784756170802,0.11
KAZ,Kazakhstan,urban_standard_branch,1400,6707953.33076139,5559856.046798293,0.7128090798013644,0.09681605787490616,492825952.4623755,6067.619397143688,40.0,75.46648178561847,0.000131169129790341,577150.1664505334,0.0,759585.813167945,1564712.8486739653,-805127.0355060203,-13106425.858913383,-962914690.7859215,-12752131.088898975,-936885043.75721,-13931191.053729614,-11448865.504095027,0.0,inf,-1.7582959479870255,339.7834122863066,0.11
KAZ,Kazakhstan,flagship_regional_hub,2500,24847640.279835057,20594851.55106603,0.7128090798013644,0.09681605787490616,1825528798.955174,6067.619397143688,75.0,74.50010307873598,0.000131169129790341,577150.1664505334,0.0,1383956.7397085528,4542817.976335011,-3158861.2366264584,-47001453.80495388,-3453145109.4507766,-46279421.91041571,-3400098220.3941407,-50359031.33896329,-42797972.637728035,0.0,inf,-6.988039381985504,1211.0496380279237,0.11
KOR,"Korea, Rep.",partner_embedded_branch,600,2105316.2433177056,1848440.3299439554,0.9116669903267123,0.035426368142259995,154675268.54868418,6504.221273161315,36.30743811770051,276.4957370984226,0.00010049946345889652,2752649.0924606808,0.08,1846453.8769670192,1095572.9695292343,838526.7450001235,-98465.25194441975,-7234133.748579381,73390.79850419587,5391941.236224917,-2303043.6189138484,1801940.5448594247,0.5,7.0,0.466265381276384,143.39293611238162,0.11
KOR,"Korea, Rep.",urban_standard_branch,1400,7471810.766406659,6560152.852177147,0.9116669903267123,0.035426368142259995,548945718.0160543,6504.221273161315,40.0,275.7707724034843,0.00010049946345889652,2752649.0924606808,0.0,2041927.159407555,2299437.9175997153,-257510.7581921604,-12764285.233048879,-937777995.3583448,-12854974.56037296,-944440840.478585,-14834026.460883887,-10996015.755464485,0.0,inf,-0.1435660774115027,412.0280383816284,0.11
KOR,"Korea, Rep.",flagship_regional_hub,2500,28122353.26442044,24691061.075445898,0.9116669903267123,0.035426368142259995,2066118359.748379,6504.221273161315,75.0,272.239416546876,0.00010049946345889652,2752649.0924606808,0.0,2649877.188317327,6055592.865743298,-3405715.6774259713,-53717123.7437253,-3946537992.61538,-53696930.66085924,-3945054429.029602,-59583320.11749886,-48816472.23692174,0.0,inf,-1.9233666248356036,1546.6286933047331,0.11
XKX,Kosovo,partner_embedded_branch,600,1787594.790013542,1467471.0903795236,0.5924956883275452,0.1074059198803683,131332622.86802591,5432.404440481863,25.0,7.374036774854047,0.00013976939680453485,52786.07403862094,0.08,158456.40011519392,479624.91782661754,-282798.52428529423,-3797877.5551199066,-279025886.30934894,-3811821.2638435466,-280050315.25119513,-4319979.951181179,-3262579.2804616108,0.0,inf,-7.059594306816551,111.48483785023963,0.11
XKX,Kosovo,urban_standard_branch,1400,6017705.693397086,4940050.835237438,0.5924956883275452,0.1074059198803683,442114217.81762123,5432.404440481863,40.0,7.354702240524345,0.00013976939680453485,52786.07403862094,0.0,358355.5684254525,1223433.2652075829,-865077.6967821303,-12050696.562310671,-885351420.6667465,-11586706.01299885,-851262545.3984112,-12478899.26501926,-10860542.461970914,0.0,inf,-21.65199534260448,310.3182771511492,0.11
XKX,Kosovo,flagship_regional_hub,2500,22026570.48262805,18082037.15072293,0.5924956883275452,0.1074059198803683,1618267904.1311522,5432.404440481863,75.0,7.260522314913208,0.00013976939680453485,52786.07403862094,0.0,987864.4099172021,3687681.7707585315,-2699817.360841329,-40762114.41033875,-2994747707.4017367,-40087602.424655415,-2945192053.7767663,-42994081.01161204,-37382073.861697294,0.0,inf,-68.45015337820412,1087.6086194455675,0.11
LVA,Latvia,partner_embedded_branch,600,1987704.5713889748,1719989.934779569,0.8058739559367153,0.050589959434699516,146034468.38491946,6161.028615692314,25.0,7.738037711243971,0.00010197383598731347,75922.10480820977,0.08,165767.30089754914,619872.2294590186,-404515.1502047479,-4715383.494517993,-346434038.420393,-4833672.031587486,-355124567.12149787,-5450960.912936694,-4184332.910009269,0.0,inf,-8.484978064707185,132.9546180242561,0.11
LVA,Latvia,urban_standard_branch,1400,6955121.904048677,6018369.048560004,0.8058739559367153,0.050589959434699516,510985155.6563619,6161.028615692314,40.0,7.717748775842568,0.00010197383598731347,75922.10480820977,0.0,365647.30021442275,1579972.6823737246,-1214325.382159302,-15044610.132565359,-1105310957.368431,-14667367.087339263,-1077595325.8030198,-16059635.292355891,-13787951.926354099,0.0,inf,-25.538254429001203,378.17877546555184,0.11
LVA,Latvia,flagship_regional_hub,2500,25989528.06072477,22489120.021936134,0.8058739559367153,0.050589959434699516,1909422038.140582,6161.028615692314,75.0,7.618919893064784,0.00010197383598731347,75922.10480820977,0.0,995062.768142566,4760234.941645379,-3765172.173502813,-51001104.9469733,-3746995079.238687,-49737201.53201334,-3654137485.6353354,-52759485.60816039,-45285811.06911419,0.0,inf,-80.21178981120798,1387.7858355260075,0.11
LIE,Liechtenstein,partner_embedded_branch,600,1986653.0587109248,1747898.7466169419,0.8316653523169946,0.03326822488279492,145957214.90512708,6238.373772299001,25.0,0.07879975271990551,9.918372079118594e-05,794.8965508796261,0.08,120471.91901820624,618828.1680350545,-448849.99557404383,-4902113.464694914,-360152883.92632425,-4992415.083303442,-366787244.5137123,-5358425.625455301,-4590104.080419808,0.0,inf,-913.0719024397644,134.02097707469167,0.11
LIE,Liechtenstein,urban_standard_branch,1400,6982054.906738873,6142957.355733909,0.8316653523169946,0.03326822488279492,512963893.7377076,6238.373772299001,40.0,0.07859314179963854,9.918372079118594e-05,794.8965508796261,0.0,320470.68165870605,1589910.5562519666,-1269439.8745932607,-15316422.009680849,-1125280676.9870415,-14764112.633107413,-1084703114.6305053,-15909624.484930767,-13772706.831855914,0.0,inf,-2589.143335136152,382.23126930856415,0.11
LIE,Liechtenstein,flagship_regional_hub,2500,26151030.140854437,23008221.09100452,0.8316653523169946,0.03326822488279492,1921287418.3154206,6238.373772299001,75.0,0.0775867249514552,9.918372079118594e-05,794.8965508796261,0.0,950464.6543904151,4812466.9719885085,-3862002.3175980933,-51656328.42089718,-3795133627.122053,-51870154.7240389,-3810843210.4049416,-55407233.99386477,-48003378.49468944,0.0,inf,-7979.096509950126,1410.942176088926,0.11
LTU,Lithuania,partner_embedded_branch,600,2031725.3690274933,1772620.1448283112,0.84970143320703,0.041973413278094986,149268627.964544,6388.013525276904,25.0,11.462827111054718,0.00010421066100962397,110053.97819003032,0.08,190295.70683839518,653534.7059217646,-410956.2226096282,-4832703.731232378,-355053427.15953845,-4640983.377758345,-340967943.68219006,-5195808.409430992,-4244995.453057319,0.0,inf,-5.612262703499258,134.75651110035173,0.11
LTU,Lithuania,urban_standard_branch,1400,7153862.393635139,6241532.829979508,0.84970143320703,0.041973413278094986,525586400.8117407,6388.013525276904,40.0,11.432771873867686,0.00010421066100962397,110053.97819003032,0.0,390111.3933072053,1659299.4336809933,-1269188.040373788,-15603998.556389723,-1146408609.539541,-15693307.322036665,-1152970026.3119795,-16545431.131471364,-14829615.171310402,0.0,inf,-17.378352665452176,384.20598025125133,0.11
LTU,Lithuania,flagship_regional_hub,2500,26818442.049394935,23398295.53460915,0.84970143320703,0.041973413278094986,1970321437.0827918,6388.013525276904,75.0,11.286370623429955,0.00010421066100962397,110053.97819003032,0.0,1019213.5886660081,4987780.435118448,-3968566.84645244,-53062484.56626696,-3898442372.350611,-54392843.28241893,-3996182363.8317084,-58628518.00788199,-50834505.477164574,0.0,inf,-55.04445364014778,1417.2264513637197,0.11
LUX,Luxembourg,partner_embedded_branch,600,2525248.6006681914,2265510.581593457,1.2497450511451955,0.013317070647851337,185527236.9176313,7635.345402837895,25.0,1.0887307086433482,0.00011391339195618447,9562.508699027452,0.08,127980.3216107217,914044.4049788398,-712940.5309698109,-6991276.47094537,-513641391.91623837,-6941265.353563495,-509967130.1344211,-7805062.945543044,-6427468.479947479,0.0,inf,-85.7638254593004,173.08749604351667,0.11
LUX,Luxembourg,urban_standard_branch,1400,9258271.248268258,8305998.654811335,1.2497450511451955,0.013317070647851337,680195004.5118959,7635.345402837895,40.0,1.085876084791478,0.00011391339195618447,9562.508699027452,0.0,327959.39741318166,2345803.339602608,-2017843.9421894262,-21996595.193323497,-1616065652.5987647,-22169882.437821995,-1628796875.8361006,-24022945.673412025,-19669855.80653312,0.0,inf,-243.37648743279792,511.4772707557791,0.11
LUX,Luxembourg,flagship_regional_hub,2500,35403427.95883553,31761958.265891314,1.2497450511451955,0.013317070647851337,2601050908.3648915,7635.345402837895,75.0,1.071971003994994,0.00011391339195618447,9562.508699027452,0.0,957857.4741222356,7095925.808402716,-6138068.334280481,-74320232.90004712,-5460225758.910273,-77415118.13134827,-5687603572.480213,-85552504.55812219,-69187223.96911564,0.0,inf,-749.9287314525393,2052.1827031760276,0.11
MAC,"Macao SAR, China",partner_embedded_branch,600,2329983.6196443895,2058247.3247101246,1.080775468890195,0.029111954389523687,171181333.5532917,7432.241403317477,25.0,8.434414250966443,0.0001744399174767857,48376.58519111298,0.08,180179.1386964132,815852.9658608956,-570405.5898956107,-6036810.169439071,-443517802.6575022,-6104213.214583425,-448469830.2409082,-7261093.808506061,-5518272.184417968,0.0,inf,-9.099322093362291,149.63772334825225,0.11
MAC,"Macao SAR, China",urban_standard_branch,1400,8417773.966021607,7436044.013143252,1.080775468890195,0.029111954389523687,618444593.7322448,7432.241403317477,40.0,8.412299434229652,0.0001744399174767857,48376.58519111298,0.0,380021.3505460984,2077644.0419388518,-1697622.6913927535,-19351461.237026263,-1421730570.476959,-19619438.981591817,-1441418600.5946712,-21719739.986070085,-17884652.115002505,0.0,inf,-27.15230112133792,432.52801932764896,0.11
MAC,"Macao SAR, China",flagship_regional_hub,2500,31961689.21381298,28234130.387400474,1.080775468890195,0.029111954389523687,2348190148.6807046,7432.241403317477,75.0,8.30457655041677,0.0001744399174767857,48376.58519111298,0.0,1009252.7529680259,6256361.834363873,-5247109.081395848,-65691981.44648794,-4826317615.693878,-66220786.21754463,-4865168320.538165,-70815182.0669633,-62875141.488436185,0.0,inf,-85.01250095262601,1645.7813424230735,0.11
MLT,Malta,partner_embedded_branch,600,2205730.2595126075,1909151.4290295197,0.9572582538855026,0.05031444669056587,162052575.8631058,6771.527257900493,25.0,2.964366130219866,0.00011441960035027412,25921.347269797585,0.08,139270.3546110536,728586.1102645958,-531028.8668323746,-5627379.573018599,-413437387.1121462,-5483591.775517225,-402873455.7962975,-6242466.920807307,-4990120.761253283,0.0,inf,-26.454506024848254,147.09937181746267,0.11
MLT,Malta,urban_standard_branch,1400,7862609.259643158,6805415.865884424,0.9572582538855026,0.05031444669056587,577657253.4357972,6771.527257900493,40.0,2.9565936386442897,0.00011441960035027412,25921.347269797585,0.0,339219.82823803043,1866257.512609749,-1527037.6843717187,-17737199.859546233,-1303132562.7610164,-17795802.614139162,-1307438042.6779287,-20058799.07273145,-16415819.400710227,0.0,inf,-76.2731153911226,423.2443314021594,0.11
MLT,Malta,flagship_regional_hub,2500,29655224.371046636,25667832.11229329,0.9572582538855026,0.05031444669056587,2178736713.793988,6771.527257900493,75.0,2.9187332658047738,0.00011441960035027412,25921.347269797585,0.0,968973.7105932204,5639025.512990185,-4670051.802396964,-59941034.457422234,-4403801866.448909,-58308302.40748223,-4283846838.7450714,-61531356.818512104,-55335756.2774269,0.0,inf,-236.2874519601354,1593.574951970092,0.11
FSM,"Micronesia, Fed. Sts.",partner_embedded_branch,600,1957364.329751639,1609280.1951065161,0.7062790598655634,0.10572548109824817,143805404.20609018,4699.913059066784,25.0,0.012482827159321686,8.712132949026444e-05,143.3555849989447,0.08,120056.32147428497,562299.0893398777,-397258.8407184025,-4597304.486128683,-337758903.5609396,-4470843.332773547,-328467941.7312064,-5048436.485504055,-3968294.887685241,0.0,inf,-6771.280260884221,168.01886105405146,0.11
FSM,"Micronesia, Fed. Sts.",urban_standard_branch,1400,6727101.293081973,5530800.125904966,0.7062790598655634,0.10572548109824817,494232732.19131017,4699.913059066784,40.0,0.012450097508302496,8.712132949026444e-05,143.3555849989447,0.0,320056.1738008313,1444778.2386649763,-1124722.0648641451,-14251748.589953067,-1047060291.980403,-13859573.122802198,-1018247591.8018425,-14953811.152257083,-12753239.61679092,0.0,inf,-19221.294736890406,488.40729563877954,0.11
FSM,"Micronesia, Fed. Sts.",flagship_regional_hub,2500,24896773.363524064,20469303.382604554,0.7062790598655634,0.10572548109824817,1829138552.5674133,4699.913059066784,75.0,0.012290668993206046,8.712132949026444e-05,143.3555849989447,0.0,950055.4544726775,4373351.128243663,-3423295.6737709856,-47891250.328984454,-3518517481.2951264,-46619595.56723793,-3425090404.769847,-51924169.74901449,-41611178.754504524,0.0,inf,-59262.376651314815,1883.0637842364206,0.11
MCO,Monaco,partner_embedded_branch,600,1946796.5406167554,1743373.4218146042,0.8316653523169946,0.015166925673443491,143029000.36291835,6338.761732338671,25.0,0.1559334344461749,0.00011019361063259998,1415.8230719206153,0.08,120948.88789157718,608094.9737258,-438498.4879361589,-4799890.209694631,-352642653.82703394,-4695021.084597612,-344938034.5621935,-5287420.953694931,-4009363.577589185,0.0,inf,-443.6335969247389,128.98063038576035,0.11
MCO,Monaco,urban_standard_branch,1400,6848622.4633370275,6133001.641168766,0.8316653523169946,0.015166925673443491,503160758.89666176,6338.761732338671,40.0,0.15552458100083694,0.00011019361063259998,1415.8230719206153,0.0,320946.39993198664,1562201.001658409,-1241254.6017264223,-15014364.24613713,-1103088825.3630242,-14477040.878639642,-1063612268.6086881,-15789689.73960599,-13201646.250513809,0.0,inf,-1259.0918251187632,367.030669588335,0.11
MCO,Monaco,flagship_regional_hub,2500,25666626.125602193,22984689.402032364,0.8316653523169946,0.015166925673443491,1885698788.159255,6338.761732338671,75.0,0.1535330260757911,0.00011019361063259998,1415.8230719206153,0.0,950934.2808995259,4728359.122948774,-3777424.8420492485,-50668133.87235892,-3722532060.65495,-49245344.12596513,-3618001263.05612,-53886918.74175592,-43223401.99794571,0.0,inf,-3881.410665901256,1348.1316438877927,0.11
MNE,Montenegro,partner_embedded_branch,600,1880879.2224744367,1576813.2725785715,0.6845713931114723,0.08439612475692514,138186127.50805214,5883.9553883911485,25.0,1.4061496766394754,9.796396406976998e-05,14361.220664705359,0.08,127942.77308807742,536077.8336239113,-365248.8338459209,-4318958.937512217,-317309162.28419137,-4301533.751348414,-316028953.02444154,-4597020.073835643,-3964225.2520286147,0.0,inf,-44.14564996429448,118.27463958650196,0.11
MNE,Montenegro,urban_standard_branch,1400,6448695.575980927,5406189.112795965,0.6845713931114723,0.08439612475692514,473778570.40218514,5883.9553883911485,40.0,1.4024627884362058,9.796396406976998e-05,14361.220664705359,0.0,327921.9473417958,1375453.3357383376,-1047531.3883965418,-13490495.046561966,-991131831.5263565,-13428274.229684096,-986560536.5532379,-13978314.792276043,-12618191.966308113,0.0,inf,-126.94228949932878,331.5215087699588,0.11
MNE,Montenegro,flagship_regional_hub,2500,23839674.15278175,19985714.217524923,0.6845713931114723,0.08439612475692514,1751474636.3633072,5883.9553883911485,75.0,1.384503687337656,9.796396406976998e-05,14361.220664705359,0.0,957820.5036141035,4160078.922549196,-3202258.4189350926,-45465552.6999479,-3340304144.7572026,-46585424.9881777,-3422579929.913929,-52028941.99051649,-41548803.2873746,0.0,inf,-393.0908076858032,1178.8538708592064,0.11
NLD,Netherlands,partner_embedded_branch,600,2273270.222851094,2028460.4850105632,1.0590070321652054,0.018806779216225332,167014662.67562473,6850.217703140483,25.0,129.77107461671164,0.00010946390751430706,1186132.2339500969,0.08,973401.7081871642,1003581.9443721577,50106.31936477905,-3545621.9077532827,-260492941.37853518,-3615571.6795398504,-265632074.16694534,-4410163.872343144,-2565802.2660482884,0.0,inf,0.05636509293187208,160.8717129254712,0.11
NLD,Netherlands,urban_standard_branch,1400,8200272.179150639,7317180.295827992,1.0590070321652054,0.018806779216225332,602464976.7028004,6850.217703140483,40.0,129.43081820441176,0.00010946390751430706,1186132.2339500969,0.0,1171164.1109079863,2297558.4783202084,-1126394.367412222,-17061913.83643558,-1253520041.457702,-16048401.002722338,-1179058368.4289072,-18303076.993673846,-13941756.666364655,0.0,inf,-1.2704231520784006,470.0479463984372,0.11
NLD,Netherlands,flagship_regional_hub,2500,31114314.349642772,27763596.488450404,1.0590070321652054,0.018806779216225332,2285934449.52247,6850.217703140483,75.0,127.77340442590223,0.00010946390751430706,1186132.2339500969,0.0,1790264.61150929,6461441.939015602,-4671177.327506311,-62648442.277063735,-4602712140.809368,-61098916.5105976,-4488870187.225445,-64307607.902045585,-57433281.67084911,0.0,inf,-5.336807206900298,1834.632537611704,0.11
NCL,New Caledonia,partner_embedded_branch,600,1834697.4679768735,1551052.621056457,0.6657743723299475,0.07533862257609025,134793204.80504614,5316.966520944462,25.0,0.39903772180877173,0.00012842506023050173,3108.7824289344962,0.08,122036.80339915314,515910.03946765343,-352600.432911088,-4200118.13784111,-308578059.45723474,-4119366.314504792,-302645311.8237211,-4424062.098320895,-3680862.656920945,0.0,inf,-166.19002881445695,128.68261371477766,0.11
NCL,New Caledonia,urban_standard_branch,1400,6273320.431640361,5303462.978532577,0.6657743723299475,0.07533862257609025,460893951.46014255,5316.966520944462,40.0,0.3979914551889106,0.00012842506023050173,3108.7824289344962,0.0,322031.46295314695,1325058.7980271277,-1003027.3350739807,-13060249.612959798,-959522172.7895823,-12968133.674667384,-952754516.1307707,-13718026.73548351,-11877029.257249717,0.0,inf,-473.9964566813186,363.908559551684,0.11
NCL,New Caledonia,flagship_regional_hub,2500,23159699.35424998,19579202.028277814,0.6657743723299475,0.07533862257609025,1701517635.8874564,5316.966520944462,75.0,0.392895014243004,0.00012842506023050173,3108.7824289344962,0.0,952005.449251497,4010035.116569029,-3058029.667317532,-43958011.96383091,-3229546785.169497,-43521772.7412479,-3197496769.349468,-47756260.46348436,-39839919.56691157,0.0,inf,-1463.86575398675,1318.6557556573844,0.11
NZL,New Zealand,partner_embedded_branch,600,2213435.18105881,1977872.4484458747,1.0188254039371345,0.01736277409782607,162618647.9736916,6384.573032512715,25.0,25.31348556235551,9.926139107879234e-05,255151.2774006705,0.08,275151.16538910236,788844.3648276456,-450585.6502523316,-5375765.682665776,-394951591.3632037,-5210676.583492497,-382822676.8449519,-5682157.096473795,-4844523.710085701,0.0,inf,-2.788004996014171,167.7763759510198,0.11
NZL,New Zealand,urban_standard_branch,1400,7953931.182556225,7107441.626226904,1.0188254039371345,0.01736277409782607,584366574.6581051,6384.573032512715,40.0,25.247114255762796,9.926139107879234e-05,255151.2774006705,0.0,474744.36303306604,1974142.1056867435,-1499397.7426536775,-17896857.880387653,-1314862461.9284124,-17759424.950387247,-1304765415.7375057,-20063482.182969894,-16326819.87070443,0.0,inf,-9.301933878133914,493.2263842711115,0.11
NZL,New Zealand,flagship_regional_hub,2500,30123802.05367957,26917905.089006998,1.0188254039371345,0.01736277409782607,2213162600.701579,6384.573032512715,75.0,24.923814784928737,9.926139107879234e-05,255151.2774006705,0.0,1102762.79911347,5883202.568480919,-4780439.769367449,-61287978.14437057,-4502760337.490948,-62035471.43163755,-4557677847.063836,-64836055.36143046,-58562058.22631131,0.0,inf,-30.041490501780796,1953.824878789678,0.11
MKD,North Macedonia,partner_embedded_branch,600,1819363.1106669884,1522666.2578243786,0.6408869149714563,0.0862304564402331,133666606.44128191,5765.375414425257,25.0,3.453178369101141,9.747984126005505e-05,35442.99005380196,0.08,139112.5148840072,504880.2478192349,-325377.3131096889,-4042416.0774458856,-296991862.55226403,-4252439.121435831,-312422024.56885695,-4501722.495630976,-3926089.631454195,0.0,inf,-16.343334327324825,111.94893690855199,0.11
MKD,North Macedonia,urban_standard_branch,1400,6189387.39225365,5180038.708893701,0.6408869149714563,0.0862304564402331,454727483.38274425,5765.375414425257,40.0,3.4441242244362202,9.747984126005505e-05,35442.99005380196,0.0,339062.4023626794,1292735.1865533835,-953672.7841907041,-12700056.516323632,-933059182.1921294,-12533728.100070234,-920839216.4112501,-13116329.38305495,-11640943.726788586,0.0,inf,-48.02783276757937,312.2275677955775,0.11
MKD,North Macedonia,flagship_regional_hub,2500,22786722.323852543,19070724.807772886,0.6408869149714563,0.0862304564402331,1674115423.7388902,5765.375414425257,75.0,3.400020826005533,9.747984126005505e-05,35442.99005380196,0.0,968818.3006196347,3905199.9520455548,-2936381.65142592,-42866770.97931089,-3149374510.401894,-43154177.77182064,-3170489971.3001137,-46530460.107781544,-38987260.003564015,0.0,inf,-149.79707479152827,1098.76914275571,0.11
MNP,Northern Mariana Islands,partner_embedded_branch,600,1870795.3705188693,1555549.5186261951,0.6657743723299475,0.09332621285504268,137445277.99711376,5354.7693485015525,25.0,0.08201014169709736,0.00014219902123011445,577.0282948493177,0.08,120421.57957730484,524184.26305663167,-361827.94243479625,-4287127.889127309,-314970570.1735054,-4372350.3425179785,-321231770.07941914,-4774889.687524594,-3927981.117949906,0.0,inf,-823.9365553664542,129.66045969420927,0.11
MNP,Northern Mariana Islands,urban_standard_branch,1400,6390154.7165641785,5313356.153186001,0.6657743723299475,0.09332621285504268,469477637.85578203,5354.7693485015525,40.0,0.08179511321969223,0.00014219902123011445,577.0282948493177,0.0,320420.474206521,1346750.6658619323,-1026330.1916554114,-13310143.194734192,-977881579.3596069,-13001317.171957271,-955192471.1748116,-14670986.43400348,-11666400.49571982,0.0,inf,-2343.251901564694,366.34294598957365,0.11
MNP,Northern Mariana Islands,flagship_regional_hub,2500,23575223.09939088,19602585.89564045,0.6657743723299475,0.09332621285504268,1732045708.3668387,5354.7693485015525,75.0,0.08074769383730866,0.00014219902123011445,577.0282948493177,0.0,950415.0898648853,4076454.664656553,-3126039.5747916675,-44768785.15165624,-3289113399.4285173,-42539336.391167335,-3125318251.3890343,-46454644.25346711,-39919104.79229046,0.0,inf,-7229.754917357741,1324.899122527553,0.11
NOR,Norway,partner_embedded_branch,600,2405004.475359625,2144373.3795332825,1.1515820046282228,0.01958349499201664,176693033.29974878,7052.360763143248,25.0,39.94651581006384,0.00010035514635611214,398258.8278971162,0.08,390448.5510942486,921279.2700799739,-457128.3773793273,-5766773.529053709,-423678507.728694,-5819936.217767077,-427584311.9895076,-6476706.927744213,-4976357.711406012,0.0,inf,-1.6226496333907952,173.58303908516177,0.11
NOR,Norway,urban_standard_branch,1400,8746901.86896529,7798997.346312368,1.1515820046282228,0.01958349499201664,642625258.7208241,7052.360763143248,40.0,39.84177707538389,0.00010035514635611214,398258.8278971162,0.0,589739.441965124,2273086.2710675257,-1683346.8291024016,-19937137.506073713,-1464759561.719979,-20399704.47386625,-1498743848.0200322,-23245001.288346425,-17783686.58566382,0.0,inf,-5.9910146775911555,512.6876715289841,0.11
NOR,Norway,flagship_regional_hub,2500,33319528.483151376,29708680.6406823,1.1515820046282228,0.01958349499201664,2447949106.1758003,7052.360763143248,75.0,39.33158706653486,0.00010035514635611214,398258.8278971162,0.0,1216285.3197249756,6715560.426698833,-5499275.106973857,-68856323.23129232,-5058798325.847493,-70777395.28325838,-5199937376.326181,-75540022.59881637,-65847518.175968744,0.0,inf,-19.82574220819783,2054.502017361481,0.11
POL,Poland,partner_embedded_branch,600,2049611.852012805,1744141.5995124208,0.8216513266640625,0.06830976472937071,150582728.19434357,6287.7990422616695,25.0,141.7111775374675,9.779636854717639e-05,1449798.1212178888,0.08,975409.350141947,824121.5996384011,217217.47847461805,-2410227.749384632,-177076781.4967646,-1993396.3479826166,-146452636.95030007,-3208453.488282918,-499846.24004671635,0.0,inf,0.24377659573282656,135.02656404746028,0.11
POL,Poland,urban_standard_branch,1400,7180294.742254143,6110157.269254279,0.8216513266640625,0.06830976472937071,527528356.38919544,6287.7990422616695,40.0,141.33961448311118,9.779636854717639e-05,1449798.1212178888,0.0,1173166.4888773183,1879379.6904849287,-706213.2016076103,-13688154.090304075,-1005653624.0451411,-13044372.651269507,-958355709.8788543,-13729690.087254426,-12497230.716248112,0.0,inf,-0.7946452215152514,384.0204207905311,0.11
POL,Poland,flagship_regional_hub,2500,26844304.669977937,22843480.554093495,0.8216513266640625,0.06830976472937071,1972221535.3681421,6287.7990422616695,75.0,139.5297037698561,9.779636854717639e-05,1449798.1212178888,0.0,1792241.3482219093,5270956.333932929,-3478714.9857110195,-51539694.38017966,-3786564652.4479814,-52512386.947569706,-3858027305.4123044,-56458861.92335942,-48730838.95012711,0.0,inf,-3.9650943204496856,1408.8050801457582,0.11
PRT,Portugal,partner_embedded_branch,600,2042233.8691126525,1761633.8585355408,0.838528185679104,0.05389450574664335,150040675.90645057,6242.20730214938,25.0,38.985024887839124,9.960415707995771e-05,391603.4467404179,0.08,353618.50274817087,690217.1480266142,-281381.2734363142,-4342245.962046562,-319020034.3610027,-4709276.30364496,-345985349.8248612,-5318323.049895874,-3885759.571198831,0.0,inf,-1.156269813055193,138.0529020794533,0.11
PRT,Portugal,urban_standard_branch,1400,7175954.408514827,6189988.543691996,0.838528185679104,0.05389450574664335,527209476.843735,6242.20730214938,40.0,38.882807157571136,9.960415707995771e-05,391603.4467404179,0.0,553005.9610563745,1706611.9838595686,-1153606.0228031941,-15230825.272579905,-1118991978.868646,-15214406.872750938,-1117785737.0934515,-16930528.386675134,-13876442.771323036,0.0,inf,-4.752933259175813,394.16061688596886,0.11
PRT,Portugal,flagship_regional_hub,2500,26871222.230567925,23179154.75673182,0.838528185679104,0.05389450574664335,1974199138.9353719,6242.20730214938,75.0,38.38489714491628,9.960415707995771e-05,391603.4467404179,0.0,1180022.2258402393,5048612.523982347,-3868590.2981421077,-52804554.046312734,-3879492500.773146,-51319395.2671778,-3770379518.9447594,-57870315.96318887,-46930730.054089874,0.0,inf,-16.14559929002624,1458.507021295211,0.11
PRI,Puerto Rico (US),partner_embedded_branch,600,2238216.5272257216,1903691.1655040502,0.9491848239675236,0.06884054217858343,164439306.21709383,6243.65597291845,25.0,18.595771767894497,0.00014303290758127586,130078.16284848377,0.08,231461.37741085707,759583.4599324155,-467355.4057269652,-5436721.851764024,-399429974.05506593,-5596432.829184794,-411163763.8840947,-6234909.560298285,-4796716.794125105,0.0,inf,-4.025261484469904,164.97291222307936,0.11
PRI,Puerto Rico (US),urban_standard_branch,1400,7963915.617918531,6773623.382829344,0.9491848239675236,0.06884054217858343,585100120.1412948,6243.65597291845,40.0,18.547014133696127,0.00014303290758127586,130078.16284848377,0.0,431169.12855262856,1915605.3580330468,-1484436.2294804184,-17753811.974800583,-1304353036.5954266,-17141795.52804635,-1259388861.4704847,-17872330.23904682,-15314105.234962886,0.0,inf,-12.818835578319433,480.5473693711977,0.11
PRI,Puerto Rico (US),flagship_regional_hub,2500,30007282.879811376,25522374.008150153,0.9491848239675236,0.06884054217858343,2204602065.1685743,6243.65597291845,75.0,18.309512144588318,0.00014303290758127586,130078.16284848377,0.0,1059745.5630682705,5735227.6868038,-4675482.123735529,-60493634.44105012,-4444400779.386067,-63444430.03854056,-4661192486.058533,-71242283.389683,-59120352.90917818,0.0,inf,-40.89880914815596,1861.8614287876694,0.11
ROU,Romania,partner_embedded_branch,600,1994144.504074823,1674385.9312564246,0.7629686264785001,0.0827005926331984,146507603.15542278,6161.6416376396155,25.0,43.30283906102375,9.479090637354498e-05,457062.7721096691,0.08,376143.91313895467,649281.8081228073,-221195.35033402801,-3983267.959167161,-292646315.36525625,-4006232.05018948,-294333461.8721659,-4880637.137372031,-3423880.311170417,0.0,inf,-0.829016523244381,127.73463567356558,0.11
ROU,Romania,urban_standard_branch,1400,6923019.722469247,5812922.183636459,0.7629686264785001,0.0827005926331984,508626643.6881209,6161.6416376396155,40.0,43.18930013330182,9.479090637354498e-05,457062.7721096691,0.0,575472.310401792,1600717.758693098,-1025245.448291306,-14272980.73506391,-1048620194.326337,-14913787.72397303,-1095699578.9138021,-15844242.029765379,-13411429.108110268,0.0,inf,-3.852611771552483,360.71542050310944,0.11
ROU,Romania,flagship_regional_hub,2500,25760518.849295113,21629851.926471658,0.7629686264785001,0.0827005926331984,1892596983.2869778,6161.6416376396155,75.0,42.63624374288276,9.479090637354498e-05,457062.7721096691,0.0,1202200.88452995,4726816.231286133,-3524615.3467561826,-49720538.057235256,-3652913238.473212,-49212561.081217125,-3615592728.8198333,-53780458.80058563,-44063602.200553924,0.0,inf,-13.416411045474002,1303.100775947905,0.11
RUS,Russian Federation,partner_embedded_branch,600,2071169.1520874458,1661225.932578744,0.7422950183210255,0.13342863870984792,152166519.31779736,6178.722765315576,71.48317488501999,544.3731134622074,0.0001401149809781177,3887212.2034224705,0.08,3348989.3270156733,1272504.6640194152,2178285.036117811,5409056.491074565,397397430.4371081,5021714.414371292,368939834.13800305,3456285.9955814066,7418424.762281124,1.0,4.0,0.6476186270351671,128.70003710678088,0.11
RUS,Russian Federation,urban_standard_branch,1400,7148139.799871809,5733319.846559749,0.7422950183210255,0.13342863870984792,525165968.142802,6178.722765315576,47.85566673167472,542.9457811920058,0.0001401149809781177,3887212.2034224705,0.0,3540523.0002397723,2443133.1863668337,1097389.8138729385,-7340519.693487984,-539299907.3088994,-8012315.137149367,-588655979.5797131,-10296882.014560387,-5956317.390325029,0.1,inf,0.3271189869594432,362.0954086946108,0.11
RUS,Russian Federation,flagship_regional_hub,2500,26508422.57823546,21261652.615064338,0.7422950183210255,0.13342863870984792,1947544647.558123,6178.722765315576,75.0,535.9931416953594,0.0001401149809781177,3887212.2034224705,0.0,4129282.9055802887,5944876.8406631015,-1815593.9350828128,-45755733.097345956,-3361623379.3556004,-46780445.03074615,-3436907837.919386,-51872772.36339014,-42006857.29228993,0.0,inf,-0.5482274555121321,1297.7683629949395,0.11
SMR,San Marino,partner_embedded_branch,600,2271381.4546994916,2014413.93727068,1.0465194396272564,0.025058550946437996,166875896.9571715,6826.358591797989,25.0,0.11992193384356,0.00010633155895784215,1128.398749967249,0.08,120785.8849185005,772582.5402793058,-589990.0521384608,-6013130.926352044,-441778114.7150657,-5755813.451320525,-422873282.87372255,-6271068.068815538,-5372379.228592311,0.0,inf,-720.704058214556,160.02650271268342,0.11
SMR,San Marino,urban_standard_branch,1400,8181250.218276259,7255683.289082274,1.0465194396272564,0.025058550946437996,601067454.1615167,6826.358591797989,40.0,0.1196075016244681,0.00010633155895784215,1128.398749967249,0.0,320783.8243485034,1984851.223061214,-1664067.3987127105,-18836816.536958657,-1383920190.472162,-19384925.83470301,-1424189177.657212,-23122614.25310914,-17495380.807037752,0.0,inf,-2038.090173920297,466.85340586837214,0.11
SMR,San Marino,flagship_regional_hub,2500,31018715.37980319,27509484.348402753,1.0465194396272564,0.025058550946437996,2278910898.367223,6826.358591797989,75.0,0.11807587937286174,0.00010633155895784215,1128.398749967249,0.0,950773.7871618954,6007747.784780581,-5056973.9976186855,-63568719.26582685,-4670323878.869106,-61779891.90453893,-4538900700.345381,-69958404.5060607,-51245749.11997744,0.0,inf,-6273.941048365722,1815.4107282902546,0.11
SGP,Singapore,partner_embedded_branch,600,2344137.118157564,2106954.4712024387,1.1232778823343472,0.01142847313801826,172221175.52020627,7684.72280520773,25.0,64.50698786119396,0.0001144761601378046,563790.6431918708,0.08,595889.5878836884,937560.768064985,-266666.3187360979,-4903222.958319461,-360234397.2024767,-4732583.771314672,-347697723.83634055,-5211524.711096785,-4140247.6725427792,0.0,inf,-0.5379392037659427,148.08363812794897,0.11
SGP,Singapore,urban_standard_branch,1400,8508200.757382583,7647330.648364516,1.1232778823343472,0.01142847313801826,625088150.6240653,7684.72280520773,40.0,64.33785220193592,0.0001144761601378046,563790.6431918708,0.0,794641.8176521292,2260805.6118881283,-1466163.7942359992,-18762296.051688015,-1378445252.3918617,-19120536.937369417,-1404764816.1979,-21139238.871629078,-16888575.41120033,0.0,inf,-2.9654303310841983,428.40617201131937,0.11
SGP,Singapore,flagship_regional_hub,2500,32379933.64381393,29103692.544100717,1.1232778823343472,0.01142847313801826,2378918106.8840013,7684.72280520773,75.0,63.513980080917655,0.0001144761601378046,563790.6431918708,0.0,1418563.837930244,6583411.239295308,-5164847.401365064,-66263061.198656574,-4868274216.897981,-68184688.28667514,-5009454045.264908,-74369315.771425,-62933960.92792324,0.0,inf,-10.581809998851442,1633.3667831778341,0.11
SXM,Sint Maarten (Dutch part),partner_embedded_branch,600,2283931.6426353734,1918386.3090069767,0.9582457119996862,0.08231667602947502,167797945.459614,6345.003790935742,25.0,0.0233506305528733,0.00015013165216943097,155.61537477714114,0.08,120142.23344580358,746767.1457669582,-566883.5406597981,-5896007.891623607,-433173214.18890566,-5950005.825199543,-437140382.9710027,-6471672.580660937,-5086014.448868012,0.0,inf,-3826.1619547976834,165.56850659211125,0.11
SXM,Sint Maarten (Dutch part),urban_standard_branch,1400,8129244.90391679,6828151.874214579,0.9582457119996862,0.08231667602947502,597246680.9213723,6345.003790935742,40.0,0.02328940580151536,0.00015013165216943097,155.61537477714114,0.0,320141.86051337526,1918730.927928484,-1598589.067415109,-18407809.20720948,-1352401493.8635526,-17629019.148609586,-1295184644.9272828,-18371409.76269339,-16932024.54624399,0.0,inf,-10817.989221980813,481.71012998568153,0.11
SXM,Sint Maarten (Dutch part),flagship_regional_hub,2500,30633013.21646466,25730171.630831726,0.9582457119996862,0.08231667602947502,2250573784.6991205,6345.003790935742,75.0,0.022991175576255025,0.00015013165216943097,155.61537477714114,0.0,950140.0439323419,5807970.05415936,-4857830.010227018,-62021992.908423744,-4556687594.789694,-59932403.1069061,-4403167730.620974,-65762272.54907493,-54803466.29911231,0.0,inf,-33300.38461384268,1861.1240519820103,0.11
SVK,Slovak Republic,partner_embedded_branch,600,2059182.5972423425,1746014.4908761138,0.822382194881644,0.07214698909623447,151285880.31853795,6218.521204270247,25.0,13.161714990184333,0.00010151927685326483,129714.97640515643,0.08,198572.54760098192,652694.0418750261,-401905.97092404205,-4822978.723140514,-354338941.5125382,-5075851.127303519,-372917198.88674957,-5503944.529831497,-4561320.552497365,0.0,inf,-4.910490290405941,137.62306259805484,0.11
SVK,Slovak Republic,urban_standard_branch,1400,7213056.5839915415,6116068.257387477,0.822382194881644,0.07214698909623447,529935332.8636162,6218.521204270247,40.0,13.127205312773548,0.00010151927685326483,129714.97640515643,0.0,398366.5324066797,1654922.2749572261,-1256555.7425505463,-15607183.489915544,-1146642603.1022563,-15266049.692340452,-1121579878.2415915,-16992308.70521576,-13883639.263549777,0.0,inf,-15.392967837195055,392.0578060637274,0.11
SVK,Slovak Republic,flagship_regional_hub,2500,26964710.02170396,22863817.178339627,0.822382194881644,0.07214698909623447,1981067584.1135662,6218.521204270247,75.0,12.959106159414624,0.00010151927685326483,129714.97640515643,0.0,1027363.0173830807,4970639.47543872,-3943276.4580556387,-53079535.51340442,-3899695086.6807585,-53046726.853254855,-3897284670.5090957,-57083694.725944504,-48246247.444238074,0.0,inf,-48.93223568295457,1443.5762332465313,0.11
SVN,Slovenia,partner_embedded_branch,600,2108681.318396854,1819950.744003992,0.8852974195057082,0.05331587848742792,154922496.91316664,6406.281651044848,25.0,9.193545566990311,0.00010299276294972443,89310.49127956515,0.08,176540.58458290054,684827.8235623335,-453501.0130944463,-5138177.360976275,-377496238.7158299,-5422604.117014682,-398392759.61254,-5947527.55791021,-4784312.8750162255,0.0,inf,-7.699972962471523,143.177002942377,0.11
SVN,Slovenia,urban_standard_branch,1400,7453428.89127787,6432870.314597768,0.8852974195057082,0.05331587848742792,547595221.8704047,6406.281651044848,40.0,9.169440327512417,0.00010299276294972443,89310.49127956515,0.0,376392.3366276737,1742979.884018788,-1366587.5473911143,-16453854.858728113,-1208846617.2304099,-16037236.544746801,-1178238127.9823484,-18119666.215390194,-14042676.255552216,0.0,inf,-23.264225672317007,410.5108534879786,0.11
SVN,Slovenia,flagship_regional_hub,2500,27993567.51798038,24160556.451653525,0.8852974195057082,0.05331587848742792,2056656612.621749,6406.281651044848,75.0,9.05202194948719,0.00010299276294972443,89310.49127956515,0.0,1005670.2100350608,5246830.4114230145,-4241160.201387954,-55823401.883874945,-4101283930.66622,-55184825.21696351,-4054368405.3825703,-61367042.86595832,-51590459.55809466,0.0,inf,-73.13631097795785,1533.3494793320408,0.11
ESP,Spain,partner_embedded_branch,600,2123424.8766429694,1826834.9657999096,0.890131285130407,0.05668343754760417,156005689.91959468,6380.499440221714,33.50215633604241,255.13238858912115,0.00010062258112225516,2536858.803334675,0.08,1682757.1800723036,1051939.8096328117,714972.5552101168,-605171.1669184683,-44461259.94521626,-608794.0763492199,-44727431.11589321,-2029395.6854466712,1238728.521249773,0.3,8.0,0.4392068465620205,145.43401496985834,0.11
ESP,Spain,urban_standard_branch,1400,7508628.119670663,6459858.573329299,0.890131285130407,0.05668343754760417,551650648.461272,6380.499440221714,40.0,254.46343804325232,0.00010062258112225516,2536858.803334675,0.0,1878659.6710321899,2238398.8322176025,-359739.16118541267,-13134605.823936881,-964985041.8182365,-12306271.366544968,-904128220.4015557,-14725571.197603075,-10595919.622213291,0.0,inf,-0.2215683135686032,417.58815337687395,0.11
ESP,Spain,flagship_regional_hub,2500,28206146.10229807,24266445.45655043,0.890131285130407,0.05668343754760417,2072274527.3751268,6380.499440221714,75.0,251.2049311884651,0.00010062258112225516,2536858.803334675,0.0,2488700.4059157786,5960463.7644581245,-3471763.358542346,-53939758.10103668,-3962894693.949254,-51593357.70064746,-3790507237.573098,-55918894.34265699,-46406707.00651964,0.0,inf,-2.166044027405735,1564.9098877823308,0.11
SWE,Sweden,partner_embedded_branch,600,2246566.021218178,2001476.5008481094,1.0370985900960943,0.020413052911966694,165052734.35627618,6675.135460032901,25.0,63.063092299692805,0.00010398244342902108,606794.1685400396,0.08,524116.49628384697,869867.998496603,-276162.06233302783,-4757198.501171067,-349506140.9626871,-4737158.0766493045,-348033793.0175401,-5729302.34949738,-3950348.8771034726,0.0,inf,-0.6560375096726873,162.22419430003575,0.11
SWE,Sweden,urban_standard_branch,1400,8086318.169045121,7204139.847601272,1.0370985900960943,0.020413052911966694,594092900.9297591,6675.135460032901,40.0,62.8977424973751,0.00010398244342902108,606794.1685400396,0.0,723056.913248237,2101306.0883490667,-1378249.1751008297,-17710543.387727745,-1301174141.098631,-18331911.899011284,-1346825402.1172702,-20628829.66727735,-16463444.612930078,0.0,inf,-3.2827106163091817,474.44354789696,0.11
SWE,Sweden,flagship_regional_hub,2500,30649297.985518306,27305607.360803537,1.0370985900960943,0.020413052911966694,2251770208.768246,6675.135460032901,75.0,62.09231156138538,0.00010398244342902108,606794.1685400396,0.0,1347895.6070708618,6125933.186753622,-4778037.57968276,-62155174.08858084,-4566472269.596538,-61705546.84451387,-4533438650.564905,-66448173.20221159,-56018135.74909637,0.0,inf,-11.52793847175739,1855.9583938091573,0.11
CHE,Switzerland,partner_embedded_branch,600,2518389.261977782,2252903.7302821935,1.2390790770101194,0.016219536078176965,185023288.8493195,7012.699129740112,25.0,44.39428035188718,0.00010820594477630191,410489.5006029316,0.08,418870.78194155305,997370.2221313065,-498709.822419249,-6158665.810115056,-452470402.53676206,-6140971.730237264,-451170437.95162857,-6831460.217503289,-5536792.2258229125,0.0,inf,-1.6019010838473506,193.40079691331817,0.11
CHE,Switzerland,urban_standard_branch,1400,9224575.46681464,8252131.945295619,1.2390790770101194,0.016219536078176965,677719412.5138582,7012.699129740112,40.0,44.277879693236684,0.00010820594477630191,410489.5006029316,0.0,618087.1504558383,2450176.6223512627,-1832089.4718954244,-21320558.304372385,-1566397966.0081043,-20866219.804232325,-1533018216.1751645,-21829413.485869233,-19583806.950916108,0.0,inf,-5.900307646035802,581.4652979172087,0.11
CHE,Switzerland,flagship_regional_hub,2500,35258672.35171463,31541746.014114138,1.2390790770101194,0.016219536078176965,2590415873.1408873,7012.699129740112,75.0,43.71088360293262,0.00010820594477630191,410489.5006029316,0.0,1244270.0243863584,7219287.490960094,-5975017.466573736,-73619601.34294134,-5408751129.1044235,-74181103.51802233,-5450004076.255231,-80186901.91982841,-65830060.15536404,0.0,inf,-19.492358353087795,2439.0437163314014,0.11
TCA,Turks and Caicos Islands,partner_embedded_branch,600,2388754.7158208955,1959229.5569121162,0.9857051608886791,0.10839242320506888,175499181.3411738,5978.000261216226,25.0,0.03857743014946651,9.279723965983157e-05,415.93396871816094,0.08,120221.39125201014,786697.3977808516,-603540.2147063733,-6225696.482902401,-457395072.33270824,-6066262.976427673,-445681667.9888671,-6517241.865122217,-5583005.260269349,0.0,inf,-2617.079947185915,191.280490654094,0.11
TCA,Turks and Caicos Islands,urban_standard_branch,1400,8516677.823159898,6985282.66938392,0.9857051608886791,0.10839242320506888,625710951.3219522,5978.000261216226,40.0,0.03847628112209523,9.279723965983157e-05,415.93396871816094,0.0,320220.8107698546,2021297.4817013415,-1701076.6709314869,-19413800.199730415,-1426310545.493974,-19370732.930154838,-1423146440.5722528,-21198842.844627604,-17335872.461189725,0.0,inf,-7395.624792983359,566.114243904621,0.11
TCA,Turks and Caicos Islands,flagship_regional_hub,2500,32115438.123044398,26340718.528828852,0.9857051608886791,0.10839242320506888,2359485911.9181366,5978.000261216226,75.0,0.03798357683912568,9.279723965983157e-05,415.93396871816094,0.0,950217.9831989756,6118385.604205543,-5168167.621006568,-65361715.35418593,-4802053329.185151,-66082532.29678285,-4855010957.05911,-73693445.13029473,-60096881.56596827,0.0,inf,-22760.65742443904,2280.2186363258197,0.11
UKR,Ukraine,partner_embedded_branch,600,1804696.724082223,1455126.4194521494,0.578604111578472,0.1274851199162384,132589083.15192443,5449.770010047772,25.0,93.63051684213083,9.236425356692057e-05,1014237.4678809341,0.08,609854.1914030567,559093.3721347216,95488.28903911286,-2344888.004778499,-172276342.33427107,-2215526.0695831142,-162772263.25359488,-3123512.8541898006,-1372037.224751191,0.0,inf,0.18713478232162845,109.81893077546782,0.11
UKR,Ukraine,urban_standard_branch,1400,6050924.02018942,4878858.196161985,0.578604111578472,0.1274851199162384,444554731.74689454,5449.770010047772,40.0,93.38502004065498,9.236425356692057e-05,1014237.4678809341,0.0,808569.8063410609,1325752.427756896,-517182.6214158351,-10885468.086387258,-799743366.2919769,-10609533.385969337,-779470747.3804427,-12072884.904673578,-9469464.22652892,0.0,inf,-1.0162218584023759,304.85617623448246,0.11
UKR,Ukraine,flagship_regional_hub,2500,22096519.56230315,17816416.999039024,0.578604111578472,0.1274851199162384,1623406986.0708938,5449.770010047772,75.0,92.18918723152194,9.236425356692057e-05,1014237.4678809341,0.0,1432313.4731120262,3818615.3789148913,-2386301.905802865,-39854695.06724572,-2928080606.4259696,-38854964.41268728,-2854631494.9392805,-43058408.04966893,-33837827.43726716,0.0,inf,-4.749711457964307,1062.578539910666,0.11
GBR,United Kingdom,partner_embedded_branch,600,2249706.385026786,1978828.933541018,1.016356282173032,0.03353432329891187,165283453.43089446,6458.856413802821,45.5859712208382,347.15549671097034,0.00010046862920988145,3457161.9434499447,0.08,2272538.4062578124,1338491.7091305433,1041126.0338577125,431270.62854940916,31684978.68183369,92780.76153482635,6816500.491126004,-2798985.526293168,2329401.5211248538,0.5,7.0,0.4643266710585673,167.1965876328692,0.11
GBR,United Kingdom,urban_standard_branch,1400,8075878.244291804,7103496.545114169,1.016356282173032,0.03353432329891187,593325891.1420501,6458.856413802821,40.0,346.2452639478531,0.00010046862920988145,3457161.9434499447,0.0,2466894.5060465042,2717511.147512992,-250616.64146648766,-13847164.915386986,-1017335974.452075,-13239866.077070154,-972718396.8296595,-16106840.26434193,-10549358.82329867,0.0,inf,-0.11206511318102774,490.176151142225,0.11
GBR,United Kingdom,flagship_regional_hub,2500,30567588.109713387,26887076.545922257,1.016356282173032,0.03353432329891187,2245767074.073722,6458.856413802821,75.0,341.8114538308181,0.00010046862920988145,3457161.9434499447,0.0,3069402.6568509885,6959405.850128207,-3890003.193277219,-59373602.18765193,-4362113241.764381,-58671566.47588122,-4310535450.25987,-64441047.72742221,-53894462.36842139,0.0,inf,-1.7620073530976466,1928.8030175751487,0.11
USA,United States,partner_embedded_branch,600,2492675.4054088667,2172937.6278018756,1.1697782112329187,0.042859455042909785,183134120.0924435,6845.813756034988,271.3871829426343,600.0,0.00010136854575283585,20398822.798459332,0.08,4063188.723476153,2036418.7019995402,2189683.5176365757,8605181.675249068,632213231.9807063,8887147.662499517,652928962.9014108,6639886.557676919,10918779.492285501,1.0,2.0,0.5330955032448944,189.22171349509836,0.11
USA,United States,urban_standard_branch,1400,9069812.647998407,7906419.398684777,1.1697782112329187,0.042859455042909785,666349158.4545302,6845.813756034988,181.68491540898788,1400.0,0.00010136854575283585,20398822.798459332,0.0,9520773.688111022,5859758.286189138,3661015.401921884,1490181.0447950498,109481962.16194305,2979615.682393958,218909086.60823345,-5176696.218016801,11308674.029057369,0.6,7.0,0.38198687468929293,564.4263631809621,0.11
USA,United States,flagship_regional_hub,2500,34553235.12594844,30121059.727447078,1.1697782112329187,0.042859455042909785,2538588176.144793,6845.813756034988,139.67298053703337,2034.9077812401242,0.00010136854575283585,20398822.798459332,0.0,14323375.693833226,14210731.331694977,112644.36213824898,-54405306.29163578,-3997098007.40956,-56372160.464845814,-4141600619.975711,-68934869.46217987,-45136911.74706304,0.0,inf,0.008086110053917368,2319.17451611504,0.11
UZB,Uzbekistan,partner_embedded_branch,600,1688633.9333382838,1376105.8699879665,0.5177736998002789,0.11555498095047144,124062077.58503705,5166.413807451671,25.0,59.40550560018111,0.00012209810351185058,486792.56063653715,0.08,414636.88739656634,466627.32536663045,-14660.251940733695,-2559248.7318596737,-188025189.1561252,-2838492.5207187617,-208540923.15543464,-3432066.9518545982,-2139131.9415809927,0.0,inf,-0.047766734123014506,101.29890305650488,0.11
UZB,Uzbekistan,urban_standard_branch,1400,5590688.933253831,4555978.47848421,0.5177736998002789,0.11555498095047144,410741766.16833246,5166.413807451671,40.0,59.24974589590125,0.00012209810351185058,486792.56063653715,0.0,613864.3570732037,1136060.8174805508,-522196.4604073472,-10101526.720700083,-742148056.4904424,-9849097.75118492,-723602377.7720298,-11068305.24710205,-8767302.513138311,0.0,inf,-1.7059183596946863,279.68222015146694,0.11
UZB,Uzbekistan,flagship_regional_hub,2500,20276122.169970557,16523469.17104147,0.5177736998002789,0.11555498095047144,1489664392.09335,5166.413807451671,75.0,58.49102902627624,0.00012209810351185058,486792.56063653715,0.0,1240101.3055744737,3328472.028139777,-2088370.7225653033,-35924888.345110886,-2639362029.338117,-36428965.401516885,-2676396016.187504,-42272827.08311753,-32158855.926731024,0.0,inf,-6.910813068188753,964.2077998201263,0.11
VIR,Virgin Islands (US),partner_embedded_branch,600,2286909.5772389662,1973329.7661070956,1.0079530900973346,0.053553613941709315,168016731.0392119,6373.647276716638,25.0,0.22477172474333704,0.00015864364991102645,1417.5720420981716,0.08,121375.31106364154,764965.3098791079,-582392.7740251378,-5993266.867630708,-440318724.17127377,-6003085.880893776,-441040116.2747968,-6625313.024390291,-4980279.739785184,0.0,inf,-406.52407869370165,171.60317963115273,0.11
VIR,Virgin Islands (US),urban_standard_branch,1400,8194425.816449829,7070810.556174081,1.0079530900973346,0.053553613941709315,602035450.8661709,6373.647276716638,40.0,0.22418237907540978,0.00015864364991102645,1417.5720420981716,0.0,321371.7050334866,1965072.472105972,-1643700.7670724853,-18743567.255935546,-1377069268.3696032,-18274567.783844553,-1342612393.0544972,-20210816.79288838,-17074191.936853856,0.0,inf,-1150.358639698785,503.581728250358,0.11
VIR,Virgin Islands (US),flagship_regional_hub,2500,30985325.796821736,26736634.59016825,1.0079530900973346,0.053553613941709315,2276457802.4341164,6373.647276716638,75.0,0.22131163338181603,0.00015864364991102645,1417.5720420981716,0.0,951354.1397978333,5947514.198640957,-4996160.058843123,-63199280.987932056,-4643181654.974281,-60957177.10590334,-4478456749.075902,-65804308.41842161,-54164384.59139092,0.0,inf,-3541.963439937036,1986.2156675798337,0.11
PSE,West Bank and Gaza,partner_embedded_branch,600,1758637.811807001,1410675.6010589094,0.5418743861195829,0.13333047363772318,129205185.53186738,4702.0672726084285,25.0,3.266478022201427,0.00012394155273062516,26368.714750903233,0.08,134744.8314286925,445088.91764013964,-274736.97280023596,-3695604.4055742286,-271511990.51269245,-3674612.825107663,-269969762.1865524,-3983006.0991124976,-3309513.2322182436,0.0,inf,-17.887453997947407,122.14961174140635,0.11
PSE,West Bank and Gaza,urban_standard_branch,1400,5848196.525279681,4691078.568322578,0.5418743861195829,0.13333047363772318,429660565.6961204,4702.0672726084285,40.0,3.2579134010331634,0.00012394155273062516,26368.714750903233,0.0,334706.1708607908,1140010.9317584306,-805304.7608976397,-11505569.254353223,-845301516.9911516,-11529851.463692065,-847085504.2008461,-12919383.063019104,-10501211.973988444,0.0,inf,-52.56926345952711,342.01524968075563,0.11
PSE,West Bank and Gaza,flagship_regional_hub,2500,21258968.707494453,17052691.72424028,0.5418743861195829,0.13333047363772318,1561873046.0740392,4702.0672726084285,75.0,3.2161945072258527,0.00012394155273062516,26368.714750903233,0.0,964517.8524173789,3444490.0237842784,-2479972.1713668993,-38690546.94272443,-2842551924.280327,-38493115.13584781,-2828046826.6040893,-40259085.46351481,-36502836.7571195,0.0,inf,-163.9893571078234,1213.4355352544253,0.11
